year,month,day_of_week,day_night,accident_severity,accident_type,killed,severly_injured,lightly_injured,injured_pedestrians,casualties_ages_0-19,casualties_ages_20-64,casualties_ages_65_plus,total_casualties,vehicle_count,drivers,road_type,localization_quality,settlement,road1,location,road2,road3,road4,source_road
2005,May,Thursday,Day,Light,Front to side collision,0.0,0.0,1.0,0.0,0.0,1.0,0.0,1.0,3.0,3.0,Junction,Exact,,2.0,,4.0,23.0,,4
2005,January,Sunday,Day,Light,Front to side collision,0.0,0.0,2.0,0.0,0.0,2.0,0.0,2.0,2.0,2.0,Junction,Exact,,4.0,,57.0,,,4
2005,August,Friday,Day,Light,Front to side collision,0.0,0.0,2.0,0.0,0.0,2.0,0.0,2.0,2.0,2.0,Junction,Exact,,4.0,,,,,4
2005,October,Wednesday,Day,Light,Front to side collision,0.0,0.0,1.0,0.0,0.0,1.0,0.0,1.0,2.0,2.0,Junction,Exact,,4.0,,,,,4
2005,November,Sunday,Day,Light,Front to side collision,0.0,0.0,3.0,0.0,1.0,2.0,0.0,3.0,2.0,2.0,Junction,Exact,,4.0,,,,,4
2005,April,Friday,Day,Light,Front to side collision,0.0,0.0,1.0,0.0,0.0,1.0,0.0,1.0,3.0,3.0,Junction,Exact,,4.0,,,,,4
2005,October,Monday,Day,Light,Front to side collision,0.0,0.0,6.0,0.0,1.0,5.0,0.0,6.0,2.0,2.0,Junction,Exact,,4.0,,5720.0,,,4
2005,May,Friday,Day,Severe,Front to side collision,0.0,1.0,1.0,0.0,0.0,2.0,0.0,2.0,2.0,2.0,Junction,Exact,,4.0,,,,,4
2005,August,Thursday,Day,Light,Front to rear collision,0.0,0.0,5.0,0.0,3.0,2.0,0.0,5.0,2.0,2.0,Junction,Exact,,4.0,,85.0,,,4
2005,December,Monday,Day,Light,Roll over,0.0,0.0,1.0,0.0,1.0,0.0,0.0,1.0,1.0,1.0,Junction,Exact,,4.0,,7021.0,,,4
2005,May,Monday,Day,Light,Front to side collision,0.0,0.0,2.0,0.0,1.0,1.0,0.0,2.0,2.0,2.0,Junction,Exact,,4.0,,5711.0,,,4
2005,April,Saturday,Day,Light,Front to side collision,0.0,0.0,3.0,0.0,1.0,2.0,0.0,3.0,2.0,2.0,Junction,Exact,,4.0,,8510.0,,,4
2005,January,Tuesday,Day,Light,Front to side collision,0.0,0.0,2.0,0.0,0.0,1.0,1.0,2.0,2.0,2.0,Junction,Exact,,4.0,,,,,4
2005,December,Friday,Day,Light,Front to rear collision,0.0,0.0,2.0,0.0,1.0,1.0,0.0,2.0,2.0,2.0,Junction,Exact,,4.0,,,,,4
2005,December,Thursday,Day,Light,Side to side collision,0.0,0.0,5.0,0.0,0.0,5.0,0.0,5.0,2.0,2.0,Junction,Exact,,4.0,,,,,4
2005,August,Wednesday,Day,Severe,Pedestrian,0.0,1.0,2.0,1.0,0.0,3.0,0.0,3.0,1.0,1.0,Junction,Exact,,4.0,,8510.0,,,4
2005,October,Saturday,Day,Light,Front to side collision,0.0,0.0,3.0,0.0,0.0,3.0,0.0,3.0,3.0,3.0,Junction,Exact,,4.0,,79.0,,,4
2005,August,Saturday,Day,Severe,Front to side collision,0.0,1.0,4.0,0.0,0.0,3.0,2.0,5.0,2.0,2.0,Junction,Exact,,4.0,,7029.0,,,4
2005,February,Friday,Day,Light,Front to side collision,0.0,0.0,4.0,0.0,0.0,2.0,2.0,4.0,2.0,2.0,Junction,Exact,,4.0,,,,,4
2005,June,Monday,Day,Light,Front to rear collision,0.0,0.0,1.0,0.0,0.0,1.0,0.0,1.0,2.0,2.0,Junction,Exact,,4.0,,89.0,,,4
2005,May,Friday,Day,Light,Side to side collision,0.0,0.0,2.0,0.0,0.0,1.0,1.0,2.0,2.0,2.0,Junction,Exact,,4.0,,57.0,,,4
2005,January,Monday,Day,Light,Front to rear collision,0.0,0.0,1.0,0.0,0.0,1.0,0.0,1.0,2.0,2.0,Junction,Exact,,4.0,,781.0,,,4
2005,April,Monday,Day,Light,Front to side collision,0.0,0.0,2.0,0.0,0.0,2.0,0.0,2.0,2.0,2.0,Junction,Exact,,4.0,,85.0,,,4
2005,January,Friday,Day,Light,Front to side collision,0.0,0.0,4.0,0.0,1.0,3.0,0.0,4.0,2.0,2.0,Junction,Exact,,4.0,,,,,4
2005,March,Thursday,Day,Light,Front to side collision,0.0,0.0,5.0,3.0,0.0,5.0,0.0,5.0,2.0,2.0,Junction,Exact,,4.0,,,,,4
2005,May,Thursday,Day,Light,Front to side collision,0.0,0.0,2.0,0.0,0.0,2.0,0.0,2.0,2.0,2.0,Junction,Exact,,4.0,,,,,4
2005,May,Friday,Day,Light,Front to side collision,0.0,0.0,1.0,0.0,0.0,1.0,0.0,1.0,2.0,2.0,Junction,Exact,,4.0,,89.0,,,4
2005,January,Tuesday,Day,Light,Front to side collision,0.0,0.0,2.0,0.0,0.0,2.0,0.0,2.0,2.0,2.0,Junction,Exact,,4.0,,5701.0,,,4
2005,July,Friday,Day,Light,Front to rear collision,0.0,0.0,5.0,0.0,2.0,3.0,0.0,5.0,3.0,3.0,Junction,Exact,,4.0,,,,,4
2005,June,Thursday,Day,Light,Front to side collision,0.0,0.0,3.0,0.0,1.0,2.0,0.0,3.0,2.0,2.0,Junction,Exact,,4.0,,75.0,,,4
2005,September,Thursday,Day,Light,Front to side collision,0.0,0.0,2.0,0.0,0.0,2.0,0.0,2.0,2.0,2.0,Junction,Exact,,2.0,,4.0,23.0,,4
2005,August,Friday,Day,Light,Front to side collision,0.0,0.0,4.0,0.0,0.0,4.0,0.0,4.0,2.0,2.0,Junction,Exact,,4.0,,8510.0,,,4
2005,April,Tuesday,Day,Light,Front to side collision,0.0,0.0,3.0,0.0,1.0,2.0,0.0,3.0,2.0,2.0,Junction,Exact,,4.0,,5613.0,,,4
2005,March,Wednesday,Day,Light,Front to side collision,0.0,0.0,2.0,0.0,1.0,1.0,0.0,2.0,2.0,2.0,Junction,Exact,,4.0,,,,,4
2005,April,Monday,Day,Light,Front to side collision,0.0,0.0,2.0,0.0,1.0,1.0,0.0,2.0,2.0,2.0,Junction,Exact,,2.0,,4.0,23.0,,4
2005,June,Saturday,Day,Light,Front to side collision,0.0,0.0,1.0,0.0,1.0,0.0,0.0,1.0,2.0,2.0,Junction,Exact,,4.0,,,,,4
2005,August,Sunday,Day,Light,Side to side collision,0.0,0.0,1.0,0.0,0.0,1.0,0.0,1.0,2.0,2.0,Junction,Exact,,4.0,,,,,4
2005,May,Friday,Day,Light,Front to side collision,0.0,0.0,1.0,0.0,0.0,0.0,1.0,1.0,2.0,2.0,Junction,Exact,,4.0,,651.0,,,4
2005,June,Sunday,Day,Light,Front to side collision,0.0,0.0,2.0,0.0,0.0,2.0,0.0,2.0,2.0,2.0,Junction,Exact,,4.0,,57.0,,,4
2005,October,Tuesday,Day,Light,Front to side collision,0.0,0.0,1.0,0.0,0.0,1.0,0.0,1.0,2.0,2.0,Junction,Exact,,4.0,,,,,4
2005,April,Friday,Day,Light,Front to side collision,0.0,0.0,5.0,0.0,1.0,4.0,0.0,5.0,2.0,2.0,Junction,Exact,,4.0,,85.0,,,4
2005,May,Friday,Day,Light,Front to side collision,0.0,0.0,1.0,0.0,0.0,1.0,0.0,1.0,2.0,2.0,Junction,Exact,,4.0,,57.0,,,4
2005,January,Thursday,Day,Light,Front to side collision,0.0,0.0,3.0,0.0,0.0,2.0,1.0,3.0,2.0,2.0,Junction,Exact,,4.0,,5613.0,,,4
2005,January,Saturday,Day,Light,Front to side collision,0.0,0.0,1.0,0.0,0.0,1.0,0.0,1.0,2.0,2.0,Junction,Exact,,2.0,,4.0,23.0,,4
2005,April,Friday,Day,Light,Front to rear collision,0.0,0.0,7.0,0.0,2.0,5.0,0.0,7.0,2.0,2.0,Junction,Exact,,4.0,,85.0,,,4
2005,August,Sunday,Day,Light,Front to rear collision,0.0,0.0,1.0,0.0,0.0,1.0,0.0,1.0,2.0,2.0,Junction,Exact,,4.0,,5711.0,,,4
2005,August,Friday,Day,Severe,Front to side collision,0.0,1.0,1.0,0.0,0.0,2.0,0.0,2.0,3.0,3.0,Junction,Exact,,4.0,,721.0,,,4
2005,March,Thursday,Day,Severe,Pedestrian,0.0,1.0,2.0,1.0,0.0,3.0,0.0,3.0,1.0,1.0,Junction,Exact,,4.0,,653.0,,,4
2005,September,Thursday,Day,Light,Front to side collision,0.0,0.0,4.0,1.0,1.0,2.0,1.0,4.0,2.0,2.0,Junction,Exact,,4.0,,5711.0,,,4
2005,April,Friday,Day,Light,Front to rear collision,0.0,0.0,1.0,0.0,0.0,1.0,0.0,1.0,2.0,2.0,Junction,Exact,,4.0,,79.0,,,4
2005,June,Tuesday,Day,Light,Front end collision,0.0,0.0,2.0,0.0,0.0,2.0,0.0,2.0,2.0,2.0,Junction,Exact,,4.0,,651.0,,,4
2005,March,Thursday,Day,Light,Front to rear collision,0.0,0.0,3.0,0.0,0.0,3.0,0.0,3.0,4.0,4.0,Junction,Exact,,4.0,,,,,4
2005,April,Sunday,Day,Light,Front to side collision,0.0,0.0,2.0,0.0,0.0,2.0,0.0,2.0,2.0,2.0,Junction,Exact,,4.0,,5720.0,,,4
2005,November,Saturday,Day,Light,Front to rear collision,0.0,0.0,1.0,0.0,0.0,1.0,0.0,1.0,3.0,3.0,Junction,Exact,,4.0,,65.0,,,4
2005,May,Friday,Day,Light,Front end collision,0.0,0.0,3.0,0.0,0.0,3.0,0.0,3.0,2.0,2.0,Junction,Exact,,4.0,,,,,4
2005,July,Wednesday,Day,Severe,Front to side collision,0.0,1.0,3.0,0.0,1.0,3.0,0.0,4.0,3.0,3.0,Junction,Exact,,4.0,,6511.0,,,4
2005,March,Thursday,Day,Light,Front to side collision,0.0,0.0,2.0,0.0,0.0,2.0,0.0,2.0,2.0,2.0,Junction,Exact,,4.0,,721.0,,,4
2005,February,Friday,Day,Light,Front to side collision,0.0,0.0,3.0,0.0,0.0,2.0,1.0,3.0,2.0,2.0,Junction,Exact,,4.0,,7113.0,,,4
2005,August,Monday,Day,Light,Front to rear collision,0.0,0.0,1.0,0.0,0.0,1.0,0.0,1.0,2.0,2.0,Junction,Exact,,4.0,,89.0,,,4
2005,November,Tuesday,Day,Light,Front end collision,0.0,0.0,3.0,0.0,0.0,3.0,0.0,3.0,2.0,2.0,Junction,Exact,,4.0,,721.0,,,4
2005,December,Saturday,Day,Light,Front to side collision,0.0,0.0,3.0,0.0,1.0,1.0,1.0,3.0,3.0,3.0,Junction,Exact,,4.0,,79.0,,,4
2005,August,Saturday,Day,Light,Front to side collision,0.0,0.0,3.0,0.0,0.0,1.0,2.0,3.0,2.0,2.0,Junction,Exact,,4.0,,,,,4
2005,August,Sunday,Day,Light,Front to side collision,0.0,0.0,2.0,0.0,0.0,2.0,0.0,2.0,2.0,2.0,Junction,Exact,,4.0,,,,,4
2005,November,Monday,Night,Light,Front to side collision,0.0,0.0,3.0,0.0,1.0,1.0,1.0,3.0,2.0,2.0,Junction,Exact,,4.0,,7021.0,,,4
2005,June,Sunday,Day,Light,Front to side collision,0.0,0.0,1.0,0.0,0.0,1.0,0.0,1.0,2.0,2.0,Junction,Exact,,4.0,,771.0,,,4
2005,January,Wednesday,Day,Light,Front to side collision,0.0,0.0,1.0,0.0,0.0,1.0,0.0,1.0,2.0,2.0,Junction,Exact,,4.0,,581.0,,,4
2005,January,Wednesday,Day,Light,Front to rear collision,0.0,0.0,1.0,0.0,0.0,1.0,0.0,1.0,2.0,2.0,Junction,Exact,,4.0,,5613.0,,,4
2005,October,Friday,Day,Severe,Front to side collision,0.0,2.0,4.0,0.0,2.0,4.0,0.0,6.0,3.0,3.0,Junction,Exact,,4.0,,7011.0,,,4
2005,September,Sunday,Day,Light,Front to side collision,0.0,0.0,1.0,0.0,0.0,1.0,0.0,1.0,2.0,2.0,Junction,Exact,,4.0,,57.0,,,4
2005,December,Monday,Night,Light,Front to side collision,0.0,0.0,3.0,0.0,1.0,2.0,0.0,3.0,2.0,2.0,Junction,Exact,,4.0,,581.0,,,4
2005,November,Monday,Night,Light,Front to side collision,0.0,0.0,2.0,0.0,0.0,2.0,0.0,2.0,2.0,2.0,Junction,Exact,,4.0,,,,,4
2005,December,Tuesday,Night,Light,Front to side collision,0.0,0.0,4.0,0.0,2.0,2.0,0.0,4.0,2.0,2.0,Junction,Exact,,4.0,,,,,4
2005,January,Monday,Night,Severe,Front to side collision,0.0,1.0,6.0,0.0,3.0,4.0,0.0,7.0,3.0,3.0,Junction,Exact,,4.0,,,,,4
2005,January,Tuesday,Night,Light,Front to rear collision,0.0,0.0,2.0,0.0,0.0,2.0,0.0,2.0,2.0,2.0,Junction,Exact,,4.0,,65.0,,,4
2005,January,Monday,Night,Light,Front to side collision,0.0,0.0,1.0,0.0,0.0,1.0,0.0,1.0,2.0,2.0,Junction,Exact,,4.0,,5613.0,,,4
2005,June,Saturday,Day,Light,Front to rear collision,0.0,0.0,9.0,0.0,4.0,5.0,0.0,9.0,2.0,2.0,Junction,Exact,,4.0,,85.0,,,4
2005,June,Thursday,Day,Severe,Front to side collision,0.0,1.0,5.0,0.0,3.0,3.0,0.0,6.0,3.0,3.0,Junction,Exact,,4.0,,7025.0,,,4
2005,May,Monday,Day,Light,Front to side collision,0.0,0.0,1.0,0.0,1.0,0.0,0.0,1.0,2.0,2.0,Junction,Exact,,4.0,,5711.0,,,4
2005,December,Sunday,Night,Light,Front to side collision,0.0,0.0,4.0,0.0,3.0,1.0,0.0,4.0,2.0,2.0,Junction,Exact,,4.0,,,,,4
2005,October,Friday,Night,Light,Front to side collision,0.0,0.0,3.0,0.0,1.0,2.0,0.0,3.0,2.0,2.0,Junction,Exact,,4.0,,79.0,,,4
2005,October,Monday,Night,Light,Front to rear collision,0.0,0.0,1.0,0.0,0.0,1.0,0.0,1.0,2.0,2.0,Junction,Exact,,4.0,,,,,4
2005,January,Saturday,Night,Light,Side to side collision,0.0,0.0,3.0,0.0,0.0,3.0,0.0,3.0,2.0,2.0,Junction,Exact,,4.0,,57.0,,,4
2005,October,Friday,Night,Light,Front to side collision,0.0,0.0,4.0,0.0,1.0,3.0,0.0,4.0,2.0,2.0,Junction,Exact,,4.0,,79.0,,,4
2005,May,Thursday,Day,Light,Front to side collision,0.0,0.0,3.0,0.0,1.0,2.0,0.0,3.0,2.0,2.0,Junction,Exact,,4.0,,67.0,,,4
2005,March,Saturday,Night,Light,Front to side collision,0.0,0.0,1.0,0.0,0.0,1.0,0.0,1.0,2.0,2.0,Junction,Exact,,4.0,,6531.0,,,4
2005,July,Thursday,Day,Light,Front to side collision,0.0,0.0,2.0,0.0,0.0,2.0,0.0,2.0,2.0,2.0,Junction,Exact,,4.0,,721.0,,,4
2005,September,Monday,Day,Light,Front to side collision,0.0,0.0,5.0,0.0,1.0,4.0,0.0,5.0,2.0,2.0,Junction,Exact,,4.0,,721.0,,,4
2005,November,Monday,Night,Light,Front to side collision,0.0,0.0,2.0,0.0,0.0,2.0,0.0,2.0,2.0,2.0,Junction,Exact,,4.0,,721.0,,,4
2005,August,Thursday,Day,Light,Front to side collision,0.0,0.0,2.0,0.0,0.0,2.0,0.0,2.0,2.0,2.0,Junction,Exact,,4.0,,65.0,,,4
2005,July,Saturday,Day,Light,Front to side collision,0.0,0.0,1.0,0.0,0.0,1.0,0.0,1.0,2.0,2.0,Junction,Exact,,4.0,,7025.0,,,4
2005,February,Tuesday,Night,Light,Front to side collision,0.0,0.0,2.0,0.0,0.0,2.0,0.0,2.0,2.0,2.0,Junction,Exact,,4.0,,,,,4
2005,September,Wednesday,Night,Light,Front to side collision,0.0,0.0,3.0,0.0,0.0,3.0,0.0,3.0,2.0,2.0,Junction,Exact,,4.0,,899.0,,,4
2005,July,Sunday,Day,Light,Front to side collision,0.0,0.0,3.0,0.0,0.0,3.0,0.0,3.0,2.0,2.0,Junction,Exact,,4.0,,8510.0,,,4
2005,January,Sunday,Night,Light,Front to side collision,0.0,0.0,1.0,0.0,0.0,1.0,0.0,1.0,2.0,2.0,Junction,Exact,,4.0,,57.0,,,4
2005,October,Monday,Night,Light,Front to side collision,0.0,0.0,1.0,0.0,0.0,1.0,0.0,1.0,2.0,2.0,Junction,Exact,,4.0,,,,,4
2005,May,Saturday,Day,Light,Hit an object,0.0,0.0,1.0,0.0,1.0,0.0,0.0,1.0,1.0,1.0,Junction,Exact,,4.0,,85.0,,,4
2005,December,Monday,Night,Light,Front to side collision,0.0,0.0,2.0,0.0,0.0,2.0,0.0,2.0,2.0,2.0,Junction,Exact,,4.0,,721.0,,,4
2005,August,Tuesday,Night,Light,Front to side collision,0.0,0.0,6.0,0.0,0.0,6.0,0.0,6.0,2.0,2.0,Junction,Exact,,4.0,,57.0,,,4
2005,November,Wednesday,Night,Light,Front to side collision,0.0,0.0,2.0,0.0,0.0,2.0,0.0,2.0,2.0,2.0,Junction,Exact,,4.0,,721.0,,,4
2005,May,Thursday,Night,Light,Front to side collision,0.0,0.0,4.0,0.0,0.0,4.0,0.0,4.0,2.0,2.0,Junction,Exact,,4.0,,,,,4
2005,January,Monday,Night,Light,Front to side collision,0.0,0.0,2.0,0.0,0.0,2.0,0.0,2.0,2.0,2.0,Junction,Exact,,4.0,,,,,4
2005,February,Saturday,Night,Light,Front to side collision,0.0,0.0,2.0,0.0,0.0,1.0,1.0,2.0,2.0,2.0,Junction,Exact,,4.0,,653.0,,,4
2005,March,Monday,Night,Light,Front to side collision,0.0,0.0,1.0,0.0,0.0,1.0,0.0,1.0,2.0,2.0,Junction,Exact,,4.0,,,,,4
2005,May,Saturday,Night,Light,Front to side collision,0.0,0.0,6.0,0.0,3.0,3.0,0.0,6.0,2.0,2.0,Junction,Exact,,4.0,,85.0,,,4
2005,March,Friday,Night,Light,Front to side collision,0.0,0.0,1.0,0.0,0.0,1.0,0.0,1.0,2.0,2.0,Junction,Exact,,4.0,,5613.0,,,4
2005,September,Sunday,Night,Light,Front to side collision,0.0,0.0,2.0,0.0,0.0,2.0,0.0,2.0,2.0,2.0,Junction,Exact,,4.0,,65.0,,,4
2005,August,Friday,Night,Light,Front to side collision,0.0,0.0,4.0,0.0,1.0,3.0,0.0,4.0,2.0,2.0,Junction,Exact,,4.0,,899.0,,,4
2005,June,Saturday,Night,Light,Side to side collision,0.0,0.0,5.0,0.0,2.0,3.0,0.0,5.0,2.0,2.0,Junction,Exact,,4.0,,,,,4
2005,July,Monday,Night,Light,Front to rear collision,0.0,0.0,4.0,0.0,0.0,4.0,0.0,4.0,3.0,3.0,Junction,Exact,,4.0,,89.0,,,4
2005,June,Wednesday,Night,Light,Front to side collision,0.0,0.0,4.0,0.0,2.0,2.0,0.0,4.0,2.0,2.0,Junction,Exact,,4.0,,899.0,,,4
2005,July,Sunday,Night,Light,Front to side collision,0.0,0.0,4.0,0.0,1.0,3.0,0.0,4.0,2.0,2.0,Junction,Exact,,4.0,,57.0,,,4
2005,September,Saturday,Night,Light,Front to side collision,0.0,0.0,2.0,0.0,0.0,2.0,0.0,2.0,2.0,2.0,Junction,Exact,,4.0,,89.0,,,4
2005,April,Thursday,Night,Light,Front to rear collision,0.0,0.0,1.0,0.0,0.0,1.0,0.0,1.0,2.0,2.0,Junction,Exact,,4.0,,,,,4
2005,September,Sunday,Night,Light,Front to side collision,0.0,0.0,1.0,0.0,0.0,1.0,0.0,1.0,2.0,2.0,Junction,Exact,,4.0,,,,,4
2005,October,Tuesday,Night,Light,Front to side collision,0.0,0.0,1.0,0.0,1.0,0.0,0.0,1.0,2.0,2.0,Junction,Exact,,4.0,,,,,4
2005,April,Sunday,Night,Light,Front to side collision,0.0,0.0,2.0,0.0,1.0,1.0,0.0,2.0,2.0,2.0,Junction,Exact,,4.0,,899.0,,,4
2005,August,Tuesday,Night,Light,Front to side collision,0.0,0.0,5.0,0.0,3.0,2.0,0.0,5.0,2.0,2.0,Junction,Exact,,4.0,,65.0,,,4
2005,August,Saturday,Night,Light,Front to side collision,0.0,0.0,5.0,0.0,2.0,3.0,0.0,5.0,2.0,2.0,Junction,Exact,,4.0,,,,,4
2005,June,Sunday,Night,Light,Front end collision,0.0,0.0,4.0,0.0,0.0,4.0,0.0,4.0,2.0,2.0,Junction,Exact,,4.0,,,,,4
2005,May,Monday,Night,Light,Front to side collision,0.0,0.0,4.0,0.0,0.0,3.0,1.0,4.0,2.0,2.0,Junction,Exact,,4.0,,57.0,,,4
2005,September,Friday,Night,Light,Front to side collision,0.0,0.0,2.0,0.0,0.0,2.0,0.0,2.0,2.0,2.0,Junction,Exact,,4.0,,,,,4
2005,May,Monday,Night,Light,Front to side collision,0.0,0.0,2.0,0.0,0.0,2.0,0.0,2.0,2.0,2.0,Junction,Exact,,4.0,,89.0,,,4
2005,October,Monday,Night,Light,Front to side collision,0.0,0.0,3.0,0.0,0.0,3.0,0.0,3.0,2.0,2.0,Junction,Exact,,4.0,,85.0,,,4
2005,March,Thursday,Night,Light,Front to side collision,0.0,0.0,2.0,0.0,0.0,2.0,0.0,2.0,2.0,2.0,Junction,Exact,,4.0,,85.0,,,4
2005,July,Tuesday,Night,Light,Front to side collision,0.0,0.0,3.0,0.0,1.0,2.0,0.0,3.0,2.0,2.0,Junction,Exact,,4.0,,85.0,,,4
2005,December,Saturday,Night,Light,Front to side collision,0.0,0.0,2.0,0.0,2.0,0.0,0.0,2.0,2.0,2.0,Junction,Exact,,4.0,,5700.0,,,4
2005,September,Sunday,Night,Light,Front to side collision,0.0,0.0,2.0,0.0,0.0,2.0,0.0,2.0,2.0,2.0,Junction,Exact,,4.0,,57.0,,,4
2005,December,Tuesday,Night,Light,Front to side collision,0.0,0.0,5.0,0.0,3.0,2.0,0.0,5.0,2.0,2.0,Junction,Exact,,4.0,,85.0,,,4
2005,December,Friday,Night,Light,Front to side collision,0.0,0.0,3.0,0.0,0.0,3.0,0.0,3.0,2.0,2.0,Junction,Exact,,4.0,,,,,4
2005,November,Wednesday,Night,Light,Front to side collision,0.0,0.0,3.0,0.0,0.0,3.0,0.0,3.0,2.0,2.0,Not junction,Centered,,4.0,221.0,,,,4
2005,December,Saturday,Night,Light,Collision with stopped vehicle,0.0,0.0,4.0,0.0,2.0,2.0,0.0,4.0,2.0,2.0,Not junction,Exact,,4.0,227.6,,,,4
2005,March,Saturday,Night,Light,Front to rear collision,0.0,0.0,2.0,0.0,0.0,2.0,0.0,2.0,2.0,2.0,Not junction,Exact,,4.0,226.1,,,,4
2005,December,Friday,Night,Light,Side to side collision,0.0,0.0,4.0,0.0,3.0,1.0,0.0,4.0,2.0,2.0,Not junction,Exact,,4.0,235.2,,,,4
2005,November,Monday,Night,Light,Hit an object,0.0,0.0,1.0,0.0,0.0,1.0,0.0,1.0,1.0,1.0,Not junction,Exact,,4.0,221.1,,,,4
2005,July,Tuesday,Night,Light,Front end collision,0.0,0.0,2.0,0.0,1.0,1.0,0.0,2.0,3.0,3.0,Not junction,Exact,,4.0,225.9,,,,4
2005,August,Friday,Night,Light,Front to side collision,0.0,0.0,3.0,0.0,0.0,3.0,0.0,3.0,3.0,3.0,Not junction,Exact,,4.0,236.0,,,,4
2005,July,Friday,Night,Fatal,Front end collision,1.0,0.0,1.0,0.0,0.0,2.0,0.0,2.0,2.0,2.0,Not junction,Exact,,4.0,196.5,,,,4
2005,November,Thursday,Night,Light,Front to rear collision,0.0,0.0,1.0,0.0,1.0,0.0,0.0,1.0,2.0,2.0,Not junction,Exact,,4.0,179.2,,,,4
2005,October,Saturday,Night,Light,Hit an object,0.0,0.0,1.0,0.0,0.0,1.0,0.0,1.0,1.0,1.0,Not junction,Exact,,4.0,239.0,,,,4
2005,July,Friday,Night,Light,Hit a passenger within the vehicle,0.0,0.0,2.0,0.0,2.0,0.0,0.0,2.0,1.0,1.0,Not junction,Exact,,4.0,145.1,,,,4
2005,April,Saturday,Night,Light,Hit an object,0.0,0.0,1.0,0.0,1.0,0.0,0.0,1.0,2.0,2.0,Not junction,Centered,,4.0,220.0,,,,4
2005,January,Friday,Night,Light,Drive off road or on paveway,0.0,0.0,1.0,0.0,0.0,1.0,0.0,1.0,1.0,1.0,Not junction,Exact,,4.0,177.0,,,,4
2005,January,Wednesday,Night,Light,Hit an object,0.0,0.0,1.0,0.0,0.0,1.0,0.0,1.0,1.0,1.0,Not junction,Exact,,4.0,155.0,,,,4
2005,November,Saturday,Night,Light,Front to rear collision,0.0,0.0,7.0,0.0,3.0,4.0,0.0,7.0,3.0,3.0,Not junction,Exact,,4.0,225.7,,,,4
2005,March,Wednesday,Night,Light,Front to side collision,0.0,0.0,1.0,0.0,0.0,1.0,0.0,1.0,2.0,2.0,Not junction,Exact,,4.0,221.2,,,,4
2005,January,Saturday,Night,Light,Front to side collision,0.0,0.0,3.0,0.0,0.0,3.0,0.0,3.0,2.0,2.0,Not junction,Exact,,4.0,223.1,,,,4
2005,December,Thursday,Night,Light,Hit an object,0.0,0.0,1.0,0.0,0.0,1.0,0.0,1.0,1.0,1.0,Not junction,Exact,,4.0,158.0,,,,4
2005,December,Friday,Night,Light,Side to side collision,0.0,0.0,1.0,0.0,0.0,1.0,0.0,1.0,3.0,3.0,Not junction,Centered,,4.0,219.0,,,,4
2005,October,Wednesday,Night,Light,Hit an object,0.0,0.0,1.0,0.0,0.0,1.0,0.0,1.0,1.0,1.0,Not junction,Exact,,4.0,227.2,,,,4
2005,August,Friday,Night,Severe,Roll over,0.0,1.0,0.0,0.0,0.0,1.0,0.0,1.0,1.0,1.0,Not junction,Exact,,4.0,245.0,,,,4
2005,December,Monday,Night,Severe,Pedestrian,0.0,1.0,0.0,1.0,0.0,0.0,1.0,1.0,1.0,1.0,Not junction,Exact,,4.0,168.0,,,,4
2005,July,Saturday,Day,Fatal,Front end collision,1.0,2.0,1.0,0.0,0.0,4.0,0.0,4.0,2.0,2.0,Not junction,Exact,,4.0,174.2,,,,4
2005,February,Sunday,Night,Light,Side to side collision,0.0,0.0,1.0,0.0,0.0,1.0,0.0,1.0,2.0,2.0,Not junction,Exact,,4.0,227.4,,,,4
2005,September,Thursday,Night,Light,Front to side collision,0.0,0.0,2.0,0.0,0.0,2.0,0.0,2.0,2.0,2.0,Not junction,Centered,,4.0,195.0,,,,4
2005,July,Wednesday,Day,Light,Hit an object,0.0,0.0,1.0,0.0,0.0,1.0,0.0,1.0,1.0,1.0,Not junction,Exact,,4.0,227.5,,,,4
2005,May,Monday,Day,Light,Hit an object,0.0,0.0,3.0,0.0,1.0,2.0,0.0,3.0,1.0,1.0,Not junction,Exact,,4.0,176.2,,,,4
2005,November,Wednesday,Day,Light,Front to side collision,0.0,0.0,2.0,0.0,1.0,1.0,0.0,2.0,3.0,3.0,Not junction,Exact,,4.0,235.2,,,,4
2005,June,Friday,Day,Severe,Drive off road or on paveway,0.0,2.0,2.0,0.0,0.0,4.0,0.0,4.0,2.0,2.0,Not junction,Exact,,4.0,143.1,,,,4
2005,October,Monday,Day,Light,Front to side collision,0.0,0.0,4.0,0.0,2.0,2.0,0.0,4.0,2.0,2.0,Not junction,Exact,,4.0,227.0,,,,4
2005,August,Saturday,Day,Light,Collision with stopped vehicle,0.0,0.0,1.0,0.0,1.0,0.0,0.0,1.0,3.0,3.0,Not junction,Exact,,4.0,225.5,,,,4
2005,May,Thursday,Day,Fatal,Pedestrian,1.0,0.0,0.0,1.0,0.0,0.0,1.0,1.0,1.0,1.0,Not junction,Exact,,4.0,223.4,,,,4
2005,November,Wednesday,Day,Light,Front to side collision,0.0,0.0,3.0,0.0,0.0,3.0,0.0,3.0,3.0,3.0,Not junction,Exact,,4.0,233.2,,,,4
2005,July,Thursday,Day,Light,Front to rear collision,0.0,0.0,4.0,0.0,0.0,4.0,0.0,4.0,4.0,4.0,Not junction,Exact,,4.0,229.2,,,,4