year,month,day_of_week,day_night,accident_severity,accident_type,killed,severly_injured,lightly_injured,injured_pedestrians,casualties_ages_0-19,casualties_ages_20-64,casualties_ages_65_plus,total_casualties,vehicle_count,drivers,road_type,localization_quality,settlement,road1,location,road2,road3,road4,source_road
2005,November,Wednesday,Day,Light,Front to rear collision,0.0,0.0,2.0,0.0,0.0,2.0,0.0,2.0,3.0,3.0,Not junction,Exact,,4.0,224.5,,,,4
2005,June,Thursday,Day,Light,Front to side collision,0.0,0.0,1.0,0.0,0.0,1.0,0.0,1.0,2.0,2.0,Not junction,Exact,,4.0,237.1,,,,4
2005,November,Friday,Day,Light,Front to side collision,0.0,0.0,3.0,0.0,1.0,2.0,0.0,3.0,2.0,2.0,Not junction,Exact,,4.0,234.5,,,,4
2005,October,Friday,Day,Light,Front to rear collision,0.0,0.0,2.0,0.0,1.0,1.0,0.0,2.0,2.0,2.0,Not junction,Exact,,4.0,226.5,,,,4
2005,February,Sunday,Day,Severe,Front end collision,0.0,3.0,1.0,0.0,2.0,2.0,0.0,4.0,2.0,2.0,Not junction,Exact,,4.0,196.3,,,,4
2005,December,Monday,Day,Light,Front to rear collision,0.0,0.0,7.0,0.0,0.0,7.0,0.0,7.0,6.0,6.0,Not junction,Exact,,4.0,228.0,,,,4
2005,August,Sunday,Day,Light,Front to side collision,0.0,0.0,3.0,0.0,1.0,2.0,0.0,3.0,2.0,2.0,Not junction,Exact,,4.0,237.1,,,,4
2005,November,Tuesday,Day,Light,Front to rear collision,0.0,0.0,5.0,0.0,0.0,5.0,0.0,5.0,3.0,3.0,Not junction,Exact,,4.0,168.8,,,,4
2005,April,Sunday,Day,Light,Front to rear collision,0.0,0.0,3.0,0.0,0.0,2.0,1.0,3.0,3.0,3.0,Not junction,Centered,,4.0,220.0,,,,4
2005,October,Friday,Day,Light,Front to side collision,0.0,0.0,1.0,0.0,0.0,1.0,0.0,1.0,2.0,2.0,Not junction,Exact,,4.0,248.4,,,,4
2005,November,Sunday,Day,Light,Front to side collision,0.0,0.0,1.0,0.0,0.0,1.0,0.0,1.0,2.0,2.0,Not junction,Centered,,4.0,220.0,,,,4
2005,May,Thursday,Day,Light,Roll over,0.0,0.0,2.0,0.0,2.0,0.0,0.0,2.0,1.0,1.0,Not junction,Exact,,4.0,176.3,,,,4
2005,October,Wednesday,Day,Light,Front to rear collision,0.0,0.0,1.0,0.0,0.0,1.0,0.0,1.0,2.0,2.0,Not junction,Exact,,4.0,237.1,,,,4
2005,July,Sunday,Day,Severe,Hit an object,0.0,1.0,0.0,0.0,1.0,0.0,0.0,1.0,1.0,1.0,Not junction,Exact,,4.0,241.0,,,,4
2005,December,Thursday,Day,Light,Front to side collision,0.0,0.0,1.0,0.0,0.0,1.0,0.0,1.0,2.0,2.0,Not junction,Exact,,4.0,178.2,,,,4
2005,January,Tuesday,Day,Light,Hit an object,0.0,0.0,2.0,0.0,0.0,1.0,0.0,2.0,1.0,1.0,Not junction,Exact,,4.0,178.4,,,,4
2005,December,Saturday,Day,Light,Hit an object,0.0,0.0,1.0,0.0,0.0,1.0,0.0,1.0,1.0,1.0,Not junction,Exact,,4.0,175.5,,,,4
2005,June,Friday,Day,Light,Front to side collision,0.0,0.0,1.0,0.0,0.0,1.0,0.0,1.0,2.0,2.0,Not junction,Exact,,4.0,190.8,,,,4
2005,September,Sunday,Day,Light,Front to rear collision,0.0,0.0,2.0,0.0,0.0,2.0,0.0,2.0,4.0,4.0,Not junction,Exact,,4.0,243.0,,,,4
2005,November,Friday,Day,Light,Hit an object,0.0,0.0,2.0,0.0,0.0,2.0,0.0,2.0,1.0,1.0,Not junction,Exact,,4.0,174.1,,,,4
2005,October,Sunday,Day,Light,Front to rear collision,0.0,0.0,7.0,0.0,2.0,5.0,0.0,7.0,2.0,2.0,Not junction,Exact,,4.0,235.1,,,,4
2005,December,Friday,Day,Light,Front to rear collision,0.0,0.0,6.0,0.0,2.0,3.0,1.0,6.0,3.0,3.0,Not junction,Exact,,4.0,227.1,,,,4
2005,December,Friday,Day,Light,Front to rear collision,0.0,0.0,2.0,0.0,0.0,2.0,0.0,2.0,3.0,3.0,Not junction,Exact,,4.0,240.2,,,,4
2005,November,Monday,Day,Light,Hit an object,0.0,0.0,1.0,0.0,0.0,1.0,0.0,1.0,1.0,1.0,Not junction,Exact,,4.0,228.4,,,,4
2005,May,Monday,Day,Light,Hit an object,0.0,0.0,1.0,0.0,0.0,1.0,0.0,1.0,1.0,1.0,Not junction,Exact,,4.0,237.1,,,,4
2005,October,Sunday,Day,Light,Front to rear collision,0.0,0.0,5.0,0.0,0.0,5.0,0.0,5.0,2.0,2.0,Not junction,Exact,,4.0,235.2,,,,4
2005,October,Sunday,Day,Light,Front to rear collision,0.0,0.0,2.0,0.0,0.0,2.0,0.0,2.0,2.0,2.0,Not junction,Exact,,4.0,237.1,,,,4
2005,December,Saturday,Day,Light,Front to rear collision,0.0,0.0,8.0,0.0,4.0,4.0,0.0,8.0,2.0,2.0,Not junction,Exact,,4.0,244.4,,,,4
2005,June,Friday,Day,Light,Drive off road or on paveway,0.0,0.0,4.0,0.0,2.0,2.0,0.0,4.0,1.0,1.0,Not junction,Exact,,4.0,247.5,,,,4
2005,September,Thursday,Day,Light,Front to side collision,0.0,0.0,1.0,0.0,0.0,1.0,0.0,1.0,2.0,2.0,Not junction,Exact,,4.0,198.5,,,,4
2005,September,Tuesday,Day,Light,Front to side collision,0.0,0.0,3.0,0.0,0.0,3.0,0.0,3.0,2.0,2.0,Not junction,Exact,,4.0,198.5,,,,4
2005,February,Thursday,Day,Light,Front to rear collision,0.0,0.0,5.0,0.0,0.0,5.0,0.0,5.0,2.0,2.0,Not junction,Exact,,4.0,223.0,,,,4
2005,June,Friday,Day,Light,Front to rear collision,0.0,0.0,4.0,0.0,0.0,4.0,0.0,4.0,4.0,4.0,Not junction,Centered,,4.0,220.0,,,,4
2005,November,Sunday,Day,Light,Front to rear collision,0.0,0.0,1.0,0.0,0.0,1.0,0.0,1.0,4.0,4.0,Not junction,Exact,,4.0,225.4,,,,4
2005,February,Friday,Day,Severe,Hit an object,0.0,1.0,0.0,0.0,0.0,1.0,0.0,1.0,1.0,1.0,Not junction,Exact,,4.0,198.1,,,,4
2005,December,Thursday,Day,Light,Front to side collision,0.0,0.0,1.0,0.0,0.0,1.0,0.0,1.0,2.0,2.0,Not junction,Exact,,4.0,171.5,,,,4
2005,May,Sunday,Day,Light,Pedestrian,0.0,0.0,1.0,1.0,0.0,1.0,0.0,1.0,1.0,1.0,Not junction,Exact,,4.0,238.1,,,,4
2005,March,Friday,Day,Light,Front to side collision,0.0,0.0,2.0,0.0,0.0,1.0,1.0,2.0,2.0,2.0,Not junction,Centered,,4.0,220.0,,,,4
2005,March,Sunday,Day,Severe,Drive off road or on paveway,0.0,1.0,0.0,0.0,0.0,0.0,1.0,1.0,1.0,1.0,Not junction,Exact,,4.0,227.5,,,,4
2005,February,Saturday,Day,Light,Front to rear collision,0.0,0.0,2.0,0.0,0.0,1.0,1.0,2.0,3.0,3.0,Not junction,Exact,,4.0,227.2,,,,4
2005,May,Thursday,Day,Light,Front to rear collision,0.0,0.0,4.0,0.0,1.0,3.0,0.0,4.0,4.0,4.0,Not junction,Exact,,4.0,170.6,,,,4
2005,November,Thursday,Day,Light,Front to side collision,0.0,0.0,2.0,0.0,0.0,2.0,0.0,2.0,3.0,3.0,Not junction,Exact,,4.0,239.1,,,,4
2005,November,Saturday,Day,Light,Front to side collision,0.0,0.0,3.0,0.0,1.0,2.0,0.0,3.0,2.0,2.0,Not junction,Exact,,4.0,223.0,,,,4
2005,March,Saturday,Day,Light,Front to side collision,0.0,0.0,1.0,0.0,0.0,1.0,0.0,1.0,2.0,2.0,Not junction,Exact,,4.0,177.9,,,,4
2005,June,Saturday,Day,Light,Front to rear collision,0.0,0.0,5.0,0.0,1.0,4.0,0.0,5.0,4.0,4.0,Not junction,Exact,,4.0,221.5,,,,4
2005,February,Friday,Day,Light,Front to rear collision,0.0,0.0,1.0,0.0,0.0,1.0,0.0,1.0,4.0,4.0,Not junction,Centered,,4.0,200.0,,,,4
2005,May,Tuesday,Day,Light,Front to side collision,0.0,0.0,1.0,0.0,0.0,1.0,0.0,1.0,3.0,3.0,Not junction,Exact,,4.0,237.2,,,,4
2005,May,Monday,Day,Light,Front to rear collision,0.0,0.0,3.0,0.0,1.0,2.0,0.0,3.0,2.0,2.0,Not junction,Centered,,4.0,220.0,,,,4
2005,October,Monday,Day,Light,Front to side collision,0.0,0.0,3.0,0.0,0.0,3.0,0.0,3.0,2.0,2.0,Not junction,Exact,,4.0,173.4,,,,4
2005,March,Thursday,Day,Light,Front to rear collision,0.0,0.0,1.0,0.0,0.0,1.0,0.0,1.0,2.0,2.0,Not junction,Exact,,4.0,160.7,,,,4
2005,May,Sunday,Day,Light,Front to rear collision,0.0,0.0,1.0,0.0,0.0,1.0,0.0,1.0,2.0,2.0,Not junction,Exact,,4.0,166.8,,,,4
2005,September,Friday,Day,Light,Front to rear collision,0.0,0.0,5.0,0.0,0.0,5.0,0.0,5.0,2.0,2.0,Not junction,Exact,,4.0,176.4,,,,4
2005,January,Wednesday,Day,Light,Front to rear collision,0.0,0.0,3.0,0.0,0.0,3.0,0.0,3.0,3.0,3.0,Not junction,Exact,,4.0,242.5,,,,4
2005,December,Thursday,Day,Light,Front to rear collision,0.0,0.0,6.0,0.0,4.0,2.0,0.0,6.0,3.0,3.0,Not junction,Exact,,4.0,227.5,,,,4
2005,August,Sunday,Day,Severe,Front end collision,0.0,3.0,0.0,0.0,0.0,3.0,0.0,3.0,2.0,2.0,Not junction,Exact,,4.0,244.0,,,,4
2005,March,Thursday,Day,Light,Front to side collision,0.0,0.0,4.0,0.0,0.0,4.0,0.0,4.0,2.0,2.0,Not junction,Exact,,4.0,200.9,,,,4
2005,July,Monday,Day,Light,Hit an object,0.0,0.0,4.0,0.0,2.0,2.0,0.0,4.0,1.0,1.0,Not junction,Exact,,4.0,158.2,,,,4
2005,June,Tuesday,Day,Severe,Pedestrian,0.0,1.0,0.0,1.0,0.0,1.0,0.0,1.0,1.0,1.0,Not junction,Exact,,4.0,181.5,,,,4
2005,August,Thursday,Day,Light,Front to side collision,0.0,0.0,7.0,0.0,2.0,5.0,0.0,7.0,3.0,3.0,Not junction,Exact,,4.0,240.5,,,,4
2005,December,Monday,Night,Severe,Front to side collision,0.0,1.0,2.0,0.0,0.0,3.0,0.0,3.0,2.0,2.0,Not junction,Exact,,4.0,189.5,,,,4
2005,November,Friday,Night,Light,Front to rear collision,0.0,0.0,2.0,0.0,0.0,2.0,0.0,2.0,3.0,3.0,Not junction,Exact,,4.0,160.7,,,,4
2005,December,Wednesday,Night,Light,Front to rear collision,0.0,0.0,2.0,0.0,1.0,0.0,1.0,2.0,3.0,3.0,Not junction,Exact,,4.0,164.6,,,,4
2005,May,Friday,Day,Light,Side to side collision,0.0,0.0,4.0,0.0,0.0,4.0,0.0,4.0,2.0,2.0,Not junction,Exact,,4.0,228.1,,,,4
2005,September,Thursday,Day,Light,Front to rear collision,0.0,0.0,6.0,0.0,0.0,6.0,0.0,6.0,5.0,5.0,Not junction,Exact,,4.0,163.3,,,,4
2005,February,Thursday,Night,Light,Front to side collision,0.0,0.0,2.0,0.0,1.0,1.0,0.0,2.0,2.0,2.0,Not junction,Exact,,4.0,238.9,,,,4
2005,November,Thursday,Night,Light,Front to rear collision,0.0,0.0,6.0,0.0,2.0,4.0,0.0,6.0,3.0,3.0,Not junction,Exact,,4.0,238.1,,,,4
2005,May,Thursday,Day,Light,Front to rear collision,0.0,0.0,9.0,0.0,4.0,5.0,0.0,9.0,3.0,3.0,Not junction,Exact,,4.0,243.0,,,,4
2005,July,Thursday,Day,Severe,Hit an object,0.0,1.0,0.0,0.0,0.0,1.0,0.0,1.0,1.0,1.0,Not junction,Exact,,4.0,176.3,,,,4
2005,April,Tuesday,Day,Light,Front to side collision,0.0,0.0,3.0,0.0,0.0,2.0,1.0,3.0,2.0,2.0,Not junction,Exact,,4.0,160.5,,,,4
2005,November,Sunday,Night,Light,Other,0.0,0.0,4.0,0.0,0.0,4.0,0.0,4.0,2.0,2.0,Not junction,Exact,,4.0,229.1,,,,4
2005,March,Monday,Night,Light,Front to rear collision,0.0,0.0,1.0,0.0,0.0,0.0,1.0,1.0,2.0,2.0,Not junction,Exact,,4.0,175.1,,,,4
2005,August,Friday,Day,Severe,Roll over,0.0,1.0,0.0,0.0,1.0,0.0,0.0,1.0,1.0,1.0,Not junction,Exact,,4.0,248.5,,,,4
2005,October,Tuesday,Night,Severe,Front to side collision,0.0,1.0,0.0,0.0,0.0,1.0,0.0,1.0,2.0,2.0,Not junction,Exact,,4.0,242.4,,,,4
2005,March,Thursday,Night,Light,Front to side collision,0.0,0.0,1.0,0.0,0.0,1.0,0.0,1.0,2.0,2.0,Not junction,Exact,,4.0,196.2,,,,4
2005,September,Wednesday,Day,Severe,Front to side collision,0.0,3.0,2.0,0.0,3.0,2.0,0.0,5.0,2.0,2.0,Not junction,Centered,,4.0,199.0,,,,4
2005,August,Friday,Day,Fatal,Front to rear collision,1.0,0.0,0.0,0.0,0.0,1.0,0.0,1.0,2.0,2.0,Not junction,Exact,,4.0,156.7,,,,4
2005,October,Sunday,Night,Light,Front to rear collision,0.0,0.0,1.0,0.0,0.0,1.0,0.0,1.0,2.0,2.0,Not junction,Exact,,4.0,242.1,,,,4
2005,November,Thursday,Night,Light,Front to rear collision,0.0,0.0,1.0,0.0,0.0,1.0,0.0,1.0,2.0,2.0,Not junction,Exact,,4.0,150.1,,,,4
2005,August,Wednesday,Night,Light,Front to side collision,0.0,0.0,1.0,0.0,0.0,1.0,0.0,1.0,2.0,2.0,Not junction,Exact,,4.0,239.1,,,,4
2005,October,Tuesday,Night,Severe,Pedestrian,0.0,1.0,3.0,1.0,1.0,3.0,0.0,4.0,1.0,1.0,Not junction,Exact,,4.0,195.0,,,,4
2005,December,Wednesday,Night,Light,Front to side collision,0.0,0.0,1.0,0.0,0.0,1.0,0.0,1.0,2.0,2.0,Not junction,Exact,,4.0,195.0,,,,4
2005,May,Wednesday,Night,Light,Front to rear collision,0.0,0.0,4.0,0.0,0.0,3.0,1.0,4.0,4.0,4.0,Not junction,Exact,,4.0,178.0,,,,4
2005,January,Tuesday,Night,Light,Front to rear collision,0.0,0.0,10.0,0.0,5.0,5.0,0.0,10.0,4.0,4.0,Not junction,Exact,,4.0,227.5,,,,4
2005,July,Saturday,Night,Light,Hit an object,0.0,0.0,1.0,0.0,1.0,0.0,0.0,1.0,1.0,1.0,Not junction,Exact,,4.0,226.5,,,,4
2005,February,Wednesday,Night,Light,Front to side collision,0.0,0.0,5.0,0.0,1.0,4.0,0.0,5.0,3.0,3.0,Not junction,Exact,,4.0,176.3,,,,4
2005,June,Sunday,Night,Light,Front to side collision,0.0,0.0,5.0,0.0,2.0,2.0,1.0,5.0,2.0,2.0,Not junction,Exact,,4.0,240.8,,,,4
2005,March,Wednesday,Night,Light,Hit an object,0.0,0.0,2.0,0.0,2.0,0.0,0.0,2.0,1.0,1.0,Not junction,Exact,,4.0,226.0,,,,4
2005,March,Tuesday,Night,Light,Front to side collision,0.0,0.0,2.0,0.0,0.0,2.0,0.0,2.0,3.0,3.0,Not junction,Exact,,4.0,178.2,,,,4
2005,March,Saturday,Night,Light,Front to rear collision,0.0,0.0,5.0,0.0,1.0,4.0,0.0,5.0,5.0,5.0,Not junction,Exact,,4.0,237.5,,,,4
2005,March,Tuesday,Night,Light,Hit an object,0.0,0.0,1.0,0.0,0.0,1.0,0.0,1.0,1.0,1.0,Not junction,Exact,,4.0,238.8,,,,4
2005,September,Thursday,Night,Light,Front to rear collision,0.0,0.0,1.0,0.0,0.0,1.0,0.0,1.0,2.0,2.0,Not junction,Centered,,4.0,222.0,,,,4
2005,December,Monday,Night,Light,Front to side collision,0.0,0.0,3.0,0.0,1.0,2.0,0.0,3.0,2.0,2.0,Not junction,Exact,,4.0,195.0,,,,4
2005,October,Saturday,Night,Light,Drive off road or on paveway,0.0,0.0,1.0,0.0,0.0,1.0,0.0,1.0,1.0,1.0,Not junction,Exact,,4.0,227.0,,,,4
2005,October,Tuesday,Night,Light,Drive off road or on paveway,0.0,0.0,1.0,0.0,0.0,1.0,0.0,1.0,1.0,1.0,Not junction,Exact,,4.0,195.0,,,,4
2005,March,Tuesday,Night,Light,Front to rear collision,0.0,0.0,5.0,0.0,0.0,5.0,0.0,5.0,2.0,2.0,Not junction,Exact,,4.0,235.5,,,,4
2005,December,Wednesday,Night,Light,Front to side collision,0.0,0.0,1.0,0.0,0.0,1.0,0.0,1.0,2.0,2.0,Not junction,Exact,,4.0,150.1,,,,4
2005,September,Sunday,Night,Light,Front to rear collision,0.0,0.0,2.0,0.0,0.0,2.0,0.0,2.0,2.0,2.0,Not junction,Exact,,4.0,145.2,,,,4
2005,November,Wednesday,Night,Light,Front to side collision,0.0,0.0,4.0,0.0,0.0,4.0,0.0,4.0,3.0,3.0,Not junction,Exact,,4.0,225.9,,,,4
2005,October,Sunday,Night,Light,Hit an object,0.0,0.0,1.0,0.0,0.0,1.0,0.0,1.0,1.0,1.0,Not junction,Exact,,4.0,152.2,,,,4
2005,June,Sunday,Night,Severe,Front to side collision,0.0,1.0,3.0,0.0,0.0,4.0,0.0,4.0,2.0,2.0,Not junction,Exact,,4.0,246.1,,,,4
2005,July,Sunday,Night,Light,Drive off road or on paveway,0.0,0.0,2.0,0.0,1.0,1.0,0.0,2.0,1.0,1.0,Not junction,Exact,,4.0,226.1,,,,4
2005,January,Saturday,Night,Light,Front to side collision,0.0,0.0,1.0,0.0,0.0,0.0,0.0,1.0,2.0,2.0,Not junction,Exact,,4.0,155.1,,,,4
2005,February,Tuesday,Night,Light,Front to side collision,0.0,0.0,1.0,0.0,0.0,1.0,0.0,1.0,2.0,2.0,Not junction,Exact,,4.0,178.1,,,,4
2005,July,Monday,Night,Light,Hit an object,0.0,0.0,5.0,0.0,2.0,3.0,0.0,5.0,1.0,1.0,Not junction,Exact,,4.0,192.0,,,,4
2005,April,Sunday,Night,Light,Hit an object,0.0,0.0,5.0,0.0,3.0,2.0,0.0,5.0,1.0,1.0,Not junction,Centered,,4.0,219.0,,,,4
2005,December,Friday,Night,Light,Hit an object,0.0,0.0,2.0,0.0,2.0,0.0,0.0,2.0,1.0,1.0,Not junction,Exact,,4.0,165.5,,,,4
2005,March,Thursday,Night,Light,Hit an object,0.0,0.0,1.0,0.0,0.0,1.0,0.0,1.0,1.0,1.0,Not junction,Exact,,4.0,176.4,,,,4
2005,October,Thursday,Night,Light,Front to rear collision,0.0,0.0,2.0,0.0,1.0,1.0,0.0,2.0,2.0,2.0,Not junction,Exact,,4.0,235.2,,,,4
2005,December,Sunday,Night,Light,Collision with stopped vehicle,0.0,0.0,4.0,0.0,1.0,3.0,0.0,4.0,3.0,3.0,Not junction,Exact,,4.0,235.6,,,,4
2005,March,Friday,Night,Light,Hit an object,0.0,0.0,6.0,0.0,0.0,6.0,0.0,6.0,3.0,3.0,Not junction,Exact,,4.0,226.1,,,,4
2005,September,Thursday,Night,Fatal,Front to side collision,1.0,1.0,2.0,0.0,1.0,3.0,0.0,4.0,3.0,3.0,Not junction,Exact,,4.0,176.0,,,,4
2006,July,Thursday,Night,Light,Front to side collision,0.0,0.0,2.0,0.0,0.0,2.0,0.0,2.0,2.0,2.0,Junction,Exact,,4.0,,,,,4
2006,June,Tuesday,Night,Light,Front end collision,0.0,0.0,3.0,0.0,0.0,3.0,0.0,3.0,2.0,2.0,Junction,Exact,,4.0,,,,,4
2006,May,Saturday,Night,Light,Front to side collision,0.0,0.0,6.0,0.0,0.0,6.0,0.0,6.0,3.0,3.0,Junction,Exact,,4.0,,,,,4
2006,December,Friday,Night,Light,Front to side collision,0.0,0.0,4.0,0.0,2.0,2.0,0.0,4.0,2.0,2.0,Junction,Exact,,4.0,,75.0,,,4
2006,April,Monday,Night,Light,Front to side collision,0.0,0.0,2.0,0.0,0.0,2.0,0.0,2.0,2.0,2.0,Junction,Exact,,4.0,,79.0,,,4
2006,February,Saturday,Night,Light,Front to rear collision,0.0,0.0,3.0,0.0,2.0,1.0,0.0,3.0,2.0,2.0,Junction,Exact,,4.0,,,,,4
2006,March,Sunday,Night,Severe,Front to side collision,0.0,1.0,1.0,0.0,0.0,2.0,0.0,2.0,2.0,2.0,Junction,Exact,,4.0,,22.0,,,4
2006,February,Tuesday,Night,Light,Front to side collision,0.0,0.0,6.0,0.0,1.0,5.0,0.0,6.0,3.0,3.0,Junction,Exact,,4.0,,85.0,,,4
2006,September,Wednesday,Night,Light,Front to side collision,0.0,0.0,2.0,0.0,0.0,2.0,0.0,2.0,2.0,2.0,Junction,Exact,,4.0,,8510.0,,,4
2006,March,Saturday,Night,Light,Front to side collision,0.0,0.0,1.0,0.0,0.0,1.0,0.0,1.0,2.0,2.0,Junction,Exact,,4.0,,65.0,,,4
2006,July,Thursday,Night,Light,Front to side collision,0.0,0.0,1.0,0.0,1.0,0.0,0.0,1.0,2.0,2.0,Junction,Exact,,4.0,,65.0,,,4
2006,December,Friday,Night,Light,Front to rear collision,0.0,0.0,4.0,0.0,0.0,4.0,0.0,4.0,2.0,2.0,Junction,Exact,,4.0,,8510.0,,,4
2006,October,Tuesday,Night,Light,Front to side collision,0.0,0.0,2.0,0.0,0.0,2.0,0.0,2.0,2.0,2.0,Junction,Exact,,4.0,,65.0,,,4
2006,May,Thursday,Night,Light,Slip,0.0,0.0,1.0,0.0,0.0,1.0,0.0,1.0,1.0,1.0,Junction,Exact,,4.0,,65.0,,,4
2006,June,Friday,Night,Light,Front to side collision,0.0,0.0,3.0,0.0,0.0,3.0,0.0,3.0,2.0,2.0,Junction,Exact,,4.0,,651.0,,,4
2006,May,Thursday,Night,Light,Collision with stopped vehicle,0.0,0.0,1.0,0.0,0.0,1.0,0.0,1.0,4.0,4.0,Junction,Exact,,4.0,,653.0,,,4
2006,April,Sunday,Night,Light,Front to side collision,0.0,0.0,2.0,0.0,0.0,2.0,0.0,2.0,2.0,2.0,Junction,Exact,,4.0,,85.0,,,4
2006,August,Saturday,Night,Light,Front to side collision,0.0,0.0,7.0,0.0,3.0,4.0,0.0,7.0,2.0,2.0,Junction,Exact,,4.0,,8510.0,,,4
2006,June,Saturday,Night,Light,Front to side collision,0.0,0.0,3.0,0.0,1.0,2.0,0.0,3.0,2.0,2.0,Junction,Exact,,4.0,,85.0,,,4
2006,December,Sunday,Night,Light,Front to side collision,0.0,0.0,4.0,0.0,1.0,3.0,0.0,4.0,2.0,2.0,Junction,Exact,,4.0,,8611.0,,,4
2006,October,Monday,Night,Light,Front to side collision,0.0,0.0,6.0,0.0,0.0,6.0,0.0,6.0,2.0,2.0,Junction,Exact,,4.0,,,,,4
2006,December,Thursday,Night,Light,Front to side collision,0.0,0.0,2.0,0.0,0.0,2.0,0.0,2.0,2.0,2.0,Junction,Exact,,4.0,,,,,4
2006,June,Saturday,Night,Light,Front to side collision,0.0,0.0,4.0,0.0,2.0,2.0,0.0,4.0,2.0,2.0,Junction,Exact,,4.0,,8510.0,,,4
2006,September,Wednesday,Night,Light,Front to side collision,0.0,0.0,3.0,0.0,0.0,3.0,0.0,3.0,2.0,2.0,Junction,Exact,,4.0,,8510.0,,,4
2006,September,Wednesday,Night,Light,Front to side collision,0.0,0.0,2.0,0.0,0.0,2.0,0.0,2.0,2.0,2.0,Junction,Exact,,4.0,,,,,4
2006,April,Sunday,Night,Light,Front to side collision,0.0,0.0,6.0,0.0,2.0,4.0,0.0,6.0,2.0,2.0,Junction,Exact,,4.0,,65.0,,,4
2006,March,Saturday,Night,Light,Front to rear collision,0.0,0.0,5.0,0.0,2.0,3.0,0.0,5.0,2.0,2.0,Junction,Exact,,4.0,,,,,4
2006,October,Sunday,Night,Light,Front to side collision,0.0,0.0,4.0,0.0,0.0,4.0,0.0,4.0,2.0,2.0,Junction,Exact,,4.0,,85.0,,,4
2006,April,Saturday,Night,Light,Front to rear collision,0.0,0.0,3.0,0.0,0.0,3.0,0.0,3.0,2.0,2.0,Junction,Exact,,4.0,,57.0,,,4
2006,April,Wednesday,Night,Light,Front to side collision,0.0,0.0,2.0,0.0,0.0,2.0,0.0,2.0,2.0,2.0,Junction,Exact,,4.0,,67.0,,,4
2006,January,Tuesday,Night,Light,Front to side collision,0.0,0.0,5.0,0.0,0.0,5.0,0.0,5.0,2.0,2.0,Junction,Exact,,4.0,,,,,4
2006,April,Saturday,Night,Light,Front to side collision,0.0,0.0,3.0,0.0,1.0,2.0,0.0,3.0,2.0,2.0,Junction,Exact,,4.0,,,,,4
2006,August,Wednesday,Night,Light,Front to side collision,0.0,0.0,3.0,0.0,0.0,2.0,1.0,3.0,2.0,2.0,Junction,Exact,,4.0,,8510.0,,,4
2006,July,Thursday,Day,Light,Front to rear collision,0.0,0.0,2.0,0.0,0.0,2.0,0.0,2.0,2.0,2.0,Junction,Exact,,4.0,,67.0,,,4
2006,June,Saturday,Day,Severe,Roll over,0.0,1.0,0.0,0.0,0.0,1.0,0.0,1.0,1.0,1.0,Junction,Exact,,4.0,,,,,4
2006,April,Wednesday,Day,Light,Front to side collision,0.0,0.0,2.0,0.0,0.0,2.0,0.0,2.0,2.0,2.0,Junction,Exact,,4.0,,,,,4
2006,June,Thursday,Day,Light,Front to rear collision,0.0,0.0,6.0,0.0,1.0,5.0,0.0,6.0,2.0,2.0,Junction,Exact,,4.0,,67.0,,,4
2006,January,Sunday,Day,Light,Front to side collision,0.0,0.0,6.0,0.0,0.0,6.0,0.0,6.0,2.0,2.0,Junction,Exact,,4.0,,85.0,,,4
2006,September,Friday,Day,Light,Side to side collision,0.0,0.0,8.0,0.0,1.0,5.0,2.0,8.0,2.0,2.0,Junction,Exact,,4.0,,,,,4
2006,March,Monday,Day,Light,Front to side collision,0.0,0.0,1.0,0.0,0.0,1.0,0.0,1.0,2.0,2.0,Junction,Exact,,4.0,,57.0,,,4
2006,June,Sunday,Day,Light,Side to side collision,0.0,0.0,2.0,0.0,0.0,2.0,0.0,2.0,2.0,2.0,Junction,Exact,,4.0,,,,,4
2006,August,Tuesday,Day,Light,Front to side collision,0.0,0.0,2.0,0.0,0.0,2.0,0.0,2.0,2.0,2.0,Junction,Exact,,4.0,,651.0,,,4
2006,February,Wednesday,Day,Light,Front to side collision,0.0,0.0,2.0,0.0,0.0,1.0,1.0,2.0,2.0,2.0,Junction,Exact,,4.0,,7111.0,,,4
2006,November,Thursday,Day,Light,Front to side collision,0.0,0.0,1.0,0.0,0.0,1.0,0.0,1.0,2.0,2.0,Junction,Exact,,4.0,,57.0,,,4
2006,August,Sunday,Day,Light,Front to rear collision,0.0,0.0,6.0,0.0,0.0,6.0,0.0,6.0,4.0,4.0,Junction,Exact,,4.0,,85.0,,,4
2006,February,Monday,Day,Light,Front to side collision,0.0,0.0,1.0,0.0,0.0,1.0,0.0,1.0,2.0,2.0,Junction,Exact,,4.0,,6537.0,,,4
2006,June,Thursday,Day,Light,Front to side collision,0.0,0.0,2.0,0.0,0.0,2.0,0.0,2.0,2.0,2.0,Junction,Exact,,4.0,,,,,4
2006,September,Saturday,Day,Light,Front to side collision,0.0,0.0,2.0,0.0,0.0,2.0,0.0,2.0,2.0,2.0,Junction,Exact,,4.0,,79.0,,,4
2006,April,Sunday,Day,Light,Front to side collision,0.0,0.0,1.0,0.0,0.0,1.0,0.0,1.0,2.0,2.0,Junction,Exact,,4.0,,57.0,,,4