year,month,day_of_week,day_night,accident_severity,accident_type,killed,severly_injured,lightly_injured,injured_pedestrians,casualties_ages_0-19,casualties_ages_20-64,casualties_ages_65_plus,total_casualties,vehicle_count,drivers,road_type,localization_quality,settlement,road1,location,road2,road3,road4,source_road
2006,March,Monday,Night,Light,Front to side collision,0.0,0.0,1.0,0.0,0.0,1.0,0.0,1.0,2.0,2.0,Not junction,Exact,,4.0,177.4,,,,4
2006,March,Tuesday,Night,Light,Hit an object,0.0,0.0,1.0,0.0,0.0,1.0,0.0,1.0,1.0,1.0,Not junction,Exact,,4.0,175.5,,,,4
2006,October,Friday,Night,Light,Front to rear collision,0.0,0.0,5.0,0.0,0.0,5.0,0.0,5.0,3.0,3.0,Not junction,Centered,,4.0,219.0,,,,4
2006,September,Sunday,Night,Light,Hit an object,0.0,0.0,2.0,0.0,0.0,2.0,0.0,2.0,1.0,1.0,Not junction,Exact,,4.0,199.5,,,,4
2006,May,Monday,Night,Light,Hit an object,0.0,0.0,1.0,0.0,0.0,1.0,0.0,1.0,1.0,1.0,Not junction,Exact,,4.0,189.8,,,,4
2006,June,Friday,Night,Light,Front to side collision,0.0,0.0,3.0,0.0,0.0,3.0,0.0,3.0,3.0,2.0,Not junction,Centered,,4.0,220.0,,,,4
2006,May,Saturday,Night,Light,Hit an object,0.0,0.0,1.0,0.0,0.0,1.0,0.0,1.0,1.0,1.0,Not junction,Exact,,4.0,225.4,,,,4
2006,November,Wednesday,Night,Fatal,Front to side collision,1.0,0.0,0.0,0.0,0.0,1.0,0.0,1.0,2.0,2.0,Not junction,Exact,,4.0,194.4,,,,4
2006,February,Saturday,Night,Light,Hit an object,0.0,0.0,5.0,0.0,0.0,5.0,0.0,5.0,1.0,1.0,Not junction,Exact,,4.0,153.1,,,,4
2006,July,Saturday,Night,Light,Hit an object,0.0,0.0,3.0,0.0,0.0,3.0,0.0,3.0,1.0,1.0,Not junction,Exact,,4.0,166.2,,,,4
2006,April,Saturday,Night,Light,Front to rear collision,0.0,0.0,6.0,0.0,2.0,4.0,0.0,6.0,3.0,3.0,Not junction,Exact,,4.0,234.4,,,,4
2006,May,Tuesday,Day,Light,Front to rear collision,0.0,0.0,3.0,0.0,1.0,2.0,0.0,3.0,2.0,2.0,Not junction,Exact,,4.0,228.5,,,,4
2006,May,Wednesday,Day,Light,Front to side collision,0.0,0.0,1.0,0.0,0.0,1.0,0.0,1.0,2.0,2.0,Not junction,Exact,,4.0,175.6,,,,4
2006,January,Sunday,Night,Light,Front to side collision,0.0,0.0,6.0,0.0,0.0,6.0,0.0,6.0,3.0,3.0,Not junction,Exact,,4.0,233.1,,,,4
2006,March,Wednesday,Day,Light,Drive off road or on paveway,0.0,0.0,4.0,0.0,0.0,4.0,0.0,4.0,1.0,1.0,Not junction,Exact,,4.0,174.0,,,,4
2006,November,Friday,Day,Light,Slip,0.0,0.0,1.0,0.0,0.0,1.0,0.0,1.0,1.0,1.0,Not junction,Exact,,4.0,177.1,,,,4
2006,August,Tuesday,Day,Light,Front to side collision,0.0,0.0,1.0,0.0,0.0,1.0,0.0,1.0,2.0,2.0,Not junction,Centered,,4.0,221.0,,,,4
2006,April,Saturday,Day,Light,Hit an object,0.0,0.0,2.0,0.0,1.0,1.0,0.0,2.0,1.0,1.0,Not junction,Exact,,4.0,226.1,,,,4
2006,November,Saturday,Day,Light,Front to side collision,0.0,0.0,0.0,0.0,0.0,0.0,0.0,0.0,2.0,1.0,Not junction,Centered,,4.0,221.0,,,,4
2006,June,Tuesday,Day,Light,Front to rear collision,0.0,0.0,5.0,0.0,0.0,5.0,0.0,5.0,2.0,2.0,Not junction,Exact,,4.0,227.5,,,,4
2006,January,Saturday,Day,Severe,Hit an object,0.0,1.0,0.0,0.0,1.0,0.0,0.0,1.0,1.0,1.0,Not junction,Exact,,4.0,227.9,,,,4
2006,December,Wednesday,Day,Light,Front to side collision,0.0,0.0,1.0,0.0,0.0,0.0,1.0,1.0,2.0,2.0,Not junction,Exact,,4.0,175.1,,,,4
2006,February,Tuesday,Day,Severe,Hit an object,0.0,1.0,0.0,0.0,0.0,1.0,0.0,1.0,1.0,1.0,Not junction,Exact,,4.0,236.5,,,,4
2006,November,Monday,Day,Light,Front to rear collision,0.0,0.0,5.0,0.0,0.0,5.0,0.0,5.0,4.0,4.0,Not junction,Exact,,4.0,221.6,,,,4
2006,February,Friday,Day,Light,Roll over,0.0,0.0,1.0,0.0,0.0,1.0,0.0,1.0,1.0,1.0,Not junction,Exact,,4.0,168.0,,,,4
2006,December,Saturday,Day,Light,Front to side collision,0.0,0.0,5.0,0.0,0.0,2.0,3.0,5.0,2.0,2.0,Not junction,Exact,,4.0,192.0,,,,4
2006,December,Wednesday,Day,Fatal,Side to side collision,1.0,1.0,3.0,0.0,1.0,2.0,2.0,5.0,2.0,2.0,Not junction,Exact,,4.0,176.5,,,,4
2006,April,Sunday,Day,Light,Front to side collision,0.0,0.0,2.0,0.0,0.0,2.0,0.0,2.0,3.0,3.0,Not junction,Exact,,4.0,242.1,,,,4
2006,April,Thursday,Day,Light,Front to rear collision,0.0,0.0,1.0,0.0,0.0,1.0,0.0,1.0,2.0,2.0,Not junction,Exact,,4.0,197.1,,,,4
2006,September,Sunday,Day,Light,Front to side collision,0.0,0.0,1.0,0.0,0.0,0.0,1.0,1.0,2.0,2.0,Not junction,Exact,,4.0,227.5,,,,4
2006,December,Wednesday,Day,Light,Side to side collision,0.0,0.0,1.0,0.0,0.0,1.0,0.0,1.0,2.0,2.0,Not junction,Exact,,4.0,163.0,,,,4
2006,July,Friday,Day,Fatal,Front to side collision,1.0,0.0,1.0,0.0,0.0,2.0,0.0,2.0,3.0,3.0,Not junction,Exact,,4.0,186.2,,,,4
2006,October,Thursday,Day,Light,Hit a passenger within the vehicle,0.0,0.0,6.0,0.0,1.0,4.0,1.0,6.0,2.0,1.0,Not junction,Centered,,4.0,222.0,,,,4
2006,April,Friday,Day,Light,Pedestrian,0.0,0.0,1.0,1.0,0.0,1.0,0.0,1.0,1.0,1.0,Not junction,Exact,,4.0,160.2,,,,4
2006,June,Friday,Day,Light,Front to rear collision,0.0,0.0,6.0,0.0,2.0,4.0,0.0,6.0,4.0,4.0,Not junction,Exact,,4.0,238.2,,,,4
2006,June,Thursday,Day,Light,Front to rear collision,0.0,0.0,1.0,0.0,0.0,1.0,0.0,1.0,3.0,3.0,Not junction,Centered,,4.0,220.0,,,,4
2006,September,Monday,Day,Light,Front to rear collision,0.0,0.0,1.0,0.0,0.0,1.0,0.0,1.0,2.0,2.0,Not junction,Exact,,4.0,227.5,,,,4
2006,June,Tuesday,Day,Light,Front to rear collision,0.0,0.0,1.0,0.0,0.0,1.0,0.0,1.0,2.0,2.0,Not junction,Exact,,4.0,178.1,,,,4
2006,November,Thursday,Day,Light,Roll over,0.0,0.0,1.0,0.0,0.0,1.0,0.0,1.0,2.0,2.0,Not junction,Exact,,4.0,171.2,,,,4
2006,March,Saturday,Day,Severe,Front to side collision,0.0,1.0,0.0,0.0,0.0,1.0,0.0,1.0,2.0,2.0,Not junction,Exact,,4.0,178.1,,,,4
2006,September,Friday,Day,Fatal,Front end collision,1.0,0.0,1.0,0.0,0.0,2.0,0.0,2.0,2.0,2.0,Not junction,Exact,,4.0,173.0,,,,4
2006,August,Tuesday,Day,Light,Front to side collision,0.0,0.0,3.0,0.0,0.0,3.0,0.0,3.0,3.0,3.0,Not junction,Exact,,4.0,195.2,,,,4
2006,November,Wednesday,Day,Light,Front to rear collision,0.0,0.0,1.0,0.0,1.0,0.0,0.0,1.0,2.0,2.0,Not junction,Exact,,4.0,198.2,,,,4
2006,December,Friday,Day,Light,Front to rear collision,0.0,0.0,5.0,0.0,2.0,2.0,1.0,5.0,4.0,4.0,Not junction,Exact,,4.0,224.0,,,,4
2006,October,Friday,Day,Light,Front to rear collision,0.0,0.0,5.0,0.0,1.0,4.0,0.0,5.0,4.0,4.0,Not junction,Centered,,4.0,220.0,,,,4
2006,November,Monday,Day,Light,Front to rear collision,0.0,0.0,1.0,0.0,0.0,1.0,0.0,1.0,3.0,3.0,Not junction,Exact,,4.0,237.5,,,,4
2006,March,Thursday,Day,Severe,Front to side collision,0.0,2.0,0.0,0.0,0.0,2.0,0.0,2.0,3.0,3.0,Not junction,Exact,,4.0,242.7,,,,4
2006,December,Friday,Day,Light,Front end collision,0.0,0.0,2.0,0.0,0.0,2.0,0.0,2.0,2.0,2.0,Not junction,Exact,,4.0,189.3,,,,4
2006,September,Friday,Day,Light,Front to rear collision,0.0,0.0,8.0,0.0,3.0,5.0,0.0,8.0,4.0,4.0,Not junction,Exact,,4.0,222.1,,,,4
2006,December,Saturday,Day,Light,Front to rear collision,0.0,0.0,3.0,0.0,0.0,3.0,0.0,3.0,2.0,2.0,Not junction,Exact,,4.0,234.1,,,,4
2006,August,Friday,Day,Light,Front to rear collision,0.0,0.0,6.0,0.0,3.0,3.0,0.0,6.0,4.0,3.0,Not junction,Centered,,4.0,220.0,,,,4
2006,January,Monday,Day,Light,Front to rear collision,0.0,0.0,9.0,0.0,0.0,9.0,0.0,9.0,2.0,2.0,Not junction,Exact,,4.0,226.5,,,,4
2006,December,Sunday,Day,Light,Front to rear collision,0.0,0.0,6.0,0.0,3.0,3.0,0.0,6.0,3.0,3.0,Not junction,Exact,,4.0,226.4,,,,4
2006,September,Tuesday,Day,Light,Side to side collision,0.0,0.0,1.0,0.0,0.0,1.0,0.0,1.0,2.0,2.0,Not junction,Exact,,4.0,170.2,,,,4
2006,January,Wednesday,Day,Light,Front to side collision,0.0,0.0,3.0,0.0,1.0,2.0,0.0,3.0,2.0,2.0,Not junction,Exact,,4.0,178.2,,,,4
2006,March,Saturday,Day,Severe,Side to side collision,0.0,1.0,3.0,0.0,1.0,3.0,0.0,4.0,2.0,2.0,Not junction,Exact,,4.0,245.2,,,,4
2006,February,Thursday,Day,Light,Collision with stopped vehicle,0.0,0.0,3.0,0.0,1.0,2.0,0.0,3.0,2.0,2.0,Not junction,Exact,,4.0,183.9,,,,4
2006,May,Thursday,Day,Light,Hit an object,0.0,0.0,1.0,0.0,0.0,1.0,0.0,1.0,2.0,2.0,Not junction,Exact,,4.0,223.4,,,,4
2006,October,Wednesday,Day,Light,Front to rear collision,0.0,0.0,7.0,0.0,2.0,5.0,0.0,7.0,2.0,2.0,Not junction,Exact,,4.0,235.5,,,,4
2006,January,Sunday,Day,Light,Front to side collision,0.0,0.0,4.0,0.0,3.0,1.0,0.0,4.0,3.0,3.0,Not junction,Exact,,4.0,197.3,,,,4
2006,June,Sunday,Day,Light,Front to side collision,0.0,0.0,2.0,0.0,0.0,2.0,0.0,2.0,2.0,2.0,Not junction,Exact,,4.0,239.1,,,,4
2006,February,Friday,Day,Light,Front to rear collision,0.0,0.0,2.0,0.0,0.0,2.0,0.0,2.0,2.0,2.0,Not junction,Exact,,4.0,227.8,,,,4
2006,October,Wednesday,Day,Light,Front to rear collision,0.0,0.0,3.0,0.0,0.0,3.0,0.0,3.0,3.0,3.0,Not junction,Exact,,4.0,162.0,,,,4
2006,April,Sunday,Day,Severe,Hit an object,0.0,1.0,6.0,0.0,5.0,2.0,0.0,7.0,1.0,1.0,Not junction,Exact,,4.0,225.5,,,,4
2006,April,Wednesday,Day,Fatal,Drive off road or on paveway,1.0,0.0,0.0,0.0,0.0,1.0,0.0,1.0,1.0,1.0,Not junction,Exact,,4.0,226.6,,,,4
2006,January,Monday,Day,Light,Front to rear collision,0.0,0.0,5.0,0.0,3.0,2.0,0.0,5.0,2.0,2.0,Not junction,Exact,,4.0,169.0,,,,4
2006,October,Tuesday,Day,Severe,Roll over,0.0,1.0,0.0,0.0,0.0,0.0,1.0,1.0,1.0,1.0,Not junction,Exact,,4.0,192.9,,,,4
2006,March,Wednesday,Day,Light,Front to side collision,0.0,0.0,1.0,0.0,0.0,1.0,0.0,1.0,2.0,2.0,Not junction,Centered,,4.0,220.0,,,,4
2006,December,Friday,Day,Light,Hit an object,0.0,0.0,2.0,0.0,0.0,2.0,0.0,2.0,1.0,1.0,Not junction,Exact,,4.0,246.0,,,,4
2006,September,Tuesday,Day,Light,Front to side collision,0.0,0.0,2.0,0.0,0.0,2.0,0.0,2.0,2.0,2.0,Not junction,Exact,,4.0,176.4,,,,4
2006,August,Friday,Day,Light,Front to side collision,0.0,0.0,2.0,0.0,0.0,2.0,0.0,2.0,2.0,2.0,Not junction,Exact,,4.0,160.0,,,,4
2006,May,Saturday,Day,Light,Front to side collision,0.0,0.0,4.0,0.0,0.0,4.0,0.0,4.0,2.0,2.0,Not junction,Centered,,4.0,220.0,,,,4
2006,March,Monday,Day,Light,Front to rear collision,0.0,0.0,2.0,0.0,0.0,2.0,0.0,2.0,3.0,3.0,Not junction,Exact,,4.0,190.0,,,,4
2006,March,Saturday,Day,Light,Front to rear collision,0.0,0.0,4.0,0.0,0.0,3.0,1.0,4.0,2.0,2.0,Not junction,Exact,,4.0,175.5,,,,4
2006,February,Friday,Day,Severe,Drive off road or on paveway,0.0,1.0,0.0,0.0,0.0,1.0,0.0,1.0,1.0,1.0,Not junction,Exact,,4.0,227.4,,,,4
2006,June,Tuesday,Day,Light,Front to rear collision,0.0,0.0,1.0,0.0,0.0,1.0,0.0,1.0,2.0,2.0,Not junction,Exact,,4.0,192.0,,,,4
2006,June,Thursday,Day,Light,Front to side collision,0.0,0.0,2.0,0.0,0.0,2.0,0.0,2.0,2.0,2.0,Not junction,Exact,,4.0,239.1,,,,4
2006,October,Sunday,Night,Light,Front to side collision,0.0,0.0,1.0,0.0,0.0,1.0,0.0,1.0,2.0,2.0,Not junction,Exact,,4.0,247.5,,,,4
2006,December,Saturday,Night,Light,Front to rear collision,0.0,0.0,1.0,0.0,0.0,1.0,0.0,1.0,2.0,2.0,Not junction,Exact,,4.0,226.1,,,,4
2006,November,Tuesday,Night,Light,Front to rear collision,0.0,0.0,6.0,0.0,1.0,5.0,0.0,6.0,3.0,3.0,Not junction,Exact,,4.0,230.3,,,,4
2006,November,Saturday,Night,Light,Front to rear collision,0.0,0.0,3.0,0.0,1.0,2.0,0.0,3.0,3.0,3.0,Not junction,Exact,,4.0,171.1,,,,4
2006,July,Friday,Day,Light,Roll over,0.0,0.0,1.0,0.0,0.0,1.0,0.0,1.0,1.0,1.0,Not junction,Exact,,4.0,225.5,,,,4
2006,December,Wednesday,Night,Light,Front to rear collision,0.0,0.0,5.0,0.0,0.0,5.0,0.0,5.0,4.0,4.0,Not junction,Exact,,4.0,226.0,,,,4
2006,November,Tuesday,Night,Light,Front to rear collision,0.0,0.0,2.0,0.0,0.0,2.0,0.0,2.0,4.0,4.0,Not junction,Centered,,4.0,222.0,,,,4
2006,October,Saturday,Night,Light,Front to side collision,0.0,0.0,3.0,0.0,0.0,3.0,0.0,3.0,2.0,2.0,Not junction,Exact,,4.0,220.0,,,,4
2006,February,Sunday,Night,Light,Front to side collision,0.0,0.0,1.0,0.0,0.0,1.0,0.0,1.0,2.0,2.0,Not junction,Exact,,4.0,176.4,,,,4
2006,February,Monday,Night,Severe,Pedestrian,0.0,1.0,0.0,1.0,0.0,1.0,0.0,1.0,1.0,1.0,Not junction,Exact,,4.0,231.0,,,,4
2006,June,Thursday,Day,Light,Front to rear collision,0.0,0.0,2.0,0.0,0.0,2.0,0.0,2.0,3.0,3.0,Not junction,Exact,,4.0,173.2,,,,4
2006,August,Thursday,Day,Light,Front to rear collision,0.0,0.0,3.0,0.0,1.0,2.0,0.0,3.0,2.0,2.0,Not junction,Exact,,4.0,171.0,,,,4
2006,January,Monday,Night,Severe,Pedestrian,0.0,1.0,0.0,1.0,0.0,0.0,1.0,1.0,1.0,1.0,Not junction,Centered,,4.0,221.0,,,,4
2006,October,Sunday,Night,Light,Front to side collision,0.0,0.0,2.0,0.0,0.0,2.0,0.0,2.0,3.0,3.0,Not junction,Exact,,4.0,178.0,,,,4
2006,September,Sunday,Night,Light,Front to rear collision,0.0,0.0,8.0,0.0,4.0,4.0,0.0,8.0,3.0,3.0,Not junction,Exact,,4.0,237.5,,,,4
2006,May,Tuesday,Night,Light,Pedestrian,0.0,0.0,1.0,1.0,1.0,0.0,0.0,1.0,1.0,1.0,Not junction,Exact,,4.0,220.1,,,,4
2006,March,Wednesday,Night,Severe,Pedestrian,0.0,1.0,0.0,1.0,0.0,1.0,0.0,1.0,1.0,1.0,Not junction,Exact,,4.0,158.8,,,,4
2006,January,Monday,Night,Light,Front to side collision,0.0,0.0,1.0,0.0,0.0,1.0,0.0,1.0,3.0,3.0,Not junction,Centered,,4.0,220.0,,,,4
2006,October,Wednesday,Night,Light,Front to rear collision,0.0,0.0,8.0,0.0,3.0,5.0,0.0,8.0,3.0,3.0,Not junction,Exact,,4.0,238.0,,,,4
2006,January,Tuesday,Night,Light,Front to rear collision,0.0,0.0,2.0,0.0,0.0,2.0,0.0,2.0,2.0,2.0,Not junction,Exact,,4.0,227.5,,,,4
2006,March,Thursday,Night,Light,Front to rear collision,0.0,0.0,5.0,0.0,1.0,4.0,0.0,5.0,3.0,3.0,Not junction,Exact,,4.0,227.5,,,,4
2006,May,Wednesday,Night,Severe,Front to rear collision,0.0,1.0,16.0,0.0,5.0,10.0,2.0,17.0,5.0,5.0,Not junction,Exact,,4.0,166.0,,,,4
2006,October,Saturday,Night,Light,Front to rear collision,0.0,0.0,4.0,0.0,1.0,3.0,0.0,4.0,3.0,3.0,Not junction,Exact,,4.0,160.2,,,,4
2006,February,Tuesday,Night,Light,Hit an object,0.0,0.0,1.0,0.0,1.0,0.0,0.0,1.0,1.0,1.0,Not junction,Exact,,4.0,239.1,,,,4
2006,October,Wednesday,Night,Light,Front to rear collision,0.0,0.0,2.0,0.0,0.0,1.0,1.0,2.0,2.0,2.0,Not junction,Exact,,4.0,237.5,,,,4
2006,August,Friday,Night,Fatal,Pedestrian,1.0,0.0,1.0,1.0,0.0,2.0,0.0,2.0,1.0,1.0,Not junction,Exact,,4.0,247.5,,,,4
2006,June,Wednesday,Night,Light,Front to rear collision,0.0,0.0,4.0,0.0,0.0,3.0,1.0,4.0,2.0,2.0,Not junction,Exact,,4.0,237.0,,,,4
2006,June,Monday,Night,Severe,Front to side collision,0.0,1.0,0.0,0.0,0.0,1.0,0.0,1.0,2.0,2.0,Not junction,Centered,,4.0,162.0,,,,4
2006,October,Friday,Night,Light,Front to side collision,0.0,0.0,2.0,0.0,0.0,2.0,0.0,2.0,2.0,2.0,Not junction,Exact,,4.0,247.1,,,,4
2006,January,Monday,Night,Light,Front to rear collision,0.0,0.0,5.0,0.0,0.0,5.0,0.0,5.0,3.0,3.0,Not junction,Exact,,4.0,227.7,,,,4
2006,November,Wednesday,Night,Light,Front end collision,0.0,0.0,6.0,0.0,0.0,6.0,0.0,6.0,3.0,3.0,Not junction,Exact,,4.0,226.0,,,,4
2006,June,Saturday,Night,Light,Hit an object,0.0,0.0,2.0,0.0,0.0,2.0,0.0,2.0,1.0,1.0,Not junction,Exact,,4.0,176.0,,,,4
2006,January,Wednesday,Night,Light,Front to side collision,0.0,0.0,3.0,0.0,2.0,1.0,0.0,3.0,2.0,2.0,Not junction,Exact,,4.0,227.1,,,,4
2006,March,Friday,Night,Severe,Pedestrian,0.0,1.0,0.0,1.0,1.0,0.0,0.0,1.0,1.0,1.0,Not junction,Centered,,4.0,220.0,,,,4
2006,November,Thursday,Night,Light,Front to side collision,0.0,0.0,2.0,0.0,0.0,2.0,0.0,2.0,2.0,2.0,Not junction,Exact,,4.0,197.1,,,,4
2006,March,Tuesday,Night,Light,Front to rear collision,0.0,0.0,3.0,0.0,0.0,3.0,0.0,3.0,5.0,5.0,Not junction,Exact,,4.0,229.2,,,,4
2006,March,Friday,Night,Light,Hit an object,0.0,0.0,1.0,0.0,0.0,1.0,0.0,1.0,1.0,1.0,Not junction,Exact,,4.0,222.9,,,,4
2006,February,Saturday,Night,Light,Side to side collision,0.0,0.0,2.0,0.0,0.0,2.0,0.0,2.0,2.0,2.0,Not junction,Exact,,4.0,243.0,,,,4
2006,December,Saturday,Night,Light,Hit an object,0.0,0.0,2.0,0.0,0.0,2.0,0.0,2.0,1.0,1.0,Not junction,Exact,,4.0,226.0,,,,4
2006,April,Tuesday,Night,Fatal,Roll over,1.0,0.0,0.0,0.0,1.0,0.0,0.0,1.0,1.0,1.0,Not junction,Exact,,4.0,187.9,,,,4
2006,September,Friday,Night,Light,Slip,0.0,0.0,4.0,0.0,4.0,0.0,0.0,4.0,1.0,1.0,Not junction,Exact,,4.0,162.2,,,,4
2006,April,Saturday,Night,Light,Other,0.0,0.0,1.0,0.0,0.0,1.0,0.0,1.0,1.0,1.0,Not junction,Exact,,4.0,160.0,,,,4
2006,October,Monday,Night,Fatal,Pedestrian,1.0,0.0,1.0,1.0,0.0,2.0,0.0,2.0,1.0,1.0,Not junction,Exact,,4.0,231.8,,,,4
2006,October,Wednesday,Night,Severe,Hit an object,0.0,1.0,0.0,0.0,0.0,1.0,0.0,1.0,1.0,1.0,Not junction,Exact,,4.0,199.0,,,,4
2006,April,Monday,Night,Severe,Other,0.0,1.0,0.0,0.0,0.0,1.0,0.0,1.0,1.0,1.0,Not junction,Exact,,4.0,230.2,,,,4
2006,April,Thursday,Night,Severe,Drive off road or on paveway,0.0,1.0,3.0,0.0,0.0,4.0,0.0,4.0,5.0,5.0,Not junction,Centered,,4.0,220.0,,,,4
2006,April,Saturday,Night,Light,Roll over,0.0,0.0,4.0,0.0,1.0,3.0,0.0,4.0,1.0,1.0,Not junction,Exact,,4.0,226.7,,,,4
2006,August,Sunday,Night,Light,Drive off road or on paveway,0.0,0.0,1.0,0.0,1.0,0.0,0.0,1.0,1.0,1.0,Not junction,Exact,,4.0,231.7,,,,4
2006,October,Monday,Night,Light,Pedestrian,0.0,0.0,1.0,1.0,1.0,0.0,0.0,1.0,1.0,1.0,Not junction,Centered,,4.0,220.0,,,,4
2006,December,Thursday,Night,Light,Front to side collision,0.0,0.0,1.0,0.0,0.0,0.0,0.0,1.0,2.0,2.0,Not junction,Exact,,4.0,200.0,,,,4
2006,February,Saturday,Night,Light,Front to side collision,0.0,0.0,7.0,0.0,0.0,7.0,0.0,7.0,3.0,3.0,Not junction,Centered,,4.0,220.0,,,,4
2006,December,Thursday,Night,Light,Side to side collision,0.0,0.0,1.0,0.0,0.0,1.0,0.0,1.0,2.0,2.0,Not junction,Centered,,4.0,221.0,,,,4
2006,March,Friday,Night,Light,Front to rear collision,0.0,0.0,8.0,0.0,2.0,6.0,0.0,8.0,3.0,3.0,Not junction,Centered,,4.0,219.0,,,,4
2006,February,Friday,Night,Severe,Roll over,0.0,2.0,0.0,0.0,0.0,2.0,0.0,2.0,1.0,1.0,Not junction,Exact,,4.0,226.2,,,,4
2007,March,Sunday,Night,Light,Front to rear collision,0.0,0.0,1.0,0.0,0.0,1.0,0.0,1.0,3.0,3.0,Junction,Exact,,4.0,,57.0,,,4
2007,October,Saturday,Night,Light,Front to rear collision,0.0,0.0,4.0,0.0,3.0,1.0,0.0,4.0,2.0,2.0,Junction,Exact,,4.0,,,,,4
2007,October,Tuesday,Night,Light,Front to side collision,0.0,0.0,4.0,0.0,2.0,2.0,0.0,4.0,2.0,2.0,Junction,Exact,,4.0,,75.0,,,4
2007,November,Wednesday,Night,Light,Front to side collision,0.0,0.0,2.0,0.0,1.0,1.0,0.0,2.0,2.0,2.0,Junction,Exact,,4.0,,,,,4
2007,November,Monday,Night,Light,Front to side collision,0.0,0.0,7.0,0.0,2.0,5.0,0.0,7.0,2.0,2.0,Junction,Exact,,4.0,,,,,4
2007,October,Friday,Night,Light,Front to side collision,0.0,0.0,3.0,0.0,0.0,3.0,0.0,3.0,2.0,2.0,Junction,Exact,,4.0,,75.0,,,4
2007,February,Wednesday,Night,Severe,Roll over,0.0,1.0,1.0,0.0,0.0,2.0,0.0,2.0,1.0,1.0,Junction,Exact,,4.0,,85.0,,,4
2007,September,Saturday,Night,Light,Front to side collision,0.0,0.0,4.0,0.0,1.0,3.0,0.0,4.0,2.0,2.0,Junction,Exact,,4.0,,,,,4
2007,October,Monday,Night,Light,Front end collision,0.0,0.0,1.0,0.0,0.0,1.0,0.0,1.0,2.0,2.0,Junction,Exact,,4.0,,65.0,,,4
2007,September,Sunday,Night,Severe,Front to side collision,0.0,2.0,1.0,0.0,0.0,3.0,0.0,3.0,2.0,2.0,Junction,Exact,,4.0,,67.0,,,4
2007,September,Friday,Night,Light,Front to side collision,0.0,0.0,1.0,0.0,1.0,0.0,0.0,1.0,2.0,2.0,Junction,Exact,,4.0,,5720.0,,,4
2007,August,Thursday,Night,Light,Front to rear collision,0.0,0.0,2.0,0.0,0.0,2.0,0.0,2.0,2.0,2.0,Junction,Exact,,4.0,,85.0,,,4
2007,February,Tuesday,Night,Light,Hit an object,0.0,0.0,2.0,0.0,0.0,2.0,0.0,2.0,1.0,1.0,Junction,Exact,,4.0,,65.0,,,4
2007,August,Friday,Night,Light,Front to side collision,0.0,0.0,1.0,0.0,0.0,1.0,0.0,1.0,2.0,2.0,Junction,Exact,,4.0,,57.0,,,4
2007,June,Friday,Night,Light,Front to rear collision,0.0,0.0,1.0,0.0,0.0,1.0,0.0,1.0,2.0,2.0,Junction,Exact,,4.0,,,,,4
2007,October,Friday,Night,Light,Front to side collision,0.0,0.0,3.0,0.0,0.0,3.0,0.0,3.0,2.0,2.0,Junction,Exact,,4.0,,651.0,,,4
2007,October,Friday,Night,Light,Front to side collision,0.0,0.0,6.0,0.0,2.0,4.0,0.0,6.0,2.0,2.0,Junction,Exact,,4.0,,75.0,,,4
2007,January,Sunday,Night,Light,Front to rear collision,0.0,0.0,2.0,0.0,0.0,2.0,0.0,2.0,2.0,2.0,Junction,Exact,,4.0,,75.0,,,4
2007,December,Saturday,Night,Light,Side to side collision,0.0,0.0,2.0,0.0,0.0,2.0,0.0,2.0,2.0,2.0,Junction,Exact,,4.0,,6531.0,,,4
2007,May,Friday,Night,Light,Front to side collision,0.0,0.0,5.0,0.0,0.0,5.0,0.0,5.0,3.0,3.0,Junction,Exact,,4.0,,5700.0,,,4
2007,February,Monday,Night,Fatal,Front to side collision,1.0,0.0,2.0,0.0,0.0,3.0,0.0,3.0,2.0,2.0,Junction,Exact,,4.0,,85.0,,,4
2007,February,Sunday,Night,Light,Front to side collision,0.0,0.0,2.0,0.0,0.0,2.0,0.0,2.0,3.0,3.0,Junction,Exact,,4.0,,781.0,,,4
2007,August,Monday,Night,Light,Front to rear collision,0.0,0.0,1.0,0.0,1.0,0.0,0.0,1.0,2.0,2.0,Junction,Exact,,4.0,,22.0,,,4
2007,August,Wednesday,Night,Light,Front to side collision,0.0,0.0,1.0,0.0,0.0,1.0,0.0,1.0,2.0,2.0,Junction,Exact,,4.0,,,,,4
2007,June,Saturday,Night,Severe,Front to rear collision,0.0,1.0,2.0,0.0,1.0,2.0,0.0,3.0,2.0,2.0,Junction,Exact,,4.0,,,,,4
2007,April,Monday,Night,Light,Front to side collision,0.0,0.0,2.0,0.0,1.0,1.0,0.0,2.0,2.0,2.0,Junction,Exact,,4.0,,65.0,,,4
2007,December,Saturday,Night,Light,Front to side collision,0.0,0.0,6.0,0.0,0.0,5.0,1.0,6.0,2.0,2.0,Junction,Exact,,4.0,,5613.0,,,4
2007,July,Friday,Day,Light,Slip,0.0,0.0,1.0,0.0,0.0,1.0,0.0,1.0,2.0,2.0,Junction,Exact,,4.0,,75.0,,,4
2007,March,Thursday,Day,Light,Front to side collision,0.0,0.0,1.0,0.0,0.0,1.0,0.0,1.0,3.0,3.0,Junction,Exact,,4.0,,65.0,,,4