year,month,day_of_week,day_night,accident_severity,accident_type,killed,severly_injured,lightly_injured,injured_pedestrians,casualties_ages_0-19,casualties_ages_20-64,casualties_ages_65_plus,total_casualties,vehicle_count,drivers,road_type,localization_quality,settlement,road1,location,road2,road3,road4,source_road
2007,July,Monday,Day,Light,Hit an object,0.0,0.0,1.0,0.0,0.0,1.0,0.0,1.0,1.0,1.0,Not junction,Exact,,4.0,156.1,,,,4
2007,November,Sunday,Day,Light,Pedestrian,0.0,0.0,1.0,1.0,1.0,0.0,0.0,1.0,1.0,1.0,Not junction,Exact,,4.0,168.7,,,,4
2007,January,Monday,Day,Light,Front to rear collision,0.0,0.0,1.0,0.0,0.0,1.0,0.0,1.0,2.0,2.0,Not junction,Exact,,4.0,199.8,,,,4
2007,July,Wednesday,Day,Light,Front to rear collision,0.0,0.0,4.0,0.0,1.0,3.0,0.0,4.0,3.0,3.0,Not junction,Centered,,4.0,219.0,,,,4
2007,October,Sunday,Day,Fatal,Front to rear collision,1.0,1.0,1.0,0.0,1.0,2.0,0.0,3.0,2.0,2.0,Not junction,Exact,,4.0,224.3,,,,4
2007,July,Thursday,Day,Light,Hit an object,0.0,0.0,1.0,0.0,0.0,1.0,0.0,1.0,2.0,2.0,Not junction,Exact,,4.0,175.1,,,,4
2007,April,Tuesday,Day,Light,Pedestrian,0.0,0.0,2.0,2.0,0.0,2.0,0.0,2.0,1.0,1.0,Not junction,Exact,,4.0,239.0,,,,4
2007,September,Saturday,Day,Light,Front to rear collision,0.0,0.0,4.0,0.0,1.0,3.0,0.0,4.0,3.0,3.0,Not junction,Exact,,4.0,162.5,,,,4
2007,August,Sunday,Day,Light,Front to rear collision,0.0,0.0,2.0,0.0,1.0,1.0,0.0,2.0,2.0,2.0,Not junction,Exact,,4.0,228.5,,,,4
2007,November,Thursday,Day,Light,Side to side collision,0.0,0.0,1.0,0.0,0.0,1.0,0.0,1.0,2.0,2.0,Not junction,Exact,,4.0,247.5,,,,4
2007,August,Thursday,Day,Light,Side to side collision,0.0,0.0,1.0,0.0,0.0,1.0,0.0,1.0,2.0,2.0,Not junction,Centered,,4.0,220.0,,,,4
2007,September,Tuesday,Day,Light,Front end collision,0.0,0.0,1.0,0.0,0.0,1.0,0.0,1.0,2.0,2.0,Not junction,Exact,,4.0,180.5,,,,4
2007,February,Thursday,Day,Light,Front to rear collision,0.0,0.0,2.0,0.0,0.0,2.0,0.0,2.0,4.0,4.0,Not junction,Exact,,4.0,170.1,,,,4
2007,March,Friday,Day,Light,Front to side collision,0.0,0.0,1.0,0.0,0.0,1.0,0.0,1.0,2.0,2.0,Not junction,Exact,,4.0,144.1,,,,4
2007,July,Saturday,Day,Light,Front to side collision,0.0,0.0,1.0,0.0,0.0,1.0,0.0,1.0,2.0,2.0,Not junction,Exact,,4.0,239.0,,,,4
2007,August,Saturday,Day,Severe,Front to rear collision,0.0,1.0,1.0,0.0,2.0,0.0,0.0,2.0,3.0,3.0,Not junction,Exact,,4.0,225.6,,,,4
2007,May,Saturday,Day,Severe,Front to side collision,0.0,1.0,1.0,0.0,0.0,2.0,0.0,2.0,2.0,2.0,Not junction,Exact,,4.0,170.5,,,,4
2007,October,Monday,Day,Light,Side to side collision,0.0,0.0,3.0,0.0,1.0,2.0,0.0,3.0,2.0,2.0,Not junction,Exact,,4.0,169.0,,,,4
2007,August,Wednesday,Day,Light,Front to rear collision,0.0,0.0,4.0,0.0,0.0,4.0,0.0,4.0,3.0,3.0,Not junction,Exact,,4.0,177.8,,,,4
2007,May,Saturday,Day,Light,Front to side collision,0.0,0.0,2.0,0.0,0.0,2.0,0.0,2.0,2.0,2.0,Not junction,Exact,,4.0,239.1,,,,4
2007,December,Friday,Day,Light,Front to side collision,0.0,0.0,5.0,0.0,1.0,4.0,0.0,5.0,2.0,2.0,Not junction,Exact,,4.0,223.1,,,,4
2007,October,Thursday,Day,Light,Front to rear collision,0.0,0.0,1.0,0.0,0.0,1.0,0.0,1.0,2.0,2.0,Not junction,Exact,,4.0,226.5,,,,4
2007,December,Sunday,Day,Light,Front to rear collision,0.0,0.0,6.0,0.0,4.0,2.0,0.0,6.0,2.0,2.0,Not junction,Exact,,4.0,238.5,,,,4
2007,July,Sunday,Day,Severe,Pedestrian,0.0,1.0,0.0,1.0,1.0,0.0,0.0,1.0,1.0,1.0,Not junction,Exact,,4.0,240.0,,,,4
2007,November,Thursday,Day,Light,Front to side collision,0.0,0.0,1.0,0.0,0.0,1.0,0.0,1.0,4.0,4.0,Not junction,Exact,,4.0,238.1,,,,4
2007,July,Sunday,Day,Light,Front to side collision,0.0,0.0,1.0,0.0,1.0,0.0,0.0,1.0,2.0,2.0,Not junction,Exact,,4.0,227.2,,,,4
2007,September,Tuesday,Day,Severe,Front to rear collision,0.0,1.0,1.0,1.0,0.0,2.0,0.0,2.0,4.0,4.0,Not junction,Exact,,4.0,182.1,,,,4
2007,December,Friday,Day,Light,Front to rear collision,0.0,0.0,11.0,0.0,3.0,8.0,0.0,11.0,4.0,4.0,Not junction,Centered,,4.0,221.0,,,,4
2007,May,Thursday,Day,Light,Front to rear collision,0.0,0.0,1.0,0.0,0.0,1.0,0.0,1.0,2.0,2.0,Not junction,Exact,,4.0,223.2,,,,4
2007,April,Sunday,Day,Light,Front end collision,0.0,0.0,2.0,0.0,0.0,1.0,1.0,2.0,2.0,2.0,Not junction,Exact,,4.0,226.5,,,,4
2007,December,Sunday,Day,Severe,Hit an object,0.0,1.0,0.0,0.0,0.0,1.0,0.0,1.0,1.0,1.0,Not junction,Exact,,4.0,176.0,,,,4
2007,May,Friday,Day,Light,Roll over,0.0,0.0,1.0,0.0,0.0,1.0,0.0,1.0,2.0,2.0,Not junction,Exact,,4.0,240.2,,,,4
2007,March,Friday,Day,Severe,Roll over,0.0,1.0,0.0,0.0,0.0,1.0,0.0,1.0,1.0,1.0,Not junction,Exact,,4.0,199.2,,,,4
2007,June,Friday,Day,Light,Front to rear collision,0.0,0.0,5.0,0.0,1.0,4.0,0.0,5.0,4.0,4.0,Not junction,Exact,,4.0,235.2,,,,4
2007,June,Monday,Day,Light,Side to side collision,0.0,0.0,1.0,0.0,0.0,1.0,0.0,1.0,2.0,2.0,Not junction,Exact,,4.0,237.1,,,,4
2007,June,Tuesday,Day,Light,Front to side collision,0.0,0.0,3.0,0.0,0.0,3.0,0.0,3.0,2.0,2.0,Not junction,Exact,,4.0,195.5,,,,4
2007,April,Tuesday,Day,Light,Front to rear collision,0.0,0.0,1.0,0.0,0.0,1.0,0.0,1.0,2.0,2.0,Not junction,Exact,,4.0,174.4,,,,4
2007,August,Thursday,Day,Light,Front to side collision,0.0,0.0,5.0,0.0,0.0,5.0,0.0,5.0,2.0,2.0,Not junction,Centered,,4.0,219.0,,,,4
2007,August,Thursday,Day,Light,Front to rear collision,0.0,0.0,6.0,0.0,1.0,5.0,0.0,6.0,2.0,2.0,Not junction,Exact,,4.0,237.4,,,,4
2007,December,Saturday,Day,Light,Front to rear collision,0.0,0.0,6.0,0.0,3.0,3.0,0.0,6.0,3.0,3.0,Not junction,Exact,,4.0,229.1,,,,4
2007,June,Thursday,Day,Light,Front to side collision,0.0,0.0,2.0,0.0,0.0,2.0,0.0,2.0,3.0,3.0,Not junction,Exact,,4.0,198.2,,,,4
2007,November,Thursday,Day,Light,Front to side collision,0.0,0.0,1.0,0.0,0.0,1.0,0.0,1.0,2.0,2.0,Not junction,Exact,,4.0,238.1,,,,4
2007,June,Tuesday,Day,Severe,Roll over,0.0,1.0,0.0,0.0,0.0,1.0,0.0,1.0,2.0,2.0,Not junction,Exact,,4.0,243.3,,,,4
2007,June,Sunday,Day,Light,Front to rear collision,0.0,0.0,2.0,0.0,0.0,2.0,0.0,2.0,2.0,2.0,Not junction,Exact,,4.0,163.0,,,,4
2007,April,Thursday,Day,Light,Side to side collision,0.0,0.0,1.0,0.0,0.0,1.0,0.0,1.0,2.0,2.0,Not junction,Exact,,4.0,223.2,,,,4
2007,February,Saturday,Day,Light,Front end collision,0.0,0.0,4.0,0.0,0.0,4.0,0.0,4.0,2.0,2.0,Not junction,Exact,,4.0,245.2,,,,4
2007,September,Wednesday,Day,Light,Front to rear collision,0.0,0.0,2.0,0.0,1.0,0.0,1.0,2.0,2.0,2.0,Not junction,Exact,,4.0,158.9,,,,4
2007,April,Monday,Day,Light,Front to side collision,0.0,0.0,7.0,0.0,2.0,5.0,0.0,7.0,2.0,2.0,Not junction,Exact,,4.0,173.1,,,,4
2007,March,Wednesday,Day,Light,Front to side collision,0.0,0.0,1.0,0.0,0.0,1.0,0.0,1.0,2.0,2.0,Not junction,Exact,,4.0,238.5,,,,4
2007,November,Thursday,Night,Light,Front to rear collision,0.0,0.0,5.0,0.0,2.0,3.0,0.0,5.0,3.0,3.0,Not junction,Exact,,4.0,226.1,,,,4
2007,March,Friday,Day,Light,Front to rear collision,0.0,0.0,5.0,0.0,0.0,3.0,2.0,5.0,2.0,2.0,Not junction,Exact,,4.0,231.9,,,,4
2007,June,Friday,Day,Light,Front to rear collision,0.0,0.0,3.0,0.0,1.0,2.0,0.0,3.0,2.0,2.0,Not junction,Exact,,4.0,233.1,,,,4
2007,January,Thursday,Night,Light,Front to rear collision,0.0,0.0,4.0,0.0,0.0,4.0,0.0,4.0,2.0,2.0,Not junction,Exact,,4.0,233.5,,,,4
2007,August,Thursday,Day,Light,Front to rear collision,0.0,0.0,2.0,0.0,0.0,2.0,0.0,2.0,3.0,3.0,Not junction,Exact,,4.0,180.1,,,,4
2007,November,Saturday,Night,Light,Front to rear collision,0.0,0.0,4.0,0.0,0.0,4.0,0.0,4.0,3.0,3.0,Not junction,Exact,,4.0,186.2,,,,4
2007,August,Thursday,Day,Light,Front to rear collision,0.0,0.0,8.0,0.0,3.0,5.0,0.0,8.0,4.0,4.0,Not junction,Exact,,4.0,166.5,,,,4
2007,April,Sunday,Day,Light,Front to rear collision,0.0,0.0,6.0,0.0,0.0,6.0,0.0,6.0,3.0,3.0,Not junction,Exact,,4.0,238.1,,,,4
2007,April,Thursday,Day,Severe,Front end collision,0.0,1.0,1.0,0.0,0.0,2.0,0.0,2.0,2.0,2.0,Not junction,Exact,,4.0,174.2,,,,4
2007,December,Saturday,Night,Severe,Roll over,0.0,1.0,0.0,0.0,0.0,1.0,0.0,1.0,1.0,1.0,Not junction,Exact,,4.0,199.2,,,,4
2007,February,Wednesday,Night,Fatal,Pedestrian,1.0,0.0,0.0,1.0,0.0,1.0,0.0,1.0,1.0,1.0,Not junction,Exact,,4.0,228.1,,,,4
2007,June,Wednesday,Day,Light,Front to rear collision,0.0,0.0,2.0,0.0,0.0,2.0,0.0,2.0,3.0,3.0,Not junction,Centered,,4.0,220.0,,,,4
2007,July,Sunday,Day,Light,Front to side collision,0.0,0.0,4.0,0.0,0.0,4.0,0.0,4.0,3.0,3.0,Not junction,Exact,,4.0,224.0,,,,4
2007,August,Sunday,Day,Light,Front to rear collision,0.0,0.0,4.0,0.0,2.0,2.0,0.0,4.0,2.0,2.0,Not junction,Exact,,4.0,222.1,,,,4
2007,April,Wednesday,Day,Light,Front to rear collision,0.0,0.0,8.0,0.0,1.0,6.0,1.0,8.0,2.0,2.0,Not junction,Centered,,4.0,222.0,,,,4
2007,April,Sunday,Day,Light,Pedestrian,0.0,0.0,2.0,2.0,1.0,1.0,0.0,2.0,1.0,1.0,Not junction,Exact,,4.0,237.0,,,,4
2007,September,Monday,Day,Light,Front to side collision,0.0,0.0,2.0,0.0,0.0,2.0,0.0,2.0,2.0,2.0,Not junction,Exact,,4.0,190.6,,,,4
2007,August,Sunday,Day,Light,Front to rear collision,0.0,0.0,6.0,0.0,2.0,4.0,0.0,6.0,3.0,3.0,Not junction,Exact,,4.0,241.2,,,,4
2007,March,Saturday,Night,Light,Front to rear collision,0.0,0.0,5.0,0.0,2.0,3.0,0.0,5.0,4.0,4.0,Not junction,Exact,,4.0,237.5,,,,4
2007,November,Sunday,Night,Light,Front to rear collision,0.0,0.0,4.0,0.0,0.0,4.0,0.0,4.0,2.0,2.0,Not junction,Exact,,4.0,226.5,,,,4
2007,May,Saturday,Day,Light,Roll over,0.0,0.0,1.0,0.0,0.0,1.0,0.0,1.0,1.0,1.0,Not junction,Centered,,4.0,219.0,,,,4
2007,January,Saturday,Night,Light,Hit an object,0.0,0.0,2.0,0.0,0.0,2.0,0.0,2.0,1.0,1.0,Not junction,Exact,,4.0,165.4,,,,4
2007,January,Saturday,Night,Light,Front to side collision,0.0,0.0,6.0,0.0,3.0,3.0,0.0,6.0,2.0,2.0,Not junction,Exact,,4.0,169.8,,,,4
2007,October,Monday,Night,Light,Front to side collision,0.0,0.0,2.0,0.0,0.0,1.0,1.0,2.0,2.0,2.0,Not junction,Exact,,4.0,193.2,,,,4
2007,February,Tuesday,Night,Light,Front to rear collision,0.0,0.0,8.0,0.0,2.0,6.0,0.0,8.0,2.0,2.0,Not junction,Exact,,4.0,227.2,,,,4
2007,October,Friday,Night,Severe,Roll over,0.0,2.0,1.0,0.0,1.0,2.0,0.0,3.0,1.0,1.0,Not junction,Exact,,4.0,226.6,,,,4
2007,April,Tuesday,Night,Light,Front to rear collision,0.0,0.0,7.0,0.0,0.0,7.0,0.0,7.0,2.0,2.0,Not junction,Exact,,4.0,174.1,,,,4
2007,July,Sunday,Night,Light,Front to rear collision,0.0,0.0,4.0,0.0,0.0,4.0,0.0,4.0,3.0,3.0,Not junction,Exact,,4.0,162.1,,,,4
2007,August,Friday,Night,Fatal,Front end collision,1.0,2.0,0.0,0.0,0.0,0.0,3.0,3.0,2.0,2.0,Not junction,Exact,,4.0,180.1,,,,4
2007,August,Tuesday,Night,Light,Front to rear collision,0.0,0.0,2.0,0.0,0.0,2.0,0.0,2.0,3.0,3.0,Not junction,Exact,,4.0,162.0,,,,4
2007,October,Saturday,Night,Light,Pedestrian,0.0,0.0,2.0,1.0,1.0,0.0,1.0,2.0,1.0,1.0,Not junction,Centered,,4.0,222.0,,,,4
2007,March,Wednesday,Night,Light,Front to side collision,0.0,0.0,4.0,0.0,1.0,3.0,0.0,4.0,3.0,3.0,Not junction,Exact,,4.0,238.8,,,,4
2007,July,Sunday,Night,Light,Hit a passenger within the vehicle,0.0,0.0,1.0,0.0,0.0,1.0,0.0,1.0,1.0,1.0,Not junction,Centered,,4.0,221.0,,,,4
2007,November,Friday,Night,Light,Side to side collision,0.0,0.0,6.0,0.0,0.0,5.0,1.0,6.0,2.0,2.0,Not junction,Exact,,4.0,224.9,,,,4
2007,June,Saturday,Night,Severe,Side to side collision,0.0,1.0,0.0,0.0,0.0,1.0,0.0,1.0,2.0,2.0,Not junction,Exact,,4.0,170.2,,,,4
2007,July,Saturday,Night,Light,Front to rear collision,0.0,0.0,6.0,0.0,1.0,4.0,1.0,6.0,2.0,2.0,Not junction,Exact,,4.0,229.1,,,,4
2007,April,Saturday,Night,Light,Front to rear collision,0.0,0.0,9.0,0.0,4.0,5.0,0.0,9.0,2.0,2.0,Not junction,Exact,,4.0,175.8,,,,4
2007,May,Wednesday,Night,Light,Side to side collision,0.0,0.0,13.0,0.0,2.0,10.0,1.0,13.0,3.0,3.0,Not junction,Exact,,4.0,196.5,,,,4
2007,May,Monday,Night,Light,Side to side collision,0.0,0.0,2.0,0.0,0.0,1.0,1.0,2.0,2.0,2.0,Not junction,Exact,,4.0,179.2,,,,4
2007,December,Tuesday,Night,Fatal,Pedestrian,1.0,0.0,1.0,1.0,0.0,2.0,0.0,2.0,2.0,2.0,Not junction,Exact,,4.0,227.0,,,,4
2007,December,Friday,Night,Light,Front to rear collision,0.0,0.0,4.0,0.0,0.0,4.0,0.0,4.0,2.0,2.0,Not junction,Exact,,4.0,237.1,,,,4
2007,May,Tuesday,Night,Light,Side to side collision,0.0,0.0,5.0,0.0,2.0,3.0,0.0,5.0,2.0,2.0,Not junction,Exact,,4.0,171.1,,,,4
2007,August,Sunday,Night,Light,Hit an object,0.0,0.0,4.0,0.0,3.0,1.0,0.0,4.0,2.0,2.0,Not junction,Exact,,4.0,227.0,,,,4
2007,March,Thursday,Night,Severe,Front end collision,0.0,2.0,4.0,0.0,0.0,6.0,0.0,6.0,3.0,3.0,Not junction,Exact,,4.0,169.6,,,,4
2007,April,Thursday,Night,Severe,Pedestrian,0.0,1.0,0.0,1.0,0.0,0.0,1.0,1.0,1.0,1.0,Not junction,Exact,,4.0,241.5,,,,4
2008,July,Tuesday,Night,Severe,Side to side collision,0.0,1.0,3.0,0.0,2.0,2.0,0.0,4.0,2.0,2.0,Junction,Exact,,4.0,,,,,4
2008,February,Friday,Night,Light,Front to rear collision,0.0,0.0,5.0,0.0,0.0,5.0,0.0,5.0,2.0,2.0,Junction,Exact,,4.0,,651.0,,,4
2008,February,Friday,Night,Severe,Front to side collision,0.0,1.0,2.0,0.0,0.0,2.0,1.0,3.0,2.0,2.0,Junction,Exact,,4.0,,,,,4
2008,January,Friday,Night,Light,Front to side collision,0.0,0.0,2.0,0.0,0.0,2.0,0.0,2.0,2.0,2.0,Junction,Exact,,4.0,,65.0,,,4
2008,August,Sunday,Night,Light,Front to side collision,0.0,0.0,1.0,0.0,0.0,1.0,0.0,1.0,2.0,2.0,Junction,Exact,,4.0,,,,,4
2008,February,Sunday,Night,Severe,Pedestrian,0.0,1.0,3.0,3.0,0.0,4.0,0.0,4.0,1.0,1.0,Junction,Exact,,4.0,,,,,4
2008,March,Friday,Night,Light,Front to rear collision,0.0,0.0,2.0,0.0,1.0,1.0,0.0,2.0,2.0,2.0,Junction,Exact,,4.0,,,,,4
2008,August,Saturday,Night,Severe,Front to rear collision,0.0,1.0,5.0,0.0,0.0,5.0,0.0,6.0,2.0,2.0,Junction,Exact,,4.0,,,,,4
2008,September,Tuesday,Night,Light,Hit an object,0.0,0.0,1.0,0.0,0.0,1.0,0.0,1.0,1.0,1.0,Junction,Exact,,4.0,,,,,4
2008,December,Wednesday,Night,Light,Front to side collision,0.0,0.0,1.0,0.0,0.0,1.0,0.0,1.0,2.0,2.0,Junction,Exact,,4.0,,721.0,,,4
2008,February,Tuesday,Night,Light,Front to side collision,0.0,0.0,2.0,0.0,0.0,2.0,0.0,2.0,2.0,2.0,Junction,Exact,,4.0,,6511.0,,,4
2008,May,Saturday,Night,Light,Pedestrian,0.0,0.0,2.0,2.0,0.0,2.0,0.0,2.0,1.0,1.0,Junction,Exact,,4.0,,75.0,,,4
2008,December,Thursday,Night,Light,Front to side collision,0.0,0.0,2.0,0.0,0.0,2.0,0.0,2.0,2.0,2.0,Junction,Exact,,4.0,,651.0,,,4
2008,January,Saturday,Night,Light,Front to side collision,0.0,0.0,4.0,0.0,0.0,4.0,0.0,4.0,2.0,2.0,Junction,Exact,,4.0,,,,,4
2008,November,Monday,Day,Light,Front to side collision,0.0,0.0,1.0,0.0,0.0,1.0,0.0,1.0,2.0,2.0,Junction,Exact,,4.0,,,,,4
2008,February,Tuesday,Night,Light,Front to side collision,0.0,0.0,1.0,0.0,0.0,1.0,0.0,1.0,2.0,2.0,Junction,Exact,,4.0,,,,,4
2008,June,Thursday,Day,Severe,Front to side collision,0.0,1.0,1.0,0.0,0.0,2.0,0.0,2.0,2.0,2.0,Junction,Exact,,4.0,,,,,4
2008,September,Friday,Night,Light,Front to side collision,0.0,0.0,7.0,0.0,5.0,2.0,0.0,7.0,4.0,4.0,Junction,Exact,,4.0,,57.0,,,4
2008,July,Wednesday,Day,Light,Front to side collision,0.0,0.0,2.0,0.0,0.0,2.0,0.0,2.0,2.0,2.0,Junction,Exact,,4.0,,79.0,,,4
2008,July,Sunday,Day,Light,Front to rear collision,0.0,0.0,8.0,0.0,2.0,6.0,0.0,8.0,3.0,3.0,Junction,Exact,,4.0,,,,,4
2008,April,Wednesday,Day,Light,Front to side collision,0.0,0.0,2.0,0.0,0.0,2.0,0.0,2.0,2.0,2.0,Junction,Exact,,4.0,,6511.0,,,4
2008,October,Wednesday,Day,Light,Other,0.0,0.0,2.0,0.0,0.0,2.0,0.0,2.0,3.0,3.0,Junction,Exact,,4.0,,5613.0,,,4
2008,October,Friday,Day,Light,Front to side collision,0.0,0.0,1.0,0.0,0.0,1.0,0.0,1.0,3.0,3.0,Junction,Exact,,4.0,,,,,4
2008,August,Monday,Day,Light,Front to side collision,0.0,0.0,2.0,0.0,0.0,2.0,0.0,2.0,3.0,3.0,Junction,Exact,,4.0,,651.0,,,4
2008,October,Monday,Day,Light,Front to rear collision,0.0,0.0,2.0,0.0,0.0,2.0,0.0,2.0,2.0,2.0,Junction,Exact,,4.0,,67.0,,,4
2008,March,Tuesday,Day,Light,Front to side collision,0.0,0.0,3.0,0.0,1.0,2.0,0.0,3.0,2.0,2.0,Junction,Exact,,4.0,,,,,4
2008,March,Sunday,Day,Light,Front to side collision,0.0,0.0,1.0,0.0,0.0,1.0,0.0,1.0,2.0,2.0,Junction,Exact,,4.0,,89.0,,,4
2008,December,Wednesday,Day,Light,Front to side collision,0.0,0.0,1.0,0.0,0.0,1.0,0.0,1.0,2.0,2.0,Junction,Exact,,4.0,,,,,4
2008,July,Wednesday,Day,Severe,Pedestrian,0.0,1.0,0.0,1.0,0.0,0.0,1.0,1.0,1.0,1.0,Junction,Exact,,4.0,,653.0,,,4
2008,July,Tuesday,Day,Light,Front to side collision,0.0,0.0,2.0,0.0,1.0,1.0,0.0,2.0,2.0,2.0,Junction,Exact,,4.0,,8611.0,,,4
2008,November,Sunday,Day,Light,Front end collision,0.0,0.0,2.0,0.0,0.0,2.0,0.0,2.0,2.0,2.0,Junction,Exact,,4.0,,721.0,,,4
2008,October,Thursday,Day,Light,Front end collision,0.0,0.0,2.0,0.0,0.0,2.0,0.0,2.0,2.0,2.0,Junction,Exact,,4.0,,6531.0,,,4
2008,April,Thursday,Day,Light,Front to side collision,0.0,0.0,1.0,0.0,0.0,1.0,0.0,1.0,2.0,2.0,Junction,Exact,,4.0,,771.0,,,4
2008,February,Thursday,Day,Light,Front to side collision,0.0,0.0,3.0,0.0,0.0,2.0,1.0,3.0,3.0,3.0,Junction,Exact,,4.0,,65.0,,,4
2008,December,Sunday,Day,Light,Front to side collision,0.0,0.0,1.0,0.0,0.0,1.0,0.0,1.0,2.0,2.0,Junction,Exact,,4.0,,8510.0,,,4
2008,January,Monday,Day,Light,Front to side collision,0.0,0.0,1.0,0.0,0.0,1.0,0.0,1.0,2.0,2.0,Junction,Exact,,4.0,,,,,4
2008,April,Thursday,Day,Light,Front to side collision,0.0,0.0,1.0,0.0,0.0,1.0,0.0,1.0,2.0,2.0,Junction,Exact,,4.0,,,,,4
2008,November,Friday,Day,Light,Front to side collision,0.0,0.0,2.0,0.0,0.0,0.0,2.0,2.0,2.0,2.0,Junction,Exact,,4.0,,,,,4
2008,January,Thursday,Day,Light,Front to side collision,0.0,0.0,1.0,0.0,0.0,1.0,0.0,1.0,2.0,2.0,Junction,Exact,,4.0,,5711.0,,,4
2008,September,Thursday,Day,Severe,Front to side collision,0.0,2.0,1.0,0.0,1.0,2.0,0.0,3.0,2.0,2.0,Junction,Exact,,4.0,,,,,4
2008,June,Saturday,Day,Light,Front to side collision,0.0,0.0,5.0,0.0,2.0,3.0,0.0,5.0,2.0,2.0,Junction,Exact,,4.0,,65.0,,,4
2008,December,Wednesday,Day,Light,Front to side collision,0.0,0.0,1.0,0.0,0.0,1.0,0.0,1.0,2.0,2.0,Junction,Exact,,4.0,,,,,4
2008,October,Wednesday,Day,Light,Front to side collision,0.0,0.0,3.0,0.0,1.0,2.0,0.0,3.0,2.0,2.0,Junction,Exact,,4.0,,,,,4
2008,September,Tuesday,Day,Light,Front to side collision,0.0,0.0,2.0,0.0,0.0,2.0,0.0,2.0,2.0,2.0,Junction,Exact,,4.0,,,,,4
2008,January,Friday,Day,Light,Front to side collision,0.0,0.0,3.0,0.0,0.0,3.0,0.0,3.0,2.0,2.0,Junction,Exact,,4.0,,721.0,,,4
2008,February,Thursday,Day,Light,Front to side collision,0.0,0.0,1.0,0.0,0.0,1.0,0.0,1.0,2.0,2.0,Junction,Exact,,4.0,,,,,4
2008,May,Friday,Day,Light,Front to side collision,0.0,0.0,2.0,0.0,0.0,2.0,0.0,2.0,2.0,2.0,Junction,Exact,,4.0,,721.0,,,4
2008,April,Saturday,Day,Severe,Pedestrian,0.0,1.0,0.0,1.0,0.0,1.0,0.0,1.0,1.0,1.0,Junction,Exact,,4.0,,,,,4
2008,September,Tuesday,Day,Light,Front to rear collision,0.0,0.0,7.0,0.0,1.0,4.0,2.0,7.0,2.0,2.0,Junction,Exact,,4.0,,,,,4
2008,May,Monday,Day,Light,Pedestrian,0.0,0.0,1.0,1.0,0.0,1.0,0.0,1.0,1.0,1.0,Junction,Exact,,4.0,,5711.0,,,4
2008,January,Thursday,Day,Light,Front to side collision,0.0,0.0,4.0,0.0,0.0,2.0,2.0,4.0,2.0,2.0,Junction,Exact,,4.0,,5613.0,,,4
2008,June,Monday,Day,Light,Front to side collision,0.0,0.0,5.0,0.0,0.0,5.0,0.0,5.0,3.0,3.0,Junction,Exact,,4.0,,75.0,,,4
2008,June,Sunday,Day,Light,Roll over,0.0,0.0,1.0,0.0,0.0,1.0,0.0,1.0,3.0,3.0,Junction,Exact,,4.0,,,,,4
2008,January,Thursday,Day,Light,Front to side collision,0.0,0.0,1.0,0.0,0.0,1.0,0.0,1.0,2.0,2.0,Junction,Exact,,4.0,,,,,4
2008,July,Sunday,Day,Light,Side to side collision,0.0,0.0,5.0,0.0,2.0,3.0,0.0,5.0,2.0,2.0,Junction,Exact,,4.0,,,,,4
2008,January,Wednesday,Day,Light,Front to side collision,0.0,0.0,2.0,0.0,0.0,2.0,0.0,2.0,2.0,2.0,Junction,Exact,,4.0,,,,,4
2008,October,Monday,Day,Light,Front to rear collision,0.0,0.0,1.0,0.0,0.0,1.0,0.0,1.0,2.0,2.0,Junction,Exact,,4.0,,65.0,,,4
2008,January,Thursday,Day,Light,Front to rear collision,0.0,0.0,1.0,0.0,0.0,1.0,0.0,1.0,2.0,2.0,Junction,Exact,,4.0,,721.0,,,4
2008,January,Sunday,Day,Light,Front to side collision,0.0,0.0,3.0,0.0,0.0,3.0,0.0,3.0,3.0,3.0,Junction,Exact,,4.0,,8611.0,,,4
2008,August,Monday,Day,Light,Front to side collision,0.0,0.0,1.0,0.0,0.0,1.0,0.0,1.0,2.0,2.0,Junction,Exact,,4.0,,,,,4
2008,October,Friday,Day,Light,Front to side collision,0.0,0.0,3.0,0.0,2.0,1.0,0.0,3.0,2.0,2.0,Junction,Exact,,4.0,,5720.0,,,4
2008,January,Thursday,Day,Light,Front to side collision,0.0,0.0,3.0,0.0,1.0,2.0,0.0,3.0,2.0,2.0,Junction,Exact,,4.0,,5720.0,,,4
2008,November,Saturday,Day,Light,Front to rear collision,0.0,0.0,3.0,0.0,1.0,2.0,0.0,3.0,2.0,2.0,Junction,Exact,,4.0,,65.0,,,4
2008,September,Saturday,Day,Light,Hit an object,0.0,0.0,4.0,0.0,1.0,3.0,0.0,4.0,1.0,1.0,Junction,Exact,,4.0,,5720.0,,,4
2008,October,Thursday,Day,Light,Front to side collision,0.0,0.0,2.0,0.0,0.0,2.0,0.0,2.0,2.0,2.0,Junction,Exact,,4.0,,5720.0,,,4
2008,December,Tuesday,Day,Fatal,Front to side collision,1.0,0.0,1.0,0.0,0.0,2.0,0.0,2.0,2.0,2.0,Junction,Exact,,4.0,,85.0,,,4
2008,March,Sunday,Day,Light,Front to rear collision,0.0,0.0,1.0,0.0,0.0,1.0,0.0,1.0,2.0,2.0,Junction,Exact,,4.0,,85.0,,,4
2008,December,Thursday,Day,Light,Front to side collision,0.0,0.0,2.0,0.0,0.0,2.0,0.0,2.0,2.0,2.0,Junction,Exact,,4.0,,581.0,,,4