year,month,day_of_week,day_night,accident_severity,accident_type,killed,severly_injured,lightly_injured,injured_pedestrians,casualties_ages_0-19,casualties_ages_20-64,casualties_ages_65_plus,total_casualties,vehicle_count,drivers,road_type,localization_quality,settlement,road1,location,road2,road3,road4,source_road
2008,April,Monday,Day,Severe,Pedestrian,0.0,1.0,0.0,1.0,0.0,1.0,0.0,1.0,1.0,1.0,Junction,Exact,,4.0,,8510.0,,,4
2008,January,Tuesday,Day,Light,Front to side collision,0.0,0.0,3.0,0.0,0.0,3.0,0.0,3.0,2.0,2.0,Junction,Exact,,4.0,,85.0,,,4
2008,March,Tuesday,Day,Light,Front to rear collision,0.0,0.0,2.0,0.0,0.0,2.0,0.0,2.0,2.0,2.0,Junction,Exact,,4.0,,75.0,,,4
2008,March,Monday,Day,Light,Hit an object,0.0,0.0,1.0,0.0,0.0,1.0,0.0,1.0,1.0,1.0,Junction,Exact,,4.0,,653.0,,,4
2008,July,Tuesday,Day,Light,Front to side collision,0.0,0.0,2.0,0.0,0.0,2.0,0.0,2.0,2.0,2.0,Junction,Exact,,4.0,,67.0,,,4
2008,November,Saturday,Day,Light,Hit an object,0.0,0.0,3.0,0.0,0.0,3.0,0.0,3.0,1.0,1.0,Junction,Exact,,4.0,,651.0,,,4
2008,October,Monday,Day,Severe,Front to side collision,0.0,1.0,0.0,0.0,0.0,1.0,0.0,1.0,2.0,2.0,Junction,Exact,,4.0,,,,,4
2008,December,Monday,Day,Light,Front to side collision,0.0,0.0,3.0,0.0,0.0,3.0,0.0,3.0,2.0,2.0,Junction,Exact,,4.0,,67.0,,,4
2008,January,Thursday,Day,Light,Front to side collision,0.0,0.0,2.0,0.0,0.0,2.0,0.0,2.0,2.0,2.0,Junction,Exact,,4.0,,,,,4
2008,December,Thursday,Day,Light,Front to side collision,0.0,0.0,3.0,0.0,0.0,3.0,0.0,3.0,2.0,2.0,Junction,Exact,,4.0,,721.0,,,4
2008,December,Wednesday,Day,Light,Front to side collision,0.0,0.0,6.0,0.0,1.0,5.0,0.0,6.0,2.0,2.0,Junction,Exact,,4.0,,67.0,,,4
2008,July,Friday,Day,Light,Front to side collision,0.0,0.0,1.0,0.0,0.0,1.0,0.0,1.0,2.0,2.0,Junction,Exact,,4.0,,721.0,,,4
2008,April,Tuesday,Day,Light,Front to side collision,0.0,0.0,1.0,0.0,0.0,1.0,0.0,1.0,2.0,2.0,Junction,Exact,,4.0,,79.0,,,4
2008,February,Monday,Day,Light,Front to side collision,0.0,0.0,1.0,0.0,0.0,1.0,0.0,1.0,2.0,2.0,Junction,Exact,,4.0,,,,,4
2008,January,Thursday,Day,Light,Front end collision,0.0,0.0,2.0,0.0,0.0,2.0,0.0,2.0,2.0,2.0,Junction,Exact,,4.0,,899.0,,,4
2008,November,Saturday,Day,Light,Front to side collision,0.0,0.0,4.0,0.0,0.0,2.0,2.0,4.0,2.0,2.0,Junction,Exact,,4.0,,8611.0,,,4
2008,February,Friday,Day,Light,Front to side collision,0.0,0.0,3.0,0.0,0.0,3.0,0.0,3.0,2.0,2.0,Junction,Exact,,4.0,,721.0,,,4
2008,June,Friday,Day,Light,Front to side collision,0.0,0.0,1.0,0.0,0.0,1.0,0.0,1.0,2.0,2.0,Junction,Exact,,4.0,,65.0,,,4
2008,May,Saturday,Day,Severe,Front to side collision,0.0,2.0,4.0,0.0,0.0,5.0,1.0,6.0,3.0,3.0,Junction,Exact,,4.0,,651.0,,,4
2008,September,Wednesday,Day,Light,Front to side collision,0.0,0.0,3.0,0.0,1.0,2.0,0.0,3.0,2.0,2.0,Junction,Exact,,4.0,,,,,4
2008,September,Sunday,Day,Light,Front to side collision,0.0,0.0,3.0,0.0,0.0,3.0,0.0,3.0,2.0,2.0,Junction,Exact,,4.0,,,,,4
2008,February,Tuesday,Day,Light,Front to side collision,0.0,0.0,3.0,0.0,0.0,3.0,0.0,3.0,2.0,2.0,Junction,Exact,,4.0,,7021.0,,,4
2008,February,Tuesday,Day,Light,Front to side collision,0.0,0.0,6.0,0.0,0.0,6.0,0.0,6.0,2.0,2.0,Junction,Exact,,4.0,,6531.0,,,4
2008,December,Sunday,Night,Light,Front to side collision,0.0,0.0,2.0,0.0,0.0,2.0,0.0,2.0,2.0,2.0,Junction,Exact,,4.0,,,,,4
2008,December,Wednesday,Night,Light,Front to rear collision,0.0,0.0,4.0,0.0,1.0,3.0,0.0,4.0,2.0,2.0,Junction,Exact,,4.0,,653.0,,,4
2008,January,Thursday,Night,Light,Front to side collision,0.0,0.0,2.0,0.0,0.0,2.0,0.0,2.0,2.0,2.0,Junction,Exact,,4.0,,,,,4
2008,November,Saturday,Night,Light,Front to rear collision,0.0,0.0,1.0,0.0,0.0,1.0,0.0,1.0,2.0,2.0,Junction,Exact,,4.0,,899.0,,,4
2008,November,Tuesday,Night,Light,Front to side collision,0.0,0.0,2.0,0.0,0.0,2.0,0.0,2.0,2.0,2.0,Junction,Exact,,4.0,,22.0,,,4
2008,June,Monday,Day,Light,Front to side collision,0.0,0.0,1.0,0.0,0.0,1.0,0.0,1.0,2.0,2.0,Junction,Exact,,4.0,,6531.0,,,4
2008,July,Saturday,Day,Light,Front to rear collision,0.0,0.0,5.0,0.0,1.0,4.0,0.0,5.0,2.0,2.0,Junction,Exact,,4.0,,,,,4
2008,September,Sunday,Day,Light,Front to rear collision,0.0,0.0,2.0,0.0,0.0,1.0,1.0,2.0,2.0,2.0,Junction,Exact,,4.0,,8611.0,,,4
2008,March,Saturday,Day,Light,Hit an object,0.0,0.0,5.0,0.0,2.0,3.0,0.0,5.0,1.0,1.0,Junction,Exact,,4.0,,65.0,,,4
2008,August,Sunday,Day,Light,Hit an object,0.0,0.0,1.0,0.0,0.0,1.0,0.0,1.0,1.0,1.0,Junction,Exact,,2.0,,4.0,23.0,,4
2008,February,Monday,Night,Light,Front to rear collision,0.0,0.0,4.0,0.0,1.0,3.0,0.0,4.0,3.0,3.0,Junction,Exact,,4.0,,,,,4
2008,March,Wednesday,Night,Severe,Front to side collision,0.0,1.0,1.0,0.0,0.0,2.0,0.0,2.0,2.0,2.0,Junction,Exact,,4.0,,7021.0,,,4
2008,August,Sunday,Day,Light,Side to side collision,0.0,0.0,1.0,0.0,0.0,1.0,0.0,1.0,2.0,2.0,Junction,Exact,,4.0,,65.0,,,4
2008,January,Sunday,Night,Light,Front to side collision,0.0,0.0,2.0,0.0,0.0,2.0,0.0,2.0,2.0,2.0,Junction,Exact,,4.0,,721.0,,,4
2008,January,Tuesday,Night,Fatal,Pedestrian,1.0,0.0,0.0,1.0,0.0,1.0,0.0,1.0,1.0,1.0,Junction,Exact,,4.0,,,,,4
2008,August,Saturday,Day,Light,Front to side collision,0.0,0.0,4.0,0.0,0.0,4.0,0.0,4.0,2.0,2.0,Junction,Exact,,4.0,,,,,4
2008,September,Sunday,Night,Light,Front to side collision,0.0,0.0,3.0,0.0,1.0,2.0,0.0,3.0,3.0,3.0,Junction,Exact,,4.0,,6511.0,,,4
2008,December,Monday,Night,Fatal,Front to side collision,1.0,0.0,2.0,0.0,0.0,3.0,0.0,3.0,2.0,2.0,Junction,Exact,,4.0,,,,,4
2008,May,Tuesday,Night,Severe,Front to side collision,0.0,1.0,0.0,0.0,0.0,1.0,0.0,1.0,2.0,2.0,Junction,Exact,,4.0,,,,,4
2008,July,Thursday,Night,Severe,Pedestrian,0.0,1.0,1.0,1.0,1.0,1.0,0.0,2.0,1.0,1.0,Junction,Exact,,4.0,,75.0,,,4
2008,May,Saturday,Night,Light,Front to side collision,0.0,0.0,2.0,0.0,0.0,2.0,0.0,2.0,2.0,2.0,Junction,Exact,,4.0,,5720.0,,,4
2008,August,Sunday,Night,Light,Front to side collision,0.0,0.0,1.0,0.0,0.0,1.0,0.0,1.0,2.0,2.0,Junction,Exact,,4.0,,653.0,,,4
2008,March,Tuesday,Night,Light,Front to side collision,0.0,0.0,9.0,0.0,3.0,6.0,0.0,9.0,5.0,5.0,Junction,Exact,,4.0,,,,,4
2008,May,Tuesday,Night,Light,Front to side collision,0.0,0.0,2.0,0.0,0.0,2.0,0.0,2.0,2.0,2.0,Junction,Exact,,4.0,,,,,4
2008,March,Sunday,Night,Light,Front to rear collision,0.0,0.0,2.0,0.0,0.0,2.0,0.0,2.0,4.0,4.0,Junction,Exact,,4.0,,,,,4
2008,January,Wednesday,Night,Light,Front to side collision,0.0,0.0,2.0,0.0,0.0,2.0,0.0,2.0,2.0,2.0,Junction,Exact,,4.0,,5701.0,,,4
2008,August,Wednesday,Night,Light,Front to side collision,0.0,0.0,2.0,0.0,0.0,2.0,0.0,2.0,2.0,2.0,Junction,Exact,,4.0,,,,,4
2008,November,Sunday,Night,Light,Front to side collision,0.0,0.0,1.0,0.0,0.0,1.0,0.0,1.0,2.0,2.0,Junction,Exact,,4.0,,57.0,,,4
2008,January,Monday,Night,Light,Front to side collision,0.0,0.0,1.0,0.0,0.0,1.0,0.0,1.0,2.0,2.0,Junction,Exact,,4.0,,899.0,,,4
2008,September,Sunday,Night,Light,Front to side collision,0.0,0.0,2.0,0.0,0.0,2.0,0.0,2.0,2.0,2.0,Junction,Exact,,4.0,,,,,4
2008,March,Tuesday,Night,Light,Front to side collision,0.0,0.0,3.0,0.0,1.0,2.0,0.0,3.0,4.0,4.0,Junction,Exact,,4.0,,,,,4
2008,July,Sunday,Night,Light,Front to side collision,0.0,0.0,5.0,0.0,0.0,5.0,0.0,5.0,2.0,2.0,Junction,Exact,,4.0,,8510.0,,,4
2008,July,Thursday,Night,Severe,Front to side collision,0.0,1.0,0.0,0.0,0.0,1.0,0.0,1.0,2.0,2.0,Junction,Exact,,4.0,,,,,4
2008,June,Tuesday,Night,Light,Front to side collision,0.0,0.0,3.0,0.0,0.0,2.0,1.0,3.0,2.0,2.0,Junction,Exact,,4.0,,,,,4
2008,July,Tuesday,Night,Light,Front to side collision,0.0,0.0,3.0,0.0,0.0,3.0,0.0,3.0,2.0,2.0,Junction,Exact,,4.0,,8510.0,,,4
2008,October,Tuesday,Night,Light,Front to side collision,0.0,0.0,2.0,0.0,1.0,1.0,0.0,2.0,2.0,2.0,Junction,Exact,,4.0,,653.0,,,4
2008,August,Sunday,Night,Light,Front to side collision,0.0,0.0,3.0,0.0,0.0,3.0,0.0,3.0,2.0,2.0,Junction,Exact,,4.0,,85.0,,,4
2008,February,Saturday,Night,Light,Front to side collision,0.0,0.0,4.0,0.0,2.0,2.0,0.0,4.0,2.0,2.0,Junction,Exact,,4.0,,5700.0,,,4
2008,November,Sunday,Night,Light,Front to side collision,0.0,0.0,2.0,0.0,0.0,2.0,0.0,2.0,2.0,2.0,Junction,Exact,,4.0,,,,,4
2008,January,Saturday,Night,Light,Front to rear collision,0.0,0.0,3.0,0.0,0.0,3.0,0.0,3.0,2.0,2.0,Junction,Exact,,4.0,,,,,4
2008,August,Friday,Night,Light,Front to side collision,0.0,0.0,2.0,0.0,0.0,2.0,0.0,2.0,2.0,2.0,Junction,Exact,,4.0,,8510.0,,,4
2008,December,Friday,Night,Light,Front to side collision,0.0,0.0,3.0,0.0,0.0,3.0,0.0,3.0,2.0,2.0,Junction,Exact,,4.0,,651.0,,,4
2008,August,Wednesday,Night,Light,Front end collision,0.0,0.0,3.0,0.0,0.0,2.0,1.0,3.0,2.0,2.0,Junction,Exact,,4.0,,,,,4
2008,June,Friday,Night,Light,Front to side collision,0.0,0.0,4.0,0.0,1.0,3.0,0.0,4.0,2.0,2.0,Junction,Exact,,4.0,,771.0,,,4
2008,October,Sunday,Night,Light,Front to side collision,0.0,0.0,2.0,0.0,0.0,2.0,0.0,2.0,2.0,2.0,Junction,Exact,,4.0,,8510.0,,,4
2008,December,Sunday,Night,Light,Front to side collision,0.0,0.0,1.0,0.0,0.0,1.0,0.0,1.0,2.0,2.0,Junction,Exact,,4.0,,65.0,,,4
2008,June,Friday,Night,Light,Front end collision,0.0,0.0,1.0,0.0,0.0,1.0,0.0,1.0,2.0,2.0,Not junction,Exact,,4.0,174.0,,,,4
2008,October,Friday,Night,Light,Drive off road or on paveway,0.0,0.0,2.0,0.0,2.0,0.0,0.0,2.0,1.0,1.0,Not junction,Exact,,4.0,239.3,,,,4
2008,May,Friday,Night,Fatal,Pedestrian,1.0,0.0,0.0,1.0,0.0,1.0,0.0,1.0,2.0,2.0,Not junction,Exact,,4.0,232.1,,,,4
2008,October,Tuesday,Night,Light,Front to rear collision,0.0,0.0,3.0,0.0,3.0,0.0,0.0,3.0,2.0,2.0,Not junction,Exact,,4.0,180.1,,,,4
2008,March,Wednesday,Night,Light,Hit an object,0.0,0.0,1.0,0.0,0.0,1.0,0.0,1.0,1.0,1.0,Not junction,Exact,,4.0,177.3,,,,4
2008,January,Saturday,Night,Light,Slip,0.0,0.0,1.0,0.0,0.0,1.0,0.0,1.0,1.0,1.0,Not junction,Exact,,4.0,179.2,,,,4
2008,December,Tuesday,Night,Severe,Pedestrian,0.0,1.0,0.0,1.0,0.0,1.0,0.0,1.0,1.0,1.0,Not junction,Centered,,4.0,219.0,,,,4
2008,June,Monday,Night,Light,Front to side collision,0.0,0.0,3.0,0.0,2.0,1.0,0.0,3.0,2.0,2.0,Not junction,Exact,,4.0,174.2,,,,4
2008,September,Tuesday,Night,Light,Front to side collision,0.0,0.0,6.0,0.0,1.0,5.0,0.0,6.0,2.0,2.0,Not junction,Centered,,4.0,237.0,,,,4
2008,October,Saturday,Night,Light,Front to side collision,0.0,0.0,2.0,0.0,0.0,2.0,0.0,2.0,2.0,2.0,Not junction,Exact,,4.0,221.1,,,,4
2008,July,Thursday,Night,Light,Hit an object,0.0,0.0,5.0,0.0,0.0,5.0,0.0,5.0,1.0,1.0,Not junction,Exact,,4.0,224.5,,,,4
2008,November,Saturday,Night,Severe,Roll over,0.0,1.0,0.0,0.0,0.0,1.0,0.0,1.0,1.0,1.0,Not junction,Exact,,4.0,192.0,,,,4
2008,April,Saturday,Night,Severe,Roll over,0.0,3.0,3.0,0.0,1.0,5.0,0.0,6.0,1.0,1.0,Not junction,Exact,,4.0,224.6,,,,4
2008,October,Wednesday,Night,Light,Hit an object,0.0,0.0,1.0,0.0,1.0,0.0,0.0,1.0,1.0,1.0,Not junction,Exact,,4.0,175.5,,,,4
2008,March,Wednesday,Night,Light,Hit an object,0.0,0.0,1.0,0.0,0.0,1.0,0.0,1.0,1.0,1.0,Not junction,Exact,,4.0,191.1,,,,4
2008,October,Friday,Night,Severe,Front to side collision,0.0,1.0,0.0,0.0,0.0,1.0,0.0,1.0,2.0,2.0,Not junction,Centered,,4.0,221.0,,,,4
2008,January,Sunday,Night,Severe,Front to rear collision,0.0,1.0,11.0,0.0,2.0,10.0,0.0,12.0,2.0,2.0,Not junction,Exact,,4.0,168.1,,,,4
2008,September,Saturday,Night,Light,Front to rear collision,0.0,0.0,2.0,0.0,0.0,2.0,0.0,2.0,2.0,2.0,Not junction,Exact,,4.0,158.1,,,,4
2008,July,Saturday,Day,Light,Front to side collision,0.0,0.0,1.0,0.0,0.0,1.0,0.0,1.0,2.0,2.0,Not junction,Exact,,4.0,247.1,,,,4
2008,February,Thursday,Night,Light,Front to rear collision,0.0,0.0,1.0,0.0,0.0,1.0,0.0,1.0,2.0,2.0,Not junction,Exact,,4.0,243.4,,,,4
2008,July,Friday,Day,Light,Front to rear collision,0.0,0.0,4.0,0.0,1.0,3.0,0.0,4.0,2.0,2.0,Not junction,Exact,,4.0,181.5,,,,4
2008,February,Wednesday,Night,Severe,Front to rear collision,0.0,1.0,2.0,0.0,0.0,3.0,0.0,3.0,3.0,3.0,Not junction,Exact,,4.0,235.5,,,,4
2008,June,Thursday,Day,Light,Front to rear collision,0.0,0.0,7.0,0.0,0.0,7.0,0.0,7.0,2.0,2.0,Not junction,Exact,,4.0,226.1,,,,4
2008,January,Thursday,Day,Light,Front to side collision,0.0,0.0,4.0,0.0,0.0,4.0,0.0,4.0,2.0,2.0,Not junction,Exact,,4.0,243.7,,,,4
2008,October,Sunday,Day,Light,Side to side collision,0.0,0.0,12.0,0.0,2.0,10.0,0.0,12.0,3.0,3.0,Not junction,Exact,,4.0,149.2,,,,4
2008,October,Friday,Day,Light,Front to side collision,0.0,0.0,2.0,0.0,0.0,2.0,0.0,2.0,2.0,2.0,Not junction,Exact,,4.0,192.6,,,,4
2008,April,Wednesday,Day,Light,Pedestrian,0.0,0.0,1.0,1.0,0.0,1.0,0.0,1.0,1.0,1.0,Not junction,Exact,,4.0,146.5,,,,4
2008,March,Sunday,Day,Severe,Front to side collision,0.0,1.0,1.0,0.0,0.0,1.0,1.0,2.0,2.0,2.0,Not junction,Exact,,4.0,176.1,,,,4
2008,April,Wednesday,Day,Light,Side to side collision,0.0,0.0,2.0,0.0,0.0,2.0,0.0,2.0,2.0,2.0,Not junction,Exact,,4.0,143.1,,,,4
2008,August,Saturday,Day,Fatal,Front to rear collision,1.0,0.0,0.0,0.0,0.0,1.0,0.0,1.0,2.0,2.0,Not junction,Exact,,4.0,148.5,,,,4
2008,April,Thursday,Day,Light,Front to side collision,0.0,0.0,2.0,0.0,0.0,2.0,0.0,2.0,2.0,2.0,Not junction,Exact,,4.0,141.1,,,,4
2008,April,Monday,Day,Light,Front to rear collision,0.0,0.0,3.0,0.0,1.0,2.0,0.0,3.0,2.0,2.0,Not junction,Exact,,4.0,170.7,,,,4
2008,March,Wednesday,Day,Light,Roll over,0.0,0.0,1.0,0.0,0.0,0.0,1.0,1.0,1.0,1.0,Not junction,Exact,,4.0,180.4,,,,4
2008,September,Friday,Day,Light,Front to rear collision,0.0,0.0,2.0,0.0,0.0,2.0,0.0,2.0,2.0,2.0,Not junction,Exact,,4.0,237.6,,,,4
2008,April,Monday,Day,Light,Front to rear collision,0.0,0.0,3.0,0.0,0.0,3.0,0.0,3.0,3.0,3.0,Not junction,Exact,,4.0,173.4,,,,4
2008,June,Sunday,Day,Light,Front to rear collision,0.0,0.0,4.0,0.0,0.0,4.0,0.0,4.0,2.0,2.0,Not junction,Exact,,4.0,160.1,,,,4
2008,February,Thursday,Day,Severe,Pedestrian,0.0,1.0,1.0,1.0,0.0,2.0,0.0,2.0,1.0,1.0,Not junction,Exact,,4.0,238.1,,,,4
2008,June,Sunday,Day,Light,Side to side collision,0.0,0.0,1.0,0.0,0.0,1.0,0.0,1.0,3.0,3.0,Not junction,Centered,,4.0,219.0,,,,4
2008,July,Sunday,Day,Light,Front end collision,0.0,0.0,4.0,0.0,0.0,4.0,0.0,4.0,3.0,3.0,Not junction,Exact,,4.0,172.6,,,,4
2008,March,Friday,Day,Severe,Front end collision,0.0,1.0,5.0,0.0,2.0,3.0,1.0,6.0,2.0,2.0,Not junction,Exact,,4.0,171.5,,,,4
2008,May,Thursday,Day,Fatal,Pedestrian,1.0,0.0,1.0,1.0,0.0,1.0,1.0,2.0,1.0,1.0,Not junction,Centered,,4.0,220.0,,,,4
2008,January,Friday,Day,Light,Front to rear collision,0.0,0.0,6.0,0.0,1.0,4.0,1.0,6.0,4.0,4.0,Not junction,Exact,,4.0,238.0,,,,4
2008,October,Sunday,Day,Light,Front to rear collision,0.0,0.0,8.0,0.0,1.0,6.0,1.0,8.0,2.0,2.0,Not junction,Exact,,4.0,237.5,,,,4
2008,January,Sunday,Day,Light,Front to rear collision,0.0,0.0,4.0,0.0,3.0,1.0,0.0,4.0,2.0,2.0,Not junction,Exact,,4.0,156.1,,,,4
2008,October,Monday,Day,Light,Front to rear collision,0.0,0.0,6.0,0.0,0.0,5.0,0.0,6.0,4.0,4.0,Not junction,Exact,,4.0,238.1,,,,4
2008,October,Tuesday,Day,Severe,Front to side collision,0.0,2.0,0.0,0.0,0.0,2.0,0.0,2.0,2.0,2.0,Not junction,Exact,,4.0,246.3,,,,4
2008,October,Thursday,Day,Severe,Front to side collision,0.0,1.0,5.0,0.0,3.0,3.0,0.0,6.0,2.0,2.0,Not junction,Exact,,4.0,185.7,,,,4
2008,March,Sunday,Day,Light,Front to rear collision,0.0,0.0,4.0,1.0,0.0,3.0,1.0,4.0,4.0,4.0,Not junction,Centered,,4.0,220.0,,,,4
2008,October,Thursday,Day,Light,Front end collision,0.0,0.0,1.0,0.0,0.0,1.0,0.0,1.0,3.0,3.0,Not junction,Exact,,4.0,173.4,,,,4
2008,August,Friday,Day,Light,Pedestrian,0.0,0.0,1.0,1.0,0.0,1.0,0.0,1.0,1.0,1.0,Not junction,Centered,,4.0,220.0,,,,4
2008,March,Friday,Day,Light,Front to rear collision,0.0,0.0,12.0,0.0,4.0,8.0,0.0,12.0,3.0,3.0,Not junction,Exact,,4.0,237.1,,,,4
2008,March,Thursday,Day,Light,Front to rear collision,0.0,0.0,4.0,0.0,2.0,2.0,0.0,4.0,4.0,4.0,Not junction,Exact,,4.0,171.1,,,,4
2008,March,Sunday,Day,Light,Hit an object,0.0,0.0,1.0,0.0,0.0,1.0,0.0,1.0,1.0,1.0,Not junction,Exact,,4.0,173.1,,,,4
2008,October,Sunday,Day,Light,Front to side collision,0.0,0.0,3.0,0.0,0.0,3.0,0.0,3.0,3.0,3.0,Not junction,Exact,,4.0,173.0,,,,4
2008,October,Friday,Day,Light,Front to rear collision,0.0,0.0,1.0,0.0,0.0,1.0,0.0,1.0,2.0,2.0,Not junction,Exact,,4.0,145.0,,,,4
2008,July,Saturday,Day,Light,Front to rear collision,0.0,0.0,9.0,0.0,4.0,5.0,0.0,9.0,2.0,2.0,Not junction,Exact,,4.0,236.1,,,,4
2008,March,Saturday,Day,Light,Hit an object,0.0,0.0,1.0,0.0,0.0,1.0,0.0,1.0,1.0,1.0,Not junction,Exact,,4.0,157.0,,,,4
2008,May,Wednesday,Day,Light,Side to side collision,0.0,0.0,1.0,0.0,0.0,1.0,0.0,1.0,2.0,2.0,Not junction,Exact,,4.0,237.4,,,,4
2008,October,Thursday,Day,Severe,Roll over,0.0,1.0,0.0,0.0,0.0,0.0,1.0,1.0,1.0,1.0,Not junction,Exact,,4.0,183.1,,,,4
2008,January,Monday,Day,Severe,Front to side collision,0.0,1.0,0.0,0.0,0.0,1.0,0.0,1.0,2.0,2.0,Not junction,Exact,,4.0,178.1,,,,4
2008,September,Monday,Day,Light,Front to side collision,0.0,0.0,2.0,0.0,0.0,2.0,0.0,2.0,2.0,2.0,Not junction,Exact,,4.0,174.1,,,,4
2008,August,Saturday,Day,Light,Front to side collision,0.0,0.0,1.0,0.0,1.0,0.0,0.0,1.0,3.0,3.0,Not junction,Exact,,4.0,157.3,,,,4
2008,March,Saturday,Day,Light,Front to side collision,0.0,0.0,2.0,0.0,0.0,2.0,0.0,2.0,3.0,3.0,Not junction,Exact,,4.0,223.0,,,,4
2008,February,Monday,Day,Light,Front to rear collision,0.0,0.0,4.0,0.0,0.0,4.0,0.0,4.0,3.0,3.0,Not junction,Exact,,4.0,168.1,,,,4
2008,April,Tuesday,Day,Light,Front to rear collision,0.0,0.0,4.0,0.0,2.0,2.0,0.0,4.0,2.0,2.0,Not junction,Exact,,4.0,170.1,,,,4
2008,August,Monday,Day,Light,Front to rear collision,0.0,0.0,4.0,0.0,2.0,2.0,0.0,4.0,2.0,2.0,Not junction,Exact,,4.0,171.1,,,,4
2008,April,Monday,Day,Severe,Front to rear collision,0.0,1.0,6.0,0.0,2.0,5.0,0.0,7.0,3.0,3.0,Not junction,Exact,,4.0,170.5,,,,4
2008,January,Tuesday,Day,Light,Side to side collision,0.0,0.0,4.0,0.0,3.0,1.0,0.0,4.0,2.0,2.0,Not junction,Exact,,4.0,164.1,,,,4
2008,November,Saturday,Day,Light,Front to rear collision,0.0,0.0,3.0,0.0,0.0,3.0,0.0,3.0,4.0,4.0,Not junction,Centered,,4.0,221.0,,,,4
2008,February,Sunday,Day,Severe,Pedestrian,0.0,1.0,0.0,1.0,0.0,0.0,1.0,1.0,1.0,1.0,Not junction,Centered,,4.0,219.0,,,,4
2008,November,Tuesday,Day,Fatal,Front to side collision,1.0,0.0,0.0,0.0,0.0,0.0,0.0,1.0,2.0,2.0,Not junction,Exact,,4.0,176.5,,,,4
2008,September,Sunday,Day,Severe,Front to side collision,0.0,1.0,0.0,0.0,0.0,1.0,0.0,1.0,2.0,2.0,Not junction,Exact,,4.0,179.1,,,,4
2008,December,Monday,Day,Light,Pedestrian,0.0,0.0,1.0,1.0,0.0,0.0,1.0,1.0,1.0,1.0,Not junction,Exact,,4.0,195.2,,,,4
2008,May,Friday,Day,Light,Front to rear collision,0.0,0.0,8.0,0.0,0.0,8.0,0.0,8.0,2.0,2.0,Not junction,Exact,,4.0,169.0,,,,4
2008,December,Thursday,Day,Light,Front to rear collision,0.0,0.0,5.0,0.0,0.0,5.0,0.0,5.0,2.0,2.0,Not junction,Exact,,4.0,186.3,,,,4
2008,December,Thursday,Day,Light,Front to rear collision,0.0,0.0,5.0,0.0,0.0,4.0,1.0,5.0,4.0,4.0,Not junction,Exact,,4.0,223.6,,,,4
2008,November,Friday,Day,Light,Front to rear collision,0.0,0.0,1.0,0.0,0.0,1.0,0.0,1.0,2.0,2.0,Not junction,Exact,,4.0,171.0,,,,4
2008,March,Thursday,Day,Light,Slip,0.0,0.0,1.0,0.0,0.0,1.0,0.0,1.0,2.0,2.0,Not junction,Exact,,4.0,146.5,,,,4
2008,July,Thursday,Day,Light,Front to side collision,0.0,0.0,8.0,0.0,3.0,5.0,0.0,8.0,3.0,3.0,Not junction,Exact,,4.0,174.7,,,,4
2008,September,Tuesday,Day,Light,Front to rear collision,0.0,0.0,4.0,0.0,0.0,4.0,0.0,4.0,3.0,3.0,Not junction,Exact,,4.0,153.8,,,,4
2008,January,Wednesday,Day,Light,Side to side collision,0.0,0.0,1.0,0.0,0.0,1.0,0.0,1.0,3.0,3.0,Not junction,Exact,,4.0,179.5,,,,4
2008,January,Wednesday,Day,Light,Front to rear collision,0.0,0.0,3.0,0.0,0.0,3.0,0.0,3.0,3.0,3.0,Not junction,Exact,,4.0,176.0,,,,4
2008,February,Thursday,Day,Light,Front to rear collision,0.0,0.0,6.0,0.0,0.0,6.0,0.0,6.0,3.0,3.0,Not junction,Exact,,4.0,173.1,,,,4
2008,June,Monday,Day,Light,Side to side collision,0.0,0.0,2.0,0.0,0.0,2.0,0.0,2.0,2.0,2.0,Not junction,Exact,,4.0,165.1,,,,4
2008,December,Tuesday,Day,Light,Roll over,0.0,0.0,3.0,0.0,3.0,0.0,0.0,3.0,1.0,1.0,Not junction,Exact,,4.0,185.5,,,,4
2008,November,Wednesday,Day,Light,Side to side collision,0.0,0.0,1.0,0.0,0.0,1.0,0.0,1.0,2.0,2.0,Not junction,Exact,,4.0,199.0,,,,4
2008,April,Thursday,Day,Fatal,Front end collision,1.0,1.0,1.0,0.0,2.0,1.0,0.0,3.0,2.0,2.0,Not junction,Exact,,4.0,182.3,,,,4
2008,June,Tuesday,Day,Light,Collision with stopped vehicle,0.0,0.0,1.0,0.0,0.0,1.0,0.0,1.0,2.0,2.0,Not junction,Exact,,4.0,153.0,,,,4
2008,May,Monday,Day,Severe,Drive off road or on paveway,0.0,1.0,1.0,0.0,0.0,0.0,2.0,2.0,1.0,1.0,Not junction,Exact,,4.0,194.2,,,,4
2008,February,Wednesday,Day,Light,Front to rear collision,0.0,0.0,2.0,0.0,0.0,2.0,0.0,2.0,3.0,3.0,Not junction,Exact,,4.0,227.1,,,,4
2008,October,Monday,Day,Light,Front to side collision,0.0,0.0,2.0,0.0,0.0,2.0,0.0,2.0,2.0,2.0,Not junction,Exact,,4.0,143.1,,,,4
2008,August,Thursday,Day,Light,Front to side collision,0.0,0.0,1.0,0.0,0.0,1.0,0.0,1.0,2.0,2.0,Not junction,Centered,,4.0,222.0,,,,4
2008,March,Monday,Day,Severe,Front to side collision,0.0,2.0,0.0,0.0,0.0,2.0,0.0,2.0,2.0,2.0,Not junction,Exact,,4.0,182.0,,,,4