year,month,day_of_week,day_night,accident_severity,accident_type,killed,severly_injured,lightly_injured,injured_pedestrians,casualties_ages_0-19,casualties_ages_20-64,casualties_ages_65_plus,total_casualties,vehicle_count,drivers,road_type,localization_quality,settlement,road1,location,road2,road3,road4,source_road
2008,July,Thursday,Day,Light,Front to side collision,0.0,0.0,3.0,0.0,0.0,3.0,0.0,3.0,2.0,2.0,Not junction,Exact,,4.0,170.1,,,,4
2008,October,Thursday,Day,Severe,Front to side collision,0.0,2.0,2.0,0.0,0.0,4.0,0.0,4.0,2.0,2.0,Not junction,Exact,,4.0,247.5,,,,4
2008,October,Friday,Night,Light,Hit an object,0.0,0.0,1.0,0.0,0.0,1.0,0.0,1.0,2.0,2.0,Not junction,Exact,,4.0,173.1,,,,4
2008,February,Friday,Night,Light,Front to side collision,0.0,0.0,2.0,0.0,0.0,2.0,0.0,2.0,2.0,2.0,Not junction,Exact,,4.0,174.6,,,,4
2008,September,Thursday,Day,Light,Front to rear collision,0.0,0.0,1.0,0.0,0.0,1.0,0.0,1.0,2.0,2.0,Not junction,Exact,,4.0,141.5,,,,4
2008,August,Thursday,Day,Light,Front to side collision,0.0,0.0,1.0,0.0,0.0,1.0,0.0,1.0,2.0,2.0,Not junction,Exact,,4.0,179.1,,,,4
2008,August,Sunday,Day,Severe,Pedestrian,0.0,1.0,1.0,1.0,0.0,1.0,1.0,2.0,1.0,1.0,Not junction,Exact,,4.0,238.3,,,,4
2008,December,Wednesday,Night,Light,Front to side collision,0.0,0.0,3.0,0.0,0.0,3.0,0.0,3.0,2.0,2.0,Not junction,Exact,,4.0,178.1,,,,4
2008,January,Thursday,Night,Light,Pedestrian,0.0,0.0,1.0,1.0,0.0,1.0,0.0,1.0,1.0,1.0,Not junction,Centered,,4.0,212.0,,,,4
2008,May,Thursday,Day,Light,Front to rear collision,0.0,0.0,3.0,0.0,1.0,2.0,0.0,3.0,3.0,3.0,Not junction,Exact,,4.0,178.5,,,,4
2008,April,Wednesday,Day,Light,Front to rear collision,0.0,0.0,10.0,0.0,3.0,7.0,0.0,10.0,4.0,4.0,Not junction,Centered,,4.0,221.0,,,,4
2008,January,Monday,Night,Light,Pedestrian,0.0,0.0,3.0,1.0,2.0,1.0,0.0,3.0,1.0,1.0,Not junction,Centered,,4.0,221.0,,,,4
2008,December,Wednesday,Night,Severe,Front to side collision,0.0,3.0,1.0,0.0,0.0,4.0,0.0,4.0,2.0,2.0,Not junction,Exact,,4.0,176.1,,,,4
2008,October,Friday,Night,Light,Front to side collision,0.0,0.0,4.0,0.0,2.0,2.0,0.0,4.0,2.0,2.0,Not junction,Exact,,4.0,238.1,,,,4
2008,November,Wednesday,Night,Light,Front to side collision,0.0,0.0,1.0,0.0,0.0,1.0,0.0,1.0,2.0,2.0,Not junction,Exact,,4.0,195.6,,,,4
2008,November,Thursday,Night,Light,Front to rear collision,0.0,0.0,5.0,0.0,0.0,5.0,0.0,5.0,3.0,3.0,Not junction,Exact,,4.0,230.0,,,,4
2008,August,Saturday,Day,Light,Front to rear collision,0.0,0.0,1.0,0.0,1.0,0.0,0.0,1.0,2.0,2.0,Not junction,Exact,,4.0,226.1,,,,4
2008,February,Wednesday,Night,Light,Front to rear collision,0.0,0.0,3.0,0.0,0.0,3.0,0.0,3.0,2.0,2.0,Not junction,Centered,,4.0,221.0,,,,4
2008,July,Tuesday,Day,Light,Front to rear collision,0.0,0.0,5.0,0.0,2.0,3.0,0.0,5.0,2.0,2.0,Not junction,Centered,,4.0,220.0,,,,4
2008,November,Thursday,Night,Light,Side to side collision,0.0,0.0,2.0,0.0,0.0,2.0,0.0,2.0,3.0,3.0,Not junction,Exact,,4.0,161.4,,,,4
2008,October,Wednesday,Night,Light,Side to side collision,0.0,0.0,1.0,0.0,0.0,1.0,0.0,1.0,2.0,2.0,Not junction,Centered,,4.0,195.0,,,,4
2008,May,Thursday,Night,Light,Roll over,0.0,0.0,2.0,0.0,0.0,2.0,0.0,2.0,1.0,1.0,Not junction,Exact,,4.0,152.9,,,,4
2008,November,Wednesday,Night,Severe,Front to rear collision,0.0,1.0,1.0,0.0,0.0,2.0,0.0,2.0,2.0,2.0,Not junction,Exact,,4.0,230.1,,,,4
2008,March,Monday,Night,Light,Front to rear collision,0.0,0.0,1.0,0.0,0.0,1.0,0.0,1.0,2.0,2.0,Not junction,Exact,,4.0,220.0,,,,4
2008,November,Sunday,Night,Fatal,Front end collision,1.0,2.0,0.0,0.0,2.0,1.0,0.0,3.0,2.0,2.0,Not junction,Exact,,4.0,175.6,,,,4
2008,April,Sunday,Night,Severe,Pedestrian,0.0,1.0,0.0,1.0,0.0,1.0,0.0,1.0,1.0,1.0,Not junction,Exact,,4.0,226.5,,,,4
2008,October,Friday,Night,Fatal,Pedestrian,1.0,0.0,0.0,1.0,0.0,1.0,0.0,1.0,1.0,1.0,Not junction,Exact,,4.0,236.1,,,,4
2008,April,Thursday,Night,Severe,Pedestrian,0.0,1.0,1.0,1.0,0.0,2.0,0.0,2.0,1.0,1.0,Not junction,Centered,,4.0,220.0,,,,4
2008,October,Friday,Night,Light,Front to side collision,0.0,0.0,3.0,0.0,0.0,3.0,0.0,3.0,2.0,2.0,Not junction,Exact,,4.0,179.1,,,,4
2008,June,Wednesday,Night,Light,Side to side collision,0.0,0.0,2.0,0.0,0.0,2.0,0.0,2.0,2.0,2.0,Not junction,Centered,,4.0,219.0,,,,4
2008,June,Wednesday,Night,Light,Roll over,0.0,0.0,1.0,0.0,0.0,1.0,0.0,1.0,1.0,1.0,Not junction,Exact,,4.0,188.5,,,,4
2008,February,Saturday,Night,Severe,Hit an object,0.0,1.0,0.0,0.0,0.0,1.0,0.0,1.0,1.0,1.0,Not junction,Exact,,4.0,199.2,,,,4
2008,December,Wednesday,Night,Light,Roll over,0.0,0.0,1.0,0.0,1.0,0.0,0.0,1.0,1.0,1.0,Not junction,Exact,,4.0,178.1,,,,4
2008,October,Wednesday,Night,Light,Front to side collision,0.0,0.0,3.0,0.0,1.0,2.0,0.0,3.0,2.0,2.0,Not junction,Exact,,4.0,237.1,,,,4
2008,October,Sunday,Night,Light,Front to rear collision,0.0,0.0,7.0,0.0,2.0,5.0,0.0,7.0,3.0,3.0,Not junction,Exact,,4.0,234.1,,,,4
2008,June,Wednesday,Night,Light,Side to side collision,0.0,0.0,1.0,0.0,0.0,1.0,0.0,1.0,2.0,2.0,Not junction,Exact,,4.0,234.1,,,,4
2008,September,Thursday,Night,Light,Drive off road or on paveway,0.0,0.0,1.0,0.0,0.0,1.0,0.0,1.0,1.0,1.0,Not junction,Centered,,4.0,219.0,,,,4
2008,June,Wednesday,Night,Severe,Front to rear collision,0.0,1.0,0.0,0.0,0.0,1.0,0.0,1.0,2.0,2.0,Not junction,Exact,,4.0,172.5,,,,4
2008,October,Wednesday,Night,Light,Front to side collision,0.0,0.0,2.0,0.0,0.0,2.0,0.0,2.0,2.0,2.0,Not junction,Exact,,4.0,182.8,,,,4
2008,April,Sunday,Night,Severe,Front to rear collision,0.0,1.0,2.0,0.0,1.0,2.0,0.0,3.0,2.0,2.0,Not junction,Exact,,4.0,178.5,,,,4
2008,May,Saturday,Night,Light,Side to side collision,0.0,0.0,1.0,0.0,1.0,0.0,0.0,1.0,2.0,2.0,Not junction,Centered,,4.0,221.0,,,,4
2008,February,Friday,Night,Light,Other,0.0,0.0,9.0,0.0,4.0,3.0,2.0,9.0,3.0,3.0,Not junction,Exact,,4.0,185.0,,,,4
2008,May,Wednesday,Night,Severe,Front to side collision,0.0,2.0,7.0,0.0,3.0,5.0,1.0,9.0,2.0,2.0,Not junction,Exact,,4.0,245.2,,,,4
2008,December,Monday,Night,Light,Front to rear collision,0.0,0.0,2.0,0.0,0.0,2.0,0.0,2.0,2.0,2.0,Not junction,Exact,,4.0,237.0,,,,4
2008,November,Saturday,Night,Severe,Slip,0.0,1.0,0.0,0.0,0.0,1.0,0.0,1.0,1.0,1.0,Not junction,Centered,,4.0,222.0,,,,4
2008,December,Sunday,Night,Light,Front to side collision,0.0,0.0,1.0,0.0,0.0,1.0,0.0,1.0,2.0,2.0,Not junction,Centered,,4.0,220.0,,,,4
2008,June,Thursday,Night,Light,Front to rear collision,0.0,0.0,3.0,0.0,1.0,2.0,0.0,3.0,2.0,2.0,Not junction,Exact,,4.0,173.2,,,,4
2009,December,Wednesday,Night,Light,Front to rear collision,0.0,0.0,4.0,0.0,2.0,2.0,0.0,4.0,4.0,4.0,Junction,Exact,,4.0,,57.0,,,4
2009,December,Sunday,Night,Light,Side to side collision,0.0,0.0,1.0,0.0,0.0,1.0,0.0,1.0,2.0,2.0,Junction,Exact,,4.0,,57.0,,,4
2009,February,Friday,Night,Light,Front to side collision,0.0,0.0,1.0,0.0,0.0,1.0,0.0,1.0,2.0,2.0,Junction,Exact,,4.0,,65.0,,,4
2009,January,Saturday,Night,Light,Front to side collision,0.0,0.0,2.0,0.0,1.0,1.0,0.0,2.0,2.0,2.0,Junction,Exact,,4.0,,5613.0,,,4
2009,December,Wednesday,Night,Light,Front to side collision,0.0,0.0,2.0,0.0,0.0,2.0,0.0,2.0,2.0,2.0,Junction,Exact,,4.0,,75.0,,,4
2009,February,Monday,Night,Light,Front to side collision,0.0,0.0,3.0,0.0,2.0,1.0,0.0,3.0,2.0,2.0,Junction,Exact,,4.0,,85.0,,,4
2009,August,Wednesday,Night,Light,Front to rear collision,0.0,0.0,1.0,0.0,0.0,1.0,0.0,1.0,2.0,2.0,Junction,Exact,,4.0,,67.0,,,4
2009,October,Monday,Night,Light,Front to side collision,0.0,0.0,2.0,0.0,0.0,2.0,0.0,2.0,2.0,2.0,Junction,Exact,,4.0,,85.0,,,4
2009,June,Friday,Night,Light,Front to side collision,0.0,0.0,2.0,0.0,0.0,2.0,0.0,2.0,2.0,2.0,Junction,Exact,,4.0,,,,,4
2009,October,Friday,Night,Light,Front to side collision,0.0,0.0,2.0,0.0,0.0,2.0,0.0,2.0,2.0,2.0,Junction,Exact,,4.0,,85.0,,,4
2009,January,Saturday,Night,Light,Front to side collision,0.0,0.0,7.0,0.0,0.0,7.0,0.0,7.0,2.0,2.0,Junction,Exact,,4.0,,,,,4
2009,August,Saturday,Night,Severe,Front to side collision,0.0,2.0,4.0,0.0,0.0,6.0,0.0,6.0,2.0,2.0,Junction,Exact,,4.0,,,,,4
2009,June,Friday,Night,Light,Drive off road or on paveway,0.0,0.0,1.0,0.0,0.0,1.0,0.0,1.0,1.0,1.0,Junction,Exact,,4.0,,7011.0,,,4
2009,August,Tuesday,Night,Severe,Front to side collision,0.0,1.0,2.0,0.0,1.0,2.0,0.0,3.0,2.0,2.0,Junction,Exact,,4.0,,,,,4
2009,February,Saturday,Night,Light,Front to side collision,0.0,0.0,4.0,0.0,0.0,4.0,0.0,4.0,2.0,2.0,Junction,Exact,,4.0,,,,,4
2009,January,Monday,Night,Light,Front to side collision,0.0,0.0,1.0,0.0,0.0,1.0,0.0,1.0,2.0,2.0,Junction,Exact,,4.0,,,,,4
2009,March,Friday,Day,Severe,Front to side collision,0.0,1.0,4.0,0.0,0.0,5.0,0.0,5.0,2.0,2.0,Junction,Exact,,4.0,,8510.0,,,4
2009,January,Thursday,Night,Light,Front to side collision,0.0,0.0,1.0,0.0,0.0,1.0,0.0,1.0,2.0,2.0,Junction,Exact,,4.0,,8510.0,,,4
2009,December,Tuesday,Night,Light,Front to side collision,0.0,0.0,2.0,0.0,0.0,2.0,0.0,2.0,2.0,2.0,Junction,Exact,,4.0,,22.0,,,4
2009,August,Tuesday,Night,Light,Front to side collision,0.0,0.0,7.0,0.0,0.0,4.0,0.0,7.0,2.0,2.0,Junction,Exact,,4.0,,57.0,,,4
2009,April,Monday,Night,Light,Front to side collision,0.0,0.0,1.0,0.0,0.0,1.0,0.0,1.0,2.0,2.0,Junction,Exact,,4.0,,,,,4
2009,January,Thursday,Night,Light,Pedestrian,0.0,0.0,1.0,1.0,0.0,1.0,0.0,1.0,1.0,1.0,Junction,Exact,,4.0,,771.0,,,4
2009,July,Tuesday,Day,Light,Front to side collision,0.0,0.0,5.0,0.0,3.0,1.0,1.0,5.0,2.0,2.0,Junction,Exact,,4.0,,6511.0,,,4
2009,July,Monday,Day,Light,Front to side collision,0.0,0.0,5.0,0.0,0.0,5.0,0.0,5.0,3.0,3.0,Junction,Exact,,4.0,,5613.0,,,4
2009,June,Thursday,Day,Light,Front to side collision,0.0,0.0,1.0,0.0,0.0,1.0,0.0,1.0,2.0,2.0,Junction,Exact,,4.0,,651.0,,,4
2009,September,Friday,Day,Light,Front to side collision,0.0,0.0,1.0,0.0,0.0,1.0,0.0,1.0,2.0,2.0,Junction,Exact,,4.0,,6511.0,,,4
2009,January,Friday,Day,Light,Front to side collision,0.0,0.0,5.0,0.0,1.0,3.0,1.0,5.0,3.0,3.0,Junction,Exact,,4.0,,67.0,,,4
2009,June,Tuesday,Day,Light,Front to rear collision,0.0,0.0,4.0,0.0,0.0,4.0,0.0,4.0,2.0,2.0,Junction,Exact,,4.0,,,,,4
2009,August,Thursday,Day,Light,Front to rear collision,0.0,0.0,3.0,0.0,0.0,3.0,0.0,3.0,2.0,2.0,Junction,Exact,,4.0,,7115.0,,,4
2009,August,Monday,Day,Light,Front to side collision,0.0,0.0,2.0,0.0,1.0,1.0,0.0,2.0,2.0,2.0,Junction,Exact,,4.0,,,,,4
2009,October,Friday,Day,Light,Front end collision,0.0,0.0,1.0,0.0,0.0,1.0,0.0,1.0,2.0,2.0,Junction,Exact,,4.0,,5613.0,,,4
2009,September,Monday,Day,Light,Front to side collision,0.0,0.0,2.0,0.0,0.0,2.0,0.0,2.0,2.0,2.0,Junction,Exact,,4.0,,,,,4
2009,February,Sunday,Day,Light,Front to side collision,0.0,0.0,4.0,0.0,0.0,4.0,0.0,4.0,2.0,2.0,Junction,Exact,,4.0,,651.0,,,4
2009,November,Friday,Day,Light,Front to side collision,0.0,0.0,1.0,0.0,0.0,1.0,0.0,1.0,2.0,2.0,Junction,Exact,,4.0,,85.0,,,4
2009,November,Tuesday,Day,Light,Front to rear collision,0.0,0.0,2.0,0.0,0.0,2.0,0.0,2.0,3.0,3.0,Junction,Exact,,4.0,,65.0,,,4
2009,October,Friday,Day,Light,Front to side collision,0.0,0.0,3.0,0.0,1.0,1.0,1.0,3.0,2.0,2.0,Junction,Exact,,4.0,,,,,4
2009,December,Sunday,Day,Light,Front to side collision,0.0,0.0,1.0,0.0,0.0,1.0,0.0,1.0,2.0,2.0,Junction,Exact,,4.0,,,,,4
2009,September,Tuesday,Day,Light,Front to rear collision,0.0,0.0,2.0,0.0,1.0,1.0,0.0,2.0,2.0,2.0,Junction,Exact,,4.0,,771.0,,,4
2009,December,Wednesday,Day,Light,Front to side collision,0.0,0.0,2.0,0.0,0.0,2.0,0.0,2.0,2.0,2.0,Junction,Exact,,4.0,,,,,4
2009,March,Tuesday,Day,Light,Front to side collision,0.0,0.0,1.0,0.0,0.0,1.0,0.0,1.0,2.0,2.0,Junction,Exact,,4.0,,7115.0,,,4
2009,July,Thursday,Day,Light,Front to side collision,0.0,0.0,2.0,0.0,0.0,2.0,0.0,2.0,2.0,2.0,Junction,Exact,,4.0,,67.0,,,4
2009,August,Tuesday,Day,Light,Front to rear collision,0.0,0.0,2.0,0.0,0.0,2.0,0.0,2.0,2.0,2.0,Junction,Exact,,4.0,,79.0,,,4
2009,July,Tuesday,Day,Light,Front to side collision,0.0,0.0,1.0,0.0,0.0,1.0,0.0,1.0,2.0,2.0,Junction,Exact,,4.0,,651.0,,,4
2009,August,Monday,Day,Light,Front to side collision,0.0,0.0,2.0,0.0,0.0,2.0,0.0,2.0,2.0,2.0,Junction,Exact,,4.0,,5720.0,,,4
2009,May,Friday,Day,Light,Pedestrian,0.0,0.0,1.0,1.0,0.0,0.0,1.0,1.0,1.0,1.0,Junction,Exact,,4.0,,,,,4
2009,September,Thursday,Day,Light,Front to side collision,0.0,0.0,4.0,0.0,2.0,2.0,0.0,4.0,2.0,2.0,Junction,Exact,,4.0,,,,,4
2009,November,Wednesday,Day,Light,Front to side collision,0.0,0.0,1.0,0.0,0.0,1.0,0.0,1.0,2.0,2.0,Junction,Exact,,4.0,,,,,4
2009,October,Wednesday,Day,Light,Front to rear collision,0.0,0.0,2.0,0.0,0.0,1.0,1.0,2.0,2.0,2.0,Junction,Exact,,4.0,,79.0,,,4
2009,June,Monday,Day,Severe,Front to side collision,0.0,1.0,0.0,0.0,0.0,1.0,0.0,1.0,2.0,2.0,Junction,Exact,,4.0,,,,,4
2009,May,Saturday,Day,Light,Front to side collision,0.0,0.0,2.0,0.0,1.0,1.0,0.0,2.0,2.0,2.0,Junction,Exact,,4.0,,,,,4
2009,October,Wednesday,Day,Light,Front to rear collision,0.0,0.0,7.0,0.0,1.0,6.0,0.0,7.0,3.0,3.0,Junction,Exact,,4.0,,8611.0,,,4
2009,February,Tuesday,Day,Light,Front to side collision,0.0,0.0,1.0,0.0,0.0,1.0,0.0,1.0,2.0,2.0,Junction,Exact,,4.0,,8510.0,,,4
2009,October,Sunday,Day,Light,Front to side collision,0.0,0.0,1.0,0.0,0.0,1.0,0.0,1.0,2.0,2.0,Junction,Exact,,4.0,,,,,4
2009,October,Friday,Day,Light,Side to side collision,0.0,0.0,2.0,0.0,0.0,2.0,0.0,2.0,2.0,2.0,Junction,Exact,,4.0,,,,,4
2009,April,Saturday,Day,Light,Side to side collision,0.0,0.0,1.0,0.0,0.0,1.0,0.0,1.0,3.0,3.0,Junction,Exact,,4.0,,,,,4
2009,October,Sunday,Day,Light,Front end collision,0.0,0.0,3.0,0.0,0.0,3.0,0.0,3.0,2.0,2.0,Junction,Exact,,4.0,,,,,4
2009,March,Monday,Day,Light,Hit an object,0.0,0.0,3.0,0.0,3.0,0.0,0.0,3.0,1.0,1.0,Junction,Exact,,4.0,,7011.0,,,4
2009,December,Wednesday,Day,Light,Front to side collision,0.0,0.0,1.0,0.0,0.0,1.0,0.0,1.0,2.0,2.0,Junction,Exact,,4.0,,79.0,,,4
2009,August,Thursday,Day,Light,Front to side collision,0.0,0.0,3.0,0.0,1.0,2.0,0.0,3.0,2.0,2.0,Junction,Exact,,4.0,,,,,4
2009,September,Monday,Day,Light,Front to side collision,0.0,0.0,2.0,0.0,0.0,2.0,0.0,2.0,2.0,2.0,Junction,Exact,,4.0,,7111.0,,,4
2009,January,Tuesday,Day,Light,Front to side collision,0.0,0.0,1.0,0.0,0.0,1.0,0.0,1.0,2.0,2.0,Junction,Exact,,4.0,,57.0,,,4
2009,January,Monday,Day,Light,Roll over,0.0,0.0,3.0,2.0,0.0,1.0,2.0,3.0,1.0,1.0,Junction,Exact,,4.0,,85.0,,,4
2009,February,Wednesday,Day,Light,Pedestrian,0.0,0.0,1.0,1.0,0.0,1.0,0.0,1.0,1.0,1.0,Junction,Exact,,4.0,,,,,4
2009,June,Saturday,Day,Light,Front to side collision,0.0,0.0,6.0,0.0,3.0,3.0,0.0,6.0,2.0,2.0,Junction,Exact,,4.0,,5613.0,,,4
2009,April,Tuesday,Day,Light,Front to rear collision,0.0,0.0,1.0,0.0,1.0,0.0,0.0,1.0,2.0,2.0,Junction,Exact,,4.0,,67.0,,,4
2009,December,Friday,Day,Light,Side to side collision,0.0,0.0,2.0,0.0,0.0,2.0,0.0,2.0,2.0,2.0,Junction,Exact,,4.0,,6531.0,,,4
2009,August,Sunday,Day,Light,Front to side collision,0.0,0.0,4.0,0.0,1.0,3.0,0.0,4.0,2.0,2.0,Junction,Exact,,4.0,,,,,4
2009,October,Friday,Day,Light,Pedestrian,0.0,0.0,1.0,1.0,1.0,0.0,0.0,1.0,1.0,1.0,Junction,Exact,,4.0,,,,,4
2009,October,Saturday,Day,Light,Front to side collision,0.0,0.0,8.0,0.0,3.0,5.0,0.0,8.0,3.0,3.0,Junction,Exact,,4.0,,79.0,,,4
2009,June,Saturday,Day,Light,Front to side collision,0.0,0.0,1.0,0.0,0.0,1.0,0.0,1.0,2.0,2.0,Junction,Exact,,4.0,,57.0,,,4
2009,January,Tuesday,Day,Light,Front to side collision,0.0,0.0,3.0,0.0,1.0,2.0,0.0,3.0,2.0,2.0,Junction,Exact,,4.0,,,,,4
2009,January,Sunday,Day,Light,Front to side collision,0.0,0.0,2.0,0.0,0.0,2.0,0.0,2.0,2.0,2.0,Junction,Exact,,4.0,,721.0,,,4
2009,April,Friday,Day,Light,Front to side collision,0.0,0.0,2.0,0.0,0.0,2.0,0.0,2.0,2.0,2.0,Junction,Exact,,4.0,,7111.0,,,4
2009,October,Friday,Day,Light,Front to side collision,0.0,0.0,1.0,0.0,0.0,1.0,0.0,1.0,2.0,2.0,Junction,Exact,,4.0,,,,,4
2009,January,Tuesday,Day,Light,Front to side collision,0.0,0.0,4.0,0.0,2.0,2.0,0.0,4.0,2.0,2.0,Junction,Exact,,4.0,,,,,4
2009,December,Friday,Day,Light,Front to side collision,0.0,0.0,3.0,0.0,2.0,1.0,0.0,3.0,2.0,2.0,Junction,Exact,,4.0,,85.0,,,4
2009,March,Tuesday,Day,Light,Front to rear collision,0.0,0.0,3.0,0.0,0.0,2.0,1.0,3.0,3.0,3.0,Junction,Exact,,4.0,,,,,4
2009,March,Tuesday,Day,Light,Front to side collision,0.0,0.0,2.0,0.0,0.0,2.0,0.0,2.0,2.0,2.0,Junction,Exact,,4.0,,5720.0,,,4
2009,December,Saturday,Day,Light,Side to side collision,0.0,0.0,5.0,0.0,1.0,4.0,0.0,5.0,3.0,3.0,Junction,Exact,,4.0,,,,,4
2009,July,Thursday,Day,Light,Front to side collision,0.0,0.0,5.0,0.0,0.0,5.0,0.0,5.0,2.0,2.0,Junction,Exact,,4.0,,8510.0,,,4
2009,October,Thursday,Day,Light,Front to side collision,0.0,0.0,2.0,0.0,0.0,2.0,0.0,2.0,2.0,2.0,Junction,Exact,,4.0,,,,,4
2009,October,Monday,Day,Light,Front to side collision,0.0,0.0,3.0,0.0,0.0,1.0,2.0,3.0,2.0,2.0,Junction,Exact,,4.0,,,,,4
2009,July,Thursday,Day,Light,Side to side collision,0.0,0.0,2.0,0.0,0.0,2.0,0.0,2.0,2.0,2.0,Junction,Exact,,4.0,,,,,4
2009,September,Wednesday,Day,Light,Front to side collision,0.0,0.0,1.0,0.0,1.0,0.0,0.0,1.0,2.0,2.0,Junction,Exact,,4.0,,5711.0,,,4
2009,January,Friday,Day,Light,Front to rear collision,0.0,0.0,2.0,0.0,0.0,2.0,0.0,2.0,2.0,2.0,Junction,Exact,,4.0,,771.0,,,4
2009,August,Sunday,Day,Light,Front to rear collision,0.0,0.0,2.0,0.0,0.0,2.0,0.0,2.0,2.0,2.0,Junction,Exact,,4.0,,22.0,,,4
2009,February,Tuesday,Day,Light,Front to side collision,0.0,0.0,1.0,0.0,0.0,1.0,0.0,1.0,2.0,2.0,Junction,Exact,,4.0,,,,,4
2009,January,Wednesday,Day,Light,Front to side collision,0.0,0.0,1.0,0.0,0.0,1.0,0.0,1.0,2.0,2.0,Junction,Exact,,4.0,,8510.0,,,4
2009,June,Wednesday,Day,Light,Front to rear collision,0.0,0.0,4.0,0.0,3.0,1.0,0.0,4.0,3.0,3.0,Junction,Exact,,4.0,,67.0,,,4
2009,September,Tuesday,Day,Light,Side to side collision,0.0,0.0,2.0,0.0,0.0,2.0,0.0,2.0,2.0,2.0,Junction,Exact,,4.0,,7111.0,,,4
2009,June,Wednesday,Day,Light,Front to side collision,0.0,0.0,2.0,0.0,0.0,1.0,1.0,2.0,2.0,2.0,Junction,Exact,,4.0,,,,,4
2009,June,Thursday,Day,Light,Front to side collision,0.0,0.0,3.0,0.0,2.0,1.0,0.0,3.0,2.0,2.0,Junction,Exact,,4.0,,5613.0,,,4
2009,June,Friday,Day,Light,Front to side collision,0.0,0.0,1.0,0.0,0.0,0.0,0.0,1.0,2.0,2.0,Junction,Exact,,4.0,,,,,4
2009,March,Monday,Day,Light,Front to side collision,0.0,0.0,2.0,0.0,1.0,0.0,1.0,2.0,2.0,2.0,Junction,Exact,,4.0,,,,,4
2009,August,Monday,Day,Light,Front to rear collision,0.0,0.0,1.0,0.0,0.0,1.0,0.0,1.0,2.0,2.0,Junction,Exact,,4.0,,,,,4
2009,September,Saturday,Day,Light,Front to rear collision,0.0,0.0,2.0,0.0,0.0,2.0,0.0,2.0,2.0,2.0,Junction,Exact,,4.0,,6531.0,,,4
2009,May,Tuesday,Day,Light,Side to side collision,0.0,0.0,1.0,0.0,0.0,1.0,0.0,1.0,2.0,2.0,Junction,Exact,,4.0,,67.0,,,4
2009,May,Wednesday,Day,Light,Front end collision,0.0,0.0,4.0,0.0,0.0,4.0,0.0,4.0,2.0,2.0,Junction,Exact,,4.0,,8611.0,,,4
2009,April,Monday,Day,Light,Side to side collision,0.0,0.0,2.0,0.0,0.0,2.0,0.0,2.0,2.0,2.0,Junction,Exact,,4.0,,,,,4
2009,November,Tuesday,Day,Light,Front to side collision,0.0,0.0,2.0,0.0,0.0,2.0,0.0,2.0,2.0,2.0,Junction,Exact,,4.0,,85.0,,,4
2009,June,Thursday,Day,Light,Front to rear collision,0.0,0.0,5.0,0.0,1.0,4.0,0.0,5.0,3.0,3.0,Junction,Exact,,4.0,,,,,4
2009,February,Thursday,Day,Light,Front to side collision,0.0,0.0,4.0,0.0,2.0,2.0,0.0,4.0,2.0,2.0,Junction,Exact,,4.0,,,,,4
2009,March,Saturday,Day,Light,Front to side collision,0.0,0.0,1.0,0.0,0.0,1.0,0.0,1.0,2.0,2.0,Junction,Exact,,4.0,,8611.0,,,4
2009,November,Sunday,Night,Light,Front to side collision,0.0,0.0,1.0,0.0,1.0,0.0,0.0,1.0,2.0,2.0,Junction,Exact,,4.0,,771.0,,,4
2009,July,Sunday,Day,Light,Front to rear collision,0.0,0.0,7.0,0.0,3.0,4.0,0.0,7.0,4.0,4.0,Junction,Exact,,4.0,,653.0,,,4
2009,July,Thursday,Day,Light,Front to side collision,0.0,0.0,1.0,0.0,0.0,1.0,0.0,1.0,2.0,2.0,Junction,Exact,,4.0,,,,,4
2009,July,Monday,Day,Light,Front to side collision,0.0,0.0,1.0,0.0,0.0,1.0,0.0,1.0,2.0,2.0,Junction,Exact,,4.0,,,,,4
2009,September,Monday,Day,Light,Front to side collision,0.0,0.0,17.0,0.0,1.0,15.0,1.0,17.0,2.0,2.0,Junction,Exact,,4.0,,,,,4
2009,April,Wednesday,Day,Severe,Front end collision,0.0,1.0,1.0,0.0,1.0,1.0,0.0,2.0,3.0,3.0,Junction,Exact,,4.0,,,,,4
2009,May,Tuesday,Day,Light,Front to side collision,0.0,0.0,1.0,0.0,0.0,1.0,0.0,1.0,2.0,2.0,Junction,Exact,,4.0,,85.0,,,4
2009,July,Monday,Day,Light,Pedestrian,0.0,0.0,1.0,1.0,1.0,0.0,0.0,1.0,1.0,1.0,Junction,Exact,,4.0,,581.0,,,4
2009,June,Thursday,Day,Light,Front to side collision,0.0,0.0,1.0,0.0,0.0,1.0,0.0,1.0,2.0,2.0,Junction,Exact,,4.0,,8510.0,,,4
2009,January,Friday,Night,Light,Front to side collision,0.0,0.0,7.0,0.0,0.0,7.0,0.0,7.0,2.0,2.0,Junction,Exact,,4.0,,6511.0,,,4
2009,January,Tuesday,Night,Light,Front to side collision,0.0,0.0,3.0,0.0,0.0,3.0,0.0,3.0,2.0,2.0,Junction,Exact,,4.0,,8510.0,,,4
2009,December,Sunday,Night,Light,Front to rear collision,0.0,0.0,4.0,0.0,0.0,4.0,0.0,4.0,2.0,2.0,Junction,Exact,,4.0,,,,,4
2009,January,Wednesday,Night,Light,Front to rear collision,0.0,0.0,1.0,0.0,0.0,1.0,0.0,1.0,2.0,2.0,Junction,Exact,,4.0,,5613.0,,,4