year,month,day_of_week,day_night,accident_severity,accident_type,killed,severly_injured,lightly_injured,injured_pedestrians,casualties_ages_0-19,casualties_ages_20-64,casualties_ages_65_plus,total_casualties,vehicle_count,drivers,road_type,localization_quality,settlement,road1,location,road2,road3,road4,source_road
2003,June,Wednesday,Day,Light,Front to side collision,0.0,0.0,1.0,0.0,1.0,0.0,0.0,1.0,2.0,2.0,Junction,Exact,,5.0,,444.0,6.0,,6
2003,February,Thursday,Day,Light,Front to side collision,0.0,0.0,3.0,0.0,1.0,2.0,0.0,3.0,2.0,2.0,Junction,Exact,,6.0,,40.0,325.0,,6
2003,August,Saturday,Day,Light,Front to side collision,0.0,0.0,1.0,0.0,0.0,1.0,0.0,1.0,2.0,2.0,Junction,Exact,,5.0,,444.0,6.0,,6
2003,April,Friday,Day,Light,Front to side collision,0.0,0.0,2.0,0.0,0.0,2.0,0.0,2.0,2.0,2.0,Junction,Exact,,5.0,,444.0,6.0,,6
2003,May,Thursday,Day,Light,Front to side collision,0.0,0.0,1.0,0.0,0.0,1.0,0.0,1.0,2.0,2.0,Junction,Exact,,5.0,,444.0,6.0,,6
2003,November,Wednesday,Day,Light,Front to side collision,0.0,0.0,3.0,0.0,0.0,3.0,0.0,3.0,2.0,2.0,Junction,Exact,,5.0,,444.0,6.0,,6
2003,August,Wednesday,Day,Light,Front to side collision,0.0,0.0,1.0,0.0,0.0,1.0,0.0,1.0,2.0,2.0,Junction,Exact,,6.0,,672.0,,,6
2003,February,Wednesday,Night,Light,Front to side collision,0.0,0.0,2.0,0.0,0.0,2.0,0.0,2.0,2.0,2.0,Junction,Exact,,6.0,,672.0,,,6
2003,October,Friday,Night,Severe,Front to side collision,0.0,1.0,5.0,0.0,0.0,6.0,0.0,6.0,2.0,2.0,Junction,Exact,,1.0,,443.0,6.0,,6
2003,January,Friday,Night,Light,Front to rear collision,0.0,0.0,8.0,0.0,5.0,3.0,0.0,8.0,2.0,2.0,Junction,Exact,,5.0,,444.0,6.0,,6
2003,February,Wednesday,Night,Severe,Front to side collision,0.0,1.0,5.0,0.0,1.0,5.0,0.0,6.0,2.0,2.0,Junction,Exact,,6.0,,444.0,,,6
2003,December,Tuesday,Night,Light,Front to side collision,0.0,0.0,1.0,0.0,0.0,1.0,0.0,1.0,2.0,2.0,Junction,Exact,,6.0,,672.0,,,6
2003,September,Monday,Night,Light,Front end collision,0.0,0.0,5.0,0.0,0.0,5.0,0.0,5.0,2.0,2.0,Junction,Exact,,6.0,,672.0,,,6
2003,December,Wednesday,Night,Light,Front to side collision,0.0,0.0,3.0,0.0,0.0,3.0,0.0,3.0,2.0,2.0,Junction,Exact,,6.0,,672.0,,,6
2003,September,Saturday,Night,Fatal,Front to side collision,1.0,0.0,5.0,0.0,2.0,3.0,1.0,6.0,2.0,2.0,Junction,Exact,,6.0,,672.0,,,6
2003,August,Tuesday,Night,Light,Front to side collision,0.0,0.0,2.0,0.0,0.0,2.0,0.0,2.0,2.0,2.0,Junction,Exact,,1.0,,443.0,6.0,,6
2003,July,Saturday,Night,Severe,Front to side collision,0.0,1.0,2.0,0.0,0.0,2.0,1.0,3.0,2.0,2.0,Junction,Exact,,6.0,,5505.0,,,6
2003,May,Monday,Night,Light,Front to side collision,0.0,0.0,1.0,0.0,0.0,1.0,0.0,1.0,2.0,2.0,Junction,Exact,,5.0,,444.0,6.0,,6
2003,November,Sunday,Night,Light,Front to rear collision,0.0,0.0,3.0,0.0,2.0,1.0,0.0,3.0,2.0,2.0,Not junction,Exact,,6.0,205.2,,,,6
2003,May,Saturday,Day,Severe,Side to side collision,0.0,1.0,1.0,0.0,0.0,2.0,0.0,2.0,2.0,2.0,Not junction,Exact,,6.0,203.6,,,,6
2003,March,Thursday,Day,Light,Front to side collision,0.0,0.0,2.0,0.0,0.0,2.0,0.0,2.0,2.0,2.0,Not junction,Exact,,6.0,214.5,,,,6
2003,November,Thursday,Night,Severe,Front to rear collision,0.0,1.0,4.0,0.0,0.0,5.0,0.0,5.0,2.0,2.0,Not junction,Exact,,6.0,207.6,,,,6
2004,April,Monday,Night,Light,Front to side collision,0.0,0.0,1.0,0.0,0.0,1.0,0.0,1.0,2.0,2.0,Junction,Exact,,1.0,,443.0,6.0,,6
2004,March,Saturday,Night,Light,Front to side collision,0.0,0.0,3.0,0.0,0.0,3.0,0.0,3.0,2.0,2.0,Junction,Exact,,6.0,,672.0,,,6
2004,December,Tuesday,Night,Light,Front to side collision,0.0,0.0,2.0,0.0,0.0,2.0,0.0,2.0,2.0,2.0,Junction,Exact,,6.0,,672.0,,,6
2004,December,Tuesday,Day,Light,Front to rear collision,0.0,0.0,2.0,0.0,1.0,1.0,0.0,2.0,2.0,2.0,Junction,Exact,,6.0,,65.0,,,6
2004,December,Tuesday,Day,Light,Front to side collision,0.0,0.0,1.0,0.0,0.0,1.0,0.0,1.0,2.0,2.0,Junction,Exact,,5.0,,444.0,6.0,,6
2004,November,Thursday,Day,Light,Front to side collision,0.0,0.0,2.0,0.0,0.0,2.0,0.0,2.0,2.0,2.0,Junction,Exact,,5.0,,444.0,6.0,,6
2004,August,Sunday,Day,Light,Front end collision,0.0,0.0,5.0,0.0,1.0,4.0,0.0,5.0,2.0,2.0,Junction,Exact,,6.0,,672.0,,,6
2004,April,Wednesday,Day,Light,Front to side collision,0.0,0.0,3.0,0.0,2.0,1.0,0.0,3.0,2.0,2.0,Junction,Exact,,6.0,,40.0,325.0,,6
2004,April,Tuesday,Day,Light,Front to side collision,0.0,0.0,6.0,0.0,2.0,4.0,0.0,6.0,2.0,2.0,Junction,Exact,,6.0,,672.0,,,6
2004,April,Thursday,Day,Light,Front to rear collision,0.0,0.0,3.0,0.0,0.0,1.0,2.0,3.0,2.0,2.0,Junction,Exact,,1.0,,443.0,6.0,,6
2004,November,Saturday,Day,Light,Front to rear collision,0.0,0.0,1.0,0.0,0.0,1.0,0.0,1.0,2.0,2.0,Junction,Exact,,5.0,,444.0,6.0,,6
2004,November,Saturday,Day,Light,Front to side collision,0.0,0.0,2.0,0.0,0.0,2.0,0.0,2.0,2.0,2.0,Junction,Exact,,6.0,,672.0,,,6
2004,February,Friday,Day,Light,Front to side collision,0.0,0.0,3.0,0.0,0.0,3.0,0.0,3.0,2.0,2.0,Junction,Exact,,5.0,,444.0,6.0,,6
2004,November,Wednesday,Day,Light,Front to side collision,0.0,0.0,3.0,0.0,0.0,3.0,0.0,3.0,3.0,3.0,Junction,Exact,,5.0,,444.0,6.0,,6
2004,June,Thursday,Day,Light,Front to side collision,0.0,0.0,7.0,0.0,0.0,2.0,5.0,7.0,2.0,2.0,Junction,Exact,,6.0,,5505.0,,,6
2004,November,Sunday,Day,Light,Roll over,0.0,0.0,3.0,0.0,0.0,3.0,0.0,3.0,2.0,2.0,Junction,Exact,,1.0,,443.0,6.0,,6
2004,March,Saturday,Day,Light,Front to side collision,0.0,0.0,5.0,0.0,3.0,2.0,0.0,5.0,2.0,2.0,Junction,Exact,,6.0,,531.0,,,6
2004,August,Saturday,Day,Severe,Front to rear collision,0.0,1.0,8.0,0.0,3.0,6.0,0.0,9.0,2.0,2.0,Junction,Exact,,6.0,,65.0,,,6
2004,January,Saturday,Night,Severe,Hit an object,0.0,1.0,4.0,0.0,1.0,4.0,0.0,5.0,1.0,1.0,Junction,Exact,,3.0,,6.0,,,6
2004,January,Sunday,Night,Light,Front to side collision,0.0,0.0,1.0,0.0,0.0,1.0,0.0,1.0,2.0,2.0,Junction,Exact,,6.0,,672.0,,,6
2004,June,Wednesday,Day,Light,Front to side collision,0.0,0.0,2.0,0.0,0.0,2.0,0.0,2.0,2.0,2.0,Junction,Exact,,6.0,,65.0,,,6
2004,July,Monday,Day,Light,Front to side collision,0.0,0.0,10.0,0.0,6.0,4.0,0.0,10.0,2.0,2.0,Junction,Exact,,6.0,,672.0,,,6
2004,November,Monday,Night,Light,Front to rear collision,0.0,0.0,1.0,0.0,0.0,1.0,0.0,1.0,2.0,2.0,Junction,Exact,,6.0,,471.0,,,6
2004,February,Monday,Night,Light,Front to side collision,0.0,0.0,3.0,0.0,0.0,2.0,1.0,3.0,2.0,2.0,Junction,Exact,,6.0,,672.0,,,6
2004,December,Thursday,Night,Light,Front to side collision,0.0,0.0,2.0,0.0,0.0,2.0,0.0,2.0,2.0,2.0,Junction,Exact,,5.0,,444.0,6.0,,6
2004,January,Tuesday,Night,Severe,Front to side collision,0.0,1.0,1.0,0.0,0.0,2.0,0.0,2.0,2.0,2.0,Junction,Exact,,6.0,,65.0,,,6
2004,January,Wednesday,Night,Light,Front to side collision,0.0,0.0,1.0,0.0,0.0,1.0,0.0,1.0,2.0,2.0,Junction,Exact,,6.0,,672.0,,,6
2004,July,Wednesday,Day,Light,Front to rear collision,0.0,0.0,2.0,0.0,0.0,1.0,1.0,2.0,2.0,2.0,Junction,Exact,,1.0,,443.0,6.0,,6
2004,April,Sunday,Night,Light,Front to rear collision,0.0,0.0,1.0,0.0,0.0,0.0,1.0,1.0,2.0,2.0,Junction,Exact,,3.0,,6.0,,,6
2004,July,Saturday,Day,Light,Front to side collision,0.0,0.0,4.0,0.0,2.0,2.0,0.0,4.0,2.0,2.0,Junction,Exact,,5.0,,444.0,6.0,,6
2004,October,Saturday,Night,Light,Front to side collision,0.0,0.0,6.0,0.0,3.0,3.0,0.0,6.0,2.0,2.0,Junction,Exact,,1.0,,443.0,6.0,,6
2004,November,Monday,Night,Light,Side to side collision,0.0,0.0,6.0,0.0,2.0,2.0,2.0,6.0,2.0,2.0,Junction,Exact,,1.0,,6.0,,,6
2004,August,Thursday,Night,Light,Front to side collision,0.0,0.0,5.0,0.0,0.0,5.0,0.0,5.0,2.0,2.0,Junction,Exact,,5.0,,444.0,6.0,,6
2004,January,Sunday,Night,Severe,Hit an object,0.0,1.0,0.0,0.0,0.0,0.0,1.0,1.0,1.0,1.0,Junction,Exact,,5.0,,444.0,6.0,,6
2004,April,Thursday,Night,Fatal,Front to side collision,1.0,0.0,4.0,0.0,1.0,4.0,0.0,5.0,2.0,2.0,Junction,Exact,,6.0,,40.0,325.0,,6
2004,June,Friday,Night,Light,Front end collision,0.0,0.0,2.0,0.0,0.0,2.0,0.0,2.0,2.0,2.0,Junction,Exact,,6.0,,672.0,,,6
2004,September,Sunday,Night,Severe,Front to side collision,0.0,1.0,1.0,0.0,0.0,2.0,0.0,2.0,2.0,2.0,Junction,Exact,,5.0,,444.0,6.0,,6
2004,July,Friday,Night,Light,Front to side collision,0.0,0.0,3.0,0.0,1.0,2.0,0.0,3.0,2.0,2.0,Junction,Exact,,5.0,,444.0,6.0,,6
2004,November,Sunday,Night,Light,Front to side collision,0.0,0.0,1.0,0.0,0.0,1.0,0.0,1.0,2.0,2.0,Junction,Exact,,5.0,,444.0,6.0,,6
2004,December,Sunday,Night,Light,Front to side collision,0.0,0.0,2.0,0.0,0.0,2.0,0.0,2.0,2.0,2.0,Junction,Exact,,1.0,,443.0,6.0,,6
2004,May,Saturday,Night,Light,Front to rear collision,0.0,0.0,5.0,0.0,1.0,4.0,0.0,5.0,2.0,2.0,Junction,Exact,,6.0,,40.0,293.0,,6
2004,July,Friday,Night,Fatal,Hit an object,1.0,0.0,0.0,0.0,0.0,1.0,0.0,1.0,2.0,2.0,Not junction,Exact,,6.0,118.5,,,,6
2004,October,Thursday,Night,Light,Hit an object,0.0,0.0,1.0,0.0,1.0,0.0,0.0,1.0,1.0,1.0,Not junction,Exact,,6.0,178.6,,,,6
2004,September,Thursday,Night,Severe,Roll over,0.0,1.0,0.0,0.0,1.0,0.0,0.0,1.0,1.0,1.0,Not junction,Exact,,6.0,139.1,,,,6
2004,July,Friday,Day,Light,Front to side collision,0.0,0.0,3.0,0.0,1.0,2.0,0.0,3.0,2.0,2.0,Not junction,Exact,,6.0,138.1,,,,6
2004,November,Friday,Day,Severe,Side to side collision,0.0,1.0,5.0,0.0,2.0,4.0,0.0,6.0,2.0,2.0,Not junction,Exact,,6.0,202.6,,,,6
2004,September,Sunday,Day,Severe,Roll over,0.0,2.0,1.0,0.0,0.0,3.0,0.0,3.0,1.0,1.0,Not junction,Exact,,6.0,136.1,,,,6
2004,April,Friday,Day,Severe,Hit an object,0.0,1.0,0.0,0.0,1.0,0.0,0.0,1.0,1.0,1.0,Not junction,Exact,,6.0,151.7,,,,6
2004,May,Sunday,Day,Fatal,Roll over,1.0,3.0,0.0,0.0,0.0,4.0,0.0,4.0,1.0,1.0,Not junction,Exact,,6.0,157.2,,,,6
2004,March,Wednesday,Day,Severe,Side to side collision,0.0,1.0,1.0,0.0,0.0,2.0,0.0,2.0,2.0,2.0,Not junction,Exact,,6.0,146.1,,,,6
2004,December,Thursday,Day,Light,Hit an object,0.0,0.0,1.0,0.0,0.0,1.0,0.0,1.0,1.0,1.0,Not junction,Exact,,6.0,140.0,,,,6
2004,August,Tuesday,Day,Fatal,Roll over,1.0,1.0,2.0,0.0,0.0,4.0,0.0,4.0,1.0,1.0,Not junction,Exact,,6.0,156.0,,,,6
2004,July,Tuesday,Day,Light,Front to side collision,0.0,0.0,2.0,0.0,0.0,2.0,0.0,2.0,3.0,3.0,Not junction,Centered,,6.0,115.0,,,,6
2004,December,Tuesday,Day,Severe,Drive off road or on paveway,0.0,1.0,0.0,0.0,0.0,1.0,0.0,1.0,1.0,1.0,Not junction,Exact,,6.0,137.5,,,,6
2004,January,Friday,Day,Light,Front to side collision,0.0,0.0,1.0,0.0,0.0,1.0,0.0,1.0,2.0,2.0,Not junction,Exact,,6.0,122.0,,,,6
2004,January,Thursday,Day,Light,Side to side collision,0.0,0.0,3.0,0.0,0.0,3.0,0.0,3.0,2.0,2.0,Not junction,Exact,,6.0,211.8,,,,6
2004,November,Thursday,Day,Light,Front to rear collision,0.0,0.0,1.0,0.0,0.0,1.0,0.0,1.0,2.0,2.0,Not junction,Exact,,6.0,181.0,,,,6
2004,October,Tuesday,Day,Severe,Roll over,0.0,1.0,5.0,0.0,4.0,2.0,0.0,6.0,1.0,1.0,Not junction,Exact,,6.0,142.8,,,,6
2004,January,Friday,Day,Fatal,Roll over,1.0,1.0,2.0,0.0,0.0,4.0,0.0,4.0,1.0,1.0,Not junction,Exact,,6.0,153.2,,,,6
2004,February,Saturday,Day,Severe,Roll over,0.0,2.0,0.0,0.0,0.0,2.0,0.0,2.0,1.0,1.0,Not junction,Exact,,6.0,103.7,,,,6
2004,July,Monday,Day,Fatal,Hit an object,1.0,2.0,11.0,0.0,2.0,12.0,0.0,14.0,1.0,1.0,Not junction,Exact,,6.0,147.9,,,,6
2004,October,Tuesday,Day,Severe,Roll over,0.0,1.0,0.0,0.0,0.0,1.0,0.0,1.0,1.0,1.0,Not junction,Exact,,6.0,214.3,,,,6
2004,June,Thursday,Day,Fatal,Other,1.0,2.0,4.0,0.0,2.0,5.0,0.0,7.0,2.0,2.0,Not junction,Exact,,6.0,139.5,,,,6
2004,July,Monday,Day,Fatal,Pedestrian,1.0,0.0,2.0,1.0,0.0,3.0,0.0,3.0,2.0,2.0,Not junction,Exact,,6.0,148.0,,,,6
2004,October,Wednesday,Day,Light,Front to rear collision,0.0,0.0,5.0,0.0,0.0,5.0,0.0,5.0,3.0,3.0,Not junction,Exact,,6.0,211.3,,,,6
2004,May,Monday,Day,Severe,Hit a passenger within the vehicle,0.0,1.0,0.0,0.0,0.0,1.0,0.0,1.0,1.0,1.0,Not junction,Exact,,6.0,205.9,,,,6
2004,November,Saturday,Night,Light,Hit an object,0.0,0.0,2.0,0.0,0.0,2.0,0.0,2.0,1.0,1.0,Not junction,Exact,,6.0,146.1,,,,6
2004,July,Saturday,Day,Severe,Roll over,0.0,2.0,3.0,0.0,3.0,2.0,0.0,5.0,1.0,1.0,Not junction,Exact,,6.0,167.1,,,,6
2004,August,Wednesday,Day,Severe,Front to side collision,0.0,2.0,3.0,0.0,2.0,3.0,0.0,5.0,3.0,3.0,Not junction,Exact,,6.0,172.5,,,,6
2004,March,Monday,Night,Severe,Roll over,0.0,3.0,1.0,0.0,2.0,2.0,0.0,4.0,1.0,1.0,Not junction,Exact,,6.0,169.0,,,,6
2004,June,Tuesday,Day,Light,Roll over,0.0,0.0,3.0,0.0,0.0,3.0,0.0,3.0,1.0,1.0,Not junction,Exact,,6.0,160.6,,,,6
2004,August,Wednesday,Night,Light,Front to rear collision,0.0,0.0,11.0,0.0,5.0,4.0,2.0,11.0,3.0,3.0,Not junction,Exact,,6.0,172.5,,,,6
2004,February,Sunday,Night,Fatal,Pedestrian,1.0,0.0,0.0,1.0,0.0,1.0,0.0,1.0,1.0,1.0,Not junction,Exact,,6.0,176.5,,,,6
2004,November,Saturday,Night,Fatal,Hit an object,2.0,2.0,1.0,0.0,2.0,3.0,0.0,5.0,1.0,1.0,Not junction,Exact,,6.0,158.1,,,,6
2004,November,Sunday,Night,Light,Front to side collision,0.0,0.0,4.0,0.0,1.0,3.0,0.0,4.0,2.0,2.0,Not junction,Exact,,6.0,211.3,,,,6
2004,December,Sunday,Night,Light,Hit an object,0.0,0.0,1.0,0.0,0.0,1.0,0.0,1.0,1.0,1.0,Not junction,Exact,,6.0,157.1,,,,6
2004,October,Tuesday,Night,Fatal,Drive off road or on paveway,1.0,0.0,0.0,0.0,0.0,1.0,0.0,1.0,3.0,3.0,Not junction,Exact,,6.0,205.2,,,,6
2004,April,Wednesday,Night,Severe,Front to rear collision,0.0,1.0,11.0,0.0,1.0,10.0,1.0,12.0,6.0,6.0,Not junction,Exact,,6.0,154.0,,,,6
2005,June,Monday,Day,Light,Front to side collision,0.0,0.0,1.0,0.0,0.0,1.0,0.0,1.0,2.0,2.0,Junction,Exact,,1.0,,443.0,6.0,,6
2005,April,Monday,Day,Light,Hit an object,0.0,0.0,2.0,0.0,0.0,2.0,0.0,2.0,2.0,2.0,Junction,Exact,,6.0,,672.0,,,6
2005,January,Monday,Day,Light,Side to side collision,0.0,0.0,2.0,0.0,0.0,2.0,0.0,2.0,2.0,2.0,Junction,Exact,,5.0,,444.0,6.0,,6
2005,July,Thursday,Day,Light,Front to side collision,0.0,0.0,1.0,0.0,0.0,1.0,0.0,1.0,2.0,2.0,Junction,Exact,,1.0,,443.0,6.0,,6
2005,August,Friday,Day,Light,Front to rear collision,0.0,0.0,5.0,0.0,3.0,2.0,0.0,5.0,2.0,2.0,Junction,Exact,,6.0,,40.0,293.0,,6
2005,March,Tuesday,Day,Light,Front to side collision,0.0,0.0,2.0,0.0,0.0,2.0,0.0,2.0,2.0,2.0,Junction,Exact,,5.0,,444.0,6.0,,6
2005,May,Monday,Day,Severe,Front to side collision,0.0,1.0,0.0,0.0,0.0,1.0,0.0,1.0,2.0,2.0,Junction,Exact,,6.0,,44.0,431.0,,6
2005,March,Friday,Day,Light,Front to side collision,0.0,0.0,5.0,0.0,0.0,5.0,0.0,5.0,2.0,2.0,Junction,Exact,,5.0,,444.0,6.0,,6
2005,September,Saturday,Day,Light,Front to side collision,0.0,0.0,4.0,0.0,2.0,2.0,0.0,4.0,2.0,2.0,Junction,Exact,,6.0,,672.0,,,6
2005,October,Tuesday,Day,Light,Front to side collision,0.0,0.0,4.0,0.0,1.0,2.0,1.0,4.0,2.0,2.0,Junction,Exact,,6.0,,40.0,325.0,,6
2005,April,Saturday,Day,Light,Front to side collision,0.0,0.0,1.0,0.0,0.0,1.0,0.0,1.0,2.0,2.0,Junction,Exact,,6.0,,672.0,,,6
2005,May,Thursday,Day,Light,Hit an object,0.0,0.0,1.0,0.0,0.0,1.0,0.0,1.0,1.0,1.0,Junction,Exact,,6.0,,57.0,,,6
2005,June,Tuesday,Day,Light,Front to side collision,0.0,0.0,3.0,0.0,1.0,2.0,0.0,3.0,2.0,2.0,Junction,Exact,,6.0,,672.0,,,6
2005,March,Thursday,Day,Light,Front to side collision,0.0,0.0,1.0,0.0,0.0,1.0,0.0,1.0,2.0,2.0,Junction,Exact,,6.0,,471.0,,,6
2005,April,Tuesday,Day,Light,Front to side collision,0.0,0.0,1.0,0.0,0.0,1.0,0.0,1.0,2.0,2.0,Junction,Exact,,6.0,,40.0,293.0,,6
2005,March,Monday,Day,Light,Front to side collision,0.0,0.0,1.0,0.0,0.0,1.0,0.0,1.0,2.0,2.0,Junction,Exact,,5.0,,444.0,6.0,,6
2005,October,Saturday,Day,Fatal,Roll over,1.0,0.0,0.0,0.0,0.0,1.0,0.0,1.0,1.0,1.0,Junction,Exact,,3.0,,6.0,,,6
2005,March,Sunday,Day,Light,Front to side collision,0.0,0.0,1.0,0.0,0.0,1.0,0.0,1.0,2.0,2.0,Junction,Exact,,6.0,,65.0,,,6
2005,October,Sunday,Day,Fatal,Front to side collision,3.0,1.0,1.0,0.0,0.0,5.0,0.0,5.0,4.0,4.0,Junction,Exact,,6.0,,471.0,,,6
2005,June,Saturday,Day,Light,Front to side collision,0.0,0.0,3.0,0.0,1.0,2.0,0.0,3.0,2.0,2.0,Junction,Exact,,6.0,,44.0,431.0,,6
2005,September,Saturday,Day,Severe,Front to side collision,0.0,1.0,5.0,0.0,1.0,5.0,0.0,6.0,2.0,2.0,Junction,Exact,,5.0,,444.0,6.0,,6
2005,September,Thursday,Day,Light,Front to side collision,0.0,0.0,3.0,0.0,0.0,1.0,2.0,3.0,2.0,2.0,Junction,Exact,,6.0,,471.0,,,6
2005,October,Tuesday,Night,Light,Front to side collision,0.0,0.0,3.0,0.0,0.0,3.0,0.0,3.0,2.0,2.0,Junction,Exact,,5.0,,444.0,6.0,,6
2005,January,Saturday,Night,Light,Front to side collision,0.0,0.0,4.0,0.0,0.0,4.0,0.0,4.0,2.0,2.0,Junction,Exact,,5.0,,444.0,6.0,,6
2005,October,Saturday,Night,Light,Front to side collision,0.0,0.0,1.0,0.0,0.0,1.0,0.0,1.0,2.0,2.0,Junction,Exact,,6.0,,65.0,,,6
2005,February,Saturday,Night,Light,Front to side collision,0.0,0.0,6.0,0.0,3.0,3.0,0.0,6.0,2.0,2.0,Junction,Exact,,5.0,,444.0,6.0,,6
2005,December,Sunday,Night,Light,Front to side collision,0.0,0.0,5.0,0.0,1.0,4.0,0.0,5.0,5.0,5.0,Junction,Exact,,5.0,,444.0,6.0,,6
2005,September,Friday,Night,Light,Side to side collision,0.0,0.0,2.0,0.0,1.0,1.0,0.0,2.0,3.0,3.0,Junction,Exact,,6.0,,65.0,,,6
2005,September,Monday,Night,Light,Front to side collision,0.0,0.0,2.0,0.0,0.0,1.0,1.0,2.0,2.0,2.0,Junction,Exact,,6.0,,5505.0,,,6
2005,October,Thursday,Night,Light,Front to side collision,0.0,0.0,3.0,0.0,0.0,3.0,0.0,3.0,2.0,2.0,Junction,Exact,,6.0,,672.0,,,6
2005,May,Tuesday,Night,Light,Front to rear collision,0.0,0.0,7.0,0.0,5.0,2.0,0.0,7.0,2.0,2.0,Junction,Exact,,6.0,,65.0,,,6
2005,May,Thursday,Night,Light,Front end collision,0.0,0.0,6.0,0.0,2.0,4.0,0.0,6.0,2.0,2.0,Junction,Exact,,6.0,,672.0,,,6
2005,March,Saturday,Night,Light,Front to side collision,0.0,0.0,1.0,0.0,0.0,1.0,0.0,1.0,2.0,2.0,Junction,Exact,,6.0,,672.0,,,6
2005,September,Tuesday,Night,Light,Front to side collision,0.0,0.0,3.0,0.0,0.0,3.0,0.0,3.0,2.0,2.0,Junction,Exact,,5.0,,444.0,6.0,,6
2005,May,Saturday,Night,Light,Front to side collision,0.0,0.0,6.0,0.0,1.0,5.0,0.0,6.0,2.0,2.0,Junction,Exact,,1.0,,443.0,6.0,,6
2005,May,Sunday,Night,Severe,Pedestrian,0.0,1.0,0.0,1.0,0.0,1.0,0.0,1.0,1.0,1.0,Not junction,Exact,,6.0,207.4,,,,6
2005,March,Saturday,Night,Light,Hit an object,0.0,0.0,1.0,0.0,1.0,0.0,0.0,1.0,1.0,1.0,Not junction,Exact,,6.0,160.5,,,,6
2005,August,Tuesday,Night,Severe,Front to rear collision,0.0,1.0,0.0,0.0,0.0,1.0,0.0,1.0,2.0,2.0,Not junction,Exact,,6.0,202.0,,,,6
2005,September,Monday,Night,Severe,Hit an object,0.0,1.0,6.0,0.0,2.0,5.0,0.0,7.0,1.0,1.0,Not junction,Exact,,6.0,139.8,,,,6
2005,November,Sunday,Day,Severe,Roll over,0.0,2.0,0.0,0.0,0.0,1.0,1.0,2.0,2.0,2.0,Not junction,Exact,,6.0,134.0,,,,6
2005,June,Monday,Day,Severe,Front to side collision,0.0,3.0,1.0,0.0,0.0,4.0,0.0,4.0,2.0,2.0,Not junction,Exact,,6.0,123.1,,,,6
2005,November,Tuesday,Day,Light,Roll over,0.0,0.0,1.0,0.0,0.0,0.0,0.0,1.0,1.0,1.0,Not junction,Exact,,6.0,146.1,,,,6
2005,August,Monday,Day,Light,Hit an object,0.0,0.0,2.0,0.0,0.0,2.0,0.0,2.0,1.0,1.0,Not junction,Exact,,6.0,142.6,,,,6
2005,November,Monday,Day,Light,Front to side collision,0.0,0.0,4.0,0.0,0.0,4.0,0.0,4.0,2.0,2.0,Not junction,Exact,,6.0,212.3,,,,6
2005,November,Monday,Day,Light,Front to rear collision,0.0,0.0,4.0,0.0,0.0,4.0,0.0,4.0,4.0,4.0,Not junction,Exact,,6.0,214.8,,,,6
2005,July,Sunday,Day,Light,Drive off road or on paveway,0.0,0.0,1.0,0.0,0.0,1.0,0.0,1.0,1.0,1.0,Not junction,Exact,,6.0,211.1,,,,6
2005,November,Thursday,Day,Light,Front to rear collision,0.0,0.0,4.0,0.0,0.0,4.0,0.0,4.0,2.0,2.0,Not junction,Exact,,6.0,136.1,,,,6
2005,March,Thursday,Day,Fatal,Front end collision,1.0,0.0,6.0,0.0,1.0,6.0,0.0,7.0,4.0,4.0,Not junction,Exact,,6.0,116.5,,,,6
2005,August,Monday,Day,Light,Pedestrian,0.0,0.0,2.0,1.0,0.0,1.0,0.0,2.0,2.0,2.0,Not junction,Exact,,6.0,140.0,,,,6
2005,September,Wednesday,Day,Light,Side to side collision,0.0,0.0,2.0,0.0,1.0,1.0,0.0,2.0,2.0,2.0,Not junction,Exact,,6.0,110.0,,,,6
2005,October,Thursday,Day,Light,Hit an object,0.0,0.0,2.0,0.0,1.0,1.0,0.0,2.0,2.0,2.0,Not junction,Exact,,6.0,149.1,,,,6
2005,December,Wednesday,Day,Light,Front to side collision,0.0,0.0,2.0,0.0,1.0,1.0,0.0,2.0,2.0,2.0,Not junction,Exact,,6.0,180.0,,,,6
2005,July,Thursday,Day,Light,Front to side collision,0.0,0.0,1.0,0.0,0.0,1.0,0.0,1.0,2.0,2.0,Not junction,Exact,,6.0,214.5,,,,6
2005,November,Wednesday,Day,Light,Drive off road or on paveway,0.0,0.0,1.0,0.0,0.0,1.0,0.0,1.0,2.0,2.0,Not junction,Exact,,6.0,136.1,,,,6
2005,December,Friday,Day,Light,Hit an object,0.0,0.0,5.0,0.0,3.0,2.0,0.0,5.0,1.0,1.0,Not junction,Exact,,6.0,103.8,,,,6
2005,September,Tuesday,Day,Severe,Side to side collision,0.0,1.0,3.0,0.0,1.0,3.0,0.0,4.0,2.0,2.0,Not junction,Exact,,6.0,154.0,,,,6
2005,August,Saturday,Day,Severe,Roll over,0.0,4.0,9.0,0.0,5.0,8.0,0.0,13.0,1.0,1.0,Not junction,Exact,,6.0,179.5,,,,6
2005,August,Sunday,Day,Severe,Drive off road or on paveway,0.0,1.0,3.0,0.0,2.0,2.0,0.0,4.0,1.0,1.0,Not junction,Exact,,6.0,151.9,,,,6
2005,June,Thursday,Day,Light,Drive off road or on paveway,0.0,0.0,2.0,0.0,1.0,1.0,0.0,2.0,1.0,1.0,Not junction,Exact,,6.0,207.1,,,,6
2005,November,Saturday,Night,Fatal,Front to side collision,1.0,1.0,0.0,0.0,0.0,2.0,0.0,2.0,2.0,2.0,Not junction,Exact,,6.0,202.4,,,,6