year,month,day_of_week,day_night,accident_severity,accident_type,killed,severly_injured,lightly_injured,injured_pedestrians,casualties_ages_0-19,casualties_ages_20-64,casualties_ages_65_plus,total_casualties,vehicle_count,drivers,road_type,localization_quality,settlement,road1,location,road2,road3,road4,source_road
2005,August,Saturday,Day,Light,Front to rear collision,0.0,0.0,7.0,0.0,0.0,7.0,0.0,7.0,3.0,3.0,Not junction,Exact,,6.0,158.1,,,,6
2005,November,Thursday,Night,Fatal,Side to side collision,3.0,1.0,1.0,0.0,0.0,4.0,1.0,5.0,2.0,2.0,Not junction,Exact,,6.0,139.5,,,,6
2005,August,Sunday,Night,Fatal,Roll over,1.0,0.0,0.0,0.0,0.0,1.0,0.0,1.0,2.0,2.0,Not junction,Exact,,6.0,136.1,,,,6
2005,February,Wednesday,Night,Light,Front to side collision,0.0,0.0,1.0,0.0,0.0,1.0,0.0,1.0,2.0,2.0,Not junction,Exact,,6.0,144.5,,,,6
2005,November,Tuesday,Night,Fatal,Front to side collision,1.0,0.0,1.0,0.0,0.0,2.0,0.0,2.0,3.0,3.0,Not junction,Exact,,6.0,140.0,,,,6
2005,August,Monday,Night,Light,Front to side collision,0.0,0.0,2.0,0.0,0.0,2.0,0.0,2.0,3.0,3.0,Not junction,Exact,,6.0,147.5,,,,6
2005,July,Saturday,Night,Light,Roll over,0.0,0.0,3.0,0.0,0.0,3.0,0.0,3.0,2.0,2.0,Not junction,Exact,,6.0,213.8,,,,6
2005,November,Sunday,Night,Severe,Front to rear collision,0.0,1.0,4.0,0.0,1.0,4.0,0.0,5.0,3.0,3.0,Not junction,Exact,,6.0,149.0,,,,6
2005,November,Monday,Night,Light,Hit an object,0.0,0.0,3.0,0.0,0.0,3.0,0.0,3.0,1.0,1.0,Not junction,Exact,,6.0,212.5,,,,6
2005,October,Wednesday,Night,Light,Front to rear collision,0.0,0.0,5.0,0.0,2.0,3.0,0.0,5.0,2.0,2.0,Not junction,Exact,,6.0,173.0,,,,6
2006,April,Wednesday,Night,Light,Front to side collision,0.0,0.0,2.0,0.0,1.0,1.0,0.0,2.0,2.0,2.0,Junction,Exact,,5.0,,444.0,6.0,,6
2006,August,Sunday,Night,Light,Front to side collision,0.0,0.0,5.0,0.0,2.0,2.0,1.0,5.0,2.0,2.0,Junction,Exact,,1.0,,443.0,6.0,,6
2006,January,Friday,Night,Light,Front to side collision,0.0,0.0,2.0,0.0,0.0,2.0,0.0,2.0,2.0,2.0,Junction,Exact,,6.0,,471.0,,,6
2006,January,Thursday,Night,Severe,Front to side collision,0.0,1.0,3.0,0.0,0.0,4.0,0.0,4.0,2.0,2.0,Junction,Exact,,6.0,,5505.0,,,6
2006,May,Tuesday,Day,Light,Front to side collision,0.0,0.0,1.0,0.0,0.0,1.0,0.0,1.0,2.0,2.0,Junction,Exact,,6.0,,471.0,,,6
2006,January,Sunday,Day,Light,Front to rear collision,0.0,0.0,4.0,0.0,1.0,3.0,0.0,4.0,3.0,3.0,Junction,Exact,,6.0,,5505.0,,,6
2006,May,Tuesday,Day,Light,Front to rear collision,0.0,0.0,2.0,0.0,0.0,2.0,0.0,2.0,2.0,2.0,Junction,Exact,,1.0,,443.0,6.0,,6
2006,December,Wednesday,Day,Light,Front to side collision,0.0,0.0,1.0,0.0,0.0,1.0,0.0,1.0,2.0,2.0,Junction,Exact,,6.0,,65.0,,,6
2006,June,Friday,Day,Light,Front to side collision,0.0,0.0,2.0,0.0,0.0,2.0,0.0,2.0,2.0,2.0,Junction,Exact,,6.0,,672.0,,,6
2006,January,Sunday,Day,Light,Front to side collision,0.0,0.0,1.0,0.0,0.0,1.0,0.0,1.0,3.0,3.0,Junction,Exact,,5.0,,444.0,6.0,,6
2006,November,Monday,Day,Light,Front to side collision,0.0,0.0,3.0,0.0,0.0,2.0,1.0,3.0,2.0,2.0,Junction,Exact,,6.0,,672.0,,,6
2006,April,Monday,Day,Light,Front to side collision,0.0,0.0,1.0,0.0,0.0,1.0,0.0,1.0,2.0,2.0,Junction,Exact,,5.0,,444.0,6.0,,6
2006,October,Thursday,Day,Light,Front to side collision,0.0,0.0,1.0,0.0,0.0,1.0,0.0,1.0,2.0,2.0,Junction,Exact,,6.0,,672.0,,,6
2006,September,Friday,Day,Light,Front to side collision,0.0,0.0,1.0,0.0,0.0,1.0,0.0,1.0,2.0,2.0,Junction,Exact,,6.0,,672.0,,,6
2006,April,Saturday,Day,Light,Front to side collision,0.0,0.0,3.0,0.0,1.0,2.0,0.0,3.0,2.0,2.0,Junction,Exact,,5.0,,444.0,6.0,,6
2006,May,Thursday,Day,Light,Front to side collision,0.0,0.0,1.0,0.0,0.0,1.0,0.0,1.0,2.0,2.0,Junction,Exact,,5.0,,444.0,6.0,,6
2006,March,Saturday,Day,Light,Front to side collision,0.0,0.0,1.0,0.0,0.0,1.0,0.0,1.0,2.0,2.0,Junction,Exact,,1.0,,6.0,,,6
2006,May,Wednesday,Day,Light,Front to rear collision,0.0,0.0,7.0,0.0,3.0,4.0,0.0,7.0,2.0,2.0,Junction,Exact,,6.0,,65.0,,,6
2006,October,Monday,Day,Severe,Roll over,0.0,1.0,4.0,0.0,4.0,1.0,0.0,5.0,2.0,2.0,Junction,Exact,,6.0,,65.0,,,6
2006,April,Thursday,Day,Light,Front to side collision,0.0,0.0,2.0,0.0,1.0,1.0,0.0,2.0,2.0,2.0,Junction,Exact,,6.0,,531.0,,,6
2006,November,Friday,Day,Light,Front to side collision,0.0,0.0,2.0,0.0,0.0,2.0,0.0,2.0,2.0,2.0,Junction,Exact,,1.0,,443.0,6.0,,6
2006,March,Sunday,Day,Light,Front to side collision,0.0,0.0,2.0,0.0,0.0,2.0,0.0,2.0,2.0,2.0,Junction,Exact,,6.0,,40.0,293.0,,6
2006,July,Sunday,Day,Light,Front to side collision,0.0,0.0,1.0,0.0,1.0,0.0,0.0,1.0,2.0,2.0,Junction,Exact,,6.0,,44.0,431.0,,6
2006,April,Monday,Day,Light,Front to side collision,0.0,0.0,4.0,0.0,2.0,2.0,0.0,4.0,2.0,2.0,Junction,Exact,,5.0,,444.0,6.0,,6
2006,January,Thursday,Day,Light,Front to side collision,0.0,0.0,1.0,0.0,0.0,1.0,0.0,1.0,2.0,2.0,Junction,Exact,,6.0,,672.0,,,6
2006,April,Tuesday,Day,Severe,Front to side collision,0.0,1.0,2.0,0.0,1.0,1.0,1.0,3.0,2.0,2.0,Junction,Exact,,6.0,,65.0,,,6
2006,July,Wednesday,Day,Light,Front to rear collision,0.0,0.0,1.0,0.0,0.0,0.0,1.0,1.0,2.0,2.0,Junction,Exact,,6.0,,57.0,,,6
2006,April,Thursday,Day,Light,Front to side collision,0.0,0.0,1.0,0.0,0.0,1.0,0.0,1.0,2.0,2.0,Junction,Exact,,3.0,,6.0,,,6
2006,November,Tuesday,Day,Light,Front to side collision,0.0,0.0,3.0,0.0,1.0,2.0,0.0,3.0,2.0,2.0,Junction,Exact,,6.0,,65.0,,,6
2006,August,Thursday,Day,Severe,Front to side collision,0.0,1.0,3.0,0.0,2.0,2.0,0.0,4.0,2.0,2.0,Junction,Exact,,6.0,,61.0,9.0,,6
2006,February,Tuesday,Day,Light,Side to side collision,0.0,0.0,1.0,0.0,1.0,0.0,0.0,1.0,2.0,2.0,Junction,Exact,,1.0,,443.0,6.0,,6
2006,October,Saturday,Day,Light,Front to rear collision,0.0,0.0,6.0,0.0,2.0,4.0,0.0,6.0,2.0,2.0,Junction,Exact,,1.0,,443.0,6.0,,6
2006,December,Thursday,Night,Severe,Roll over,0.0,1.0,1.0,0.0,0.0,2.0,0.0,2.0,1.0,1.0,Junction,Exact,,1.0,,443.0,6.0,,6
2006,March,Saturday,Day,Light,Front to rear collision,0.0,0.0,2.0,0.0,0.0,2.0,0.0,2.0,2.0,2.0,Junction,Exact,,5.0,,444.0,6.0,,6
2006,November,Wednesday,Night,Light,Front to side collision,0.0,0.0,2.0,0.0,0.0,2.0,0.0,2.0,2.0,2.0,Junction,Exact,,6.0,,531.0,,,6
2006,July,Tuesday,Day,Light,Front to side collision,0.0,0.0,8.0,0.0,6.0,2.0,0.0,8.0,2.0,2.0,Junction,Exact,,6.0,,672.0,,,6
2006,August,Thursday,Day,Light,Front to side collision,0.0,0.0,2.0,0.0,1.0,1.0,0.0,2.0,2.0,2.0,Junction,Exact,,6.0,,65.0,,,6
2006,August,Tuesday,Day,Severe,Other,0.0,1.0,0.0,0.0,0.0,1.0,0.0,1.0,2.0,2.0,Junction,Exact,,1.0,,6.0,,,6
2006,November,Sunday,Night,Light,Front to side collision,0.0,0.0,1.0,0.0,0.0,1.0,0.0,1.0,2.0,2.0,Junction,Exact,,6.0,,471.0,,,6
2006,February,Tuesday,Night,Light,Front to side collision,0.0,0.0,2.0,0.0,0.0,2.0,0.0,2.0,2.0,2.0,Junction,Exact,,5.0,,444.0,6.0,,6
2006,March,Tuesday,Night,Light,Front to side collision,0.0,0.0,4.0,0.0,0.0,4.0,0.0,4.0,2.0,2.0,Junction,Exact,,6.0,,672.0,,,6
2006,March,Friday,Night,Light,Front to rear collision,0.0,0.0,1.0,0.0,0.0,1.0,0.0,1.0,2.0,2.0,Junction,Exact,,5.0,,444.0,6.0,,6
2006,August,Thursday,Day,Light,Slip,0.0,0.0,1.0,0.0,0.0,1.0,0.0,1.0,1.0,1.0,Junction,Exact,,5.0,,444.0,6.0,,6
2006,February,Saturday,Night,Light,Front end collision,0.0,0.0,3.0,0.0,0.0,3.0,0.0,3.0,2.0,2.0,Junction,Exact,,6.0,,672.0,,,6
2006,August,Tuesday,Night,Light,Front to side collision,0.0,0.0,1.0,0.0,0.0,1.0,0.0,1.0,2.0,2.0,Junction,Exact,,6.0,,5505.0,,,6
2006,May,Saturday,Night,Light,Front to side collision,0.0,0.0,5.0,0.0,1.0,4.0,0.0,5.0,2.0,2.0,Junction,Exact,,6.0,,65.0,,,6
2006,September,Saturday,Night,Light,Front to rear collision,0.0,0.0,5.0,0.0,0.0,5.0,0.0,5.0,2.0,2.0,Junction,Exact,,6.0,,672.0,,,6
2006,October,Friday,Night,Severe,Front to side collision,0.0,1.0,4.0,0.0,2.0,3.0,0.0,5.0,2.0,2.0,Junction,Exact,,6.0,,57.0,,,6
2006,January,Sunday,Night,Light,Front to rear collision,0.0,0.0,6.0,0.0,4.0,2.0,0.0,6.0,2.0,2.0,Junction,Exact,,1.0,,443.0,6.0,,6
2006,January,Sunday,Night,Light,Front to side collision,0.0,0.0,2.0,0.0,0.0,2.0,0.0,2.0,2.0,2.0,Junction,Exact,,1.0,,443.0,6.0,,6
2006,January,Wednesday,Night,Light,Front to side collision,0.0,0.0,4.0,0.0,0.0,4.0,0.0,4.0,2.0,2.0,Junction,Exact,,6.0,,471.0,,,6
2006,September,Thursday,Night,Light,Front to side collision,0.0,0.0,2.0,0.0,0.0,2.0,0.0,2.0,2.0,2.0,Junction,Exact,,5.0,,444.0,6.0,,6
2006,October,Monday,Night,Light,Hit an object,0.0,0.0,2.0,0.0,0.0,2.0,0.0,2.0,1.0,1.0,Not junction,Exact,,6.0,103.8,,,,6
2006,September,Tuesday,Night,Severe,Hit an object,0.0,1.0,1.0,0.0,0.0,2.0,0.0,2.0,1.0,1.0,Not junction,Exact,,6.0,142.1,,,,6
2006,April,Sunday,Night,Light,Hit an object,0.0,0.0,3.0,0.0,1.0,2.0,0.0,3.0,1.0,1.0,Not junction,Exact,,6.0,152.1,,,,6
2006,November,Monday,Night,Fatal,Pedestrian,1.0,1.0,1.0,1.0,0.0,3.0,0.0,3.0,1.0,1.0,Not junction,Exact,,6.0,162.1,,,,6
2006,November,Friday,Night,Light,Hit an object,0.0,0.0,1.0,0.0,0.0,1.0,0.0,1.0,1.0,1.0,Not junction,Exact,,6.0,107.0,,,,6
2006,October,Sunday,Night,Severe,Side to side collision,0.0,1.0,5.0,0.0,0.0,6.0,0.0,6.0,2.0,2.0,Not junction,Exact,,6.0,204.9,,,,6
2006,December,Sunday,Day,Light,Front to side collision,0.0,0.0,1.0,0.0,0.0,0.0,0.0,1.0,2.0,2.0,Not junction,Exact,,6.0,161.2,,,,6
2006,December,Sunday,Day,Light,Front to rear collision,0.0,0.0,1.0,0.0,0.0,1.0,0.0,1.0,2.0,2.0,Not junction,Exact,,6.0,122.0,,,,6
2006,August,Sunday,Day,Light,Front to rear collision,0.0,0.0,2.0,0.0,0.0,2.0,0.0,2.0,2.0,2.0,Not junction,Exact,,6.0,155.1,,,,6
2006,December,Monday,Day,Light,Front to rear collision,0.0,0.0,3.0,0.0,0.0,3.0,0.0,3.0,3.0,3.0,Not junction,Exact,,6.0,130.7,,,,6
2006,December,Saturday,Day,Light,Hit an object,0.0,0.0,5.0,0.0,2.0,3.0,0.0,5.0,1.0,1.0,Not junction,Exact,,6.0,155.2,,,,6
2006,December,Tuesday,Day,Light,Front to side collision,0.0,0.0,4.0,0.0,0.0,3.0,1.0,4.0,2.0,2.0,Not junction,Exact,,6.0,214.8,,,,6
2006,May,Tuesday,Day,Fatal,Roll over,1.0,0.0,1.0,0.0,0.0,2.0,0.0,2.0,1.0,1.0,Not junction,Exact,,6.0,127.3,,,,6
2006,June,Thursday,Day,Fatal,Collision with stopped vehicle,1.0,0.0,0.0,0.0,0.0,1.0,0.0,1.0,2.0,2.0,Not junction,Exact,,6.0,132.2,,,,6
2006,March,Sunday,Day,Light,Roll over,0.0,0.0,9.0,0.0,3.0,6.0,0.0,9.0,1.0,1.0,Not junction,Exact,,6.0,135.7,,,,6
2006,July,Thursday,Day,Fatal,Front to rear collision,1.0,0.0,3.0,0.0,0.0,4.0,0.0,4.0,2.0,2.0,Not junction,Exact,,6.0,152.3,,,,6
2006,December,Monday,Day,Light,Hit an object,0.0,0.0,1.0,0.0,0.0,1.0,0.0,1.0,2.0,2.0,Not junction,Exact,,6.0,160.0,,,,6
2006,November,Tuesday,Day,Light,Roll over,0.0,0.0,1.0,0.0,0.0,1.0,0.0,1.0,1.0,1.0,Not junction,Exact,,6.0,103.4,,,,6
2006,April,Sunday,Day,Light,Front to rear collision,0.0,0.0,2.0,0.0,0.0,2.0,0.0,2.0,2.0,2.0,Not junction,Exact,,6.0,144.0,,,,6
2006,June,Sunday,Day,Light,Front to rear collision,0.0,0.0,1.0,0.0,0.0,1.0,0.0,1.0,2.0,2.0,Not junction,Exact,,6.0,126.1,,,,6
2006,June,Tuesday,Day,Light,Front to rear collision,0.0,0.0,4.0,0.0,1.0,3.0,0.0,4.0,2.0,2.0,Not junction,Exact,,6.0,158.7,,,,6
2006,December,Monday,Day,Light,Hit an object,0.0,0.0,1.0,0.0,0.0,1.0,0.0,1.0,1.0,1.0,Not junction,Exact,,6.0,155.0,,,,6
2006,December,Thursday,Day,Fatal,Front to side collision,1.0,1.0,0.0,0.0,0.0,1.0,1.0,2.0,2.0,2.0,Not junction,Exact,,6.0,202.3,,,,6
2006,June,Thursday,Day,Light,Front to rear collision,0.0,0.0,6.0,0.0,0.0,3.0,3.0,6.0,3.0,3.0,Not junction,Exact,,6.0,214.0,,,,6
2006,February,Thursday,Day,Fatal,Hit an object,1.0,0.0,0.0,0.0,0.0,1.0,0.0,1.0,1.0,1.0,Not junction,Exact,,6.0,142.5,,,,6
2006,September,Monday,Day,Severe,Hit an object,0.0,1.0,0.0,0.0,0.0,1.0,0.0,1.0,1.0,1.0,Not junction,Exact,,6.0,136.2,,,,6
2006,February,Saturday,Day,Light,Front to side collision,0.0,0.0,2.0,0.0,0.0,2.0,0.0,2.0,2.0,2.0,Not junction,Exact,,6.0,101.0,,,,6
2006,June,Sunday,Day,Light,Side to side collision,0.0,0.0,1.0,0.0,0.0,1.0,0.0,1.0,2.0,2.0,Not junction,Exact,,6.0,207.7,,,,6
2006,January,Thursday,Day,Light,Roll over,0.0,0.0,1.0,0.0,0.0,1.0,0.0,1.0,1.0,1.0,Not junction,Exact,,6.0,128.1,,,,6
2006,July,Wednesday,Day,Light,Front to rear collision,0.0,0.0,2.0,0.0,0.0,2.0,0.0,2.0,3.0,3.0,Not junction,Exact,,6.0,173.0,,,,6
2006,August,Wednesday,Day,Light,Hit an object,0.0,0.0,1.0,0.0,0.0,1.0,0.0,1.0,1.0,1.0,Not junction,Exact,,6.0,122.0,,,,6
2006,August,Tuesday,Day,Light,Roll over,0.0,0.0,2.0,0.0,0.0,2.0,0.0,2.0,1.0,1.0,Not junction,Exact,,6.0,164.7,,,,6
2006,July,Sunday,Day,Light,Drive off road or on paveway,0.0,0.0,1.0,0.0,0.0,1.0,0.0,1.0,1.0,1.0,Not junction,Exact,,6.0,157.8,,,,6
2006,March,Saturday,Day,Light,Front to rear collision,0.0,0.0,7.0,0.0,3.0,4.0,0.0,7.0,2.0,2.0,Not junction,Exact,,6.0,181.6,,,,6
2006,December,Tuesday,Day,Light,Hit an object,0.0,0.0,1.0,0.0,0.0,1.0,0.0,1.0,1.0,1.0,Not junction,Exact,,6.0,142.0,,,,6
2006,October,Sunday,Day,Light,Front to rear collision,0.0,0.0,10.0,0.0,2.0,8.0,0.0,10.0,6.0,6.0,Not junction,Exact,,6.0,163.0,,,,6
2006,August,Thursday,Day,Light,Hit an object,0.0,0.0,1.0,0.0,0.0,1.0,0.0,1.0,1.0,1.0,Not junction,Exact,,6.0,110.1,,,,6
2006,October,Wednesday,Night,Light,Front to rear collision,0.0,0.0,3.0,0.0,0.0,1.0,2.0,3.0,4.0,4.0,Not junction,Exact,,6.0,141.7,,,,6
2006,June,Sunday,Day,Light,Hit an object,0.0,0.0,2.0,0.0,0.0,2.0,0.0,2.0,2.0,2.0,Not junction,Exact,,6.0,160.0,,,,6
2006,September,Monday,Day,Severe,Hit an object,0.0,1.0,0.0,0.0,0.0,1.0,0.0,1.0,1.0,1.0,Not junction,Exact,,6.0,110.1,,,,6
2006,November,Friday,Night,Severe,Roll over,0.0,2.0,1.0,0.0,0.0,3.0,0.0,3.0,1.0,1.0,Not junction,Exact,,6.0,133.3,,,,6
2006,May,Sunday,Day,Light,Hit a passenger within the vehicle,0.0,0.0,1.0,0.0,0.0,1.0,0.0,1.0,1.0,1.0,Not junction,Exact,,6.0,117.0,,,,6
2006,August,Thursday,Day,Light,Hit an object,0.0,0.0,1.0,0.0,0.0,1.0,0.0,1.0,1.0,1.0,Not junction,Exact,,6.0,110.1,,,,6
2006,March,Saturday,Night,Severe,Roll over,0.0,1.0,8.0,0.0,8.0,1.0,0.0,9.0,1.0,1.0,Not junction,Exact,,6.0,148.8,,,,6
2006,December,Thursday,Night,Light,Roll over,0.0,0.0,2.0,0.0,0.0,2.0,0.0,2.0,1.0,1.0,Not junction,Exact,,6.0,108.0,,,,6
2006,July,Wednesday,Day,Light,Slip,0.0,0.0,1.0,0.0,0.0,1.0,0.0,1.0,1.0,1.0,Not junction,Exact,,6.0,115.0,,,,6
2006,February,Thursday,Night,Light,Front to side collision,0.0,0.0,3.0,0.0,2.0,1.0,0.0,3.0,2.0,2.0,Not junction,Exact,,6.0,166.5,,,,6
2006,September,Tuesday,Night,Fatal,Pedestrian,1.0,0.0,1.0,1.0,0.0,2.0,0.0,2.0,1.0,1.0,Not junction,Exact,,6.0,161.5,,,,6
2006,March,Monday,Night,Light,Collision with stopped vehicle,0.0,0.0,1.0,0.0,0.0,1.0,0.0,1.0,3.0,3.0,Not junction,Exact,,6.0,150.7,,,,6
2006,February,Thursday,Night,Light,Side to side collision,0.0,0.0,1.0,0.0,0.0,1.0,0.0,1.0,2.0,2.0,Not junction,Exact,,6.0,138.1,,,,6
2006,June,Thursday,Night,Light,Side to side collision,0.0,0.0,3.0,0.0,0.0,3.0,0.0,3.0,2.0,2.0,Not junction,Exact,,6.0,122.1,,,,6
2006,March,Friday,Night,Light,Hit an object,0.0,0.0,1.0,0.0,0.0,1.0,0.0,1.0,1.0,1.0,Not junction,Exact,,6.0,101.0,,,,6
2006,March,Wednesday,Night,Light,Hit an object,0.0,0.0,1.0,0.0,0.0,1.0,0.0,1.0,1.0,1.0,Not junction,Exact,,6.0,213.1,,,,6
2006,October,Sunday,Night,Light,Front to rear collision,0.0,0.0,2.0,0.0,0.0,2.0,0.0,2.0,2.0,2.0,Not junction,Exact,,6.0,115.6,,,,6
2006,June,Wednesday,Night,Light,Hit an object,0.0,0.0,1.0,0.0,0.0,1.0,0.0,1.0,1.0,1.0,Not junction,Exact,,6.0,105.8,,,,6
2007,January,Friday,Night,Light,Front to side collision,0.0,0.0,3.0,0.0,1.0,2.0,0.0,3.0,2.0,2.0,Junction,Exact,,1.0,,443.0,6.0,,6
2007,June,Thursday,Night,Light,Front to side collision,0.0,0.0,4.0,0.0,0.0,4.0,0.0,4.0,2.0,2.0,Junction,Exact,,6.0,,471.0,,,6
2007,October,Thursday,Night,Light,Front end collision,0.0,0.0,7.0,0.0,1.0,6.0,0.0,7.0,3.0,3.0,Junction,Exact,,5.0,,444.0,6.0,,6
2007,September,Friday,Night,Light,Front to side collision,0.0,0.0,4.0,0.0,0.0,4.0,0.0,4.0,2.0,2.0,Junction,Exact,,5.0,,444.0,6.0,,6
2007,December,Wednesday,Night,Light,Front to side collision,0.0,0.0,5.0,0.0,0.0,5.0,0.0,5.0,2.0,2.0,Junction,Exact,,5.0,,444.0,6.0,,6
2007,May,Sunday,Day,Light,Front to side collision,0.0,0.0,1.0,0.0,0.0,1.0,0.0,1.0,2.0,2.0,Junction,Exact,,6.0,,40.0,293.0,,6
2007,October,Wednesday,Day,Light,Front to rear collision,0.0,0.0,7.0,0.0,0.0,7.0,0.0,7.0,2.0,2.0,Junction,Exact,,6.0,,40.0,293.0,,6
2007,June,Thursday,Day,Light,Front to side collision,0.0,0.0,1.0,0.0,0.0,1.0,0.0,1.0,2.0,2.0,Junction,Exact,,6.0,,471.0,,,6
2007,October,Friday,Day,Severe,Pedestrian,0.0,1.0,0.0,1.0,0.0,1.0,0.0,1.0,1.0,1.0,Junction,Exact,,5.0,,444.0,6.0,,6
2007,January,Sunday,Day,Light,Front to rear collision,0.0,0.0,2.0,0.0,0.0,2.0,0.0,2.0,2.0,2.0,Junction,Exact,,3.0,,6.0,,,6
2007,April,Saturday,Day,Light,Front to side collision,0.0,0.0,1.0,0.0,0.0,1.0,0.0,1.0,2.0,2.0,Junction,Exact,,5.0,,444.0,6.0,,6
2007,August,Sunday,Day,Light,Front to side collision,0.0,0.0,2.0,0.0,0.0,2.0,0.0,2.0,2.0,2.0,Junction,Exact,,5.0,,444.0,6.0,,6
2007,June,Wednesday,Day,Light,Front to side collision,0.0,0.0,3.0,0.0,0.0,3.0,0.0,3.0,2.0,2.0,Junction,Exact,,5.0,,444.0,6.0,,6
2007,October,Friday,Day,Light,Front to side collision,0.0,0.0,1.0,0.0,0.0,1.0,0.0,1.0,2.0,2.0,Junction,Exact,,6.0,,40.0,325.0,,6
2007,February,Saturday,Day,Light,Front to side collision,0.0,0.0,3.0,0.0,0.0,3.0,0.0,3.0,3.0,3.0,Junction,Exact,,5.0,,444.0,6.0,,6
2007,August,Tuesday,Day,Light,Front to rear collision,0.0,0.0,2.0,0.0,0.0,2.0,0.0,2.0,4.0,4.0,Junction,Exact,,1.0,,443.0,6.0,,6
2007,October,Wednesday,Day,Light,Front to side collision,0.0,0.0,2.0,0.0,0.0,1.0,1.0,2.0,2.0,2.0,Junction,Exact,,6.0,,31.0,358.0,,6
2007,October,Tuesday,Day,Light,Front to side collision,0.0,0.0,4.0,0.0,1.0,1.0,2.0,4.0,3.0,3.0,Junction,Exact,,5.0,,444.0,6.0,,6
2007,May,Thursday,Day,Severe,Other,0.0,1.0,0.0,0.0,0.0,1.0,0.0,1.0,2.0,2.0,Junction,Exact,,5.0,,444.0,6.0,,6
2007,May,Monday,Day,Light,Front to side collision,0.0,0.0,1.0,0.0,0.0,1.0,0.0,1.0,2.0,2.0,Junction,Exact,,5.0,,444.0,6.0,,6
2007,April,Thursday,Day,Fatal,Pedestrian,1.0,0.0,2.0,1.0,0.0,3.0,0.0,3.0,1.0,1.0,Junction,Exact,,6.0,,40.0,325.0,,6
2007,May,Monday,Day,Light,Front to rear collision,0.0,0.0,1.0,0.0,0.0,1.0,0.0,1.0,2.0,2.0,Junction,Exact,,6.0,,5505.0,,,6
2007,November,Saturday,Night,Light,Front to side collision,0.0,0.0,3.0,0.0,0.0,3.0,0.0,3.0,3.0,3.0,Junction,Exact,,5.0,,444.0,6.0,,6
2007,February,Sunday,Night,Light,Front to rear collision,0.0,0.0,1.0,0.0,0.0,1.0,0.0,1.0,2.0,2.0,Junction,Exact,,5.0,,444.0,6.0,,6
2007,March,Friday,Night,Severe,Front to side collision,0.0,1.0,3.0,0.0,1.0,3.0,0.0,4.0,2.0,2.0,Junction,Exact,,6.0,,5505.0,,,6
2007,August,Wednesday,Night,Light,Front to side collision,0.0,0.0,1.0,0.0,0.0,1.0,0.0,1.0,2.0,2.0,Junction,Exact,,6.0,,40.0,293.0,,6
2007,June,Sunday,Night,Light,Front to side collision,0.0,0.0,1.0,0.0,0.0,1.0,0.0,1.0,2.0,2.0,Junction,Exact,,5.0,,444.0,6.0,,6
2007,October,Thursday,Night,Light,Front to side collision,0.0,0.0,3.0,0.0,1.0,2.0,0.0,3.0,2.0,2.0,Junction,Exact,,5.0,,444.0,6.0,,6
2007,November,Monday,Night,Light,Front to side collision,0.0,0.0,6.0,0.0,4.0,2.0,0.0,6.0,2.0,2.0,Junction,Exact,,6.0,,471.0,,,6
2007,February,Saturday,Night,Light,Front to side collision,0.0,0.0,5.0,0.0,2.0,3.0,0.0,5.0,2.0,2.0,Junction,Exact,,5.0,,444.0,6.0,,6
2007,September,Sunday,Night,Light,Front to rear collision,0.0,0.0,3.0,0.0,0.0,3.0,0.0,3.0,2.0,2.0,Junction,Exact,,6.0,,44.0,431.0,,6
2007,February,Friday,Night,Light,Hit an object,0.0,0.0,1.0,0.0,0.0,1.0,0.0,1.0,1.0,1.0,Junction,Exact,,5.0,,444.0,6.0,,6
2007,August,Thursday,Night,Severe,Front to rear collision,0.0,1.0,3.0,0.0,2.0,2.0,0.0,4.0,2.0,2.0,Not junction,Exact,,6.0,121.0,,,,6
2007,June,Tuesday,Night,Light,Hit an object,0.0,0.0,1.0,0.0,0.0,1.0,0.0,1.0,1.0,1.0,Not junction,Exact,,6.0,141.5,,,,6
2007,August,Friday,Night,Light,Roll over,0.0,0.0,1.0,0.0,1.0,0.0,0.0,1.0,1.0,1.0,Not junction,Exact,,6.0,157.2,,,,6
2007,April,Saturday,Night,Light,Hit an object,0.0,0.0,1.0,0.0,1.0,0.0,0.0,1.0,1.0,1.0,Not junction,Exact,,6.0,213.5,,,,6
2007,November,Friday,Night,Light,Roll over,0.0,0.0,1.0,0.0,0.0,1.0,0.0,1.0,1.0,1.0,Not junction,Exact,,6.0,118.7,,,,6
2007,January,Tuesday,Night,Fatal,Hit an object,1.0,0.0,0.0,0.0,1.0,0.0,0.0,1.0,1.0,1.0,Not junction,Exact,,6.0,139.2,,,,6
2007,November,Friday,Night,Severe,Front to rear collision,0.0,1.0,0.0,0.0,1.0,0.0,0.0,1.0,3.0,3.0,Not junction,Exact,,6.0,211.3,,,,6
2007,May,Thursday,Night,Fatal,Collision with stopped vehicle,1.0,0.0,0.0,0.0,0.0,1.0,0.0,1.0,2.0,2.0,Not junction,Exact,,6.0,184.2,,,,6
2007,September,Friday,Night,Light,Roll over,0.0,0.0,3.0,0.0,0.0,3.0,0.0,3.0,1.0,1.0,Not junction,Exact,,6.0,132.1,,,,6
2007,July,Saturday,Night,Light,Front to rear collision,0.0,0.0,7.0,0.0,3.0,4.0,0.0,7.0,2.0,2.0,Not junction,Exact,,6.0,211.4,,,,6
2007,December,Wednesday,Night,Light,Hit an object,0.0,0.0,1.0,0.0,0.0,1.0,0.0,1.0,1.0,1.0,Not junction,Exact,,6.0,156.0,,,,6
2007,August,Thursday,Night,Light,Roll over,0.0,0.0,2.0,0.0,0.0,2.0,0.0,2.0,1.0,1.0,Not junction,Exact,,6.0,140.1,,,,6
2007,June,Sunday,Day,Light,Front to rear collision,0.0,0.0,1.0,0.0,0.0,1.0,0.0,1.0,2.0,2.0,Not junction,Exact,,6.0,135.1,,,,6