year,month,day_of_week,day_night,accident_severity,accident_type,killed,severly_injured,lightly_injured,injured_pedestrians,casualties_ages_0-19,casualties_ages_20-64,casualties_ages_65_plus,total_casualties,vehicle_count,drivers,road_type,localization_quality,settlement,road1,location,road2,road3,road4,source_road
2007,December,Tuesday,Day,Severe,Other,0.0,4.0,0.0,0.0,0.0,4.0,0.0,4.0,1.0,1.0,Not junction,Exact,,6.0,157.1,,,,6
2007,May,Friday,Day,Light,Other,0.0,0.0,3.0,0.0,2.0,1.0,0.0,3.0,1.0,1.0,Not junction,Exact,,6.0,143.1,,,,6
2007,May,Monday,Day,Light,Hit an object,0.0,0.0,3.0,0.0,0.0,3.0,0.0,3.0,2.0,2.0,Not junction,Exact,,6.0,144.4,,,,6
2007,August,Thursday,Day,Light,Front to rear collision,0.0,0.0,6.0,0.0,1.0,5.0,0.0,6.0,2.0,2.0,Not junction,Exact,,6.0,115.5,,,,6
2007,January,Thursday,Day,Light,Front to rear collision,0.0,0.0,3.0,0.0,0.0,3.0,0.0,3.0,3.0,3.0,Not junction,Exact,,6.0,163.8,,,,6
2007,June,Tuesday,Day,Light,Roll over,0.0,0.0,3.0,0.0,0.0,3.0,0.0,3.0,1.0,1.0,Not junction,Exact,,6.0,137.5,,,,6
2007,December,Wednesday,Day,Light,Front to rear collision,0.0,0.0,1.0,0.0,0.0,1.0,0.0,1.0,2.0,2.0,Not junction,Exact,,6.0,150.3,,,,6
2007,November,Sunday,Day,Light,Front to rear collision,0.0,0.0,1.0,0.0,0.0,1.0,0.0,1.0,2.0,2.0,Not junction,Exact,,6.0,165.4,,,,6
2007,January,Thursday,Day,Light,Front to rear collision,0.0,0.0,1.0,0.0,1.0,0.0,0.0,1.0,4.0,4.0,Not junction,Exact,,6.0,123.5,,,,6
2007,May,Thursday,Day,Light,Front to rear collision,0.0,0.0,1.0,0.0,0.0,1.0,0.0,1.0,3.0,3.0,Not junction,Exact,,6.0,143.1,,,,6
2007,August,Saturday,Day,Light,Front to side collision,0.0,0.0,4.0,0.0,2.0,2.0,0.0,4.0,2.0,2.0,Not junction,Exact,,6.0,151.0,,,,6
2007,May,Sunday,Day,Light,Side to side collision,0.0,0.0,16.0,0.0,13.0,3.0,0.0,16.0,2.0,2.0,Not junction,Exact,,6.0,121.0,,,,6
2007,March,Monday,Day,Light,Front to rear collision,0.0,0.0,1.0,0.0,0.0,1.0,0.0,1.0,2.0,2.0,Not junction,Exact,,6.0,170.9,,,,6
2007,May,Sunday,Day,Severe,Front to rear collision,0.0,1.0,4.0,0.0,3.0,2.0,0.0,5.0,2.0,2.0,Not junction,Exact,,6.0,127.1,,,,6
2007,December,Saturday,Day,Severe,Roll over,0.0,1.0,2.0,0.0,1.0,2.0,0.0,3.0,1.0,1.0,Not junction,Exact,,6.0,175.1,,,,6
2007,August,Thursday,Day,Light,Roll over,0.0,0.0,1.0,0.0,0.0,1.0,0.0,1.0,1.0,1.0,Not junction,Exact,,6.0,155.1,,,,6
2007,October,Monday,Day,Light,Roll over,0.0,0.0,4.0,0.0,2.0,2.0,0.0,4.0,1.0,1.0,Not junction,Exact,,6.0,138.4,,,,6
2007,February,Saturday,Day,Light,Other,0.0,0.0,3.0,0.0,1.0,2.0,0.0,3.0,1.0,1.0,Not junction,Exact,,6.0,120.0,,,,6
2007,May,Tuesday,Day,Light,Front to rear collision,0.0,0.0,2.0,0.0,0.0,1.0,1.0,2.0,2.0,2.0,Not junction,Exact,,6.0,143.1,,,,6
2007,April,Sunday,Day,Light,Drive off road or on paveway,0.0,0.0,5.0,0.0,3.0,2.0,0.0,5.0,1.0,1.0,Not junction,Exact,,6.0,147.0,,,,6
2007,December,Thursday,Day,Light,Front to rear collision,0.0,0.0,8.0,0.0,1.0,7.0,0.0,8.0,3.0,3.0,Not junction,Exact,,6.0,210.1,,,,6
2007,December,Friday,Day,Light,Front to side collision,0.0,0.0,3.0,0.0,0.0,3.0,0.0,3.0,2.0,2.0,Not junction,Exact,,6.0,110.0,,,,6
2007,May,Tuesday,Day,Light,Side to side collision,0.0,0.0,2.0,0.0,0.0,2.0,0.0,2.0,2.0,2.0,Not junction,Exact,,6.0,137.2,,,,6
2007,February,Sunday,Day,Light,Front to rear collision,0.0,0.0,11.0,0.0,3.0,7.0,1.0,11.0,4.0,4.0,Not junction,Exact,,6.0,214.5,,,,6
2007,September,Wednesday,Day,Severe,Front to rear collision,0.0,2.0,11.0,0.0,9.0,4.0,0.0,13.0,2.0,2.0,Not junction,Exact,,6.0,136.0,,,,6
2007,February,Monday,Day,Light,Roll over,0.0,0.0,5.0,0.0,4.0,1.0,0.0,5.0,1.0,1.0,Not junction,Exact,,6.0,131.9,,,,6
2007,September,Wednesday,Day,Light,Front to rear collision,0.0,0.0,11.0,0.0,4.0,7.0,0.0,11.0,3.0,3.0,Not junction,Exact,,6.0,144.1,,,,6
2007,November,Tuesday,Day,Light,Hit an object,0.0,0.0,3.0,0.0,1.0,2.0,0.0,3.0,1.0,1.0,Not junction,Exact,,6.0,170.1,,,,6
2007,April,Saturday,Day,Fatal,Slip,1.0,3.0,1.0,0.0,0.0,4.0,1.0,5.0,1.0,1.0,Not junction,Exact,,6.0,106.5,,,,6
2007,July,Wednesday,Day,Light,Hit an object,0.0,0.0,2.0,0.0,0.0,2.0,0.0,2.0,1.0,1.0,Not junction,Exact,,6.0,178.2,,,,6
2007,July,Sunday,Day,Light,Front to rear collision,0.0,0.0,1.0,0.0,0.0,1.0,0.0,1.0,2.0,2.0,Not junction,Exact,,6.0,122.6,,,,6
2007,November,Tuesday,Day,Light,Front to rear collision,0.0,0.0,2.0,0.0,0.0,2.0,0.0,2.0,2.0,2.0,Not junction,Exact,,6.0,156.1,,,,6
2007,January,Tuesday,Day,Light,Roll over,0.0,0.0,1.0,0.0,0.0,1.0,0.0,1.0,1.0,1.0,Not junction,Exact,,6.0,133.0,,,,6
2007,September,Thursday,Day,Light,Hit an object,0.0,0.0,2.0,0.0,0.0,2.0,0.0,2.0,1.0,1.0,Not junction,Exact,,6.0,138.4,,,,6
2007,March,Thursday,Night,Light,Front to rear collision,0.0,0.0,1.0,0.0,0.0,1.0,0.0,1.0,3.0,3.0,Not junction,Exact,,6.0,115.6,,,,6
2007,January,Thursday,Night,Light,Front to rear collision,0.0,0.0,4.0,0.0,0.0,4.0,0.0,4.0,2.0,2.0,Not junction,Exact,,6.0,130.0,,,,6
2007,August,Sunday,Day,Light,Hit an object,0.0,0.0,5.0,0.0,3.0,2.0,0.0,5.0,1.0,1.0,Not junction,Exact,,6.0,157.0,,,,6
2007,February,Thursday,Night,Light,Front to rear collision,0.0,0.0,3.0,0.0,0.0,3.0,0.0,3.0,3.0,3.0,Not junction,Exact,,6.0,127.1,,,,6
2007,August,Thursday,Day,Severe,Roll over,0.0,3.0,4.0,0.0,0.0,7.0,0.0,7.0,1.0,1.0,Not junction,Exact,,6.0,178.3,,,,6
2007,May,Saturday,Night,Light,Hit an object,0.0,0.0,1.0,0.0,0.0,1.0,0.0,1.0,1.0,1.0,Not junction,Exact,,6.0,145.1,,,,6
2007,August,Monday,Night,Light,Roll over,0.0,0.0,1.0,0.0,0.0,1.0,0.0,1.0,1.0,1.0,Not junction,Exact,,6.0,104.6,,,,6
2007,January,Monday,Night,Light,Front to rear collision,0.0,0.0,1.0,0.0,0.0,1.0,0.0,1.0,2.0,2.0,Not junction,Exact,,6.0,211.6,,,,6
2007,November,Saturday,Night,Severe,Slip,0.0,1.0,0.0,0.0,0.0,1.0,0.0,1.0,1.0,1.0,Not junction,Exact,,6.0,174.2,,,,6
2007,September,Saturday,Night,Severe,Roll over,0.0,2.0,5.0,0.0,5.0,2.0,0.0,7.0,1.0,1.0,Not junction,Exact,,6.0,159.1,,,,6
2007,November,Saturday,Night,Light,Front to rear collision,0.0,0.0,2.0,0.0,0.0,2.0,0.0,2.0,5.0,5.0,Not junction,Exact,,6.0,183.0,,,,6
2007,October,Monday,Night,Light,Hit an object,0.0,0.0,3.0,0.0,0.0,3.0,0.0,3.0,1.0,1.0,Not junction,Exact,,6.0,135.1,,,,6
2008,May,Wednesday,Night,Light,Front to side collision,0.0,0.0,3.0,0.0,1.0,2.0,0.0,3.0,2.0,2.0,Junction,Exact,,5.0,,444.0,6.0,,6
2008,August,Friday,Night,Light,Hit an object,0.0,0.0,1.0,0.0,0.0,1.0,0.0,1.0,1.0,1.0,Junction,Exact,,6.0,,44.0,431.0,,6
2008,April,Thursday,Day,Light,Front to side collision,0.0,0.0,1.0,0.0,0.0,1.0,0.0,1.0,2.0,2.0,Junction,Exact,,6.0,,5505.0,,,6
2008,August,Friday,Day,Light,Front to side collision,0.0,0.0,1.0,0.0,0.0,1.0,0.0,1.0,2.0,2.0,Junction,Exact,,5.0,,444.0,6.0,,6
2008,April,Sunday,Day,Light,Front to side collision,0.0,0.0,1.0,0.0,0.0,1.0,0.0,1.0,2.0,2.0,Junction,Exact,,5.0,,444.0,6.0,,6
2008,July,Wednesday,Day,Light,Front to side collision,0.0,0.0,3.0,0.0,0.0,3.0,0.0,3.0,2.0,2.0,Junction,Exact,,6.0,,471.0,,,6
2008,April,Sunday,Day,Light,Front to rear collision,0.0,0.0,1.0,0.0,0.0,1.0,0.0,1.0,4.0,4.0,Junction,Exact,,5.0,,444.0,6.0,,6
2008,April,Sunday,Day,Light,Side to side collision,0.0,0.0,3.0,0.0,0.0,3.0,0.0,3.0,2.0,2.0,Junction,Exact,,6.0,,57.0,,,6
2008,July,Monday,Day,Light,Side to side collision,0.0,0.0,1.0,0.0,0.0,1.0,0.0,1.0,2.0,2.0,Junction,Exact,,6.0,,40.0,293.0,,6
2008,July,Wednesday,Day,Light,Front to side collision,0.0,0.0,1.0,0.0,0.0,1.0,0.0,1.0,2.0,2.0,Junction,Exact,,6.0,,57.0,,,6
2008,March,Sunday,Day,Light,Front to side collision,0.0,0.0,1.0,0.0,0.0,1.0,0.0,1.0,2.0,2.0,Junction,Exact,,5.0,,444.0,6.0,,6
2008,November,Thursday,Day,Light,Side to side collision,0.0,0.0,1.0,0.0,0.0,1.0,0.0,1.0,2.0,2.0,Junction,Exact,,6.0,,471.0,,,6
2008,January,Sunday,Day,Light,Front to side collision,0.0,0.0,1.0,0.0,0.0,1.0,0.0,1.0,2.0,2.0,Junction,Exact,,6.0,,471.0,,,6
2008,January,Thursday,Day,Light,Front to side collision,0.0,0.0,2.0,0.0,0.0,2.0,0.0,2.0,3.0,3.0,Junction,Exact,,5.0,,444.0,6.0,,6
2008,March,Tuesday,Day,Light,Front to side collision,0.0,0.0,2.0,0.0,0.0,2.0,0.0,2.0,2.0,2.0,Junction,Exact,,5.0,,444.0,6.0,,6
2008,February,Monday,Day,Light,Front to side collision,0.0,0.0,1.0,0.0,0.0,1.0,0.0,1.0,2.0,2.0,Junction,Exact,,1.0,,443.0,6.0,,6
2008,November,Saturday,Day,Light,Front to side collision,0.0,0.0,2.0,0.0,1.0,0.0,1.0,2.0,2.0,2.0,Junction,Exact,,6.0,,471.0,,,6
2008,August,Wednesday,Day,Light,Front to side collision,0.0,0.0,5.0,0.0,3.0,2.0,0.0,5.0,2.0,2.0,Junction,Exact,,5.0,,444.0,6.0,,6
2008,January,Tuesday,Day,Severe,Hit an object,0.0,1.0,0.0,0.0,0.0,1.0,0.0,1.0,1.0,1.0,Junction,Exact,,6.0,,65.0,,,6
2008,November,Tuesday,Day,Light,Slip,0.0,0.0,4.0,0.0,2.0,2.0,0.0,4.0,1.0,1.0,Junction,Exact,,3.0,,6.0,,,6
2008,January,Wednesday,Day,Light,Front to rear collision,0.0,0.0,5.0,0.0,0.0,5.0,0.0,5.0,2.0,2.0,Junction,Exact,,6.0,,65.0,,,6
2008,April,Monday,Day,Light,Front to side collision,0.0,0.0,1.0,0.0,0.0,1.0,0.0,1.0,2.0,2.0,Junction,Exact,,6.0,,5505.0,,,6
2008,November,Saturday,Day,Light,Front to side collision,0.0,0.0,6.0,0.0,4.0,2.0,0.0,6.0,2.0,2.0,Junction,Exact,,3.0,,6.0,,,6
2008,March,Wednesday,Day,Light,Front to rear collision,0.0,0.0,2.0,0.0,0.0,2.0,0.0,2.0,3.0,3.0,Junction,Exact,,1.0,,443.0,6.0,,6
2008,October,Saturday,Day,Fatal,Hit an object,1.0,3.0,0.0,0.0,4.0,0.0,0.0,4.0,1.0,1.0,Junction,Exact,,5.0,,444.0,6.0,,6
2008,June,Thursday,Day,Light,Front to side collision,0.0,0.0,1.0,0.0,0.0,1.0,0.0,1.0,2.0,2.0,Junction,Exact,,1.0,,443.0,6.0,,6
2008,March,Friday,Day,Light,Front to rear collision,0.0,0.0,8.0,0.0,4.0,4.0,0.0,8.0,2.0,2.0,Junction,Exact,,6.0,,65.0,,,6
2008,August,Monday,Day,Light,Front to side collision,0.0,0.0,1.0,0.0,0.0,1.0,0.0,1.0,2.0,2.0,Junction,Exact,,6.0,,40.0,293.0,,6
2008,January,Wednesday,Night,Light,Front to side collision,0.0,0.0,2.0,0.0,0.0,2.0,0.0,2.0,2.0,2.0,Junction,Exact,,5.0,,444.0,6.0,,6
2008,September,Monday,Night,Fatal,Front to side collision,1.0,0.0,3.0,0.0,0.0,4.0,0.0,4.0,2.0,2.0,Junction,Exact,,6.0,,57.0,,,6
2008,January,Saturday,Night,Light,Front to side collision,0.0,0.0,3.0,0.0,0.0,2.0,1.0,3.0,2.0,2.0,Junction,Exact,,6.0,,44.0,431.0,,6
2008,August,Sunday,Night,Fatal,Front to side collision,4.0,2.0,6.0,0.0,0.0,6.0,6.0,12.0,2.0,2.0,Not junction,Exact,,6.0,124.0,,,,6
2008,May,Friday,Night,Light,Front to rear collision,0.0,0.0,2.0,0.0,0.0,2.0,0.0,2.0,2.0,2.0,Not junction,Exact,,6.0,129.5,,,,6
2008,October,Wednesday,Night,Light,Hit an object,0.0,0.0,2.0,0.0,1.0,1.0,0.0,2.0,1.0,1.0,Not junction,Exact,,6.0,128.0,,,,6
2008,August,Monday,Night,Light,Roll over,0.0,0.0,6.0,0.0,2.0,4.0,0.0,6.0,2.0,2.0,Not junction,Exact,,6.0,163.5,,,,6
2008,August,Thursday,Night,Light,Front to rear collision,0.0,0.0,4.0,0.0,0.0,4.0,0.0,4.0,2.0,2.0,Not junction,Exact,,6.0,157.0,,,,6
2008,January,Saturday,Night,Light,Front to rear collision,0.0,0.0,1.0,0.0,0.0,1.0,0.0,1.0,2.0,2.0,Not junction,Exact,,6.0,201.8,,,,6
2008,June,Sunday,Night,Fatal,Roll over,1.0,0.0,0.0,0.0,0.0,1.0,0.0,1.0,1.0,1.0,Not junction,Exact,,6.0,126.0,,,,6
2008,March,Wednesday,Day,Light,Hit an object,0.0,0.0,5.0,0.0,1.0,4.0,0.0,5.0,1.0,1.0,Not junction,Exact,,6.0,149.9,,,,6
2008,September,Sunday,Night,Light,Roll over,0.0,0.0,7.0,0.0,4.0,3.0,0.0,7.0,1.0,1.0,Not junction,Exact,,6.0,159.1,,,,6
2008,February,Wednesday,Night,Severe,Front to rear collision,0.0,1.0,4.0,0.0,0.0,5.0,0.0,5.0,2.0,2.0,Not junction,Exact,,6.0,157.1,,,,6
2008,December,Tuesday,Day,Light,Front to rear collision,0.0,0.0,6.0,0.0,0.0,6.0,0.0,6.0,2.0,2.0,Not junction,Exact,,6.0,207.6,,,,6
2008,January,Wednesday,Day,Severe,Hit an object,0.0,1.0,0.0,0.0,0.0,1.0,0.0,1.0,1.0,1.0,Not junction,Exact,,6.0,140.1,,,,6
2008,March,Tuesday,Day,Light,Drive off road or on paveway,0.0,0.0,3.0,0.0,0.0,3.0,0.0,3.0,1.0,1.0,Not junction,Exact,,6.0,147.0,,,,6
2008,September,Wednesday,Day,Severe,Roll over,0.0,1.0,0.0,0.0,1.0,0.0,0.0,1.0,1.0,1.0,Not junction,Exact,,6.0,108.0,,,,6
2008,August,Wednesday,Day,Light,Front to rear collision,0.0,0.0,1.0,0.0,0.0,1.0,0.0,1.0,3.0,3.0,Not junction,Exact,,6.0,122.0,,,,6
2008,December,Saturday,Day,Light,Slip,0.0,0.0,1.0,0.0,0.0,1.0,0.0,1.0,2.0,2.0,Not junction,Exact,,6.0,111.0,,,,6
2008,January,Monday,Day,Light,Hit an object,0.0,0.0,1.0,0.0,0.0,1.0,0.0,1.0,1.0,1.0,Not junction,Exact,,6.0,136.0,,,,6
2008,March,Saturday,Day,Light,Side to side collision,0.0,0.0,4.0,0.0,2.0,2.0,0.0,4.0,2.0,2.0,Not junction,Exact,,6.0,135.4,,,,6
2008,December,Sunday,Day,Severe,Roll over,0.0,1.0,0.0,0.0,0.0,1.0,0.0,1.0,1.0,1.0,Not junction,Exact,,6.0,207.4,,,,6
2008,January,Monday,Day,Severe,Front to rear collision,0.0,1.0,1.0,0.0,0.0,0.0,2.0,2.0,2.0,2.0,Not junction,Exact,,6.0,135.8,,,,6
2008,December,Monday,Day,Light,Front to side collision,0.0,0.0,4.0,0.0,1.0,3.0,0.0,4.0,2.0,2.0,Not junction,Exact,,6.0,211.3,,,,6
2008,July,Saturday,Day,Light,Roll over,0.0,0.0,1.0,0.0,0.0,1.0,0.0,1.0,1.0,1.0,Not junction,Exact,,6.0,147.1,,,,6
2008,August,Friday,Day,Light,Front to rear collision,0.0,0.0,5.0,0.0,0.0,5.0,0.0,5.0,2.0,2.0,Not junction,Exact,,6.0,157.6,,,,6
2008,July,Friday,Day,Light,Front to rear collision,0.0,0.0,9.0,0.0,4.0,5.0,0.0,9.0,3.0,3.0,Not junction,Exact,,6.0,143.7,,,,6
2008,January,Saturday,Day,Light,Hit an object,0.0,0.0,2.0,0.0,0.0,2.0,0.0,2.0,1.0,1.0,Not junction,Exact,,6.0,122.0,,,,6
2008,September,Tuesday,Day,Light,Hit an object,0.0,0.0,1.0,0.0,0.0,0.0,0.0,1.0,1.0,1.0,Not junction,Exact,,6.0,123.0,,,,6
2008,April,Friday,Day,Light,Front to rear collision,0.0,0.0,10.0,0.0,4.0,6.0,0.0,10.0,2.0,2.0,Not junction,Exact,,6.0,181.4,,,,6
2008,April,Wednesday,Day,Light,Roll over,0.0,0.0,2.0,0.0,0.0,2.0,0.0,2.0,1.0,1.0,Not junction,Exact,,6.0,129.6,,,,6
2008,January,Thursday,Day,Light,Front to side collision,0.0,0.0,2.0,0.0,0.0,2.0,0.0,2.0,2.0,2.0,Not junction,Exact,,6.0,140.1,,,,6
2008,November,Sunday,Day,Light,Roll over,0.0,0.0,1.0,0.0,0.0,1.0,0.0,1.0,1.0,1.0,Not junction,Exact,,6.0,122.0,,,,6
2008,January,Thursday,Day,Light,Front to rear collision,0.0,0.0,1.0,0.0,0.0,1.0,0.0,1.0,4.0,4.0,Not junction,Exact,,6.0,165.0,,,,6
2008,December,Wednesday,Day,Fatal,Pedestrian,1.0,0.0,0.0,1.0,0.0,1.0,0.0,1.0,1.0,1.0,Not junction,Exact,,6.0,162.5,,,,6
2008,January,Sunday,Day,Severe,Pedestrian,0.0,1.0,1.0,1.0,1.0,1.0,0.0,2.0,1.0,1.0,Not junction,Exact,,6.0,214.8,,,,6
2008,August,Friday,Day,Light,Roll over,0.0,0.0,6.0,0.0,1.0,5.0,0.0,6.0,2.0,2.0,Not junction,Exact,,6.0,149.4,,,,6
2008,January,Wednesday,Night,Light,Front to rear collision,0.0,0.0,4.0,0.0,0.0,4.0,0.0,4.0,3.0,3.0,Not junction,Exact,,6.0,207.7,,,,6
2008,May,Saturday,Day,Light,Side to side collision,0.0,0.0,2.0,0.0,0.0,2.0,0.0,2.0,2.0,2.0,Not junction,Exact,,6.0,146.5,,,,6
2008,July,Tuesday,Day,Light,Roll over,0.0,0.0,6.0,0.0,0.0,6.0,0.0,6.0,2.0,2.0,Not junction,Exact,,6.0,164.2,,,,6
2008,December,Tuesday,Night,Fatal,Pedestrian,1.0,0.0,0.0,1.0,0.0,1.0,0.0,1.0,1.0,1.0,Not junction,Exact,,6.0,141.7,,,,6
2008,July,Thursday,Day,Light,Side to side collision,0.0,0.0,5.0,0.0,2.0,3.0,0.0,5.0,3.0,3.0,Not junction,Exact,,6.0,167.5,,,,6
2008,March,Saturday,Night,Light,Front to side collision,0.0,0.0,8.0,0.0,0.0,6.0,2.0,8.0,2.0,2.0,Not junction,Exact,,6.0,154.1,,,,6
2008,December,Wednesday,Night,Light,Hit an object,0.0,0.0,1.0,0.0,0.0,1.0,0.0,1.0,1.0,1.0,Not junction,Exact,,6.0,170.1,,,,6
2008,October,Sunday,Night,Severe,Roll over,0.0,1.0,1.0,0.0,1.0,1.0,0.0,2.0,1.0,1.0,Not junction,Exact,,6.0,175.0,,,,6
2008,December,Thursday,Night,Light,Front to rear collision,0.0,0.0,3.0,0.0,2.0,1.0,0.0,3.0,2.0,2.0,Not junction,Exact,,6.0,214.5,,,,6
2008,February,Saturday,Night,Light,Side to side collision,0.0,0.0,2.0,0.0,0.0,2.0,0.0,2.0,2.0,2.0,Not junction,Exact,,6.0,149.5,,,,6
2008,September,Thursday,Night,Light,Front to rear collision,0.0,0.0,1.0,0.0,0.0,1.0,0.0,1.0,2.0,2.0,Not junction,Exact,,6.0,134.5,,,,6
2008,November,Saturday,Night,Light,Hit an object,0.0,0.0,1.0,0.0,1.0,0.0,0.0,1.0,1.0,1.0,Not junction,Exact,,6.0,152.1,,,,6
2008,January,Tuesday,Night,Light,Slip,0.0,0.0,5.0,0.0,0.0,5.0,0.0,5.0,2.0,2.0,Not junction,Exact,,6.0,164.8,,,,6
2009,September,Thursday,Night,Light,Front to side collision,0.0,0.0,1.0,0.0,0.0,1.0,0.0,1.0,2.0,2.0,Junction,Exact,,1.0,,443.0,6.0,,6
2009,December,Friday,Night,Light,Slip,0.0,0.0,1.0,0.0,0.0,1.0,0.0,1.0,1.0,1.0,Junction,Exact,,5.0,,444.0,6.0,,6
2009,July,Friday,Night,Light,Front to side collision,0.0,0.0,1.0,0.0,0.0,1.0,0.0,1.0,2.0,2.0,Junction,Exact,,5.0,,444.0,6.0,,6
2009,November,Thursday,Night,Light,Slip,0.0,0.0,3.0,0.0,3.0,0.0,0.0,3.0,1.0,1.0,Junction,Exact,,5.0,,444.0,6.0,,6
2009,April,Sunday,Day,Light,Front to rear collision,0.0,0.0,1.0,0.0,0.0,1.0,0.0,1.0,2.0,2.0,Junction,Exact,,6.0,,531.0,,,6
2009,June,Thursday,Day,Light,Front to side collision,0.0,0.0,1.0,0.0,0.0,1.0,0.0,1.0,2.0,2.0,Junction,Exact,,6.0,,40.0,293.0,,6
2009,December,Thursday,Day,Light,Front to side collision,0.0,0.0,2.0,0.0,0.0,2.0,0.0,2.0,2.0,2.0,Junction,Exact,,6.0,,57.0,,,6
2009,January,Wednesday,Day,Light,Side to side collision,0.0,0.0,3.0,0.0,0.0,3.0,0.0,3.0,3.0,3.0,Junction,Exact,,6.0,,31.0,358.0,,6
2009,November,Friday,Day,Light,Front to side collision,0.0,0.0,1.0,0.0,0.0,0.0,1.0,1.0,2.0,2.0,Junction,Exact,,6.0,,7.0,,,6
2009,January,Monday,Day,Light,Front to side collision,0.0,0.0,1.0,0.0,0.0,1.0,0.0,1.0,2.0,2.0,Junction,Exact,,5.0,,444.0,6.0,,6
2009,December,Monday,Day,Light,Side to side collision,0.0,0.0,7.0,0.0,0.0,2.0,5.0,7.0,2.0,2.0,Junction,Exact,,1.0,,6.0,,,6
2009,October,Monday,Day,Light,Front to side collision,0.0,0.0,3.0,0.0,2.0,1.0,0.0,3.0,3.0,3.0,Junction,Exact,,6.0,,65.0,,,6
2009,July,Sunday,Day,Light,Slip,0.0,0.0,1.0,0.0,0.0,1.0,0.0,1.0,1.0,1.0,Junction,Exact,,6.0,,444.0,,,6
2009,October,Monday,Day,Light,Hit an object,0.0,0.0,1.0,0.0,0.0,1.0,0.0,1.0,1.0,1.0,Junction,Exact,,6.0,,444.0,,,6
2009,March,Friday,Day,Light,Roll over,0.0,0.0,1.0,0.0,0.0,0.0,1.0,1.0,1.0,1.0,Junction,Exact,,3.0,,6.0,,,6
2009,July,Sunday,Day,Light,Front to side collision,0.0,0.0,3.0,0.0,1.0,2.0,0.0,3.0,2.0,2.0,Junction,Exact,,6.0,,5505.0,,,6
2009,November,Friday,Day,Light,Front to side collision,0.0,0.0,1.0,0.0,0.0,1.0,0.0,1.0,2.0,2.0,Junction,Exact,,6.0,,471.0,,,6
2009,August,Tuesday,Day,Light,Other,0.0,0.0,1.0,0.0,0.0,0.0,0.0,1.0,1.0,1.0,Junction,Exact,,6.0,,44.0,431.0,,6
2009,March,Sunday,Day,Light,Slip,0.0,0.0,2.0,0.0,0.0,2.0,0.0,2.0,1.0,1.0,Junction,Exact,,6.0,,471.0,,,6
2009,November,Wednesday,Night,Light,Front to side collision,0.0,0.0,4.0,0.0,1.0,2.0,0.0,4.0,2.0,2.0,Junction,Exact,,1.0,,443.0,6.0,,6
2009,August,Sunday,Day,Light,Side to side collision,0.0,0.0,1.0,0.0,0.0,1.0,0.0,1.0,2.0,2.0,Junction,Exact,,5.0,,444.0,6.0,,6
2009,April,Tuesday,Day,Light,Other,0.0,0.0,1.0,0.0,0.0,1.0,0.0,1.0,4.0,4.0,Junction,Exact,,5.0,,444.0,6.0,,6
2009,April,Saturday,Day,Light,Front to side collision,0.0,0.0,1.0,0.0,0.0,1.0,0.0,1.0,2.0,2.0,Junction,Exact,,6.0,,40.0,325.0,,6
2009,April,Tuesday,Day,Light,Front to side collision,0.0,0.0,8.0,0.0,1.0,7.0,0.0,8.0,2.0,2.0,Junction,Exact,,6.0,,65.0,,,6
2009,October,Friday,Night,Light,Pedestrian,0.0,0.0,6.0,1.0,4.0,1.0,0.0,6.0,2.0,2.0,Junction,Exact,,5.0,,444.0,6.0,,6
2009,December,Tuesday,Night,Light,Front to side collision,0.0,0.0,4.0,0.0,0.0,4.0,0.0,4.0,2.0,2.0,Junction,Exact,,3.0,,6.0,,,6
2009,April,Monday,Day,Severe,Front to side collision,0.0,1.0,1.0,0.0,0.0,1.0,0.0,2.0,2.0,2.0,Junction,Exact,,6.0,,57.0,,,6
2009,August,Saturday,Day,Light,Front to rear collision,0.0,0.0,1.0,0.0,0.0,1.0,0.0,1.0,2.0,2.0,Junction,Exact,,6.0,,5505.0,,,6
2009,August,Tuesday,Day,Light,Front to rear collision,0.0,0.0,1.0,0.0,0.0,1.0,0.0,1.0,2.0,2.0,Junction,Exact,,6.0,,5505.0,,,6
2009,December,Wednesday,Night,Light,Front to side collision,0.0,0.0,2.0,0.0,0.0,0.0,0.0,2.0,2.0,2.0,Junction,Exact,,5.0,,444.0,6.0,,6
2009,November,Saturday,Night,Light,Front to side collision,0.0,0.0,3.0,0.0,0.0,3.0,0.0,3.0,3.0,3.0,Junction,Exact,,1.0,,443.0,6.0,,6
2009,March,Wednesday,Night,Severe,Front to side collision,0.0,1.0,2.0,0.0,2.0,1.0,0.0,3.0,2.0,2.0,Junction,Exact,,6.0,,31.0,358.0,,6
2009,May,Friday,Night,Light,Front to side collision,0.0,0.0,4.0,0.0,1.0,3.0,0.0,4.0,2.0,2.0,Junction,Exact,,5.0,,444.0,6.0,,6
2009,August,Monday,Night,Light,Front to rear collision,0.0,0.0,3.0,0.0,0.0,1.0,1.0,3.0,3.0,3.0,Not junction,Exact,,6.0,147.0,,,,6
2009,March,Thursday,Night,Light,Side to side collision,0.0,0.0,1.0,0.0,0.0,1.0,0.0,1.0,2.0,2.0,Not junction,Exact,,6.0,107.0,,,,6
2009,November,Tuesday,Night,Light,Slip,0.0,0.0,1.0,0.0,0.0,0.0,0.0,1.0,2.0,2.0,Not junction,Exact,,6.0,118.0,,,,6
2009,January,Wednesday,Night,Light,Front to rear collision,0.0,0.0,2.0,0.0,0.0,2.0,0.0,2.0,2.0,2.0,Not junction,Exact,,6.0,140.1,,,,6
2009,February,Monday,Night,Light,Pedestrian,0.0,0.0,1.0,1.0,0.0,1.0,0.0,1.0,1.0,1.0,Not junction,Exact,,6.0,175.0,,,,6
2009,October,Sunday,Night,Light,Roll over,0.0,0.0,1.0,0.0,1.0,0.0,0.0,1.0,1.0,1.0,Not junction,Exact,,6.0,113.2,,,,6