year,month,day_of_week,day_night,accident_severity,accident_type,killed,severly_injured,lightly_injured,injured_pedestrians,casualties_ages_0-19,casualties_ages_20-64,casualties_ages_65_plus,total_casualties,vehicle_count,drivers,road_type,localization_quality,settlement,road1,location,road2,road3,road4,source_road
2009,June,Sunday,Night,Fatal,Pedestrian,1.0,0.0,5.0,1.0,3.0,3.0,0.0,6.0,1.0,1.0,Not junction,Exact,,6.0,162.0,,,,6
2009,September,Wednesday,Night,Severe,Pedestrian,0.0,1.0,1.0,1.0,0.0,0.0,0.0,2.0,2.0,2.0,Not junction,Exact,,6.0,163.0,,,,6
2009,June,Sunday,Day,Severe,Hit an object,0.0,1.0,0.0,0.0,0.0,1.0,0.0,1.0,1.0,1.0,Not junction,Exact,,6.0,101.0,,,,6
2009,May,Sunday,Day,Light,Front to rear collision,0.0,0.0,6.0,0.0,0.0,5.0,0.0,6.0,2.0,2.0,Not junction,Exact,,6.0,140.0,,,,6
2009,August,Thursday,Day,Light,Hit an object,0.0,0.0,1.0,0.0,1.0,0.0,0.0,1.0,1.0,1.0,Not junction,Exact,,6.0,158.0,,,,6
2009,November,Friday,Day,Light,Roll over,0.0,0.0,1.0,0.0,0.0,1.0,0.0,1.0,1.0,1.0,Not junction,Exact,,6.0,150.0,,,,6
2009,May,Wednesday,Day,Fatal,Roll over,1.0,0.0,0.0,0.0,0.0,1.0,0.0,1.0,1.0,1.0,Not junction,Centered,,6.0,100.0,,,,6
2009,September,Saturday,Day,Light,Front end collision,0.0,0.0,1.0,0.0,0.0,1.0,0.0,1.0,2.0,2.0,Not junction,Exact,,6.0,201.6,,,,6
2009,February,Tuesday,Day,Light,Roll over,0.0,0.0,1.0,0.0,0.0,1.0,0.0,1.0,1.0,1.0,Not junction,Exact,,6.0,122.0,,,,6
2009,November,Wednesday,Day,Light,Hit an object,0.0,0.0,1.0,0.0,0.0,0.0,1.0,1.0,1.0,1.0,Not junction,Exact,,6.0,133.0,,,,6
2009,July,Wednesday,Day,Light,Front end collision,0.0,0.0,2.0,0.0,0.0,2.0,0.0,2.0,4.0,4.0,Not junction,Exact,,6.0,215.0,,,,6
2009,May,Thursday,Day,Severe,Front to rear collision,0.0,1.0,1.0,0.0,0.0,2.0,0.0,2.0,3.0,3.0,Not junction,Exact,,6.0,210.4,,,,6
2009,September,Thursday,Day,Fatal,Drive off road or on paveway,1.0,1.0,2.0,0.0,2.0,2.0,0.0,4.0,1.0,1.0,Not junction,Exact,,6.0,182.9,,,,6
2009,May,Saturday,Day,Light,Front to rear collision,0.0,0.0,5.0,0.0,2.0,2.0,0.0,5.0,2.0,2.0,Not junction,Exact,,6.0,155.0,,,,6
2009,September,Thursday,Day,Light,Hit an object,0.0,0.0,1.0,0.0,0.0,1.0,0.0,1.0,1.0,1.0,Not junction,Exact,,6.0,119.0,,,,6
2009,December,Tuesday,Day,Light,Front to side collision,0.0,0.0,3.0,0.0,1.0,2.0,0.0,3.0,2.0,2.0,Not junction,Exact,,6.0,214.8,,,,6
2009,December,Monday,Day,Fatal,Hit an object,1.0,0.0,0.0,0.0,0.0,1.0,0.0,1.0,2.0,2.0,Not junction,Exact,,6.0,77.2,,,,6
2009,September,Tuesday,Day,Light,Hit an object,0.0,0.0,2.0,0.0,0.0,2.0,0.0,2.0,1.0,1.0,Not junction,Exact,,6.0,141.0,,,,6
2009,March,Monday,Day,Fatal,Roll over,1.0,1.0,0.0,0.0,0.0,2.0,0.0,2.0,1.0,1.0,Not junction,Exact,,6.0,176.5,,,,6
2009,July,Monday,Day,Light,Front to rear collision,0.0,0.0,5.0,0.0,0.0,5.0,0.0,5.0,2.0,2.0,Not junction,Exact,,6.0,105.8,,,,6
2009,May,Monday,Day,Light,Hit an object,0.0,0.0,1.0,0.0,0.0,1.0,0.0,1.0,1.0,1.0,Not junction,Exact,,6.0,147.0,,,,6
2009,December,Friday,Day,Light,Slip,0.0,0.0,1.0,0.0,0.0,1.0,0.0,1.0,1.0,1.0,Not junction,Exact,,6.0,140.0,,,,6
2009,December,Sunday,Day,Light,Hit an object,0.0,0.0,1.0,0.0,0.0,1.0,0.0,1.0,1.0,1.0,Not junction,Exact,,6.0,114.6,,,,6
2009,December,Thursday,Day,Severe,Hit an object,0.0,1.0,3.0,0.0,2.0,2.0,0.0,4.0,2.0,2.0,Not junction,Exact,,6.0,116.5,,,,6
2009,March,Saturday,Day,Light,Hit an object,0.0,0.0,1.0,0.0,0.0,1.0,0.0,1.0,1.0,1.0,Not junction,Exact,,6.0,155.1,,,,6
2009,October,Thursday,Day,Severe,Side to side collision,0.0,1.0,0.0,0.0,0.0,1.0,0.0,1.0,2.0,2.0,Not junction,Centered,,6.0,100.0,,,,6
2009,November,Monday,Day,Light,Hit an object,0.0,0.0,1.0,0.0,0.0,1.0,0.0,1.0,1.0,1.0,Not junction,Exact,,6.0,139.0,,,,6
2009,January,Saturday,Day,Light,Hit an object,0.0,0.0,4.0,0.0,1.0,3.0,0.0,4.0,2.0,2.0,Not junction,Exact,,6.0,133.9,,,,6
2009,January,Sunday,Day,Light,Side to side collision,0.0,0.0,9.0,0.0,0.0,8.0,1.0,9.0,2.0,2.0,Not junction,Exact,,6.0,143.5,,,,6
2009,November,Saturday,Day,Light,Hit an object,0.0,0.0,5.0,0.0,3.0,2.0,0.0,5.0,1.0,1.0,Not junction,Exact,,6.0,163.0,,,,6
2009,May,Monday,Day,Light,Front to side collision,0.0,0.0,2.0,0.0,1.0,1.0,0.0,2.0,2.0,2.0,Not junction,Exact,,6.0,214.8,,,,6
2009,March,Sunday,Day,Light,Front to rear collision,0.0,0.0,1.0,0.0,0.0,1.0,0.0,1.0,2.0,2.0,Not junction,Exact,,6.0,140.0,,,,6
2009,April,Wednesday,Day,Severe,Collision with stopped vehicle,0.0,1.0,0.0,0.0,0.0,1.0,0.0,1.0,2.0,2.0,Not junction,Centered,,6.0,100.0,,,,6
2009,May,Monday,Day,Light,Hit an object,0.0,0.0,1.0,0.0,0.0,1.0,0.0,1.0,1.0,1.0,Not junction,Exact,,6.0,211.1,,,,6
2009,March,Friday,Day,Light,Roll over,0.0,0.0,1.0,0.0,0.0,1.0,0.0,1.0,1.0,1.0,Not junction,Exact,,6.0,142.7,,,,6
2009,July,Thursday,Day,Light,Hit an object,0.0,0.0,3.0,0.0,2.0,1.0,0.0,3.0,1.0,1.0,Not junction,Exact,,6.0,127.5,,,,6
2009,February,Sunday,Day,Light,Hit an object,0.0,0.0,3.0,0.0,0.0,3.0,0.0,3.0,1.0,1.0,Not junction,Exact,,6.0,101.0,,,,6
2009,November,Wednesday,Day,Light,Front to rear collision,0.0,0.0,1.0,0.0,0.0,1.0,0.0,1.0,3.0,3.0,Not junction,Exact,,6.0,140.0,,,,6
2009,February,Monday,Day,Light,Front to rear collision,0.0,0.0,6.0,0.0,0.0,6.0,0.0,6.0,2.0,2.0,Not junction,Exact,,6.0,161.1,,,,6
2009,October,Friday,Day,Light,Hit an object,0.0,0.0,2.0,0.0,0.0,2.0,0.0,2.0,1.0,1.0,Not junction,Exact,,6.0,136.0,,,,6
2009,October,Monday,Day,Light,Roll over,0.0,0.0,4.0,0.0,1.0,3.0,0.0,4.0,1.0,1.0,Not junction,Exact,,6.0,131.0,,,,6
2009,August,Saturday,Day,Light,Roll over,0.0,0.0,3.0,0.0,3.0,0.0,0.0,3.0,1.0,1.0,Not junction,Exact,,6.0,157.7,,,,6
2009,April,Friday,Day,Light,Hit an object,0.0,0.0,2.0,0.0,0.0,2.0,0.0,2.0,1.0,1.0,Not junction,Exact,,6.0,117.0,,,,6
2009,January,Thursday,Day,Light,Front to rear collision,0.0,0.0,7.0,0.0,1.0,4.0,2.0,7.0,3.0,3.0,Not junction,Exact,,6.0,137.1,,,,6
2009,June,Sunday,Day,Light,Hit an object,0.0,0.0,1.0,0.0,0.0,1.0,0.0,1.0,1.0,1.0,Not junction,Exact,,6.0,115.0,,,,6
2009,May,Thursday,Day,Light,Drive off road or on paveway,0.0,0.0,1.0,0.0,0.0,0.0,0.0,1.0,2.0,2.0,Not junction,Exact,,6.0,163.0,,,,6
2009,January,Thursday,Day,Light,Side to side collision,0.0,0.0,20.0,0.0,2.0,18.0,0.0,20.0,7.0,7.0,Not junction,Exact,,6.0,153.4,,,,6
2009,December,Thursday,Night,Light,Front to rear collision,0.0,0.0,3.0,0.0,0.0,0.0,1.0,3.0,2.0,2.0,Not junction,Exact,,6.0,126.0,,,,6
2009,December,Wednesday,Night,Light,Front to rear collision,0.0,0.0,3.0,0.0,0.0,3.0,0.0,3.0,4.0,4.0,Not junction,Exact,,6.0,153.0,,,,6
2009,August,Thursday,Day,Light,Front to rear collision,0.0,0.0,3.0,0.0,0.0,2.0,1.0,3.0,2.0,2.0,Not junction,Exact,,6.0,211.3,,,,6
2009,February,Tuesday,Night,Light,Pedestrian,0.0,0.0,1.0,1.0,0.0,1.0,0.0,1.0,2.0,2.0,Not junction,Exact,,6.0,134.0,,,,6
2009,February,Thursday,Night,Light,Front to rear collision,0.0,0.0,5.0,0.0,1.0,4.0,0.0,5.0,2.0,2.0,Not junction,Exact,,6.0,166.1,,,,6
2009,November,Monday,Night,Light,Hit an object,0.0,0.0,1.0,0.0,0.0,1.0,0.0,1.0,1.0,1.0,Not junction,Exact,,6.0,146.0,,,,6
2009,October,Tuesday,Night,Light,Roll over,0.0,0.0,5.0,0.0,2.0,3.0,0.0,5.0,1.0,1.0,Not junction,Exact,,6.0,123.0,,,,6
2009,August,Wednesday,Day,Light,Hit an object,0.0,0.0,5.0,0.0,3.0,2.0,0.0,5.0,1.0,1.0,Not junction,Exact,,6.0,157.0,,,,6
2009,October,Sunday,Night,Severe,Roll over,0.0,1.0,0.0,0.0,0.0,1.0,0.0,1.0,1.0,1.0,Not junction,Exact,,6.0,134.0,,,,6
2009,October,Saturday,Night,Light,Front to rear collision,0.0,0.0,13.0,0.0,5.0,8.0,0.0,13.0,5.0,5.0,Not junction,Centered,,6.0,100.0,,,,6
2009,November,Saturday,Night,Light,Roll over,0.0,0.0,1.0,0.0,0.0,1.0,0.0,1.0,1.0,1.0,Not junction,Exact,,6.0,92.1,,,,6
2009,June,Sunday,Day,Fatal,Roll over,1.0,0.0,0.0,0.0,0.0,1.0,0.0,1.0,1.0,1.0,Not junction,Centered,,6.0,100.0,,,,6
2009,December,Wednesday,Night,Light,Front to rear collision,0.0,0.0,3.0,0.0,0.0,2.0,0.0,3.0,3.0,3.0,Not junction,Exact,,6.0,122.0,,,,6
2009,February,Friday,Night,Light,Front to rear collision,0.0,0.0,1.0,0.0,0.0,1.0,0.0,1.0,2.0,2.0,Not junction,Exact,,6.0,167.0,,,,6
2009,August,Sunday,Night,Fatal,Pedestrian,2.0,0.0,0.0,2.0,0.0,2.0,0.0,2.0,1.0,1.0,Not junction,Exact,,6.0,202.3,,,,6
2009,July,Wednesday,Night,Light,Hit an object,0.0,0.0,1.0,0.0,0.0,1.0,0.0,1.0,1.0,1.0,Not junction,Exact,,6.0,122.0,,,,6
2009,July,Friday,Night,Fatal,Hit an object,1.0,1.0,1.0,0.0,1.0,0.0,0.0,3.0,1.0,1.0,Not junction,Exact,,6.0,167.0,,,,6
2009,November,Thursday,Night,Light,Front to rear collision,0.0,0.0,2.0,0.0,2.0,0.0,0.0,2.0,2.0,2.0,Not junction,Exact,,6.0,210.4,,,,6
2009,March,Tuesday,Night,Light,Hit an object,0.0,0.0,1.0,0.0,0.0,1.0,0.0,1.0,1.0,1.0,Not junction,Exact,,6.0,115.0,,,,6
2009,December,Saturday,Night,Light,Front to rear collision,0.0,0.0,5.0,0.0,4.0,1.0,0.0,5.0,2.0,2.0,Not junction,Exact,,6.0,182.3,,,,6
2009,December,Friday,Night,Light,Roll over,0.0,0.0,1.0,0.0,0.0,1.0,0.0,1.0,1.0,1.0,Not junction,Exact,,6.0,108.0,,,,6
2009,October,Sunday,Night,Severe,Roll over,0.0,1.0,4.0,0.0,3.0,2.0,0.0,5.0,1.0,1.0,Not junction,Exact,,6.0,178.8,,,,6
2010,August,Sunday,Night,Light,Front to side collision,0.0,0.0,3.0,0.0,0.0,2.0,1.0,3.0,2.0,2.0,Junction,Exact,,5.0,,444.0,6.0,,6
2010,May,Friday,Night,Fatal,Front to side collision,1.0,0.0,4.0,0.0,1.0,4.0,0.0,5.0,2.0,2.0,Junction,Exact,,6.0,,35.0,,,6
2010,August,Sunday,Night,Light,Front to side collision,0.0,0.0,3.0,0.0,0.0,2.0,1.0,3.0,2.0,2.0,Junction,Exact,,5.0,,444.0,6.0,,6
2010,March,Thursday,Night,Light,Roll over,0.0,0.0,1.0,0.0,0.0,1.0,0.0,1.0,1.0,1.0,Junction,Exact,,6.0,,7.0,,,6
2010,March,Friday,Night,Light,Front end collision,0.0,0.0,5.0,0.0,1.0,2.0,2.0,5.0,2.0,2.0,Junction,Exact,,6.0,,40.0,293.0,,6
2010,January,Friday,Night,Light,Front to side collision,0.0,0.0,1.0,0.0,0.0,1.0,0.0,1.0,2.0,2.0,Junction,Exact,,6.0,,44.0,431.0,,6
2010,October,Sunday,Day,Severe,Front to side collision,0.0,1.0,2.0,0.0,0.0,3.0,0.0,3.0,2.0,2.0,Junction,Exact,,6.0,,57.0,,,6
2010,December,Wednesday,Day,Light,Side to side collision,0.0,0.0,4.0,0.0,0.0,4.0,0.0,4.0,2.0,2.0,Junction,Exact,,6.0,,61.0,9.0,,6
2010,November,Monday,Day,Light,Front to side collision,0.0,0.0,4.0,0.0,2.0,2.0,0.0,4.0,2.0,2.0,Junction,Exact,,6.0,,444.0,,,6
2010,March,Sunday,Day,Light,Front to rear collision,0.0,0.0,1.0,0.0,0.0,1.0,0.0,1.0,2.0,2.0,Junction,Exact,,6.0,,44.0,431.0,,6
2010,September,Sunday,Day,Light,Front to side collision,0.0,0.0,1.0,0.0,0.0,0.0,1.0,1.0,2.0,2.0,Junction,Exact,,6.0,,31.0,358.0,,6
2010,April,Sunday,Day,Light,Front to side collision,0.0,0.0,1.0,0.0,0.0,1.0,0.0,1.0,2.0,2.0,Junction,Exact,,6.0,,31.0,358.0,,6
2010,May,Tuesday,Day,Light,Front to side collision,0.0,0.0,2.0,0.0,0.0,2.0,0.0,2.0,2.0,2.0,Junction,Exact,,6.0,,65.0,,,6
2010,January,Friday,Day,Light,Front to side collision,0.0,0.0,2.0,0.0,0.0,2.0,0.0,2.0,2.0,2.0,Junction,Exact,,6.0,,471.0,,,6
2010,May,Friday,Day,Light,Roll over,0.0,0.0,2.0,0.0,0.0,2.0,0.0,2.0,1.0,1.0,Junction,Exact,,6.0,,471.0,,,6
2010,April,Thursday,Day,Light,Front end collision,0.0,0.0,1.0,0.0,0.0,1.0,0.0,1.0,2.0,2.0,Junction,Exact,,6.0,,65.0,,,6
2010,September,Monday,Day,Light,Roll over,0.0,0.0,1.0,0.0,0.0,1.0,0.0,1.0,1.0,1.0,Junction,Exact,,5.0,,444.0,6.0,,6
2010,October,Saturday,Day,Light,Front to side collision,0.0,0.0,4.0,0.0,1.0,3.0,0.0,4.0,2.0,2.0,Junction,Exact,,6.0,,40.0,325.0,,6
2010,January,Sunday,Day,Light,Front to side collision,0.0,0.0,1.0,0.0,0.0,1.0,0.0,1.0,2.0,2.0,Junction,Exact,,6.0,,471.0,,,6
2010,March,Tuesday,Day,Light,Front to rear collision,0.0,0.0,5.0,0.0,2.0,3.0,0.0,5.0,2.0,2.0,Junction,Exact,,6.0,,65.0,,,6
2010,March,Tuesday,Day,Light,Front to rear collision,0.0,0.0,5.0,0.0,0.0,5.0,0.0,5.0,5.0,5.0,Junction,Exact,,6.0,,65.0,,,6
2010,September,Friday,Day,Light,Front to side collision,0.0,0.0,2.0,0.0,0.0,2.0,0.0,2.0,2.0,2.0,Junction,Exact,,6.0,,40.0,293.0,,6
2010,February,Sunday,Day,Light,Hit an object,0.0,0.0,1.0,0.0,0.0,1.0,0.0,1.0,1.0,1.0,Junction,Exact,,5.0,,444.0,6.0,,6
2010,December,Saturday,Night,Light,Front to side collision,0.0,0.0,2.0,0.0,0.0,2.0,0.0,2.0,2.0,2.0,Junction,Exact,,6.0,,35.0,,,6
2010,February,Thursday,Day,Light,Hit an object,0.0,0.0,2.0,0.0,0.0,2.0,0.0,2.0,1.0,1.0,Junction,Exact,,5.0,,444.0,6.0,,6
2010,August,Thursday,Day,Severe,Front to rear collision,0.0,2.0,1.0,0.0,1.0,2.0,0.0,3.0,2.0,2.0,Junction,Exact,,6.0,,65.0,,,6
2010,March,Saturday,Night,Severe,Front end collision,0.0,1.0,6.0,0.0,0.0,7.0,0.0,7.0,2.0,2.0,Junction,Exact,,6.0,,31.0,358.0,,6
2010,April,Tuesday,Day,Light,Front to side collision,0.0,0.0,1.0,0.0,0.0,1.0,0.0,1.0,2.0,2.0,Junction,Exact,,1.0,,6.0,,,6
2010,September,Friday,Day,Severe,Front to side collision,0.0,1.0,5.0,0.0,4.0,2.0,0.0,6.0,2.0,2.0,Junction,Exact,,5.0,,444.0,6.0,,6
2010,February,Saturday,Night,Fatal,Front to side collision,1.0,2.0,3.0,0.0,0.0,5.0,1.0,6.0,2.0,2.0,Junction,Exact,,6.0,,57.0,,,6
2010,October,Monday,Night,Light,Front to side collision,0.0,0.0,3.0,0.0,1.0,2.0,0.0,3.0,2.0,2.0,Junction,Exact,,6.0,,35.0,,,6
2010,May,Thursday,Night,Light,Front to side collision,0.0,0.0,6.0,0.0,0.0,4.0,2.0,6.0,3.0,3.0,Junction,Exact,,6.0,,40.0,325.0,,6
2010,March,Saturday,Night,Light,Front to side collision,0.0,0.0,9.0,0.0,2.0,7.0,0.0,9.0,2.0,2.0,Junction,Exact,,6.0,,57.0,,,6
2010,May,Tuesday,Night,Light,Front to side collision,0.0,0.0,1.0,0.0,0.0,1.0,0.0,1.0,2.0,2.0,Junction,Exact,,6.0,,531.0,,,6
2010,May,Sunday,Night,Light,Front to side collision,0.0,0.0,2.0,0.0,0.0,2.0,0.0,2.0,2.0,2.0,Junction,Exact,,5.0,,444.0,6.0,,6
2010,July,Monday,Night,Light,Front to side collision,0.0,0.0,4.0,0.0,0.0,4.0,0.0,4.0,3.0,3.0,Junction,Exact,,6.0,,44.0,431.0,,6
2010,August,Tuesday,Night,Light,Front to side collision,0.0,0.0,2.0,0.0,0.0,2.0,0.0,2.0,2.0,2.0,Junction,Exact,,5.0,,444.0,6.0,,6
2010,April,Wednesday,Night,Light,Front to rear collision,0.0,0.0,1.0,0.0,0.0,1.0,0.0,1.0,2.0,2.0,Not junction,Exact,,6.0,173.0,,,,6
2010,May,Monday,Night,Light,Front to rear collision,0.0,0.0,2.0,0.0,0.0,2.0,0.0,2.0,2.0,2.0,Not junction,Exact,,6.0,160.0,,,,6
2010,February,Friday,Night,Light,Hit an object,0.0,0.0,1.0,0.0,0.0,1.0,0.0,1.0,1.0,1.0,Not junction,Exact,,6.0,123.6,,,,6
2010,April,Thursday,Night,Light,Roll over,0.0,0.0,3.0,0.0,0.0,3.0,0.0,3.0,1.0,1.0,Not junction,Exact,,6.0,140.1,,,,6
2010,January,Monday,Night,Severe,Side to side collision,0.0,2.0,1.0,0.0,0.0,3.0,0.0,3.0,2.0,2.0,Not junction,Exact,,6.0,129.0,,,,6
2010,December,Sunday,Night,Fatal,Hit an object,1.0,4.0,0.0,0.0,3.0,2.0,0.0,5.0,1.0,1.0,Not junction,Exact,,6.0,143.2,,,,6
2010,May,Sunday,Night,Light,Roll over,0.0,0.0,1.0,0.0,0.0,1.0,0.0,1.0,1.0,1.0,Not junction,Exact,,6.0,131.0,,,,6
2010,March,Wednesday,Night,Severe,Front to rear collision,0.0,1.0,4.0,0.0,4.0,1.0,0.0,5.0,3.0,3.0,Not junction,Exact,,6.0,129.1,,,,6
2010,July,Friday,Night,Fatal,Hit an object,1.0,2.0,0.0,0.0,0.0,2.0,1.0,3.0,1.0,1.0,Not junction,Exact,,6.0,206.8,,,,6
2010,February,Monday,Night,Severe,Hit an object,0.0,3.0,2.0,0.0,4.0,1.0,0.0,5.0,1.0,1.0,Not junction,Exact,,6.0,206.2,,,,6
2010,June,Sunday,Night,Fatal,Drive off road or on paveway,1.0,1.0,0.0,0.0,0.0,2.0,0.0,2.0,1.0,1.0,Not junction,Exact,,6.0,138.0,,,,6
2010,March,Monday,Night,Light,Slip,0.0,0.0,1.0,0.0,0.0,1.0,0.0,1.0,1.0,1.0,Not junction,Exact,,6.0,136.0,,,,6
2010,February,Sunday,Night,Light,Drive off road or on paveway,0.0,0.0,4.0,0.0,1.0,3.0,0.0,4.0,1.0,1.0,Not junction,Exact,,6.0,133.0,,,,6
2010,July,Tuesday,Day,Severe,Roll over,0.0,6.0,0.0,0.0,3.0,3.0,0.0,6.0,1.0,1.0,Not junction,Exact,,6.0,183.1,,,,6
2010,February,Tuesday,Night,Light,Front to rear collision,0.0,0.0,7.0,0.0,0.0,7.0,0.0,7.0,3.0,3.0,Not junction,Exact,,6.0,205.4,,,,6
2010,December,Wednesday,Day,Severe,Collision with stopped vehicle,0.0,1.0,7.0,0.0,3.0,5.0,0.0,8.0,4.0,4.0,Not junction,Exact,,6.0,142.0,,,,6
2010,July,Wednesday,Day,Light,Roll over,0.0,0.0,1.0,0.0,0.0,1.0,0.0,1.0,1.0,1.0,Not junction,Exact,,6.0,210.3,,,,6
2010,May,Sunday,Day,Light,Side to side collision,0.0,0.0,2.0,0.0,0.0,2.0,0.0,2.0,3.0,3.0,Not junction,Exact,,6.0,110.0,,,,6
2010,July,Tuesday,Day,Light,Hit an object,0.0,0.0,2.0,0.0,0.0,2.0,0.0,2.0,1.0,1.0,Not junction,Exact,,6.0,160.0,,,,6
2010,July,Tuesday,Day,Light,Hit an object,0.0,0.0,2.0,0.0,0.0,2.0,0.0,2.0,1.0,1.0,Not junction,Exact,,6.0,160.0,,,,6
2010,March,Monday,Day,Light,Roll over,0.0,0.0,5.0,0.0,3.0,2.0,0.0,5.0,1.0,1.0,Not junction,Exact,,6.0,145.0,,,,6
2010,May,Thursday,Day,Light,Hit an object,0.0,0.0,1.0,0.0,0.0,1.0,0.0,1.0,1.0,1.0,Not junction,Exact,,6.0,145.0,,,,6
2010,January,Monday,Day,Light,Hit an object,0.0,0.0,1.0,0.0,0.0,1.0,0.0,1.0,1.0,1.0,Not junction,Exact,,6.0,142.0,,,,6
2010,March,Thursday,Day,Light,Front to rear collision,0.0,0.0,3.0,0.0,1.0,2.0,0.0,3.0,2.0,2.0,Not junction,Exact,,6.0,116.0,,,,6
2010,April,Saturday,Day,Fatal,Hit an object,1.0,0.0,0.0,0.0,0.0,1.0,0.0,1.0,1.0,1.0,Not junction,Exact,,6.0,141.0,,,,6
2010,January,Thursday,Day,Light,Front to rear collision,0.0,0.0,4.0,0.0,0.0,4.0,0.0,4.0,3.0,3.0,Not junction,Exact,,6.0,131.0,,,,6
2010,July,Tuesday,Day,Light,Front to rear collision,0.0,0.0,2.0,0.0,0.0,2.0,0.0,2.0,5.0,5.0,Not junction,Exact,,6.0,122.0,,,,6
2010,January,Thursday,Day,Light,Front to rear collision,0.0,0.0,4.0,0.0,1.0,3.0,0.0,4.0,3.0,3.0,Not junction,Exact,,6.0,132.0,,,,6
2010,December,Wednesday,Day,Light,Front to rear collision,0.0,0.0,4.0,0.0,0.0,4.0,0.0,4.0,3.0,3.0,Not junction,Exact,,6.0,126.0,,,,6
2010,July,Tuesday,Day,Fatal,Roll over,1.0,0.0,0.0,0.0,0.0,1.0,0.0,1.0,1.0,1.0,Not junction,Exact,,6.0,157.0,,,,6
2010,September,Wednesday,Day,Light,Hit an object,0.0,0.0,1.0,0.0,0.0,1.0,0.0,1.0,1.0,1.0,Not junction,Exact,,6.0,168.0,,,,6
2010,August,Sunday,Day,Severe,Pedestrian,0.0,1.0,0.0,1.0,0.0,1.0,0.0,1.0,1.0,1.0,Not junction,Exact,,6.0,214.6,,,,6
2010,March,Thursday,Day,Fatal,Roll over,1.0,2.0,1.0,0.0,2.0,2.0,0.0,4.0,1.0,1.0,Not junction,Exact,,6.0,126.0,,,,6
2010,June,Monday,Day,Light,Roll over,0.0,0.0,1.0,0.0,0.0,1.0,0.0,1.0,1.0,1.0,Not junction,Exact,,6.0,144.0,,,,6
2010,February,Tuesday,Day,Light,Drive off road or on paveway,0.0,0.0,1.0,0.0,1.0,0.0,0.0,1.0,1.0,1.0,Not junction,Exact,,6.0,150.9,,,,6
2010,March,Saturday,Day,Light,Drive off road or on paveway,0.0,0.0,5.0,0.0,2.0,3.0,0.0,5.0,1.0,1.0,Not junction,Exact,,6.0,153.0,,,,6
2010,September,Thursday,Day,Severe,Roll over,0.0,1.0,1.0,0.0,0.0,2.0,0.0,2.0,1.0,1.0,Not junction,Exact,,6.0,172.7,,,,6
2010,March,Monday,Day,Light,Hit an object,0.0,0.0,1.0,0.0,0.0,1.0,0.0,1.0,1.0,1.0,Not junction,Exact,,6.0,164.0,,,,6
2010,August,Sunday,Day,Severe,Hit an object,0.0,1.0,2.0,0.0,1.0,2.0,0.0,3.0,1.0,1.0,Not junction,Exact,,6.0,176.8,,,,6
2010,July,Monday,Day,Severe,Hit an object,0.0,1.0,0.0,0.0,0.0,0.0,1.0,1.0,1.0,1.0,Not junction,Exact,,6.0,174.8,,,,6
2010,April,Saturday,Day,Light,Drive off road or on paveway,0.0,0.0,1.0,0.0,0.0,1.0,0.0,1.0,1.0,1.0,Not junction,Exact,,6.0,145.0,,,,6
2010,February,Tuesday,Day,Light,Hit an object,0.0,0.0,1.0,0.0,0.0,1.0,0.0,1.0,1.0,1.0,Not junction,Exact,,6.0,119.5,,,,6
2010,January,Friday,Day,Light,Front to side collision,0.0,0.0,4.0,0.0,0.0,4.0,0.0,4.0,2.0,2.0,Not junction,Exact,,6.0,139.9,,,,6
2010,January,Monday,Day,Light,Side to side collision,0.0,0.0,2.0,0.0,0.0,0.0,2.0,2.0,2.0,2.0,Not junction,Exact,,6.0,130.0,,,,6
2010,April,Sunday,Day,Light,Collision with stopped vehicle,0.0,0.0,1.0,0.0,0.0,1.0,0.0,1.0,2.0,2.0,Not junction,Exact,,6.0,134.0,,,,6
2010,October,Saturday,Day,Light,Roll over,0.0,0.0,2.0,0.0,0.0,2.0,0.0,2.0,1.0,1.0,Not junction,Exact,,6.0,100.0,,,,6
2010,December,Tuesday,Day,Light,Roll over,0.0,0.0,2.0,0.0,0.0,2.0,0.0,2.0,3.0,3.0,Not junction,Exact,,6.0,128.0,,,,6
2010,August,Sunday,Day,Fatal,Pedestrian,1.0,0.0,0.0,1.0,0.0,1.0,0.0,1.0,2.0,2.0,Not junction,Exact,,6.0,76.0,,,,6
2010,July,Sunday,Day,Light,Side to side collision,0.0,0.0,1.0,0.0,0.0,1.0,0.0,1.0,2.0,2.0,Not junction,Exact,,6.0,122.0,,,,6
2010,April,Monday,Day,Light,Roll over,0.0,0.0,3.0,0.0,0.0,3.0,0.0,3.0,1.0,1.0,Not junction,Exact,,6.0,135.0,,,,6
2010,November,Friday,Day,Light,Hit an object,0.0,0.0,1.0,0.0,0.0,1.0,0.0,1.0,1.0,1.0,Not junction,Exact,,6.0,150.0,,,,6
2010,May,Thursday,Day,Light,Roll over,0.0,0.0,1.0,0.0,0.0,1.0,0.0,1.0,2.0,2.0,Not junction,Exact,,6.0,157.0,,,,6
2010,January,Friday,Day,Light,Front to rear collision,0.0,0.0,5.0,0.0,0.0,5.0,0.0,5.0,2.0,2.0,Not junction,Centered,,6.0,100.0,,,,6
2010,August,Monday,Day,Severe,Front to rear collision,0.0,1.0,1.0,0.0,0.0,2.0,0.0,2.0,2.0,2.0,Not junction,Exact,,6.0,132.0,,,,6
2010,December,Sunday,Day,Light,Front to rear collision,0.0,0.0,1.0,0.0,0.0,1.0,0.0,1.0,2.0,2.0,Not junction,Exact,,6.0,123.0,,,,6
2010,May,Monday,Day,Fatal,Front to rear collision,1.0,0.0,1.0,0.0,0.0,2.0,0.0,2.0,2.0,2.0,Not junction,Exact,,6.0,139.0,,,,6
2010,November,Friday,Day,Light,Hit an object,0.0,0.0,2.0,0.0,1.0,1.0,0.0,2.0,1.0,1.0,Not junction,Exact,,6.0,170.0,,,,6
2010,February,Wednesday,Day,Light,Hit an object,0.0,0.0,3.0,0.0,0.0,3.0,0.0,3.0,1.0,1.0,Not junction,Exact,,6.0,146.0,,,,6
2010,August,Friday,Day,Light,Hit an object,0.0,0.0,3.0,0.0,1.0,2.0,0.0,3.0,1.0,1.0,Not junction,Exact,,6.0,173.0,,,,6