year,month,day_of_week,day_night,accident_severity,accident_type,killed,severly_injured,lightly_injured,injured_pedestrians,casualties_ages_0-19,casualties_ages_20-64,casualties_ages_65_plus,total_casualties,vehicle_count,drivers,road_type,localization_quality,settlement,road1,location,road2,road3,road4,source_road
2010,August,Friday,Day,Light,Front to rear collision,0.0,0.0,5.0,0.0,1.0,1.0,3.0,5.0,3.0,3.0,Not junction,Exact,,6.0,172.1,,,,6
2010,July,Monday,Day,Light,Front to rear collision,0.0,0.0,4.0,0.0,1.0,2.0,1.0,4.0,3.0,3.0,Not junction,Exact,,6.0,210.0,,,,6
2010,October,Monday,Day,Severe,Front to rear collision,0.0,1.0,0.0,0.0,0.0,1.0,0.0,1.0,2.0,2.0,Not junction,Exact,,6.0,184.1,,,,6
2010,May,Sunday,Day,Light,Roll over,0.0,0.0,2.0,0.0,0.0,2.0,0.0,2.0,1.0,1.0,Not junction,Exact,,6.0,154.0,,,,6
2010,December,Tuesday,Day,Light,Slip,0.0,0.0,1.0,0.0,0.0,1.0,0.0,1.0,1.0,1.0,Not junction,Exact,,6.0,120.0,,,,6
2010,July,Thursday,Day,Light,Hit an object,0.0,0.0,16.0,0.0,4.0,11.0,1.0,16.0,1.0,1.0,Not junction,Exact,,6.0,101.0,,,,6
2010,November,Sunday,Day,Fatal,Front to rear collision,1.0,0.0,3.0,0.0,1.0,3.0,0.0,4.0,3.0,3.0,Not junction,Exact,,6.0,131.0,,,,6
2010,December,Wednesday,Night,Fatal,Front to rear collision,1.0,2.0,3.0,0.0,1.0,5.0,0.0,6.0,3.0,3.0,Not junction,Exact,,6.0,178.3,,,,6
2010,November,Thursday,Night,Light,Roll over,0.0,0.0,1.0,0.0,0.0,1.0,0.0,1.0,1.0,1.0,Not junction,Exact,,6.0,170.0,,,,6
2010,June,Wednesday,Day,Light,Hit an object,0.0,0.0,1.0,0.0,0.0,1.0,0.0,1.0,1.0,1.0,Not junction,Exact,,6.0,127.0,,,,6
2010,July,Saturday,Day,Light,Hit an object,0.0,0.0,4.0,0.0,0.0,4.0,0.0,4.0,1.0,1.0,Not junction,Exact,,6.0,152.0,,,,6
2010,November,Sunday,Night,Light,Hit an object,0.0,0.0,1.0,0.0,0.0,1.0,0.0,1.0,1.0,1.0,Not junction,Exact,,6.0,150.0,,,,6
2010,April,Wednesday,Day,Light,Other,0.0,0.0,8.0,0.0,0.0,8.0,0.0,8.0,4.0,4.0,Not junction,Exact,,6.0,155.0,,,,6
2010,November,Saturday,Night,Light,Front end collision,0.0,0.0,4.0,0.0,2.0,2.0,0.0,4.0,2.0,2.0,Not junction,Exact,,6.0,125.0,,,,6
2010,December,Wednesday,Night,Light,Front to rear collision,0.0,0.0,1.0,0.0,0.0,1.0,0.0,1.0,3.0,3.0,Not junction,Exact,,6.0,160.0,,,,6
2010,February,Sunday,Night,Light,Roll over,0.0,0.0,1.0,0.0,0.0,1.0,0.0,1.0,1.0,1.0,Not junction,Exact,,6.0,142.0,,,,6
2010,May,Tuesday,Night,Fatal,Pedestrian,1.0,0.0,1.0,1.0,0.0,2.0,0.0,2.0,1.0,1.0,Not junction,Exact,,6.0,73.3,,,,6
2010,May,Wednesday,Night,Light,Front to rear collision,0.0,0.0,6.0,0.0,2.0,4.0,0.0,6.0,2.0,2.0,Not junction,Exact,,6.0,120.0,,,,6
2010,February,Wednesday,Night,Light,Front to rear collision,0.0,0.0,8.0,0.0,3.0,5.0,0.0,8.0,2.0,2.0,Not junction,Exact,,6.0,180.3,,,,6
2010,May,Monday,Night,Light,Hit an object,0.0,0.0,1.0,0.0,0.0,1.0,0.0,1.0,1.0,1.0,Not junction,Exact,,6.0,137.0,,,,6
2010,March,Tuesday,Night,Light,Front to side collision,0.0,0.0,3.0,0.0,0.0,1.0,2.0,3.0,5.0,5.0,Not junction,Exact,,6.0,129.2,,,,6
2010,April,Wednesday,Night,Light,Front to rear collision,0.0,0.0,2.0,0.0,0.0,2.0,0.0,2.0,2.0,2.0,Not junction,Exact,,6.0,149.0,,,,6
2011,July,Friday,Night,Light,Front to side collision,0.0,0.0,4.0,0.0,0.0,4.0,0.0,4.0,3.0,3.0,Junction,Exact,,6.0,,444.0,,,6
2011,May,Wednesday,Night,Light,Front to side collision,0.0,0.0,3.0,0.0,0.0,3.0,0.0,3.0,2.0,2.0,Junction,Exact,,6.0,,40.0,293.0,,6
2011,May,Friday,Night,Light,Front to rear collision,0.0,0.0,1.0,0.0,0.0,1.0,0.0,1.0,3.0,3.0,Junction,Exact,,6.0,,44.0,431.0,,6
2011,March,Thursday,Day,Severe,Front to rear collision,0.0,2.0,3.0,0.0,1.0,4.0,0.0,5.0,3.0,3.0,Junction,Exact,,6.0,,40.0,293.0,,6
2011,January,Wednesday,Day,Light,Front to side collision,0.0,0.0,1.0,0.0,0.0,1.0,0.0,1.0,2.0,2.0,Junction,Exact,,6.0,,444.0,,,6
2011,May,Tuesday,Day,Fatal,Front to rear collision,1.0,0.0,25.0,0.0,1.0,22.0,3.0,26.0,2.0,2.0,Junction,Exact,,1.0,,443.0,6.0,,6
2011,August,Wednesday,Day,Severe,Front to side collision,0.0,1.0,3.0,0.0,2.0,2.0,0.0,4.0,3.0,3.0,Junction,Exact,,6.0,,471.0,,,6
2011,March,Thursday,Day,Light,Front to side collision,0.0,0.0,3.0,0.0,1.0,2.0,0.0,3.0,2.0,2.0,Junction,Exact,,6.0,,35.0,,,6
2011,May,Sunday,Day,Light,Front to side collision,0.0,0.0,1.0,0.0,0.0,1.0,0.0,1.0,2.0,2.0,Junction,Exact,,1.0,,443.0,6.0,,6
2011,January,Monday,Day,Severe,Front to side collision,0.0,2.0,4.0,0.0,1.0,5.0,0.0,6.0,2.0,2.0,Junction,Exact,,1.0,,443.0,6.0,,6
2011,September,Wednesday,Day,Light,Front to side collision,0.0,0.0,3.0,0.0,0.0,3.0,0.0,3.0,2.0,2.0,Junction,Exact,,6.0,,444.0,,,6
2011,August,Wednesday,Day,Light,Front to side collision,0.0,0.0,4.0,0.0,2.0,2.0,0.0,4.0,3.0,3.0,Junction,Exact,,6.0,,40.0,293.0,,6
2011,March,Monday,Day,Light,Front to side collision,0.0,0.0,1.0,0.0,0.0,1.0,0.0,1.0,2.0,2.0,Junction,Exact,,1.0,,443.0,6.0,,6
2011,February,Wednesday,Day,Light,Front to side collision,0.0,0.0,2.0,0.0,0.0,2.0,0.0,2.0,2.0,2.0,Junction,Exact,,6.0,,444.0,,,6
2011,July,Sunday,Day,Light,Front to side collision,0.0,0.0,4.0,0.0,2.0,2.0,0.0,4.0,2.0,2.0,Junction,Exact,,6.0,,57.0,,,6
2011,September,Wednesday,Day,Light,Front to side collision,0.0,0.0,1.0,0.0,0.0,1.0,0.0,1.0,2.0,2.0,Junction,Exact,,5.0,,444.0,6.0,,6
2011,April,Friday,Day,Light,Front to side collision,0.0,0.0,2.0,0.0,0.0,2.0,0.0,2.0,2.0,2.0,Junction,Exact,,6.0,,57.0,,,6
2011,November,Friday,Day,Light,Front to side collision,0.0,0.0,2.0,0.0,0.0,2.0,0.0,2.0,2.0,2.0,Junction,Exact,,6.0,,61.0,9.0,,6
2011,November,Tuesday,Day,Light,Roll over,0.0,0.0,1.0,0.0,0.0,1.0,0.0,1.0,1.0,1.0,Junction,Exact,,6.0,,7.0,,,6
2011,December,Sunday,Day,Light,Front to side collision,0.0,0.0,1.0,0.0,0.0,1.0,0.0,1.0,2.0,2.0,Junction,Exact,,6.0,,65.0,,,6
2011,November,Thursday,Night,Light,Front to side collision,0.0,0.0,1.0,0.0,0.0,1.0,0.0,1.0,2.0,2.0,Junction,Exact,,6.0,,35.0,,,6
2011,August,Wednesday,Day,Light,Front to side collision,0.0,0.0,4.0,0.0,1.0,3.0,0.0,4.0,2.0,2.0,Junction,Exact,,6.0,,444.0,,,6
2011,October,Wednesday,Night,Light,Front to side collision,0.0,0.0,2.0,0.0,0.0,1.0,1.0,2.0,2.0,2.0,Junction,Exact,,6.0,,65.0,,,6
2011,February,Monday,Night,Light,Front to side collision,0.0,0.0,1.0,0.0,0.0,1.0,0.0,1.0,2.0,2.0,Junction,Exact,,5.0,,444.0,6.0,,6
2011,February,Monday,Night,Light,Front to side collision,0.0,0.0,1.0,0.0,0.0,1.0,0.0,1.0,2.0,2.0,Junction,Exact,,5.0,,444.0,6.0,,6
2011,June,Thursday,Day,Light,Front to side collision,0.0,0.0,7.0,0.0,3.0,4.0,0.0,7.0,2.0,2.0,Junction,Exact,,6.0,,31.0,358.0,,6
2011,April,Thursday,Night,Light,Front to side collision,0.0,0.0,4.0,0.0,2.0,2.0,0.0,4.0,2.0,2.0,Junction,Exact,,6.0,,61.0,9.0,,6
2011,December,Saturday,Night,Light,Front to side collision,0.0,0.0,1.0,0.0,0.0,1.0,0.0,1.0,2.0,2.0,Junction,Exact,,6.0,,31.0,358.0,,6
2011,July,Thursday,Night,Light,Front to side collision,0.0,0.0,3.0,0.0,0.0,3.0,0.0,3.0,2.0,2.0,Junction,Exact,,6.0,,35.0,,,6
2011,March,Tuesday,Night,Light,Front to side collision,0.0,0.0,2.0,0.0,0.0,2.0,0.0,2.0,2.0,2.0,Junction,Exact,,6.0,,65.0,,,6
2011,April,Thursday,Night,Light,Front to side collision,0.0,0.0,8.0,0.0,6.0,2.0,0.0,8.0,2.0,2.0,Junction,Exact,,6.0,,44.0,431.0,,6
2011,May,Monday,Night,Light,Front to side collision,0.0,0.0,3.0,0.0,0.0,3.0,0.0,3.0,3.0,3.0,Junction,Exact,,5.0,,444.0,6.0,,6
2011,August,Saturday,Night,Light,Front to side collision,0.0,0.0,3.0,0.0,0.0,3.0,0.0,3.0,2.0,2.0,Junction,Exact,,1.0,,443.0,6.0,,6
2011,November,Wednesday,Night,Severe,Front to rear collision,0.0,1.0,3.0,0.0,0.0,4.0,0.0,4.0,3.0,3.0,Not junction,Exact,,6.0,187.0,,,,6
2011,December,Monday,Night,Severe,Front to rear collision,0.0,2.0,1.0,0.0,0.0,3.0,0.0,3.0,2.0,2.0,Not junction,Exact,,6.0,187.0,,,,6
2011,June,Thursday,Night,Light,Side to side collision,0.0,0.0,1.0,0.0,0.0,0.0,1.0,1.0,2.0,2.0,Not junction,Exact,,6.0,153.0,,,,6
2011,January,Monday,Night,Light,Other,0.0,0.0,3.0,0.0,0.0,3.0,0.0,3.0,5.0,5.0,Not junction,Exact,,6.0,143.0,,,,6
2011,April,Sunday,Night,Fatal,Pedestrian,1.0,0.0,1.0,1.0,1.0,1.0,0.0,2.0,1.0,1.0,Not junction,Exact,,6.0,78.0,,,,6
2011,August,Tuesday,Night,Light,Front to rear collision,0.0,0.0,5.0,0.0,2.0,3.0,0.0,5.0,2.0,2.0,Not junction,Exact,,6.0,190.1,,,,6
2011,May,Saturday,Night,Light,Front to side collision,0.0,0.0,2.0,0.0,0.0,2.0,0.0,2.0,2.0,2.0,Not junction,Exact,,6.0,76.0,,,,6
2011,June,Friday,Night,Light,Drive off road or on paveway,0.0,0.0,1.0,0.0,0.0,1.0,0.0,1.0,1.0,1.0,Not junction,Exact,,6.0,155.0,,,,6
2011,March,Thursday,Night,Severe,Front to rear collision,0.0,1.0,8.0,0.0,1.0,8.0,0.0,9.0,2.0,2.0,Not junction,Centered,,6.0,194.0,,,,6
2011,October,Thursday,Night,Light,Hit an object,0.0,0.0,1.0,0.0,0.0,1.0,0.0,1.0,1.0,1.0,Not junction,Exact,,6.0,171.0,,,,6
2011,May,Thursday,Night,Light,Roll over,0.0,0.0,1.0,0.0,0.0,1.0,0.0,1.0,1.0,1.0,Not junction,Exact,,6.0,105.0,,,,6
2011,August,Friday,Night,Light,Roll over,0.0,0.0,3.0,0.0,1.0,2.0,0.0,3.0,1.0,1.0,Not junction,Exact,,6.0,182.0,,,,6
2011,September,Tuesday,Night,Severe,Front to rear collision,0.0,1.0,0.0,0.0,0.0,1.0,0.0,1.0,3.0,3.0,Not junction,Exact,,6.0,176.0,,,,6
2011,April,Wednesday,Night,Fatal,Front to rear collision,1.0,1.0,0.0,0.0,0.0,2.0,0.0,2.0,2.0,2.0,Not junction,Exact,,6.0,211.6,,,,6
2011,February,Saturday,Night,Severe,Slip,0.0,1.0,1.0,0.0,0.0,2.0,0.0,2.0,1.0,1.0,Not junction,Exact,,6.0,162.0,,,,6
2011,August,Wednesday,Night,Light,Front to rear collision,0.0,0.0,6.0,0.0,2.0,4.0,0.0,6.0,4.0,4.0,Not junction,Exact,,6.0,193.0,,,,6
2011,October,Thursday,Night,Light,Roll over,0.0,0.0,1.0,0.0,0.0,1.0,0.0,1.0,1.0,1.0,Not junction,Exact,,6.0,174.0,,,,6
2011,June,Wednesday,Day,Light,Roll over,0.0,0.0,1.0,0.0,0.0,1.0,0.0,1.0,1.0,1.0,Not junction,Exact,,6.0,127.0,,,,6
2011,October,Tuesday,Night,Light,Roll over,0.0,0.0,1.0,0.0,0.0,1.0,0.0,1.0,1.0,1.0,Not junction,Exact,,6.0,142.0,,,,6
2011,May,Sunday,Day,Light,Front to rear collision,0.0,0.0,11.0,0.0,0.0,11.0,0.0,11.0,4.0,4.0,Not junction,Exact,,6.0,113.0,,,,6
2011,November,Thursday,Night,Fatal,Hit an object,1.0,0.0,0.0,0.0,1.0,0.0,0.0,1.0,1.0,1.0,Not junction,Exact,,6.0,176.0,,,,6
2011,August,Saturday,Day,Light,Hit an object,0.0,0.0,4.0,0.0,0.0,4.0,0.0,4.0,1.0,1.0,Not junction,Exact,,6.0,127.0,,,,6
2011,April,Sunday,Night,Light,Hit an object,0.0,0.0,2.0,0.0,0.0,2.0,0.0,2.0,1.0,1.0,Not junction,Exact,,6.0,153.0,,,,6
2011,August,Monday,Day,Fatal,Pedestrian,1.0,1.0,2.0,1.0,0.0,4.0,0.0,4.0,3.0,3.0,Not junction,Exact,,6.0,203.1,,,,6
2011,June,Thursday,Day,Light,Front to rear collision,0.0,0.0,5.0,0.0,0.0,5.0,0.0,5.0,2.0,2.0,Not junction,Exact,,6.0,135.0,,,,6
2011,June,Tuesday,Day,Light,Side to side collision,0.0,0.0,4.0,0.0,0.0,4.0,0.0,4.0,2.0,2.0,Not junction,Exact,,6.0,113.7,,,,6
2011,February,Sunday,Day,Severe,Hit an object,0.0,1.0,0.0,0.0,0.0,1.0,0.0,1.0,1.0,1.0,Not junction,Exact,,6.0,106.9,,,,6
2011,March,Thursday,Day,Light,Roll over,0.0,0.0,1.0,0.0,0.0,1.0,0.0,1.0,1.0,1.0,Not junction,Exact,,6.0,161.0,,,,6
2011,March,Thursday,Day,Light,Roll over,0.0,0.0,1.0,0.0,0.0,1.0,0.0,1.0,1.0,1.0,Not junction,Exact,,6.0,161.0,,,,6
2011,June,Tuesday,Day,Light,Front to rear collision,0.0,0.0,10.0,0.0,1.0,9.0,0.0,10.0,7.0,7.0,Not junction,Exact,,6.0,120.0,,,,6
2011,August,Tuesday,Day,Light,Hit an object,0.0,0.0,6.0,0.0,0.0,6.0,0.0,6.0,1.0,1.0,Not junction,Exact,,6.0,173.5,,,,6
2011,July,Wednesday,Day,Light,Drive off road or on paveway,0.0,0.0,1.0,0.0,0.0,1.0,0.0,1.0,1.0,1.0,Not junction,Exact,,6.0,150.0,,,,6
2011,December,Tuesday,Day,Light,Front to rear collision,0.0,0.0,4.0,0.0,0.0,4.0,0.0,4.0,3.0,3.0,Not junction,Exact,,6.0,140.0,,,,6
2011,March,Thursday,Day,Light,Front to rear collision,0.0,0.0,1.0,0.0,0.0,1.0,0.0,1.0,3.0,3.0,Not junction,Exact,,6.0,100.0,,,,6
2011,September,Thursday,Day,Light,Front to rear collision,0.0,0.0,5.0,0.0,1.0,4.0,0.0,5.0,5.0,5.0,Not junction,Exact,,6.0,138.0,,,,6
2011,May,Thursday,Day,Severe,Roll over,0.0,1.0,0.0,0.0,0.0,1.0,0.0,1.0,1.0,1.0,Not junction,Exact,,6.0,157.0,,,,6
2011,January,Sunday,Day,Light,Front to rear collision,0.0,0.0,5.0,0.0,1.0,4.0,0.0,5.0,3.0,3.0,Not junction,Exact,,6.0,128.0,,,,6
2011,April,Monday,Day,Light,Front to rear collision,0.0,0.0,1.0,0.0,0.0,1.0,0.0,1.0,2.0,2.0,Not junction,Exact,,6.0,129.0,,,,6
2011,February,Monday,Day,Light,Front to rear collision,0.0,0.0,4.0,0.0,0.0,4.0,0.0,4.0,5.0,5.0,Not junction,Exact,,6.0,131.0,,,,6
2011,June,Thursday,Day,Light,Front to rear collision,0.0,0.0,3.0,0.0,0.0,2.0,1.0,3.0,3.0,3.0,Not junction,Exact,,6.0,123.0,,,,6
2011,January,Monday,Day,Light,Front to rear collision,0.0,0.0,1.0,0.0,0.0,1.0,0.0,1.0,2.0,2.0,Not junction,Exact,,6.0,170.0,,,,6
2011,August,Thursday,Day,Light,Front to rear collision,0.0,0.0,5.0,0.0,1.0,4.0,0.0,5.0,2.0,2.0,Not junction,Exact,,6.0,203.9,,,,6
2011,March,Wednesday,Day,Light,Front to rear collision,0.0,0.0,5.0,0.0,0.0,4.0,1.0,5.0,7.0,7.0,Not junction,Exact,,6.0,134.0,,,,6
2011,October,Monday,Day,Light,Other,0.0,0.0,3.0,0.0,0.0,3.0,0.0,3.0,2.0,2.0,Not junction,Centered,,6.0,194.0,,,,6
2011,July,Tuesday,Day,Light,Front to rear collision,0.0,0.0,6.0,0.0,0.0,6.0,0.0,6.0,2.0,2.0,Not junction,Exact,,6.0,178.0,,,,6
2011,December,Friday,Day,Light,Slip,0.0,0.0,7.0,0.0,4.0,3.0,0.0,7.0,1.0,1.0,Not junction,Exact,,6.0,170.0,,,,6
2011,April,Thursday,Day,Light,Roll over,0.0,0.0,4.0,0.0,0.0,3.0,1.0,4.0,1.0,1.0,Not junction,Exact,,6.0,116.0,,,,6
2011,June,Monday,Day,Light,Front to side collision,0.0,0.0,1.0,0.0,0.0,1.0,0.0,1.0,3.0,3.0,Not junction,Exact,,6.0,132.0,,,,6
2011,January,Sunday,Day,Light,Other,0.0,0.0,2.0,0.0,0.0,2.0,0.0,2.0,1.0,1.0,Not junction,Exact,,6.0,99.0,,,,6
2011,January,Sunday,Day,Light,Other,0.0,0.0,2.0,0.0,0.0,2.0,0.0,2.0,1.0,1.0,Not junction,Exact,,6.0,99.0,,,,6
2011,April,Wednesday,Day,Light,Hit an object,0.0,0.0,1.0,0.0,1.0,0.0,0.0,1.0,1.0,1.0,Not junction,Exact,,6.0,165.0,,,,6
2011,February,Wednesday,Day,Light,Roll over,0.0,0.0,2.0,0.0,0.0,2.0,0.0,2.0,1.0,1.0,Not junction,Exact,,6.0,186.9,,,,6
2011,February,Sunday,Day,Light,Front to rear collision,0.0,0.0,2.0,0.0,0.0,2.0,0.0,2.0,6.0,6.0,Not junction,Exact,,6.0,147.0,,,,6
2011,September,Thursday,Day,Light,Side to side collision,0.0,0.0,5.0,0.0,1.0,4.0,0.0,5.0,2.0,2.0,Not junction,Exact,,6.0,184.8,,,,6
2011,July,Friday,Day,Light,Roll over,0.0,0.0,3.0,0.0,0.0,3.0,0.0,3.0,1.0,1.0,Not junction,Exact,,6.0,100.0,,,,6
2011,February,Friday,Day,Light,Hit an object,0.0,0.0,2.0,0.0,1.0,1.0,0.0,2.0,1.0,1.0,Not junction,Exact,,6.0,154.0,,,,6
2011,February,Friday,Day,Light,Hit an object,0.0,0.0,2.0,0.0,1.0,1.0,0.0,2.0,1.0,1.0,Not junction,Exact,,6.0,154.0,,,,6
2011,March,Friday,Day,Light,Roll over,0.0,0.0,2.0,0.0,0.0,2.0,0.0,2.0,1.0,1.0,Not junction,Exact,,6.0,129.0,,,,6
2011,August,Wednesday,Day,Light,Front to rear collision,0.0,0.0,3.0,0.0,1.0,2.0,0.0,3.0,5.0,5.0,Not junction,Exact,,6.0,214.2,,,,6
2011,March,Friday,Day,Severe,Roll over,0.0,1.0,1.0,0.0,0.0,2.0,0.0,2.0,1.0,1.0,Not junction,Exact,,6.0,210.6,,,,6
2011,January,Saturday,Day,Light,Slip,0.0,0.0,1.0,0.0,0.0,1.0,0.0,1.0,1.0,1.0,Not junction,Exact,,6.0,166.0,,,,6
2011,April,Saturday,Day,Fatal,Roll over,1.0,13.0,39.0,0.0,21.0,25.0,7.0,53.0,1.0,1.0,Not junction,Exact,,6.0,154.0,,,,6
2011,February,Monday,Day,Light,Front to rear collision,0.0,0.0,6.0,0.0,4.0,2.0,0.0,6.0,2.0,2.0,Not junction,Exact,,6.0,134.0,,,,6
2011,February,Monday,Day,Light,Front to rear collision,0.0,0.0,6.0,0.0,4.0,2.0,0.0,6.0,2.0,2.0,Not junction,Exact,,6.0,134.0,,,,6
2011,July,Sunday,Day,Severe,Hit an object,0.0,1.0,0.0,0.0,0.0,1.0,0.0,1.0,1.0,1.0,Not junction,Centered,,6.0,194.0,,,,6
2011,July,Friday,Day,Light,Front to rear collision,0.0,0.0,6.0,0.0,1.0,5.0,0.0,6.0,4.0,4.0,Not junction,Exact,,6.0,206.7,,,,6
2011,October,Monday,Day,Light,Side to side collision,0.0,0.0,1.0,0.0,0.0,1.0,0.0,1.0,2.0,2.0,Not junction,Exact,,6.0,123.0,,,,6
2011,April,Monday,Day,Light,Front to rear collision,0.0,0.0,4.0,0.0,0.0,4.0,0.0,4.0,4.0,4.0,Not junction,Exact,,6.0,125.0,,,,6
2011,August,Monday,Day,Light,Side to side collision,0.0,0.0,7.0,0.0,3.0,3.0,1.0,7.0,2.0,2.0,Not junction,Exact,,6.0,204.2,,,,6
2011,December,Monday,Day,Light,Collision with stopped vehicle,0.0,0.0,6.0,0.0,2.0,3.0,1.0,6.0,2.0,2.0,Not junction,Exact,,6.0,201.5,,,,6
2011,December,Friday,Day,Light,Front to side collision,0.0,0.0,4.0,0.0,1.0,3.0,0.0,4.0,2.0,2.0,Not junction,Exact,,6.0,85.8,,,,6
2011,June,Thursday,Day,Light,Other,0.0,0.0,1.0,0.0,0.0,1.0,0.0,1.0,1.0,1.0,Not junction,Exact,,6.0,171.0,,,,6
2011,September,Sunday,Day,Light,Other,0.0,0.0,2.0,0.0,0.0,2.0,0.0,2.0,1.0,1.0,Not junction,Exact,,6.0,176.0,,,,6
2011,February,Saturday,Day,Light,Side to side collision,0.0,0.0,5.0,0.0,1.0,4.0,0.0,5.0,2.0,2.0,Not junction,Exact,,6.0,172.0,,,,6
2011,July,Sunday,Day,Light,Front to rear collision,0.0,0.0,8.0,0.0,2.0,6.0,0.0,8.0,2.0,2.0,Not junction,Exact,,6.0,206.9,,,,6
2011,February,Monday,Day,Light,Roll over,0.0,0.0,7.0,0.0,2.0,5.0,0.0,7.0,1.0,1.0,Not junction,Exact,,6.0,189.0,,,,6
2011,February,Thursday,Day,Light,Front to rear collision,0.0,0.0,7.0,0.0,0.0,7.0,0.0,7.0,3.0,3.0,Not junction,Exact,,6.0,126.3,,,,6
2011,September,Sunday,Day,Light,Front to side collision,0.0,0.0,1.0,0.0,0.0,1.0,0.0,1.0,3.0,3.0,Not junction,Exact,,6.0,207.6,,,,6
2011,September,Tuesday,Day,Light,Hit an object,0.0,0.0,1.0,0.0,1.0,0.0,0.0,1.0,1.0,1.0,Not junction,Exact,,6.0,166.0,,,,6
2011,August,Sunday,Day,Light,Hit an object,0.0,0.0,4.0,0.0,1.0,3.0,0.0,4.0,1.0,1.0,Not junction,Exact,,6.0,178.0,,,,6
2011,April,Friday,Day,Light,Roll over,0.0,0.0,1.0,0.0,0.0,1.0,0.0,1.0,1.0,1.0,Not junction,Exact,,6.0,166.0,,,,6
2011,March,Friday,Day,Light,Hit an object,0.0,0.0,3.0,0.0,1.0,2.0,0.0,3.0,1.0,1.0,Not junction,Exact,,6.0,161.0,,,,6
2011,March,Friday,Day,Light,Hit an object,0.0,0.0,3.0,0.0,1.0,2.0,0.0,3.0,1.0,1.0,Not junction,Exact,,6.0,161.0,,,,6
2011,May,Monday,Day,Light,Front to rear collision,0.0,0.0,2.0,0.0,0.0,2.0,0.0,2.0,3.0,3.0,Not junction,Exact,,6.0,128.0,,,,6
2011,October,Sunday,Night,Light,Front to rear collision,0.0,0.0,1.0,0.0,0.0,1.0,0.0,1.0,5.0,5.0,Not junction,Exact,,6.0,127.0,,,,6
2011,June,Saturday,Day,Light,Front to side collision,0.0,0.0,5.0,0.0,2.0,3.0,0.0,5.0,3.0,3.0,Not junction,Exact,,6.0,86.0,,,,6
2011,October,Saturday,Night,Light,Front to rear collision,0.0,0.0,6.0,0.0,3.0,3.0,0.0,6.0,2.0,2.0,Not junction,Exact,,6.0,185.0,,,,6
2011,June,Wednesday,Day,Light,Roll over,0.0,0.0,6.0,0.0,4.0,2.0,0.0,6.0,1.0,1.0,Not junction,Exact,,6.0,168.0,,,,6
2011,May,Friday,Day,Light,Other,0.0,0.0,1.0,0.0,0.0,1.0,0.0,1.0,2.0,2.0,Not junction,Centered,,6.0,194.0,,,,6
2011,August,Thursday,Day,Light,Front to rear collision,0.0,0.0,8.0,0.0,3.0,4.0,1.0,8.0,4.0,4.0,Not junction,Exact,,6.0,115.0,,,,6
2011,September,Tuesday,Night,Light,Front to rear collision,0.0,0.0,1.0,0.0,0.0,1.0,0.0,1.0,4.0,4.0,Not junction,Exact,,6.0,122.0,,,,6
2011,January,Saturday,Night,Fatal,Front to side collision,1.0,0.0,2.0,0.0,0.0,3.0,0.0,3.0,3.0,3.0,Not junction,Exact,,6.0,147.0,,,,6
2011,June,Wednesday,Day,Severe,Front to rear collision,0.0,1.0,0.0,0.0,0.0,1.0,0.0,1.0,2.0,2.0,Not junction,Exact,,6.0,147.0,,,,6
2011,March,Thursday,Night,Light,Front to rear collision,0.0,0.0,1.0,0.0,0.0,1.0,0.0,1.0,2.0,2.0,Not junction,Exact,,6.0,161.0,,,,6
2011,March,Thursday,Night,Light,Front to rear collision,0.0,0.0,1.0,0.0,0.0,1.0,0.0,1.0,2.0,2.0,Not junction,Exact,,6.0,161.0,,,,6
2011,July,Sunday,Day,Light,Front to side collision,0.0,0.0,2.0,0.0,1.0,1.0,0.0,2.0,2.0,2.0,Not junction,Exact,,6.0,207.6,,,,6
2011,October,Thursday,Night,Light,Front to rear collision,0.0,0.0,5.0,0.0,2.0,3.0,0.0,5.0,2.0,2.0,Not junction,Exact,,6.0,190.0,,,,6
2011,May,Thursday,Night,Severe,Front to side collision,0.0,1.0,7.0,1.0,0.0,8.0,0.0,8.0,2.0,2.0,Not junction,Exact,,6.0,151.6,,,,6
2011,December,Tuesday,Night,Fatal,Front to rear collision,1.0,0.0,0.0,0.0,0.0,0.0,1.0,1.0,2.0,2.0,Not junction,Exact,,6.0,133.0,,,,6
2011,October,Monday,Night,Light,Hit an object,0.0,0.0,1.0,0.0,0.0,1.0,0.0,1.0,1.0,1.0,Not junction,Exact,,6.0,180.0,,,,6
2011,November,Monday,Night,Severe,Hit a passenger within the vehicle,0.0,1.0,0.0,0.0,0.0,1.0,0.0,1.0,1.0,1.0,Not junction,Exact,,6.0,113.0,,,,6
2011,August,Saturday,Night,Light,Other,0.0,0.0,6.0,0.0,0.0,6.0,0.0,6.0,1.0,1.0,Not junction,Exact,,6.0,170.0,,,,6
2011,January,Sunday,Night,Light,Front to rear collision,0.0,0.0,1.0,0.0,0.0,1.0,0.0,1.0,2.0,2.0,Not junction,Exact,,6.0,128.0,,,,6
2011,September,Friday,Night,Light,Hit an object,0.0,0.0,1.0,0.0,0.0,1.0,0.0,1.0,1.0,1.0,Not junction,Exact,,6.0,164.0,,,,6
2011,March,Monday,Night,Light,Collision with stopped vehicle,0.0,0.0,1.0,0.0,0.0,1.0,0.0,1.0,2.0,2.0,Not junction,Exact,,6.0,121.4,,,,6
2011,December,Sunday,Night,Light,Roll over,0.0,0.0,1.0,0.0,0.0,1.0,0.0,1.0,1.0,1.0,Not junction,Exact,,6.0,187.5,,,,6
2011,December,Tuesday,Night,Severe,Roll over,0.0,1.0,0.0,0.0,0.0,1.0,0.0,1.0,1.0,1.0,Not junction,Exact,,6.0,80.0,,,,6