year,month,day_of_week,day_night,accident_severity,accident_type,killed,severly_injured,lightly_injured,injured_pedestrians,casualties_ages_0-19,casualties_ages_20-64,casualties_ages_65_plus,total_casualties,vehicle_count,drivers,road_type,localization_quality,settlement,road1,location,road2,road3,road4,source_road
2013,April,Wednesday,Night,Severe,Front to side collision,0.0,1.0,1.0,0.0,0.0,2.0,0.0,2.0,2.0,2.0,Junction,Exact,,6.0,,471.0,,,6
2013,June,Tuesday,Night,Light,Roll over,0.0,0.0,3.0,0.0,1.0,2.0,0.0,3.0,1.0,1.0,Not junction,Exact,,6.0,180.0,,,,6
2013,November,Tuesday,Night,Light,Roll over,0.0,0.0,4.0,0.0,2.0,2.0,0.0,4.0,1.0,1.0,Not junction,Exact,,6.0,155.0,,,,6
2013,August,Friday,Night,Severe,Roll over,0.0,1.0,0.0,0.0,0.0,1.0,0.0,1.0,1.0,1.0,Not junction,Exact,,6.0,109.3,,,,6
2013,January,Sunday,Night,Light,Hit an object,0.0,0.0,1.0,0.0,0.0,1.0,0.0,1.0,1.0,1.0,Not junction,Exact,,6.0,192.0,,,,6
2013,May,Wednesday,Night,Light,Other,0.0,0.0,2.0,0.0,0.0,2.0,0.0,2.0,1.0,1.0,Not junction,Exact,,6.0,107.0,,,,6
2013,September,Monday,Night,Light,Hit an object,0.0,0.0,1.0,0.0,0.0,1.0,0.0,1.0,1.0,1.0,Not junction,Centered,,6.0,190.0,,,,6
2013,September,Saturday,Night,Severe,Roll over,0.0,1.0,0.0,0.0,0.0,1.0,0.0,1.0,1.0,1.0,Not junction,Exact,,6.0,140.0,,,,6
2013,April,Monday,Night,Light,Front to rear collision,0.0,0.0,4.0,0.0,0.0,4.0,0.0,4.0,3.0,3.0,Not junction,Exact,,6.0,137.0,,,,6
2013,May,Friday,Night,Light,Hit an object,0.0,0.0,3.0,0.0,0.0,3.0,0.0,3.0,1.0,1.0,Not junction,Exact,,6.0,178.0,,,,6
2013,June,Wednesday,Night,Light,Front to rear collision,0.0,0.0,1.0,0.0,0.0,1.0,0.0,1.0,2.0,2.0,Not junction,Exact,,6.0,136.0,,,,6
2013,October,Monday,Night,Severe,Front to rear collision,0.0,1.0,1.0,0.0,0.0,2.0,0.0,2.0,3.0,3.0,Not junction,Exact,,6.0,153.5,,,,6
2013,January,Wednesday,Night,Light,Front to rear collision,0.0,0.0,9.0,0.0,1.0,8.0,0.0,9.0,2.0,2.0,Not junction,Exact,,6.0,187.0,,,,6
2013,January,Thursday,Night,Fatal,Front to side collision,1.0,0.0,5.0,0.0,1.0,4.0,1.0,6.0,3.0,3.0,Not junction,Exact,,6.0,213.8,,,,6
2013,October,Sunday,Night,Light,Front to rear collision,0.0,0.0,5.0,0.0,0.0,5.0,0.0,5.0,2.0,2.0,Not junction,Exact,,6.0,180.0,,,,6
2013,July,Thursday,Day,Fatal,Front to rear collision,1.0,3.0,1.0,3.0,0.0,5.0,0.0,5.0,2.0,2.0,Not junction,Exact,,6.0,138.4,,,,6
2013,June,Sunday,Day,Light,Front to rear collision,0.0,0.0,4.0,0.0,0.0,4.0,0.0,4.0,2.0,2.0,Not junction,Exact,,6.0,174.5,,,,6
2013,October,Monday,Night,Light,Front to rear collision,0.0,0.0,6.0,0.0,1.0,5.0,0.0,6.0,2.0,2.0,Not junction,Exact,,6.0,175.0,,,,6
2013,November,Tuesday,Day,Light,Front to rear collision,0.0,0.0,4.0,0.0,0.0,4.0,0.0,4.0,4.0,4.0,Not junction,Exact,,6.0,185.0,,,,6
2013,August,Thursday,Day,Light,Side to side collision,0.0,0.0,2.0,0.0,0.0,2.0,0.0,2.0,2.0,2.0,Not junction,Exact,,6.0,155.0,,,,6
2013,February,Thursday,Night,Severe,Front to rear collision,0.0,1.0,1.0,0.0,0.0,2.0,0.0,2.0,2.0,2.0,Not junction,Exact,,6.0,129.1,,,,6
2013,July,Sunday,Day,Severe,Front to rear collision,0.0,1.0,1.0,1.0,0.0,1.0,0.0,2.0,3.0,3.0,Not junction,Exact,,6.0,137.0,,,,6
2013,May,Thursday,Day,Light,Front to rear collision,0.0,0.0,1.0,0.0,0.0,1.0,0.0,1.0,2.0,2.0,Not junction,Exact,,6.0,88.0,,,,6
2013,February,Tuesday,Day,Light,Front to rear collision,0.0,0.0,4.0,0.0,1.0,3.0,0.0,4.0,2.0,2.0,Not junction,Exact,,6.0,180.0,,,,6
2013,September,Sunday,Day,Light,Hit an object,0.0,0.0,1.0,0.0,0.0,1.0,0.0,1.0,1.0,1.0,Not junction,Exact,,6.0,156.0,,,,6
2013,March,Thursday,Day,Light,Roll over,0.0,0.0,1.0,0.0,0.0,1.0,0.0,1.0,1.0,1.0,Not junction,Exact,,6.0,80.0,,,,6
2013,May,Friday,Day,Severe,Roll over,0.0,1.0,2.0,0.0,0.0,3.0,0.0,3.0,1.0,1.0,Not junction,Exact,,6.0,187.7,,,,6
2013,December,Sunday,Day,Light,Front to rear collision,0.0,0.0,1.0,0.0,0.0,1.0,0.0,1.0,2.0,2.0,Not junction,Exact,,6.0,94.0,,,,6
2013,June,Tuesday,Day,Light,Front to rear collision,0.0,0.0,6.0,0.0,0.0,6.0,0.0,6.0,2.0,2.0,Not junction,Exact,,6.0,113.0,,,,6
2013,July,Wednesday,Day,Light,Roll over,0.0,0.0,3.0,0.0,0.0,3.0,0.0,3.0,1.0,1.0,Not junction,Exact,,6.0,165.0,,,,6
2013,October,Friday,Day,Light,Roll over,0.0,0.0,1.0,0.0,0.0,1.0,0.0,1.0,1.0,1.0,Not junction,Exact,,6.0,180.0,,,,6
2013,September,Tuesday,Day,Light,Hit an object,0.0,0.0,1.0,0.0,0.0,1.0,0.0,1.0,1.0,1.0,Not junction,Exact,,6.0,168.0,,,,6
2013,September,Sunday,Day,Light,Roll over,0.0,0.0,1.0,0.0,0.0,1.0,0.0,1.0,1.0,1.0,Not junction,Exact,,6.0,150.0,,,,6
2013,April,Saturday,Day,Light,Slip,0.0,0.0,2.0,0.0,0.0,2.0,0.0,2.0,1.0,1.0,Not junction,Exact,,6.0,168.0,,,,6
2013,August,Monday,Day,Light,Hit an object,0.0,0.0,1.0,0.0,1.0,0.0,0.0,1.0,1.0,1.0,Not junction,Exact,,6.0,87.0,,,,6
2013,July,Friday,Day,Light,Other,0.0,0.0,5.0,0.0,2.0,3.0,0.0,5.0,2.0,2.0,Not junction,Exact,,6.0,145.0,,,,6
2013,May,Tuesday,Day,Light,Roll over,0.0,0.0,2.0,0.0,0.0,2.0,0.0,2.0,1.0,1.0,Not junction,Exact,,6.0,117.1,,,,6
2013,August,Sunday,Day,Light,Front to rear collision,0.0,0.0,3.0,0.0,0.0,3.0,0.0,3.0,4.0,4.0,Not junction,Exact,,6.0,177.7,,,,6
2013,October,Monday,Day,Light,Roll over,0.0,0.0,1.0,0.0,0.0,1.0,0.0,1.0,1.0,1.0,Not junction,Exact,,6.0,107.0,,,,6
2013,March,Friday,Day,Light,Roll over,0.0,0.0,3.0,0.0,1.0,2.0,0.0,3.0,2.0,2.0,Not junction,Exact,,6.0,179.7,,,,6
2013,December,Thursday,Day,Light,Side to side collision,0.0,0.0,2.0,0.0,0.0,2.0,0.0,2.0,2.0,2.0,Not junction,Exact,,6.0,114.0,,,,6
2013,January,Saturday,Day,Light,Hit an object,0.0,0.0,2.0,0.0,0.0,2.0,0.0,2.0,1.0,1.0,Not junction,Exact,,6.0,123.0,,,,6
2013,September,Sunday,Day,Severe,Drive off road or on paveway,0.0,1.0,1.0,0.0,0.0,1.0,1.0,2.0,1.0,1.0,Not junction,Exact,,6.0,140.5,,,,6
2013,July,Wednesday,Day,Light,Hit an object,0.0,0.0,3.0,0.0,2.0,1.0,0.0,3.0,1.0,1.0,Not junction,Exact,,6.0,115.0,,,,6
2013,August,Sunday,Day,Fatal,Front to rear collision,4.0,2.0,6.0,0.0,2.0,10.0,0.0,12.0,2.0,2.0,Not junction,Exact,,6.0,98.0,,,,6
2013,September,Monday,Day,Light,Hit an object,0.0,0.0,1.0,0.0,0.0,1.0,0.0,1.0,1.0,1.0,Not junction,Exact,,6.0,171.0,,,,6
2013,January,Tuesday,Day,Light,Front to rear collision,0.0,0.0,5.0,0.0,3.0,2.0,0.0,5.0,2.0,2.0,Not junction,Exact,,6.0,139.7,,,,6
2013,February,Tuesday,Day,Severe,Front to rear collision,0.0,1.0,2.0,0.0,0.0,3.0,0.0,3.0,2.0,2.0,Not junction,Exact,,6.0,145.0,,,,6
2013,August,Thursday,Day,Light,Hit an object,0.0,0.0,1.0,0.0,0.0,1.0,0.0,1.0,1.0,1.0,Not junction,Exact,,6.0,135.0,,,,6
2013,June,Sunday,Day,Severe,Side to side collision,0.0,1.0,1.0,0.0,0.0,2.0,0.0,2.0,2.0,2.0,Not junction,Exact,,6.0,130.4,,,,6
2013,July,Monday,Day,Severe,Front to rear collision,0.0,2.0,0.0,0.0,0.0,2.0,0.0,2.0,2.0,2.0,Not junction,Exact,,6.0,129.0,,,,6
2013,February,Wednesday,Day,Light,Front to side collision,0.0,0.0,1.0,0.0,0.0,1.0,0.0,1.0,2.0,2.0,Not junction,Exact,,6.0,204.5,,,,6
2013,October,Monday,Day,Severe,Slip,0.0,1.0,9.0,0.0,8.0,2.0,0.0,10.0,1.0,1.0,Not junction,Exact,,6.0,145.0,,,,6
2013,August,Thursday,Day,Light,Hit an object,0.0,0.0,1.0,0.0,0.0,1.0,0.0,1.0,1.0,1.0,Not junction,Exact,,6.0,150.0,,,,6
2013,May,Sunday,Day,Light,Hit an object,0.0,0.0,5.0,0.0,0.0,5.0,0.0,5.0,1.0,1.0,Not junction,Exact,,6.0,101.0,,,,6
2013,September,Friday,Day,Light,Hit an object,0.0,0.0,3.0,0.0,2.0,1.0,0.0,3.0,1.0,1.0,Not junction,Exact,,6.0,170.0,,,,6
2013,February,Sunday,Day,Light,Roll over,0.0,0.0,1.0,0.0,0.0,1.0,0.0,1.0,1.0,1.0,Not junction,Exact,,6.0,171.0,,,,6
2013,October,Tuesday,Day,Fatal,Side to side collision,1.0,0.0,2.0,0.0,0.0,3.0,0.0,3.0,2.0,2.0,Not junction,Exact,,6.0,168.0,,,,6
2013,July,Tuesday,Day,Light,Slip,0.0,0.0,2.0,0.0,1.0,1.0,0.0,2.0,1.0,1.0,Not junction,Exact,,6.0,101.0,,,,6
2013,December,Friday,Day,Light,Front to rear collision,0.0,0.0,10.0,0.0,1.0,9.0,0.0,10.0,8.0,8.0,Not junction,Exact,,6.0,192.4,,,,6
2013,October,Saturday,Day,Severe,Drive off road or on paveway,0.0,1.0,0.0,0.0,0.0,1.0,0.0,1.0,1.0,1.0,Not junction,Exact,,6.0,189.0,,,,6
2013,June,Sunday,Day,Light,Roll over,0.0,0.0,2.0,0.0,0.0,2.0,0.0,2.0,1.0,1.0,Not junction,Exact,,6.0,203.2,,,,6
2013,July,Monday,Day,Light,Front to rear collision,0.0,0.0,7.0,0.0,3.0,2.0,2.0,7.0,3.0,3.0,Not junction,Exact,,6.0,204.5,,,,6
2013,March,Saturday,Day,Light,Roll over,0.0,0.0,5.0,0.0,0.0,0.0,0.0,5.0,1.0,1.0,Not junction,Exact,,6.0,165.0,,,,6
2013,November,Sunday,Day,Light,Other,0.0,0.0,1.0,0.0,0.0,1.0,0.0,1.0,1.0,1.0,Not junction,Exact,,6.0,168.0,,,,6
2013,January,Thursday,Day,Light,Roll over,0.0,0.0,1.0,0.0,0.0,0.0,1.0,1.0,1.0,1.0,Not junction,Centered,,6.0,56.0,,,,6
2013,July,Wednesday,Day,Light,Front to rear collision,0.0,0.0,5.0,0.0,0.0,5.0,0.0,5.0,4.0,4.0,Not junction,Exact,,6.0,178.0,,,,6
2013,August,Monday,Day,Severe,Pedestrian,0.0,1.0,0.0,1.0,0.0,1.0,0.0,1.0,1.0,1.0,Not junction,Exact,,6.0,145.0,,,,6
2013,November,Friday,Day,Light,Pedestrian,0.0,0.0,2.0,1.0,0.0,1.0,0.0,2.0,2.0,2.0,Not junction,Exact,,6.0,212.1,,,,6
2013,June,Sunday,Day,Light,Front to rear collision,0.0,0.0,4.0,0.0,0.0,4.0,0.0,4.0,6.0,6.0,Not junction,Exact,,6.0,186.0,,,,6
2013,July,Tuesday,Day,Light,Front to rear collision,0.0,0.0,7.0,0.0,3.0,4.0,0.0,7.0,2.0,2.0,Not junction,Exact,,6.0,203.5,,,,6
2013,May,Friday,Day,Light,Roll over,0.0,0.0,4.0,0.0,2.0,2.0,0.0,4.0,1.0,1.0,Not junction,Exact,,6.0,181.9,,,,6
2013,December,Wednesday,Night,Light,Roll over,0.0,0.0,2.0,0.0,0.0,2.0,0.0,2.0,1.0,1.0,Not junction,Exact,,6.0,120.0,,,,6
2013,November,Thursday,Night,Light,Front to rear collision,0.0,0.0,5.0,0.0,3.0,2.0,0.0,5.0,2.0,2.0,Not junction,Exact,,6.0,177.0,,,,6
2013,December,Saturday,Night,Light,Front to rear collision,0.0,0.0,12.0,0.0,3.0,8.0,1.0,12.0,5.0,5.0,Not junction,Exact,,6.0,90.0,,,,6
2013,October,Friday,Day,Light,Hit an object,0.0,0.0,2.0,0.0,0.0,2.0,0.0,2.0,1.0,1.0,Not junction,Exact,,6.0,140.0,,,,6
2013,September,Sunday,Day,Severe,Front to rear collision,0.0,2.0,4.0,0.0,1.0,5.0,0.0,6.0,2.0,2.0,Not junction,Exact,,6.0,85.0,,,,6
2013,January,Sunday,Night,Light,Front to rear collision,0.0,0.0,6.0,0.0,0.0,1.0,2.0,6.0,3.0,3.0,Not junction,Exact,,6.0,177.0,,,,6
2013,May,Thursday,Day,Light,Hit an object,0.0,0.0,3.0,0.0,0.0,3.0,0.0,3.0,1.0,1.0,Not junction,Exact,,6.0,185.0,,,,6
2013,February,Sunday,Night,Light,Drive off road or on paveway,0.0,0.0,1.0,0.0,0.0,1.0,0.0,1.0,1.0,1.0,Not junction,Exact,,6.0,161.0,,,,6
2013,October,Saturday,Night,Light,Roll over,0.0,0.0,1.0,0.0,0.0,1.0,0.0,1.0,1.0,1.0,Not junction,Exact,,6.0,98.7,,,,6
2013,February,Friday,Night,Light,Drive off road or on paveway,0.0,0.0,1.0,0.0,0.0,1.0,0.0,1.0,1.0,1.0,Not junction,Exact,,6.0,181.9,,,,6
2013,February,Sunday,Night,Severe,Front to rear collision,0.0,1.0,1.0,0.0,0.0,0.0,2.0,2.0,3.0,3.0,Not junction,Exact,,6.0,127.0,,,,6
2013,December,Friday,Night,Light,Hit an object,0.0,0.0,6.0,0.0,4.0,2.0,0.0,6.0,1.0,1.0,Not junction,Exact,,6.0,188.0,,,,6
2013,December,Tuesday,Night,Light,Front to rear collision,0.0,0.0,2.0,0.0,0.0,1.0,1.0,2.0,2.0,2.0,Not junction,Exact,,6.0,184.0,,,,6
2013,April,Tuesday,Night,Severe,Front end collision,0.0,1.0,6.0,0.0,1.0,5.0,0.0,7.0,4.0,4.0,Not junction,Exact,,6.0,183.0,,,,6
2013,December,Tuesday,Night,Severe,Front to side collision,0.0,1.0,1.0,0.0,0.0,2.0,0.0,2.0,2.0,2.0,Not junction,Exact,,6.0,194.0,,,,6
2013,April,Thursday,Night,Severe,Hit an object,0.0,1.0,0.0,0.0,0.0,1.0,0.0,1.0,1.0,1.0,Not junction,Exact,,6.0,211.5,,,,6
2013,May,Sunday,Night,Severe,Front to rear collision,0.0,2.0,1.0,0.0,0.0,3.0,0.0,3.0,3.0,3.0,Not junction,Exact,,6.0,176.0,,,,6
2013,July,Tuesday,Night,Light,Hit an object,0.0,0.0,5.0,0.0,0.0,5.0,0.0,5.0,1.0,1.0,Not junction,Exact,,6.0,194.0,,,,6
2013,February,Sunday,Night,Light,Front to side collision,0.0,0.0,2.0,0.0,0.0,2.0,0.0,2.0,2.0,2.0,Not junction,Exact,,6.0,127.4,,,,6
2013,May,Thursday,Night,Severe,Pedestrian,0.0,1.0,0.0,1.0,0.0,1.0,0.0,1.0,1.0,1.0,Not junction,Exact,,6.0,88.0,,,,6
2013,September,Thursday,Night,Severe,Side to side collision,0.0,1.0,2.0,0.0,0.0,1.0,2.0,3.0,2.0,2.0,Not junction,Exact,,6.0,202.1,,,,6
2013,March,Saturday,Night,Light,Front to rear collision,0.0,0.0,14.0,0.0,8.0,6.0,0.0,14.0,5.0,5.0,Not junction,Exact,,6.0,69.0,,,,6
2013,May,Saturday,Night,Fatal,Roll over,1.0,1.0,1.0,0.0,0.0,3.0,0.0,3.0,1.0,1.0,Not junction,Exact,,6.0,96.5,,,,6
2014,January,Wednesday,Night,Light,Front to side collision,0.0,0.0,6.0,0.0,0.0,6.0,0.0,6.0,2.0,2.0,Junction,Exact,,6.0,,444.0,,,6
2014,February,Wednesday,Night,Light,Roll over,0.0,0.0,1.0,0.0,0.0,1.0,0.0,1.0,1.0,1.0,Junction,Exact,,6.0,,531.0,,,6
2014,January,Friday,Night,Light,Hit an object,0.0,0.0,3.0,0.0,1.0,2.0,0.0,3.0,1.0,1.0,Junction,Exact,,6.0,,67.0,,,6
2014,February,Thursday,Day,Light,Front to side collision,0.0,0.0,1.0,0.0,0.0,1.0,0.0,1.0,2.0,2.0,Junction,Exact,,5.0,,444.0,6.0,,6
2014,March,Wednesday,Day,Light,Front to rear collision,0.0,0.0,1.0,0.0,0.0,1.0,0.0,1.0,2.0,2.0,Junction,Exact,,5.0,,444.0,6.0,,6
2014,February,Sunday,Day,Light,Front to side collision,0.0,0.0,2.0,0.0,0.0,2.0,0.0,2.0,3.0,3.0,Junction,Exact,,6.0,,35.0,,,6
2014,February,Tuesday,Day,Light,Hit an object,0.0,0.0,1.0,0.0,0.0,1.0,0.0,1.0,2.0,2.0,Junction,Exact,,5.0,,444.0,6.0,,6
2014,March,Wednesday,Day,Severe,Front to rear collision,0.0,1.0,0.0,0.0,0.0,1.0,0.0,1.0,2.0,2.0,Junction,Exact,,6.0,,40.0,325.0,,6
2014,April,Sunday,Day,Light,Front to rear collision,0.0,0.0,1.0,0.0,0.0,1.0,0.0,1.0,2.0,2.0,Junction,Exact,,3.0,,6.0,,,6
2014,March,Friday,Day,Light,Front to side collision,0.0,0.0,2.0,0.0,0.0,2.0,0.0,2.0,2.0,2.0,Junction,Exact,,6.0,,61.0,9.0,,6
2014,February,Saturday,Day,Light,Front to side collision,0.0,0.0,7.0,0.0,1.0,6.0,0.0,7.0,2.0,2.0,Junction,Exact,,6.0,,57.0,,,6
2014,March,Thursday,Day,Light,Front to side collision,0.0,0.0,4.0,0.0,0.0,3.0,1.0,4.0,2.0,2.0,Junction,Exact,,6.0,,57.0,,,6
2014,March,Tuesday,Day,Light,Side to side collision,0.0,0.0,1.0,0.0,0.0,1.0,0.0,1.0,2.0,2.0,Junction,Exact,,6.0,,471.0,,,6
2014,April,Sunday,Day,Light,Side to side collision,0.0,0.0,3.0,0.0,0.0,3.0,0.0,3.0,3.0,3.0,Junction,Exact,,6.0,,65.0,,,6
2014,January,Tuesday,Night,Severe,Front to side collision,0.0,1.0,2.0,0.0,1.0,2.0,0.0,3.0,2.0,2.0,Junction,Exact,,6.0,,44.0,431.0,,6
2014,April,Thursday,Night,Light,Front to side collision,0.0,0.0,3.0,0.0,0.0,3.0,0.0,3.0,2.0,2.0,Junction,Exact,,6.0,,61.0,9.0,,6
2014,March,Wednesday,Night,Light,Front to side collision,0.0,0.0,1.0,0.0,0.0,1.0,0.0,1.0,3.0,3.0,Junction,Exact,,5.0,,444.0,6.0,,6
2014,April,Tuesday,Night,Light,Front to rear collision,0.0,0.0,2.0,0.0,0.0,2.0,0.0,2.0,2.0,2.0,Junction,Exact,,6.0,,40.0,293.0,,6
2014,March,Friday,Night,Light,Front to side collision,0.0,0.0,2.0,0.0,0.0,2.0,0.0,2.0,2.0,2.0,Junction,Exact,,5.0,,444.0,6.0,,6
2014,August,Wednesday,Day,Light,Front to side collision,0.0,0.0,3.0,0.0,2.0,1.0,0.0,3.0,2.0,2.0,Junction,Exact,,5.0,,444.0,6.0,,6
2014,June,Friday,Day,Light,Roll over,0.0,0.0,4.0,0.0,0.0,4.0,0.0,4.0,2.0,2.0,Junction,Exact,,1.0,,6.0,,,6
2014,June,Saturday,Day,Light,Front end collision,0.0,0.0,4.0,0.0,1.0,3.0,0.0,4.0,2.0,2.0,Junction,Exact,,6.0,,66.0,,,6
2014,August,Wednesday,Day,Light,Front to side collision,0.0,0.0,1.0,0.0,0.0,1.0,0.0,1.0,2.0,2.0,Junction,Exact,,1.0,,443.0,6.0,,6
2014,December,Tuesday,Day,Fatal,Front to side collision,1.0,0.0,0.0,0.0,0.0,1.0,0.0,1.0,2.0,2.0,Junction,Exact,,6.0,,61.0,9.0,,6
2014,June,Thursday,Day,Light,Front to side collision,0.0,0.0,1.0,0.0,0.0,1.0,0.0,1.0,2.0,2.0,Junction,Exact,,5.0,,444.0,6.0,,6
2014,June,Sunday,Night,Light,Front to side collision,0.0,0.0,1.0,0.0,0.0,1.0,0.0,1.0,2.0,2.0,Junction,Exact,,3.0,,6.0,,,6
2014,December,Tuesday,Night,Light,Front to side collision,0.0,0.0,2.0,0.0,0.0,2.0,0.0,2.0,2.0,2.0,Junction,Exact,,3.0,,6.0,,,6
2014,November,Tuesday,Night,Light,Front to side collision,0.0,0.0,6.0,0.0,0.0,4.0,2.0,6.0,2.0,2.0,Junction,Exact,,6.0,,35.0,,,6
2014,June,Thursday,Night,Light,Front to side collision,0.0,0.0,9.0,0.0,4.0,5.0,0.0,9.0,3.0,3.0,Junction,Exact,,1.0,,443.0,6.0,,6
2014,November,Tuesday,Night,Light,Front to rear collision,0.0,0.0,2.0,0.0,1.0,1.0,0.0,2.0,2.0,2.0,Junction,Exact,,6.0,,531.0,,,6
2014,September,Tuesday,Day,Light,Front to side collision,0.0,0.0,2.0,0.0,0.0,2.0,0.0,2.0,2.0,2.0,Junction,Exact,,1.0,,443.0,6.0,,6
2014,June,Thursday,Day,Light,Side to side collision,0.0,0.0,3.0,0.0,0.0,2.0,1.0,3.0,3.0,3.0,Junction,Exact,,6.0,,40.0,,,6
2014,October,Sunday,Night,Light,Front to side collision,0.0,0.0,2.0,0.0,0.0,2.0,0.0,2.0,2.0,2.0,Junction,Exact,,6.0,,61.0,9.0,,6
2014,June,Tuesday,Day,Light,Front to side collision,0.0,0.0,1.0,0.0,0.0,1.0,0.0,1.0,2.0,2.0,Junction,Exact,,5.0,,444.0,6.0,,6
2014,November,Friday,Night,Light,Side to side collision,0.0,0.0,2.0,0.0,1.0,1.0,0.0,2.0,2.0,2.0,Junction,Exact,,6.0,,66.0,,,6
2014,August,Sunday,Day,Light,Front to side collision,0.0,0.0,2.0,0.0,0.0,2.0,0.0,2.0,2.0,2.0,Junction,Exact,,3.0,,6.0,,,6
2014,September,Thursday,Day,Severe,Front to side collision,0.0,1.0,2.0,0.0,0.0,3.0,0.0,3.0,2.0,2.0,Junction,Exact,,6.0,,35.0,,,6
2014,June,Thursday,Night,Severe,Front end collision,0.0,1.0,0.0,0.0,0.0,1.0,0.0,1.0,2.0,2.0,Junction,Exact,,1.0,,443.0,6.0,,6
2014,May,Tuesday,Day,Light,Front to side collision,0.0,0.0,8.0,0.0,4.0,4.0,0.0,8.0,2.0,2.0,Junction,Exact,,6.0,,672.0,,,6
2014,October,Tuesday,Night,Light,Front to side collision,0.0,0.0,2.0,0.0,0.0,2.0,0.0,2.0,2.0,2.0,Junction,Exact,,6.0,,57.0,,,6
2014,December,Tuesday,Day,Severe,Drive off road or on paveway,0.0,1.0,0.0,0.0,0.0,1.0,0.0,1.0,1.0,1.0,Junction,Exact,,6.0,,44.0,431.0,,6
2014,July,Monday,Day,Light,Other,0.0,0.0,1.0,0.0,0.0,1.0,0.0,1.0,2.0,2.0,Junction,Exact,,5.0,,444.0,6.0,,6
2014,November,Tuesday,Night,Light,Front to side collision,0.0,0.0,1.0,0.0,0.0,1.0,0.0,1.0,3.0,3.0,Junction,Exact,,6.0,,61.0,9.0,,6
2014,November,Sunday,Night,Light,Drive off road or on paveway,0.0,0.0,3.0,0.0,3.0,0.0,0.0,3.0,1.0,1.0,Junction,Exact,,5.0,,444.0,6.0,,6
2014,June,Wednesday,Day,Light,Front to side collision,0.0,0.0,3.0,0.0,0.0,3.0,0.0,3.0,2.0,2.0,Junction,Exact,,6.0,,35.0,,,6
2014,November,Thursday,Day,Light,Front to side collision,0.0,0.0,2.0,0.0,0.0,2.0,0.0,2.0,2.0,2.0,Junction,Exact,,6.0,,61.0,9.0,,6
2014,July,Sunday,Day,Light,Front to side collision,0.0,0.0,2.0,0.0,0.0,2.0,0.0,2.0,2.0,2.0,Junction,Exact,,5.0,,444.0,6.0,,6
2014,January,Friday,Night,Light,Front to rear collision,0.0,0.0,7.0,0.0,4.0,3.0,0.0,7.0,3.0,3.0,Not junction,Exact,,6.0,174.0,,,,6
2014,February,Thursday,Night,Light,Front to rear collision,0.0,0.0,5.0,0.0,1.0,4.0,0.0,5.0,2.0,2.0,Not junction,Exact,,6.0,178.0,,,,6
2014,April,Sunday,Night,Light,Drive off road or on paveway,0.0,0.0,1.0,0.0,0.0,1.0,0.0,1.0,1.0,1.0,Not junction,Exact,,6.0,96.6,,,,6
2014,April,Tuesday,Night,Fatal,Pedestrian,1.0,0.0,2.0,1.0,1.0,2.0,0.0,3.0,4.0,4.0,Not junction,Exact,,6.0,95.0,,,,6
2014,February,Tuesday,Day,Light,Front to rear collision,0.0,0.0,3.0,0.0,0.0,3.0,0.0,3.0,3.0,3.0,Not junction,Exact,,6.0,176.0,,,,6
2014,April,Thursday,Day,Light,Roll over,0.0,0.0,2.0,0.0,0.0,2.0,0.0,2.0,1.0,1.0,Not junction,Exact,,6.0,106.7,,,,6
2014,February,Sunday,Day,Light,Front to rear collision,0.0,0.0,4.0,0.0,0.0,4.0,0.0,4.0,2.0,2.0,Not junction,Exact,,6.0,180.0,,,,6
2014,February,Sunday,Day,Light,Front to rear collision,0.0,0.0,2.0,0.0,1.0,1.0,0.0,2.0,2.0,2.0,Not junction,Exact,,6.0,211.3,,,,6
2014,January,Friday,Day,Severe,Front to rear collision,0.0,3.0,2.0,0.0,0.0,3.0,0.0,5.0,2.0,2.0,Not junction,Exact,,6.0,124.0,,,,6
2014,February,Sunday,Day,Severe,Front to rear collision,0.0,1.0,0.0,0.0,0.0,1.0,0.0,1.0,2.0,2.0,Not junction,Exact,,6.0,122.0,,,,6
2014,January,Thursday,Day,Light,Front to rear collision,0.0,0.0,1.0,0.0,0.0,1.0,0.0,1.0,2.0,2.0,Not junction,Exact,,6.0,180.0,,,,6
2014,January,Thursday,Day,Light,Front end collision,0.0,0.0,1.0,0.0,0.0,1.0,0.0,1.0,2.0,2.0,Not junction,Exact,,6.0,203.8,,,,6
2014,April,Thursday,Day,Fatal,Front to rear collision,1.0,0.0,2.0,0.0,0.0,3.0,0.0,3.0,5.0,5.0,Not junction,Exact,,6.0,106.1,,,,6
2014,January,Friday,Day,Light,Front to rear collision,0.0,0.0,9.0,0.0,3.0,6.0,0.0,9.0,4.0,4.0,Not junction,Exact,,6.0,178.0,,,,6
2014,March,Monday,Day,Fatal,Front to rear collision,1.0,0.0,1.0,1.0,0.0,2.0,0.0,2.0,3.0,3.0,Not junction,Exact,,6.0,152.0,,,,6
2014,March,Thursday,Night,Light,Front to rear collision,0.0,0.0,7.0,0.0,0.0,7.0,0.0,7.0,2.0,2.0,Not junction,Exact,,6.0,176.0,,,,6
2014,March,Saturday,Night,Light,Front to rear collision,0.0,0.0,7.0,0.0,2.0,4.0,1.0,7.0,3.0,3.0,Not junction,Exact,,6.0,82.0,,,,6
2014,March,Saturday,Night,Fatal,Pedestrian,1.0,0.0,0.0,1.0,0.0,1.0,0.0,1.0,1.0,1.0,Not junction,Exact,,6.0,90.7,,,,6
2014,January,Thursday,Night,Light,Front to rear collision,0.0,0.0,3.0,0.0,0.0,2.0,1.0,3.0,2.0,2.0,Not junction,Centered,,6.0,166.0,,,,6
2014,February,Thursday,Night,Light,Front to rear collision,0.0,0.0,4.0,0.0,0.0,4.0,0.0,4.0,3.0,3.0,Not junction,Exact,,6.0,176.0,,,,6
2014,February,Sunday,Night,Fatal,Front to rear collision,1.0,0.0,0.0,0.0,0.0,1.0,0.0,1.0,2.0,2.0,Not junction,Exact,,6.0,130.0,,,,6