year,month,day_of_week,day_night,accident_severity,accident_type,killed,severly_injured,lightly_injured,injured_pedestrians,casualties_ages_0-19,casualties_ages_20-64,casualties_ages_65_plus,total_casualties,vehicle_count,drivers,road_type,localization_quality,settlement,road1,location,road2,road3,road4,source_road
2014,January,Friday,Night,Light,Hit an object,0.0,0.0,1.0,0.0,0.0,1.0,0.0,1.0,1.0,1.0,Not junction,Exact,,6.0,146.0,,,,6
2014,April,Tuesday,Night,Fatal,Roll over,1.0,0.0,2.0,0.0,3.0,0.0,0.0,3.0,1.0,1.0,Not junction,Exact,,6.0,99.0,,,,6
2014,July,Sunday,Night,Light,Side to side collision,0.0,0.0,4.0,0.0,1.0,3.0,0.0,4.0,2.0,2.0,Not junction,Exact,,6.0,133.0,,,,6
2014,August,Monday,Night,Severe,Roll over,0.0,1.0,6.0,0.0,5.0,2.0,0.0,7.0,1.0,1.0,Not junction,Exact,,6.0,185.5,,,,6
2014,July,Wednesday,Day,Light,Roll over,0.0,0.0,1.0,0.0,0.0,1.0,0.0,1.0,1.0,1.0,Not junction,Exact,,6.0,149.5,,,,6
2014,August,Sunday,Day,Light,Front to rear collision,0.0,0.0,5.0,0.0,3.0,2.0,0.0,5.0,2.0,2.0,Not junction,Exact,,6.0,194.0,,,,6
2014,July,Thursday,Night,Severe,Roll over,0.0,1.0,2.0,0.0,0.0,3.0,0.0,3.0,1.0,1.0,Not junction,Exact,,6.0,181.5,,,,6
2014,May,Monday,Day,Light,Drive off road or on paveway,0.0,0.0,3.0,0.0,1.0,2.0,0.0,3.0,1.0,1.0,Not junction,Exact,,6.0,154.2,,,,6
2014,July,Wednesday,Day,Light,Front to rear collision,0.0,0.0,1.0,0.0,0.0,1.0,0.0,1.0,2.0,2.0,Not junction,Exact,,6.0,128.0,,,,6
2014,May,Tuesday,Night,Light,Roll over,0.0,0.0,1.0,0.0,0.0,1.0,0.0,1.0,1.0,1.0,Not junction,Exact,,6.0,178.0,,,,6
2014,May,Monday,Day,Light,Hit an object,0.0,0.0,3.0,0.0,2.0,1.0,0.0,3.0,1.0,1.0,Not junction,Exact,,6.0,192.0,,,,6
2014,August,Thursday,Day,Light,Front to side collision,0.0,0.0,3.0,0.0,0.0,3.0,0.0,3.0,2.0,2.0,Not junction,Exact,,6.0,150.0,,,,6
2014,July,Thursday,Night,Fatal,Front to rear collision,1.0,1.0,0.0,0.0,0.0,0.0,2.0,2.0,2.0,2.0,Not junction,Exact,,6.0,130.5,,,,6
2014,May,Tuesday,Night,Fatal,Front to rear collision,1.0,0.0,2.0,0.0,0.0,3.0,0.0,3.0,2.0,2.0,Not junction,Exact,,6.0,204.3,,,,6
2014,June,Wednesday,Day,Fatal,Front to side collision,1.0,0.0,0.0,1.0,0.0,1.0,0.0,1.0,2.0,2.0,Not junction,Exact,,6.0,187.0,,,,6
2014,May,Sunday,Night,Light,Hit an object,0.0,0.0,7.0,0.0,3.0,4.0,0.0,7.0,3.0,3.0,Not junction,Exact,,6.0,105.0,,,,6
2014,October,Friday,Day,Light,Hit an object,0.0,0.0,1.0,0.0,0.0,1.0,0.0,1.0,1.0,1.0,Not junction,Exact,,6.0,118.8,,,,6
2014,July,Sunday,Night,Severe,Hit an object,0.0,1.0,3.0,0.0,0.0,3.0,1.0,4.0,1.0,1.0,Not junction,Exact,,6.0,175.8,,,,6
2014,June,Tuesday,Day,Light,Front to rear collision,0.0,0.0,2.0,0.0,0.0,2.0,0.0,2.0,2.0,2.0,Not junction,Exact,,6.0,129.0,,,,6
2014,December,Tuesday,Night,Light,Side to side collision,0.0,0.0,3.0,0.0,3.0,0.0,0.0,3.0,2.0,2.0,Not junction,Exact,,6.0,183.5,,,,6
2014,May,Tuesday,Day,Severe,Front to rear collision,0.0,2.0,0.0,0.0,0.0,0.0,2.0,2.0,2.0,2.0,Not junction,Exact,,6.0,106.1,,,,6
2014,November,Saturday,Night,Severe,Front to rear collision,0.0,1.0,5.0,0.0,3.0,3.0,0.0,6.0,2.0,2.0,Not junction,Exact,,6.0,99.0,,,,6
2014,July,Thursday,Day,Light,Front to rear collision,0.0,0.0,8.0,0.0,4.0,4.0,0.0,8.0,2.0,2.0,Not junction,Exact,,6.0,86.0,,,,6
2014,December,Friday,Night,Light,Front to rear collision,0.0,0.0,11.0,0.0,3.0,6.0,2.0,11.0,4.0,4.0,Not junction,Exact,,6.0,168.0,,,,6
2014,June,Wednesday,Day,Light,Roll over,0.0,0.0,1.0,0.0,0.0,1.0,0.0,1.0,1.0,1.0,Not junction,Exact,,6.0,84.0,,,,6
2014,August,Thursday,Day,Light,Hit an object,0.0,0.0,1.0,0.0,0.0,1.0,0.0,1.0,1.0,1.0,Not junction,Exact,,6.0,181.2,,,,6
2014,April,Thursday,Day,Severe,Front to rear collision,0.0,1.0,1.0,0.0,1.0,1.0,0.0,2.0,2.0,2.0,Not junction,Centered,,6.0,100.0,,,,6
2014,August,Wednesday,Day,Severe,Front to rear collision,0.0,1.0,3.0,0.0,0.0,4.0,0.0,4.0,4.0,4.0,Not junction,Exact,,6.0,194.0,,,,6
2014,December,Tuesday,Night,Severe,Side to side collision,0.0,1.0,0.0,0.0,0.0,1.0,0.0,1.0,2.0,2.0,Not junction,Exact,,6.0,184.0,,,,6
2014,September,Sunday,Night,Light,Hit an object,0.0,0.0,3.0,0.0,3.0,0.0,0.0,3.0,2.0,2.0,Not junction,Exact,,6.0,80.0,,,,6
2014,May,Saturday,Day,Light,Roll over,0.0,0.0,5.0,0.0,2.0,3.0,0.0,5.0,1.0,1.0,Not junction,Exact,,6.0,80.0,,,,6
2014,June,Thursday,Day,Light,Slip,0.0,0.0,1.0,0.0,0.0,1.0,0.0,1.0,1.0,1.0,Not junction,Exact,,6.0,112.0,,,,6
2014,August,Wednesday,Day,Light,Front to rear collision,0.0,0.0,1.0,0.0,0.0,1.0,0.0,1.0,2.0,2.0,Not junction,Exact,,6.0,192.9,,,,6
2014,May,Thursday,Day,Severe,Front end collision,0.0,1.0,3.0,0.0,0.0,4.0,0.0,4.0,2.0,2.0,Not junction,Exact,,6.0,211.7,,,,6
2014,July,Thursday,Day,Light,Front to rear collision,0.0,0.0,1.0,0.0,0.0,1.0,0.0,1.0,2.0,2.0,Not junction,Exact,,6.0,151.0,,,,6
2014,August,Tuesday,Day,Severe,Pedestrian,0.0,1.0,0.0,1.0,0.0,1.0,0.0,1.0,1.0,1.0,Not junction,Exact,,6.0,87.0,,,,6
2014,August,Monday,Day,Light,Roll over,0.0,0.0,3.0,0.0,0.0,3.0,0.0,3.0,7.0,7.0,Not junction,Exact,,6.0,186.0,,,,6
2014,October,Friday,Day,Severe,Front to rear collision,0.0,2.0,2.0,0.0,2.0,2.0,0.0,4.0,2.0,2.0,Not junction,Exact,,6.0,149.0,,,,6
2014,October,Friday,Day,Severe,Front to rear collision,0.0,1.0,4.0,1.0,0.0,4.0,1.0,5.0,3.0,3.0,Not junction,Exact,,6.0,131.9,,,,6
2014,July,Friday,Day,Light,Front to rear collision,0.0,0.0,1.0,0.0,0.0,1.0,0.0,1.0,2.0,2.0,Not junction,Exact,,6.0,130.6,,,,6
2014,August,Friday,Day,Light,Front to rear collision,0.0,0.0,2.0,0.0,0.0,2.0,0.0,2.0,5.0,5.0,Not junction,Exact,,6.0,190.0,,,,6
2014,June,Monday,Day,Severe,Front to side collision,0.0,1.0,5.0,0.0,0.0,6.0,0.0,6.0,2.0,2.0,Not junction,Exact,,6.0,141.0,,,,6
2014,November,Saturday,Night,Light,Front to rear collision,0.0,0.0,7.0,0.0,4.0,3.0,0.0,7.0,2.0,2.0,Not junction,Exact,,6.0,149.0,,,,6
2014,June,Wednesday,Day,Light,Collision with stopped vehicle,0.0,0.0,1.0,0.0,0.0,1.0,0.0,1.0,2.0,2.0,Not junction,Exact,,6.0,179.8,,,,6
2014,October,Monday,Night,Fatal,Front to side collision,1.0,0.0,7.0,0.0,4.0,4.0,0.0,8.0,2.0,2.0,Not junction,Exact,,6.0,111.0,,,,6
2014,July,Sunday,Day,Severe,Front end collision,0.0,2.0,1.0,0.0,0.0,3.0,0.0,3.0,2.0,2.0,Not junction,Exact,,6.0,111.7,,,,6
2014,December,Wednesday,Day,Light,Front to rear collision,0.0,0.0,1.0,0.0,0.0,1.0,0.0,1.0,3.0,3.0,Not junction,Exact,,6.0,214.3,,,,6
2014,September,Friday,Night,Severe,Front to rear collision,0.0,1.0,0.0,0.0,0.0,1.0,0.0,1.0,2.0,2.0,Not junction,Exact,,6.0,194.0,,,,6
2014,August,Friday,Day,Light,Side to side collision,0.0,0.0,5.0,0.0,2.0,3.0,0.0,5.0,2.0,2.0,Not junction,Exact,,6.0,186.7,,,,6
2014,August,Friday,Night,Severe,Drive off road or on paveway,0.0,1.0,0.0,0.0,1.0,0.0,0.0,1.0,2.0,2.0,Not junction,Exact,,6.0,71.0,,,,6
2014,December,Thursday,Night,Light,Side to side collision,0.0,0.0,5.0,0.0,3.0,2.0,0.0,5.0,2.0,2.0,Not junction,Exact,,6.0,169.0,,,,6
2014,May,Sunday,Day,Light,Other,0.0,0.0,1.0,0.0,0.0,1.0,0.0,1.0,1.0,1.0,Not junction,Exact,,6.0,211.9,,,,6
2014,December,Saturday,Night,Light,Slip,0.0,0.0,1.0,0.0,1.0,0.0,0.0,1.0,1.0,1.0,Not junction,Exact,,6.0,182.4,,,,6
2014,November,Saturday,Night,Light,Hit an object,0.0,0.0,3.0,0.0,1.0,2.0,0.0,3.0,1.0,1.0,Not junction,Exact,,6.0,193.8,,,,6
2014,May,Sunday,Night,Light,Hit an object,0.0,0.0,1.0,0.0,0.0,1.0,0.0,1.0,1.0,1.0,Not junction,Exact,,6.0,125.0,,,,6
2014,May,Sunday,Night,Light,Front to rear collision,0.0,0.0,1.0,0.0,0.0,1.0,0.0,1.0,2.0,2.0,Not junction,Exact,,6.0,177.0,,,,6
2014,July,Thursday,Day,Light,Hit an object,0.0,0.0,1.0,0.0,0.0,1.0,0.0,1.0,1.0,1.0,Not junction,Exact,,6.0,132.0,,,,6
2014,May,Thursday,Day,Light,Front to rear collision,0.0,0.0,2.0,0.0,0.0,2.0,0.0,2.0,2.0,2.0,Not junction,Exact,,6.0,144.0,,,,6
2014,June,Friday,Day,Light,Hit an object,0.0,0.0,7.0,0.0,0.0,4.0,3.0,7.0,1.0,1.0,Not junction,Exact,,6.0,143.0,,,,6
2014,December,Friday,Night,Light,Roll over,0.0,0.0,4.0,0.0,2.0,2.0,0.0,4.0,1.0,1.0,Not junction,Exact,,6.0,174.5,,,,6
2014,December,Tuesday,Night,Light,Front to rear collision,0.0,0.0,1.0,0.0,0.0,1.0,0.0,1.0,2.0,2.0,Not junction,Exact,,6.0,178.4,,,,6
2014,November,Wednesday,Day,Light,Front to rear collision,0.0,0.0,1.0,0.0,0.0,1.0,0.0,1.0,4.0,4.0,Not junction,Exact,,6.0,139.0,,,,6
2014,May,Tuesday,Day,Severe,Roll over,0.0,1.0,3.0,0.0,0.0,4.0,0.0,4.0,1.0,1.0,Not junction,Exact,,6.0,105.0,,,,6
2014,December,Sunday,Night,Severe,Front to side collision,0.0,1.0,0.0,0.0,0.0,1.0,0.0,1.0,2.0,2.0,Not junction,Exact,,6.0,72.0,,,,6
2014,September,Friday,Day,Light,Front to rear collision,0.0,0.0,2.0,0.0,0.0,2.0,0.0,2.0,2.0,2.0,Not junction,Exact,,6.0,147.6,,,,6
2014,October,Tuesday,Day,Severe,Hit an object,0.0,1.0,0.0,0.0,0.0,1.0,0.0,1.0,1.0,1.0,Not junction,Exact,,6.0,183.0,,,,6
2014,October,Sunday,Night,Light,Hit an object,0.0,0.0,5.0,0.0,0.0,5.0,0.0,5.0,1.0,1.0,Not junction,Exact,,6.0,175.0,,,,6
2014,August,Thursday,Day,Severe,Front to rear collision,0.0,3.0,1.0,0.0,0.0,4.0,0.0,4.0,2.0,2.0,Not junction,Exact,,6.0,175.0,,,,6
2015,October,Sunday,Night,Fatal,Front to side collision,1.0,0.0,1.0,0.0,0.0,2.0,0.0,2.0,2.0,2.0,Junction,Exact,,5.0,,444.0,6.0,,6
2015,February,Monday,Night,Light,Front to side collision,0.0,0.0,3.0,0.0,1.0,2.0,0.0,3.0,2.0,2.0,Junction,Exact,,6.0,,40.0,293.0,,6
2015,August,Saturday,Night,Light,Front to side collision,0.0,0.0,5.0,0.0,3.0,2.0,0.0,5.0,2.0,2.0,Junction,Exact,,6.0,,66.0,,,6
2015,January,Friday,Day,Light,Front to side collision,0.0,0.0,1.0,0.0,0.0,1.0,0.0,1.0,2.0,2.0,Junction,Exact,,6.0,,5505.0,,,6
2015,November,Thursday,Day,Severe,Front to rear collision,0.0,1.0,0.0,0.0,0.0,1.0,0.0,1.0,2.0,2.0,Junction,Exact,,6.0,,40.0,,,6
2015,March,Monday,Day,Light,Front to side collision,0.0,0.0,5.0,0.0,0.0,5.0,0.0,5.0,2.0,2.0,Junction,Exact,,6.0,,65.0,,,6
2015,November,Thursday,Night,Light,Hit an object,0.0,0.0,5.0,0.0,3.0,0.0,2.0,5.0,1.0,1.0,Junction,Exact,,1.0,,443.0,6.0,,6
2015,June,Tuesday,Day,Light,Front to rear collision,0.0,0.0,1.0,0.0,0.0,1.0,0.0,1.0,2.0,2.0,Junction,Exact,,1.0,,443.0,6.0,,6
2015,July,Tuesday,Day,Severe,Front to side collision,0.0,2.0,3.0,0.0,0.0,5.0,0.0,5.0,2.0,2.0,Junction,Exact,,3.0,,6.0,,,6
2015,December,Saturday,Night,Light,Front end collision,0.0,0.0,2.0,0.0,0.0,2.0,0.0,2.0,2.0,2.0,Junction,Exact,,6.0,,5505.0,,,6
2015,February,Friday,Day,Severe,Roll over,0.0,1.0,0.0,0.0,0.0,1.0,0.0,1.0,1.0,1.0,Junction,Exact,,6.0,,6353.0,,,6
2015,March,Monday,Day,Light,Front to side collision,0.0,0.0,1.0,0.0,0.0,1.0,0.0,1.0,2.0,2.0,Junction,Exact,,6.0,,444.0,,,6
2015,February,Friday,Night,Light,Front to side collision,0.0,0.0,4.0,0.0,2.0,2.0,0.0,4.0,4.0,4.0,Junction,Exact,,5.0,,444.0,6.0,,6
2015,February,Monday,Day,Light,Front to rear collision,0.0,0.0,1.0,1.0,0.0,0.0,0.0,1.0,2.0,2.0,Junction,Exact,,5.0,,444.0,6.0,,6
2015,July,Thursday,Day,Light,Front to rear collision,0.0,0.0,4.0,0.0,1.0,3.0,0.0,4.0,3.0,3.0,Junction,Exact,,6.0,,61.0,9.0,,6
2015,August,Sunday,Day,Light,Front to rear collision,0.0,0.0,1.0,0.0,0.0,1.0,0.0,1.0,2.0,2.0,Junction,Exact,,6.0,,65.0,,,6
2015,February,Friday,Day,Light,Front to rear collision,0.0,0.0,7.0,0.0,0.0,6.0,1.0,7.0,5.0,5.0,Junction,Exact,,6.0,,67.0,,,6
2015,July,Tuesday,Day,Light,Front to side collision,0.0,0.0,1.0,0.0,0.0,1.0,0.0,1.0,2.0,2.0,Junction,Exact,,6.0,,44.0,431.0,,6
2015,April,Wednesday,Night,Severe,Front to side collision,0.0,1.0,2.0,0.0,0.0,2.0,1.0,3.0,2.0,2.0,Junction,Exact,,6.0,,44.0,431.0,,6
2015,October,Thursday,Day,Light,Front to side collision,0.0,0.0,12.0,0.0,3.0,9.0,0.0,12.0,2.0,2.0,Junction,Exact,,6.0,,61.0,9.0,,6
2015,December,Wednesday,Day,Light,Front to side collision,0.0,0.0,2.0,0.0,0.0,2.0,0.0,2.0,2.0,2.0,Junction,Exact,,6.0,,61.0,9.0,,6
2015,August,Saturday,Night,Light,Side to side collision,0.0,0.0,1.0,0.0,0.0,1.0,0.0,1.0,2.0,2.0,Junction,Exact,,5.0,,444.0,6.0,,6
2015,June,Tuesday,Day,Severe,Front to side collision,0.0,1.0,1.0,0.0,0.0,2.0,0.0,2.0,2.0,2.0,Junction,Exact,,6.0,,66.0,,,6
2015,June,Wednesday,Night,Light,Side to side collision,0.0,0.0,1.0,0.0,0.0,0.0,1.0,1.0,2.0,2.0,Junction,Exact,,5.0,,444.0,6.0,,6
2015,July,Wednesday,Day,Light,Front to side collision,0.0,0.0,1.0,0.0,0.0,1.0,0.0,1.0,2.0,2.0,Junction,Exact,,1.0,,443.0,6.0,,6
2015,September,Tuesday,Night,Light,Front to side collision,0.0,0.0,1.0,0.0,0.0,1.0,0.0,1.0,2.0,2.0,Junction,Exact,,6.0,,444.0,,,6
2015,March,Wednesday,Day,Light,Front to side collision,0.0,0.0,1.0,0.0,0.0,1.0,0.0,1.0,2.0,2.0,Junction,Exact,,6.0,,35.0,,,6
2015,January,Wednesday,Night,Light,Front to side collision,0.0,0.0,4.0,0.0,2.0,2.0,0.0,4.0,2.0,2.0,Junction,Exact,,6.0,,57.0,,,6
2015,August,Wednesday,Day,Light,Front to side collision,0.0,0.0,1.0,0.0,0.0,1.0,0.0,1.0,3.0,3.0,Junction,Exact,,6.0,,722.0,,,6
2015,November,Monday,Night,Light,Front to side collision,0.0,0.0,1.0,0.0,0.0,1.0,0.0,1.0,2.0,2.0,Junction,Exact,,5.0,,444.0,6.0,,6
2015,March,Thursday,Day,Light,Front to side collision,0.0,0.0,5.0,0.0,3.0,2.0,0.0,5.0,2.0,2.0,Junction,Exact,,6.0,,65.0,,,6
2015,June,Monday,Day,Light,Other,0.0,0.0,1.0,0.0,0.0,1.0,0.0,1.0,2.0,2.0,Junction,Exact,,6.0,,61.0,9.0,,6
2015,November,Friday,Night,Light,Front to side collision,0.0,0.0,2.0,0.0,0.0,1.0,1.0,2.0,2.0,2.0,Junction,Exact,,6.0,,672.0,,,6
2015,March,Tuesday,Night,Light,Front to side collision,0.0,0.0,5.0,0.0,2.0,3.0,0.0,5.0,2.0,2.0,Junction,Exact,,6.0,,61.0,9.0,,6
2015,July,Tuesday,Day,Light,Front to side collision,0.0,0.0,2.0,0.0,0.0,2.0,0.0,2.0,2.0,2.0,Junction,Exact,,6.0,,61.0,9.0,,6
2015,March,Wednesday,Night,Light,Front to side collision,0.0,0.0,1.0,0.0,0.0,1.0,0.0,1.0,2.0,2.0,Junction,Exact,,6.0,,44.0,431.0,,6
2015,March,Thursday,Day,Light,Side to side collision,0.0,0.0,2.0,0.0,0.0,2.0,0.0,2.0,2.0,2.0,Junction,Exact,,6.0,,44.0,431.0,,6
2015,November,Saturday,Night,Severe,Front to rear collision,0.0,1.0,0.0,0.0,0.0,1.0,0.0,1.0,3.0,3.0,Junction,Exact,,1.0,,443.0,6.0,,6
2015,February,Sunday,Day,Light,Front to side collision,0.0,0.0,3.0,0.0,0.0,2.0,1.0,3.0,2.0,2.0,Junction,Exact,,6.0,,61.0,9.0,,6
2015,June,Thursday,Day,Light,Front to side collision,0.0,0.0,1.0,0.0,0.0,1.0,0.0,1.0,2.0,2.0,Junction,Exact,,6.0,,66.0,,,6
2015,June,Tuesday,Day,Light,Front to side collision,0.0,0.0,1.0,0.0,0.0,1.0,0.0,1.0,2.0,2.0,Junction,Exact,,6.0,,57.0,,,6
2015,March,Sunday,Day,Light,Front to side collision,0.0,0.0,2.0,0.0,0.0,2.0,0.0,2.0,2.0,2.0,Junction,Exact,,6.0,,35.0,,,6
2015,July,Sunday,Day,Light,Front to side collision,0.0,0.0,7.0,0.0,2.0,5.0,0.0,7.0,3.0,3.0,Junction,Exact,,6.0,,65.0,,,6
2015,August,Tuesday,Day,Severe,Front to side collision,0.0,1.0,1.0,0.0,0.0,2.0,0.0,2.0,2.0,2.0,Junction,Exact,,1.0,,443.0,6.0,,6
2015,October,Saturday,Day,Light,Front to side collision,0.0,0.0,1.0,0.0,0.0,1.0,0.0,1.0,2.0,2.0,Junction,Exact,,6.0,,66.0,,,6
2015,December,Tuesday,Day,Light,Front to side collision,0.0,0.0,3.0,0.0,0.0,2.0,0.0,3.0,2.0,2.0,Junction,Exact,,1.0,,443.0,6.0,,6
2015,June,Saturday,Day,Light,Front to side collision,0.0,0.0,5.0,0.0,3.0,2.0,0.0,5.0,2.0,2.0,Junction,Exact,,6.0,,66.0,,,6
2015,November,Saturday,Day,Light,Front to side collision,0.0,0.0,6.0,0.0,2.0,2.0,2.0,6.0,2.0,2.0,Junction,Exact,,6.0,,471.0,,,6
2015,July,Sunday,Night,Light,Front end collision,0.0,0.0,1.0,0.0,0.0,1.0,0.0,1.0,2.0,2.0,Junction,Exact,,5.0,,444.0,6.0,,6
2015,October,Saturday,Day,Light,Slip,0.0,0.0,2.0,0.0,1.0,1.0,0.0,2.0,1.0,1.0,Not junction,Exact,,6.0,176.6,,,,6
2015,February,Tuesday,Day,Light,Front to rear collision,0.0,0.0,4.0,0.0,0.0,4.0,0.0,4.0,4.0,4.0,Not junction,Exact,,6.0,213.3,,,,6
2015,August,Tuesday,Night,Severe,Roll over,0.0,1.0,5.0,0.0,4.0,2.0,0.0,6.0,1.0,1.0,Not junction,Exact,,6.0,139.0,,,,6
2015,May,Tuesday,Day,Severe,Slip,0.0,1.0,0.0,0.0,0.0,1.0,0.0,1.0,1.0,1.0,Not junction,Exact,,6.0,95.0,,,,6
2015,September,Thursday,Day,Light,Front end collision,0.0,0.0,2.0,0.0,0.0,2.0,0.0,2.0,2.0,2.0,Not junction,Centered,,6.0,142.0,,,,6
2015,October,Friday,Day,Severe,Front to rear collision,0.0,1.0,0.0,0.0,0.0,1.0,0.0,1.0,2.0,2.0,Not junction,Exact,,6.0,174.5,,,,6
2015,May,Saturday,Day,Light,Hit an object,0.0,0.0,4.0,0.0,2.0,2.0,0.0,4.0,1.0,1.0,Not junction,Exact,,6.0,177.0,,,,6
2015,December,Friday,Night,Light,Hit an object,0.0,0.0,1.0,0.0,0.0,1.0,0.0,1.0,1.0,1.0,Not junction,Exact,,6.0,87.0,,,,6
2015,February,Monday,Day,Severe,Front to side collision,0.0,1.0,2.0,0.0,2.0,1.0,0.0,3.0,4.0,4.0,Not junction,Exact,,6.0,205.7,,,,6
2015,August,Monday,Night,Severe,Side to side collision,0.0,1.0,0.0,0.0,0.0,1.0,0.0,1.0,2.0,2.0,Not junction,Exact,,6.0,136.0,,,,6
2015,October,Friday,Night,Light,Front to rear collision,0.0,0.0,2.0,0.0,0.0,2.0,0.0,2.0,2.0,2.0,Not junction,Exact,,6.0,182.0,,,,6
2015,February,Thursday,Day,Light,Hit an object,0.0,0.0,1.0,0.0,0.0,1.0,0.0,1.0,1.0,1.0,Not junction,Exact,,6.0,78.0,,,,6
2015,July,Sunday,Day,Severe,Roll over,0.0,1.0,0.0,0.0,0.0,1.0,0.0,1.0,1.0,1.0,Not junction,Exact,,6.0,165.5,,,,6
2015,September,Sunday,Day,Light,Roll over,0.0,0.0,5.0,0.0,0.0,5.0,0.0,5.0,3.0,3.0,Not junction,Exact,,6.0,203.3,,,,6
2015,May,Saturday,Day,Light,Hit an object,0.0,0.0,1.0,0.0,0.0,1.0,0.0,1.0,1.0,1.0,Not junction,Exact,,6.0,210.6,,,,6
2015,April,Saturday,Day,Light,Side to side collision,0.0,0.0,1.0,0.0,0.0,1.0,0.0,1.0,2.0,2.0,Not junction,Exact,,6.0,165.0,,,,6
2015,November,Wednesday,Day,Light,Front to rear collision,0.0,0.0,4.0,0.0,0.0,4.0,0.0,4.0,7.0,7.0,Not junction,Exact,,6.0,122.0,,,,6
2015,January,Sunday,Day,Fatal,Pedestrian,1.0,0.0,0.0,1.0,0.0,1.0,0.0,1.0,1.0,1.0,Not junction,Exact,,6.0,116.0,,,,6
2015,July,Tuesday,Night,Light,Roll over,0.0,0.0,6.0,0.0,4.0,2.0,0.0,6.0,1.0,1.0,Not junction,Exact,,6.0,143.4,,,,6
2015,July,Wednesday,Day,Light,Hit an object,0.0,0.0,8.0,0.0,6.0,2.0,0.0,8.0,3.0,3.0,Not junction,Exact,,6.0,143.0,,,,6
2015,June,Wednesday,Day,Light,Front to side collision,0.0,0.0,1.0,0.0,0.0,1.0,0.0,1.0,2.0,2.0,Not junction,Exact,,6.0,158.1,,,,6
2015,December,Friday,Day,Light,Hit an object,0.0,0.0,3.0,0.0,0.0,3.0,0.0,3.0,1.0,1.0,Not junction,Exact,,6.0,189.0,,,,6
2015,October,Wednesday,Day,Severe,Front to rear collision,0.0,1.0,3.0,0.0,0.0,4.0,0.0,4.0,4.0,4.0,Not junction,Exact,,6.0,110.0,,,,6
2015,September,Monday,Day,Light,Drive off road or on paveway,0.0,0.0,4.0,0.0,0.0,4.0,0.0,4.0,1.0,1.0,Not junction,Exact,,6.0,174.0,,,,6
2015,April,Sunday,Day,Light,Hit an object,0.0,0.0,2.0,0.0,0.0,2.0,0.0,2.0,1.0,1.0,Not junction,Exact,,6.0,182.2,,,,6
2015,October,Monday,Night,Severe,Front to rear collision,0.0,1.0,1.0,0.0,0.0,2.0,0.0,2.0,2.0,2.0,Not junction,Exact,,6.0,90.0,,,,6
2015,October,Wednesday,Day,Fatal,Other,2.0,0.0,1.0,0.0,0.0,3.0,0.0,3.0,2.0,2.0,Not junction,Exact,,6.0,81.2,,,,6
2015,October,Friday,Day,Fatal,Roll over,1.0,0.0,0.0,0.0,0.0,1.0,0.0,1.0,1.0,1.0,Not junction,Exact,,6.0,91.6,,,,6
2015,October,Monday,Day,Light,Front to rear collision,0.0,0.0,1.0,0.0,0.0,1.0,0.0,1.0,2.0,2.0,Not junction,Exact,,6.0,178.0,,,,6
2015,February,Saturday,Day,Severe,Slip,0.0,1.0,1.0,0.0,0.0,2.0,0.0,2.0,1.0,1.0,Not junction,Centered,,6.0,190.0,,,,6
2015,January,Sunday,Day,Light,Drive off road or on paveway,0.0,0.0,3.0,0.0,0.0,3.0,0.0,3.0,1.0,1.0,Not junction,Exact,,6.0,122.0,,,,6
2015,June,Wednesday,Day,Severe,Collision with stopped vehicle,0.0,2.0,3.0,0.0,0.0,5.0,0.0,5.0,2.0,2.0,Not junction,Exact,,6.0,171.0,,,,6
2015,October,Monday,Night,Light,Front to side collision,0.0,0.0,1.0,0.0,0.0,1.0,0.0,1.0,2.0,2.0,Not junction,Exact,,6.0,194.0,,,,6
2015,December,Friday,Day,Light,Side to side collision,0.0,0.0,2.0,0.0,0.0,2.0,0.0,2.0,2.0,2.0,Not junction,Exact,,6.0,163.9,,,,6
2015,November,Saturday,Night,Severe,Pedestrian,0.0,1.0,1.0,2.0,0.0,2.0,0.0,2.0,2.0,2.0,Not junction,Exact,,6.0,173.5,,,,6
2015,January,Saturday,Day,Severe,Hit an object,0.0,1.0,0.0,0.0,0.0,0.0,1.0,1.0,1.0,1.0,Not junction,Exact,,6.0,193.0,,,,6
2015,January,Sunday,Night,Light,Side to side collision,0.0,0.0,2.0,0.0,0.0,2.0,0.0,2.0,2.0,2.0,Not junction,Exact,,6.0,148.0,,,,6
2015,February,Sunday,Day,Light,Drive off road or on paveway,0.0,0.0,1.0,0.0,0.0,1.0,0.0,1.0,1.0,1.0,Not junction,Exact,,6.0,135.0,,,,6
2015,July,Saturday,Night,Light,Hit an object,0.0,0.0,4.0,0.0,2.0,1.0,1.0,4.0,1.0,1.0,Not junction,Exact,,6.0,180.0,,,,6
2015,March,Sunday,Night,Light,Front to side collision,0.0,0.0,2.0,0.0,0.0,2.0,0.0,2.0,4.0,4.0,Not junction,Exact,,6.0,80.0,,,,6
2015,January,Sunday,Day,Severe,Front to rear collision,0.0,1.0,1.0,0.0,0.0,2.0,0.0,2.0,2.0,2.0,Not junction,Exact,,6.0,163.0,,,,6
2015,July,Tuesday,Day,Light,Front to rear collision,0.0,0.0,1.0,0.0,0.0,1.0,0.0,1.0,4.0,4.0,Not junction,Exact,,6.0,124.1,,,,6
2015,April,Monday,Night,Fatal,Pedestrian,1.0,0.0,0.0,1.0,0.0,1.0,0.0,1.0,1.0,1.0,Not junction,Exact,,6.0,87.0,,,,6
2015,January,Tuesday,Day,Light,Side to side collision,0.0,0.0,3.0,0.0,0.0,3.0,0.0,3.0,2.0,2.0,Not junction,Exact,,6.0,194.0,,,,6
2015,December,Sunday,Day,Light,Roll over,0.0,0.0,1.0,0.0,0.0,1.0,0.0,1.0,1.0,1.0,Not junction,Exact,,6.0,202.6,,,,6