year,month,day_of_week,day_night,accident_severity,accident_type,killed,severly_injured,lightly_injured,injured_pedestrians,casualties_ages_0-19,casualties_ages_20-64,casualties_ages_65_plus,total_casualties,vehicle_count,drivers,road_type,localization_quality,settlement,road1,location,road2,road3,road4,source_road
2015,February,Thursday,Night,Light,Hit an object,0.0,0.0,1.0,0.0,0.0,1.0,0.0,1.0,1.0,1.0,Not junction,Exact,,6.0,190.0,,,,6
2015,October,Tuesday,Day,Light,Other,0.0,0.0,2.0,0.0,0.0,2.0,0.0,2.0,2.0,2.0,Not junction,Exact,,6.0,136.0,,,,6
2015,July,Thursday,Day,Severe,Front to rear collision,0.0,1.0,1.0,0.0,0.0,2.0,0.0,2.0,2.0,2.0,Not junction,Exact,,6.0,204.5,,,,6
2015,May,Monday,Night,Fatal,Roll over,1.0,0.0,1.0,0.0,0.0,2.0,0.0,2.0,1.0,1.0,Not junction,Exact,,6.0,86.0,,,,6
2015,January,Thursday,Day,Light,Side to side collision,0.0,0.0,7.0,0.0,3.0,4.0,0.0,7.0,2.0,2.0,Not junction,Exact,,6.0,118.8,,,,6
2015,December,Friday,Day,Light,Roll over,0.0,0.0,3.0,0.0,1.0,2.0,0.0,3.0,2.0,2.0,Not junction,Exact,,6.0,160.9,,,,6
2015,August,Monday,Day,Light,Roll over,0.0,0.0,1.0,0.0,0.0,1.0,0.0,1.0,1.0,1.0,Not junction,Exact,,6.0,179.0,,,,6
2015,July,Monday,Day,Light,Front to side collision,0.0,0.0,7.0,0.0,0.0,7.0,0.0,7.0,2.0,2.0,Not junction,Exact,,6.0,127.0,,,,6
2015,November,Monday,Day,Severe,Front to rear collision,0.0,1.0,0.0,0.0,0.0,1.0,0.0,1.0,3.0,3.0,Not junction,Exact,,6.0,120.0,,,,6
2015,November,Thursday,Night,Severe,Front to rear collision,0.0,1.0,0.0,0.0,0.0,1.0,0.0,1.0,2.0,2.0,Not junction,Exact,,6.0,100.0,,,,6
2015,July,Sunday,Day,Severe,Front to rear collision,0.0,1.0,0.0,0.0,0.0,1.0,0.0,1.0,2.0,2.0,Not junction,Exact,,6.0,143.9,,,,6
2015,March,Friday,Night,Light,Front to rear collision,0.0,0.0,2.0,0.0,0.0,2.0,0.0,2.0,2.0,2.0,Not junction,Exact,,6.0,210.6,,,,6
2015,February,Sunday,Day,Light,Roll over,0.0,0.0,1.0,0.0,0.0,1.0,0.0,1.0,1.0,1.0,Not junction,Exact,,6.0,188.0,,,,6
2015,August,Wednesday,Day,Light,Front to rear collision,0.0,0.0,5.0,0.0,0.0,5.0,0.0,5.0,2.0,2.0,Not junction,Exact,,6.0,191.0,,,,6
2015,August,Monday,Day,Light,Roll over,0.0,0.0,5.0,0.0,3.0,2.0,0.0,5.0,4.0,4.0,Not junction,Exact,,6.0,160.3,,,,6
2015,April,Monday,Day,Light,Front to rear collision,0.0,0.0,1.0,0.0,0.0,1.0,0.0,1.0,2.0,2.0,Not junction,Exact,,6.0,134.0,,,,6
2015,January,Wednesday,Day,Light,Front to rear collision,0.0,0.0,7.0,0.0,3.0,4.0,0.0,7.0,2.0,2.0,Not junction,Exact,,6.0,194.0,,,,6
2015,February,Friday,Day,Severe,Front to rear collision,0.0,1.0,1.0,0.0,0.0,0.0,2.0,2.0,2.0,2.0,Not junction,Exact,,6.0,124.1,,,,6
2015,November,Sunday,Night,Severe,Other,0.0,2.0,1.0,0.0,0.0,3.0,0.0,3.0,3.0,3.0,Not junction,Exact,,6.0,147.7,,,,6
2015,November,Wednesday,Night,Severe,Hit an object,0.0,1.0,0.0,1.0,0.0,1.0,0.0,1.0,1.0,1.0,Not junction,Exact,,6.0,142.9,,,,6
2015,July,Tuesday,Night,Light,Front to rear collision,0.0,0.0,2.0,0.0,0.0,2.0,0.0,2.0,2.0,2.0,Not junction,Exact,,6.0,179.8,,,,6
2015,March,Friday,Night,Light,Hit an object,0.0,0.0,2.0,0.0,1.0,1.0,0.0,2.0,2.0,2.0,Not junction,Exact,,6.0,192.0,,,,6
2015,June,Monday,Day,Light,Roll over,0.0,0.0,1.0,0.0,0.0,1.0,0.0,1.0,1.0,1.0,Not junction,Exact,,6.0,101.7,,,,6
2015,June,Tuesday,Day,Light,Front to rear collision,0.0,0.0,3.0,0.0,0.0,3.0,0.0,3.0,2.0,2.0,Not junction,Exact,,6.0,176.1,,,,6
2015,October,Thursday,Day,Light,Front to rear collision,0.0,0.0,1.0,0.0,0.0,1.0,0.0,1.0,2.0,2.0,Not junction,Exact,,6.0,162.7,,,,6
2015,September,Wednesday,Day,Light,Hit an object,0.0,0.0,5.0,0.0,4.0,1.0,0.0,5.0,1.0,1.0,Not junction,Exact,,6.0,108.1,,,,6
2015,December,Thursday,Day,Light,Front to rear collision,0.0,0.0,1.0,0.0,0.0,1.0,0.0,1.0,6.0,6.0,Not junction,Exact,,6.0,211.6,,,,6
2015,July,Sunday,Day,Severe,Hit an object,0.0,1.0,2.0,0.0,0.0,3.0,0.0,3.0,1.0,1.0,Not junction,Exact,,6.0,97.2,,,,6
2015,July,Wednesday,Day,Light,Hit an object,0.0,0.0,2.0,0.0,0.0,2.0,0.0,2.0,1.0,1.0,Not junction,Exact,,6.0,116.4,,,,6
2015,August,Saturday,Night,Light,Roll over,0.0,0.0,4.0,0.0,0.0,4.0,0.0,4.0,1.0,1.0,Not junction,Exact,,6.0,176.7,,,,6
2015,September,Monday,Day,Severe,Side to side collision,0.0,1.0,3.0,0.0,0.0,3.0,1.0,4.0,2.0,2.0,Not junction,Exact,,6.0,172.9,,,,6
2015,June,Tuesday,Day,Fatal,Front to rear collision,1.0,1.0,0.0,0.0,0.0,0.0,2.0,2.0,2.0,2.0,Not junction,Exact,,6.0,201.0,,,,6
2015,November,Sunday,Night,Light,Roll over,0.0,0.0,1.0,0.0,0.0,1.0,0.0,1.0,1.0,1.0,Not junction,Exact,,6.0,77.5,,,,6
2015,February,Tuesday,Day,Light,Front to rear collision,0.0,0.0,4.0,0.0,0.0,4.0,0.0,4.0,4.0,4.0,Not junction,Exact,,6.0,124.0,,,,6
2015,September,Thursday,Day,Light,Roll over,0.0,0.0,4.0,0.0,0.0,4.0,0.0,4.0,1.0,1.0,Not junction,Exact,,6.0,154.0,,,,6
2016,November,Wednesday,Night,Light,Front to side collision,0.0,0.0,5.0,0.0,0.0,5.0,0.0,5.0,2.0,2.0,Junction,Exact,,6.0,,61.0,9.0,,6
2016,July,Wednesday,Day,Light,Drive off road or on paveway,0.0,0.0,1.0,0.0,0.0,1.0,0.0,1.0,1.0,1.0,Junction,Exact,,6.0,,40.0,293.0,,6
2016,March,Wednesday,Day,Light,Front to rear collision,0.0,0.0,1.0,0.0,0.0,1.0,0.0,1.0,2.0,2.0,Junction,Exact,,6.0,,65.0,,,6
2016,January,Wednesday,Night,Light,Front to rear collision,0.0,0.0,2.0,0.0,0.0,2.0,0.0,2.0,5.0,5.0,Junction,Exact,,1.0,,6.0,,,6
2016,August,Tuesday,Night,Light,Front to side collision,0.0,0.0,1.0,0.0,1.0,0.0,0.0,1.0,2.0,2.0,Junction,Exact,,6.0,,5505.0,,,6
2016,June,Friday,Day,Light,Drive off road or on paveway,0.0,0.0,1.0,0.0,0.0,1.0,0.0,1.0,2.0,2.0,Junction,Exact,,6.0,,44.0,431.0,,6
2016,March,Monday,Day,Light,Front to side collision,0.0,0.0,3.0,0.0,0.0,3.0,0.0,3.0,3.0,3.0,Junction,Exact,,5.0,,444.0,6.0,,6
2016,April,Monday,Day,Light,Front to rear collision,0.0,0.0,4.0,0.0,1.0,3.0,0.0,4.0,2.0,2.0,Junction,Exact,,6.0,,65.0,,,6
2016,March,Tuesday,Day,Light,Front to side collision,0.0,0.0,3.0,0.0,0.0,3.0,0.0,3.0,3.0,3.0,Junction,Exact,,6.0,,5505.0,,,6
2016,August,Wednesday,Day,Light,Front to side collision,0.0,0.0,3.0,0.0,1.0,2.0,0.0,3.0,2.0,2.0,Junction,Exact,,6.0,,5505.0,,,6
2016,July,Sunday,Day,Light,Hit an object,0.0,0.0,1.0,0.0,0.0,1.0,0.0,1.0,2.0,2.0,Junction,Exact,,6.0,,7.0,,,6
2016,June,Saturday,Day,Light,Front to side collision,0.0,0.0,4.0,0.0,3.0,1.0,0.0,4.0,2.0,2.0,Junction,Exact,,6.0,,66.0,,,6
2016,March,Thursday,Day,Light,Front to side collision,0.0,0.0,3.0,0.0,0.0,3.0,0.0,3.0,2.0,2.0,Junction,Exact,,5.0,,444.0,6.0,,6
2016,August,Wednesday,Night,Light,Front to side collision,0.0,0.0,3.0,0.0,0.0,2.0,1.0,3.0,2.0,2.0,Junction,Exact,,6.0,,61.0,9.0,,6
2016,August,Wednesday,Night,Light,Front to side collision,0.0,0.0,3.0,0.0,0.0,3.0,0.0,3.0,2.0,2.0,Junction,Exact,,6.0,,44.0,431.0,,6
2016,November,Wednesday,Day,Light,Front to side collision,0.0,0.0,1.0,0.0,0.0,1.0,0.0,1.0,2.0,2.0,Junction,Exact,,5.0,,444.0,6.0,,6
2016,July,Saturday,Day,Light,Front to side collision,0.0,0.0,5.0,0.0,2.0,3.0,0.0,5.0,2.0,2.0,Junction,Exact,,5.0,,444.0,6.0,,6
2016,January,Friday,Night,Light,Front to side collision,0.0,0.0,4.0,0.0,1.0,3.0,0.0,4.0,2.0,2.0,Junction,Exact,,1.0,,443.0,6.0,,6
2016,January,Monday,Day,Light,Front to side collision,0.0,0.0,1.0,0.0,0.0,1.0,0.0,1.0,2.0,2.0,Junction,Exact,,6.0,,61.0,9.0,,6
2016,July,Friday,Day,Severe,Front to side collision,0.0,3.0,1.0,0.0,0.0,4.0,0.0,4.0,2.0,2.0,Junction,Exact,,6.0,,35.0,,,6
2016,May,Sunday,Night,Light,Front to side collision,0.0,0.0,1.0,0.0,0.0,0.0,1.0,1.0,2.0,2.0,Junction,Exact,,5.0,,444.0,6.0,,6
2016,September,Saturday,Day,Light,Side to side collision,0.0,0.0,3.0,0.0,1.0,2.0,0.0,3.0,2.0,2.0,Junction,Exact,,6.0,,65.0,,,6
2016,September,Sunday,Day,Light,Front to side collision,0.0,0.0,4.0,0.0,2.0,2.0,0.0,4.0,2.0,2.0,Junction,Exact,,1.0,,443.0,6.0,,6
2016,January,Wednesday,Day,Light,Front to side collision,0.0,0.0,1.0,0.0,0.0,1.0,0.0,1.0,2.0,2.0,Junction,Exact,,6.0,,5505.0,,,6
2016,December,Thursday,Night,Light,Front to side collision,0.0,0.0,2.0,0.0,0.0,2.0,0.0,2.0,2.0,2.0,Junction,Exact,,6.0,,57.0,,,6
2016,August,Monday,Night,Light,Front to side collision,0.0,0.0,7.0,0.0,4.0,3.0,0.0,7.0,2.0,2.0,Junction,Exact,,6.0,,5505.0,,,6
2016,September,Monday,Night,Light,Front to rear collision,0.0,0.0,1.0,0.0,0.0,0.0,0.0,1.0,2.0,2.0,Junction,Exact,,5.0,,444.0,6.0,,6
2016,April,Thursday,Day,Light,Front to side collision,0.0,0.0,2.0,0.0,0.0,2.0,0.0,2.0,2.0,2.0,Junction,Exact,,5.0,,444.0,6.0,,6
2016,September,Sunday,Day,Severe,Front to side collision,0.0,1.0,1.0,0.0,0.0,2.0,0.0,2.0,3.0,3.0,Junction,Exact,,6.0,,57.0,,,6
2016,April,Wednesday,Day,Severe,Front to side collision,0.0,1.0,2.0,0.0,0.0,3.0,0.0,3.0,2.0,2.0,Junction,Exact,,6.0,,61.0,9.0,,6
2016,July,Sunday,Day,Fatal,Pedestrian,1.0,0.0,0.0,1.0,0.0,1.0,0.0,1.0,4.0,4.0,Junction,Exact,,6.0,,44.0,431.0,,6
2016,August,Monday,Day,Light,Hit an object,0.0,0.0,6.0,0.0,2.0,4.0,0.0,6.0,1.0,1.0,Junction,Exact,,5.0,,444.0,6.0,,6
2016,July,Monday,Day,Light,Front to side collision,0.0,0.0,1.0,0.0,0.0,1.0,0.0,1.0,2.0,2.0,Junction,Exact,,5.0,,444.0,6.0,,6
2016,August,Friday,Day,Severe,Front to rear collision,0.0,1.0,0.0,0.0,0.0,1.0,0.0,1.0,2.0,2.0,Junction,Exact,,5.0,,444.0,6.0,,6
2016,May,Monday,Night,Severe,Front to side collision,0.0,1.0,2.0,0.0,0.0,1.0,2.0,3.0,2.0,2.0,Junction,Exact,,6.0,,65.0,,,6
2016,February,Thursday,Night,Light,Front to side collision,0.0,0.0,4.0,0.0,2.0,2.0,0.0,4.0,2.0,2.0,Junction,Exact,,6.0,,65.0,,,6
2016,September,Friday,Night,Light,Front end collision,0.0,0.0,1.0,0.0,1.0,0.0,0.0,1.0,2.0,2.0,Junction,Exact,,6.0,,66.0,,,6
2016,October,Monday,Day,Light,Front to side collision,0.0,0.0,1.0,0.0,0.0,1.0,0.0,1.0,2.0,2.0,Junction,Exact,,6.0,,65.0,,,6
2016,June,Saturday,Day,Light,Front to side collision,0.0,0.0,2.0,0.0,0.0,2.0,0.0,2.0,2.0,2.0,Junction,Exact,,6.0,,471.0,,,6
2016,March,Thursday,Day,Light,Front to side collision,0.0,0.0,6.0,0.0,0.0,5.0,1.0,6.0,3.0,3.0,Junction,Exact,,6.0,,65.0,,,6
2016,June,Thursday,Night,Severe,Front to side collision,0.0,1.0,0.0,0.0,0.0,0.0,1.0,1.0,2.0,2.0,Junction,Exact,,6.0,,444.0,,,6
2016,July,Wednesday,Day,Severe,Front to side collision,0.0,1.0,2.0,0.0,0.0,3.0,0.0,3.0,2.0,2.0,Junction,Exact,,6.0,,44.0,431.0,,6
2016,November,Monday,Night,Light,Front to rear collision,0.0,0.0,6.0,0.0,1.0,5.0,0.0,6.0,10.0,10.0,Junction,Exact,,5.0,,444.0,6.0,,6
2016,January,Tuesday,Night,Severe,Front end collision,0.0,1.0,0.0,0.0,0.0,1.0,0.0,1.0,2.0,2.0,Junction,Exact,,3.0,,6.0,,,6
2016,September,Monday,Day,Light,Front to side collision,0.0,0.0,2.0,0.0,0.0,0.0,2.0,2.0,2.0,2.0,Junction,Exact,,6.0,,44.0,431.0,,6
2016,February,Friday,Day,Light,Front to side collision,0.0,0.0,1.0,0.0,0.0,1.0,0.0,1.0,2.0,2.0,Junction,Exact,,6.0,,44.0,431.0,,6
2016,August,Wednesday,Day,Light,Front to side collision,0.0,0.0,2.0,0.0,0.0,2.0,0.0,2.0,2.0,2.0,Junction,Exact,,3.0,,6.0,,,6
2016,November,Tuesday,Day,Light,Hit an object,0.0,0.0,1.0,0.0,0.0,1.0,0.0,1.0,1.0,1.0,Not junction,Exact,,6.0,161.2,,,,6
2016,October,Tuesday,Night,Light,Roll over,0.0,0.0,3.0,0.0,0.0,3.0,0.0,3.0,1.0,1.0,Not junction,Exact,,6.0,198.0,,,,6
2016,December,Friday,Night,Fatal,Side to side collision,3.0,4.0,2.0,0.0,4.0,4.0,1.0,9.0,5.0,5.0,Not junction,Exact,,6.0,92.0,,,,6
2016,March,Tuesday,Day,Light,Front to rear collision,0.0,0.0,3.0,0.0,0.0,3.0,0.0,3.0,3.0,3.0,Not junction,Exact,,6.0,94.0,,,,6
2016,February,Friday,Night,Light,Hit an object,0.0,0.0,1.0,0.0,0.0,1.0,0.0,1.0,2.0,2.0,Not junction,Exact,,6.0,184.5,,,,6
2016,February,Wednesday,Day,Severe,Front to rear collision,0.0,1.0,0.0,0.0,0.0,1.0,0.0,1.0,2.0,2.0,Not junction,Exact,,6.0,145.0,,,,6
2016,August,Sunday,Day,Severe,Pedestrian,0.0,1.0,1.0,1.0,2.0,0.0,0.0,2.0,2.0,2.0,Not junction,Exact,,6.0,68.4,,,,6
2016,March,Tuesday,Day,Light,Front to rear collision,0.0,0.0,1.0,0.0,0.0,1.0,0.0,1.0,2.0,2.0,Not junction,Exact,,6.0,115.0,,,,6
2016,August,Sunday,Night,Light,Collision with stopped vehicle,0.0,0.0,1.0,0.0,0.0,1.0,0.0,1.0,3.0,3.0,Not junction,Exact,,6.0,153.0,,,,6
2016,January,Thursday,Day,Light,Side to side collision,0.0,0.0,1.0,0.0,0.0,1.0,0.0,1.0,2.0,2.0,Not junction,Exact,,6.0,143.0,,,,6
2016,April,Friday,Night,Fatal,Roll over,1.0,0.0,0.0,0.0,0.0,1.0,0.0,1.0,1.0,1.0,Not junction,Exact,,6.0,81.4,,,,6
2016,June,Wednesday,Day,Severe,Front to rear collision,0.0,1.0,4.0,0.0,2.0,3.0,0.0,5.0,2.0,2.0,Not junction,Exact,,6.0,167.0,,,,6
2016,July,Thursday,Night,Severe,Front to rear collision,0.0,1.0,6.0,0.0,0.0,4.0,3.0,7.0,5.0,5.0,Not junction,Exact,,6.0,74.0,,,,6
2016,November,Monday,Night,Light,Front to rear collision,0.0,0.0,4.0,0.0,1.0,2.0,1.0,4.0,3.0,3.0,Not junction,Exact,,6.0,185.5,,,,6
2016,December,Sunday,Day,Light,Front to rear collision,0.0,0.0,2.0,0.0,0.0,2.0,0.0,2.0,3.0,3.0,Not junction,Exact,,6.0,149.5,,,,6
2016,November,Monday,Night,Severe,Front to rear collision,0.0,1.0,1.0,0.0,0.0,2.0,0.0,2.0,2.0,2.0,Not junction,Exact,,6.0,115.0,,,,6
2016,January,Thursday,Night,Fatal,Front to rear collision,1.0,0.0,0.0,0.0,0.0,1.0,0.0,1.0,3.0,3.0,Not junction,Exact,,6.0,184.1,,,,6
2016,January,Sunday,Night,Light,Side to side collision,0.0,0.0,3.0,0.0,0.0,3.0,0.0,3.0,2.0,2.0,Not junction,Exact,,6.0,190.5,,,,6
2016,August,Monday,Night,Light,Side to side collision,0.0,0.0,1.0,0.0,0.0,0.0,0.0,1.0,2.0,2.0,Not junction,Exact,,6.0,141.0,,,,6
2016,October,Saturday,Night,Light,Front to rear collision,0.0,0.0,2.0,0.0,1.0,1.0,0.0,2.0,3.0,3.0,Not junction,Exact,,6.0,144.3,,,,6
2016,December,Tuesday,Day,Light,Side to side collision,0.0,0.0,5.0,0.0,2.0,3.0,0.0,5.0,3.0,3.0,Not junction,Exact,,6.0,181.5,,,,6
2016,December,Friday,Night,Severe,Hit an object,0.0,1.0,4.0,0.0,3.0,2.0,0.0,5.0,1.0,1.0,Not junction,Exact,,6.0,130.0,,,,6
2016,October,Monday,Day,Light,Roll over,0.0,0.0,1.0,0.0,0.0,0.0,1.0,1.0,1.0,1.0,Not junction,Exact,,6.0,130.0,,,,6
2016,March,Wednesday,Night,Severe,Front to rear collision,0.0,1.0,3.0,0.0,1.0,2.0,1.0,4.0,3.0,3.0,Not junction,Exact,,6.0,97.0,,,,6
2016,March,Thursday,Night,Light,Side to side collision,0.0,0.0,1.0,0.0,0.0,1.0,0.0,1.0,2.0,2.0,Not junction,Exact,,6.0,191.0,,,,6
2016,January,Thursday,Day,Severe,Roll over,0.0,1.0,1.0,0.0,0.0,0.0,2.0,2.0,1.0,1.0,Not junction,Exact,,6.0,132.2,,,,6
2016,September,Wednesday,Day,Light,Front to rear collision,0.0,0.0,2.0,0.0,0.0,2.0,0.0,2.0,2.0,2.0,Not junction,Exact,,6.0,150.0,,,,6
2016,March,Saturday,Night,Light,Front to rear collision,0.0,0.0,2.0,0.0,0.0,2.0,0.0,2.0,3.0,3.0,Not junction,Exact,,6.0,152.0,,,,6
2016,March,Monday,Day,Light,Front to rear collision,0.0,0.0,1.0,0.0,0.0,1.0,0.0,1.0,2.0,2.0,Not junction,Exact,,6.0,143.7,,,,6
2016,July,Monday,Night,Light,Front to rear collision,0.0,0.0,7.0,0.0,0.0,7.0,0.0,7.0,4.0,4.0,Not junction,Exact,,6.0,214.3,,,,6
2016,March,Thursday,Day,Light,Side to side collision,0.0,0.0,4.0,0.0,3.0,1.0,0.0,4.0,3.0,3.0,Not junction,Exact,,6.0,132.3,,,,6
2016,October,Sunday,Night,Light,Roll over,0.0,0.0,1.0,0.0,0.0,1.0,0.0,1.0,1.0,1.0,Not junction,Exact,,6.0,165.0,,,,6
2016,November,Friday,Day,Severe,Side to side collision,0.0,2.0,2.0,0.0,0.0,4.0,0.0,4.0,4.0,4.0,Not junction,Exact,,6.0,184.6,,,,6
2016,September,Friday,Day,Light,Front to rear collision,0.0,0.0,2.0,0.0,0.0,2.0,0.0,2.0,2.0,2.0,Not junction,Exact,,6.0,120.0,,,,6
2016,June,Sunday,Day,Severe,Front to rear collision,0.0,1.0,2.0,0.0,0.0,3.0,0.0,3.0,2.0,2.0,Not junction,Exact,,6.0,76.0,,,,6
2016,April,Sunday,Day,Light,Front to rear collision,0.0,0.0,7.0,0.0,4.0,3.0,0.0,7.0,4.0,4.0,Not junction,Exact,,6.0,206.7,,,,6
2016,June,Thursday,Day,Light,Roll over,0.0,0.0,1.0,0.0,0.0,1.0,0.0,1.0,1.0,1.0,Not junction,Exact,,6.0,134.5,,,,6
2016,August,Sunday,Night,Severe,Front to rear collision,0.0,1.0,1.0,0.0,0.0,2.0,0.0,2.0,2.0,2.0,Not junction,Exact,,6.0,142.0,,,,6
2016,April,Sunday,Day,Light,Hit an object,0.0,0.0,2.0,0.0,0.0,2.0,0.0,2.0,1.0,1.0,Not junction,Exact,,6.0,148.7,,,,6
2016,September,Friday,Night,Light,Front to rear collision,0.0,0.0,1.0,0.0,0.0,1.0,0.0,1.0,2.0,2.0,Not junction,Exact,,6.0,214.4,,,,6
2016,January,Saturday,Day,Light,Front to rear collision,0.0,0.0,1.0,0.0,0.0,1.0,0.0,1.0,2.0,2.0,Not junction,Exact,,6.0,136.0,,,,6
2016,November,Wednesday,Night,Light,Front to rear collision,0.0,0.0,2.0,0.0,0.0,2.0,0.0,2.0,4.0,4.0,Not junction,Exact,,6.0,156.0,,,,6
2016,November,Wednesday,Day,Light,Roll over,0.0,0.0,2.0,0.0,0.0,2.0,0.0,2.0,1.0,1.0,Not junction,Exact,,6.0,142.8,,,,6
2016,January,Sunday,Night,Light,Other,0.0,0.0,1.0,0.0,0.0,1.0,0.0,1.0,1.0,1.0,Not junction,Exact,,6.0,146.1,,,,6
2016,June,Sunday,Night,Light,Side to side collision,0.0,0.0,5.0,0.0,0.0,5.0,0.0,5.0,2.0,2.0,Not junction,Exact,,6.0,95.0,,,,6
2016,July,Sunday,Day,Fatal,Side to side collision,1.0,0.0,1.0,0.0,0.0,1.0,1.0,2.0,2.0,2.0,Not junction,Exact,,6.0,73.0,,,,6
2016,January,Sunday,Day,Light,Front to side collision,0.0,0.0,7.0,0.0,0.0,7.0,0.0,7.0,2.0,2.0,Not junction,Exact,,6.0,143.0,,,,6
2016,May,Sunday,Day,Light,Front to rear collision,0.0,0.0,4.0,0.0,1.0,3.0,0.0,4.0,2.0,2.0,Not junction,Exact,,6.0,196.0,,,,6
2016,March,Tuesday,Night,Fatal,Pedestrian,1.0,0.0,0.0,1.0,0.0,1.0,0.0,1.0,3.0,3.0,Not junction,Exact,,6.0,146.4,,,,6
2016,November,Wednesday,Day,Fatal,Front to rear collision,2.0,1.0,1.0,0.0,0.0,4.0,0.0,4.0,2.0,2.0,Not junction,Exact,,6.0,152.0,,,,6
2016,June,Tuesday,Day,Light,Front to rear collision,0.0,0.0,3.0,0.0,0.0,3.0,0.0,3.0,4.0,4.0,Not junction,Exact,,6.0,151.0,,,,6
2016,November,Wednesday,Night,Light,Roll over,0.0,0.0,2.0,0.0,2.0,0.0,0.0,2.0,1.0,1.0,Not junction,Exact,,6.0,185.0,,,,6
2016,December,Friday,Night,Severe,Side to side collision,0.0,1.0,1.0,0.0,1.0,1.0,0.0,2.0,2.0,2.0,Not junction,Exact,,6.0,86.0,,,,6
2016,January,Friday,Night,Severe,Roll over,0.0,3.0,1.0,0.0,3.0,1.0,0.0,4.0,1.0,1.0,Not junction,Exact,,6.0,170.3,,,,6
2016,April,Saturday,Day,Light,Drive off road or on paveway,0.0,0.0,1.0,0.0,0.0,1.0,0.0,1.0,1.0,1.0,Not junction,Exact,,6.0,85.0,,,,6
2016,September,Saturday,Night,Fatal,Front to rear collision,1.0,0.0,0.0,0.0,0.0,1.0,0.0,1.0,3.0,3.0,Not junction,Exact,,6.0,98.0,,,,6
2016,January,Sunday,Night,Light,Front to rear collision,0.0,0.0,5.0,0.0,3.0,2.0,0.0,5.0,2.0,2.0,Not junction,Exact,,6.0,177.0,,,,6
2016,April,Sunday,Day,Severe,Roll over,0.0,3.0,2.0,0.0,3.0,2.0,0.0,5.0,1.0,1.0,Not junction,Exact,,6.0,94.0,,,,6
2016,December,Tuesday,Day,Fatal,Front to rear collision,1.0,0.0,2.0,0.0,0.0,2.0,1.0,3.0,4.0,4.0,Not junction,Exact,,6.0,214.6,,,,6
2016,May,Wednesday,Day,Light,Other,0.0,0.0,1.0,0.0,0.0,1.0,0.0,1.0,1.0,1.0,Not junction,Exact,,6.0,177.0,,,,6
2016,June,Thursday,Day,Severe,Front to rear collision,0.0,2.0,1.0,0.0,0.0,3.0,0.0,3.0,3.0,3.0,Not junction,Exact,,6.0,152.0,,,,6
2016,July,Tuesday,Night,Light,Hit an object,0.0,0.0,1.0,0.0,1.0,0.0,0.0,1.0,1.0,1.0,Not junction,Exact,,6.0,143.0,,,,6
2016,August,Saturday,Night,Fatal,Pedestrian,1.0,0.0,0.0,1.0,0.0,1.0,0.0,1.0,1.0,1.0,Not junction,Exact,,6.0,169.6,,,,6
2016,August,Wednesday,Day,Light,Side to side collision,0.0,0.0,1.0,0.0,0.0,1.0,0.0,1.0,2.0,2.0,Not junction,Exact,,6.0,210.1,,,,6
2016,October,Sunday,Day,Light,Roll over,0.0,0.0,1.0,0.0,0.0,1.0,0.0,1.0,1.0,1.0,Not junction,Exact,,6.0,156.0,,,,6
2017,January,Tuesday,Day,Light,Front to side collision,0.0,0.0,1.0,0.0,0.0,1.0,0.0,1.0,2.0,2.0,Junction,Exact,,6.0,,57.0,,,6
2017,December,Friday,Day,Light,Front to side collision,0.0,0.0,2.0,0.0,1.0,1.0,0.0,2.0,2.0,2.0,Junction,Exact,,6.0,,444.0,,,6
2017,February,Wednesday,Day,Light,Front to side collision,0.0,0.0,1.0,0.0,0.0,1.0,0.0,1.0,2.0,2.0,Junction,Exact,,6.0,,61.0,9.0,,6
2017,February,Thursday,Day,Light,Front to rear collision,0.0,0.0,2.0,0.0,0.0,2.0,0.0,2.0,2.0,2.0,Junction,Exact,,5.0,,444.0,6.0,,6
2017,December,Thursday,Night,Light,Front to side collision,0.0,0.0,2.0,0.0,0.0,2.0,0.0,2.0,2.0,2.0,Junction,Exact,,6.0,,66.0,,,6
2017,October,Wednesday,Night,Light,Front to side collision,0.0,0.0,1.0,0.0,0.0,1.0,0.0,1.0,2.0,2.0,Junction,Exact,,6.0,,444.0,,,6
2017,January,Monday,Night,Severe,Front to side collision,0.0,1.0,1.0,0.0,0.0,2.0,0.0,2.0,2.0,2.0,Junction,Exact,,6.0,,65.0,,,6
2017,October,Sunday,Day,Severe,Front to rear collision,0.0,1.0,0.0,0.0,0.0,1.0,0.0,1.0,2.0,2.0,Junction,Exact,,1.0,,6.0,,,6
2017,December,Monday,Night,Fatal,Front to side collision,1.0,1.0,0.0,0.0,1.0,1.0,0.0,2.0,2.0,2.0,Junction,Exact,,6.0,,61.0,9.0,,6
2017,November,Saturday,Night,Light,Front to side collision,0.0,0.0,3.0,0.0,1.0,2.0,0.0,3.0,3.0,3.0,Junction,Exact,,5.0,,444.0,6.0,,6
2017,June,Thursday,Day,Light,Front to side collision,0.0,0.0,2.0,0.0,0.0,2.0,0.0,2.0,2.0,2.0,Junction,Exact,,6.0,,65.0,,,6
2017,May,Saturday,Day,Light,Hit an object,0.0,0.0,1.0,0.0,0.0,1.0,0.0,1.0,2.0,2.0,Junction,Exact,,6.0,,57.0,,,6
2017,August,Thursday,Day,Severe,Slip,0.0,1.0,0.0,0.0,0.0,1.0,0.0,1.0,1.0,1.0,Junction,Exact,,1.0,,6.0,,,6
2017,March,Sunday,Day,Light,Front to side collision,0.0,0.0,2.0,0.0,1.0,1.0,0.0,2.0,2.0,2.0,Junction,Exact,,6.0,,44.0,431.0,,6
2017,April,Friday,Day,Severe,Front to rear collision,0.0,1.0,2.0,0.0,1.0,2.0,0.0,3.0,2.0,2.0,Junction,Exact,,6.0,,44.0,431.0,,6