year,month,day_of_week,day_night,accident_severity,accident_type,killed,severly_injured,lightly_injured,injured_pedestrians,casualties_ages_0-19,casualties_ages_20-64,casualties_ages_65_plus,total_casualties,vehicle_count,drivers,road_type,localization_quality,settlement,road1,location,road2,road3,road4,source_road
2018,August,Friday,Night,Severe,Side to side collision,0.0,1.0,3.0,0.0,1.0,3.0,0.0,4.0,2.0,2.0,Not junction,Exact,,6.0,145.5,,,,6
2018,July,Friday,Night,Light,Roll over,0.0,0.0,1.0,0.0,0.0,1.0,0.0,1.0,1.0,1.0,Not junction,Exact,,6.0,189.0,,,,6
2018,June,Friday,Night,Fatal,Pedestrian,1.0,0.0,0.0,1.0,0.0,1.0,0.0,1.0,2.0,2.0,Not junction,Exact,,6.0,137.9,,,,6
2018,August,Thursday,Day,Light,Front to rear collision,0.0,0.0,4.0,0.0,0.0,3.0,1.0,4.0,9.0,9.0,Not junction,Exact,,6.0,177.0,,,,6
2018,July,Monday,Day,Light,Hit an object,0.0,0.0,2.0,0.0,0.0,2.0,0.0,2.0,1.0,1.0,Not junction,Exact,,6.0,186.9,,,,6
2018,January,Monday,Day,Light,Other,0.0,0.0,1.0,0.0,0.0,1.0,0.0,1.0,2.0,2.0,Not junction,Exact,,6.0,101.5,,,,6
2018,April,Sunday,Night,Light,Front to rear collision,0.0,0.0,4.0,0.0,0.0,4.0,0.0,4.0,2.0,2.0,Not junction,Exact,,6.0,178.0,,,,6
2018,June,Wednesday,Day,Severe,Front to rear collision,0.0,1.0,0.0,0.0,0.0,1.0,0.0,1.0,2.0,2.0,Not junction,Exact,,6.0,165.0,,,,6
2018,June,Tuesday,Night,Light,Front to rear collision,0.0,0.0,3.0,0.0,1.0,2.0,0.0,3.0,2.0,2.0,Not junction,Exact,,6.0,96.0,,,,6
2018,March,Monday,Day,Severe,Roll over,0.0,1.0,0.0,0.0,0.0,1.0,0.0,1.0,1.0,1.0,Not junction,Exact,,6.0,94.0,,,,6
2018,February,Tuesday,Night,Fatal,Front to rear collision,3.0,0.0,10.0,0.0,0.0,13.0,0.0,13.0,5.0,5.0,Not junction,Exact,,6.0,169.3,,,,6
2018,July,Sunday,Day,Light,Hit an object,0.0,0.0,5.0,0.0,3.0,2.0,0.0,5.0,2.0,2.0,Not junction,Exact,,6.0,184.5,,,,6
2018,August,Monday,Day,Severe,Front to rear collision,0.0,1.0,0.0,0.0,1.0,0.0,0.0,1.0,2.0,2.0,Not junction,Exact,,6.0,203.7,,,,6
2018,November,Monday,Day,Light,Collision with stopped vehicle,0.0,0.0,3.0,0.0,0.0,3.0,0.0,3.0,2.0,2.0,Not junction,Exact,,6.0,183.6,,,,6
2018,February,Tuesday,Night,Light,Side to side collision,0.0,0.0,2.0,0.0,0.0,2.0,0.0,2.0,3.0,3.0,Not junction,Exact,,6.0,113.7,,,,6
2018,December,Saturday,Day,Light,Front to rear collision,0.0,0.0,6.0,0.0,1.0,1.0,0.0,6.0,2.0,2.0,Not junction,Exact,,6.0,134.3,,,,6
2018,May,Monday,Night,Light,Front to rear collision,0.0,0.0,5.0,0.0,0.0,5.0,0.0,5.0,2.0,2.0,Not junction,Exact,,6.0,207.6,,,,6
2018,February,Sunday,Day,Light,Front to side collision,0.0,0.0,1.0,0.0,0.0,1.0,0.0,1.0,2.0,2.0,Not junction,Exact,,6.0,155.7,,,,6
2018,July,Monday,Night,Light,Front to rear collision,0.0,0.0,1.0,0.0,0.0,1.0,0.0,1.0,2.0,2.0,Not junction,Exact,,6.0,163.0,,,,6
2018,June,Sunday,Day,Light,Side to side collision,0.0,0.0,1.0,0.0,0.0,0.0,1.0,1.0,2.0,2.0,Not junction,Exact,,6.0,100.0,,,,6
2018,November,Friday,Night,Light,Slip,0.0,0.0,1.0,0.0,1.0,0.0,0.0,1.0,1.0,1.0,Not junction,Exact,,6.0,191.0,,,,6
2018,June,Tuesday,Day,Light,Front to rear collision,0.0,0.0,3.0,0.0,0.0,3.0,0.0,3.0,2.0,2.0,Not junction,Exact,,6.0,78.0,,,,6
2018,July,Tuesday,Day,Light,Front to rear collision,0.0,0.0,3.0,0.0,0.0,3.0,0.0,3.0,4.0,4.0,Not junction,Exact,,6.0,207.6,,,,6
2018,February,Sunday,Night,Severe,Drive off road or on paveway,0.0,1.0,7.0,0.0,0.0,8.0,0.0,8.0,1.0,1.0,Not junction,Exact,,6.0,145.0,,,,6
2018,June,Tuesday,Day,Severe,Front to rear collision,0.0,1.0,0.0,0.0,0.0,1.0,0.0,1.0,2.0,2.0,Not junction,Exact,,6.0,50.0,,,,6
2018,November,Wednesday,Night,Severe,Front to rear collision,0.0,1.0,1.0,0.0,0.0,2.0,0.0,2.0,2.0,2.0,Not junction,Exact,,6.0,188.0,,,,6
2018,September,Sunday,Night,Light,Front to side collision,0.0,0.0,2.0,0.0,0.0,1.0,1.0,2.0,2.0,2.0,Not junction,Exact,,6.0,212.3,,,,6
2018,June,Friday,Day,Light,Hit an object,0.0,0.0,1.0,0.0,0.0,1.0,0.0,1.0,1.0,1.0,Not junction,Exact,,6.0,90.0,,,,6
2018,June,Thursday,Day,Light,Front to rear collision,0.0,0.0,8.0,0.0,1.0,5.0,1.0,8.0,4.0,4.0,Not junction,Exact,,6.0,206.7,,,,6
2018,August,Tuesday,Day,Light,Roll over,0.0,0.0,1.0,0.0,0.0,1.0,0.0,1.0,1.0,1.0,Not junction,Exact,,6.0,127.9,,,,6
2018,May,Thursday,Night,Light,Roll over,0.0,0.0,2.0,0.0,0.0,2.0,0.0,2.0,1.0,1.0,Not junction,Exact,,6.0,152.0,,,,6
2018,December,Monday,Night,Light,Roll over,0.0,0.0,2.0,0.0,0.0,1.0,1.0,2.0,1.0,1.0,Not junction,Exact,,6.0,188.0,,,,6
2018,January,Thursday,Day,Severe,Other,0.0,1.0,0.0,0.0,0.0,1.0,0.0,1.0,1.0,1.0,Not junction,Exact,,6.0,110.0,,,,6
2018,November,Tuesday,Night,Fatal,Front to rear collision,2.0,0.0,1.0,0.0,0.0,3.0,0.0,3.0,2.0,2.0,Not junction,Exact,,6.0,143.2,,,,6
2018,October,Monday,Day,Light,Front to rear collision,0.0,0.0,1.0,0.0,0.0,1.0,0.0,1.0,2.0,2.0,Not junction,Exact,,6.0,165.0,,,,6
2018,December,Friday,Day,Severe,Drive off road or on paveway,0.0,1.0,0.0,0.0,0.0,1.0,0.0,1.0,1.0,1.0,Not junction,Exact,,6.0,148.7,,,,6
2018,September,Saturday,Night,Light,Hit an object,0.0,0.0,1.0,0.0,0.0,1.0,0.0,1.0,1.0,1.0,Not junction,Exact,,6.0,78.0,,,,6
2018,January,Monday,Night,Light,Front to rear collision,0.0,0.0,3.0,0.0,0.0,3.0,0.0,3.0,4.0,4.0,Not junction,Exact,,6.0,178.0,,,,6
2018,June,Saturday,Day,Light,Hit an object,0.0,0.0,1.0,0.0,0.0,1.0,0.0,1.0,1.0,1.0,Not junction,Exact,,6.0,203.7,,,,6
2018,September,Monday,Night,Light,Front to rear collision,0.0,0.0,1.0,0.0,0.0,1.0,0.0,1.0,2.0,2.0,Not junction,Exact,,6.0,202.6,,,,6
2018,August,Monday,Night,Light,Hit an object,0.0,0.0,1.0,0.0,0.0,1.0,0.0,1.0,1.0,1.0,Not junction,Exact,,6.0,174.8,,,,6
2018,July,Sunday,Day,Fatal,Hit an object,1.0,1.0,1.0,0.0,1.0,2.0,0.0,3.0,1.0,1.0,Not junction,Exact,,6.0,203.7,,,,6
2018,April,Friday,Day,Light,Side to side collision,0.0,0.0,2.0,0.0,0.0,2.0,0.0,2.0,3.0,3.0,Not junction,Exact,,6.0,163.0,,,,6
2018,April,Sunday,Night,Fatal,Pedestrian,1.0,0.0,0.0,1.0,0.0,1.0,0.0,1.0,2.0,2.0,Not junction,Exact,,6.0,74.2,,,,6
2018,March,Sunday,Day,Light,Front to rear collision,0.0,0.0,9.0,0.0,0.0,9.0,0.0,9.0,3.0,3.0,Not junction,Exact,,6.0,150.0,,,,6
2018,February,Sunday,Night,Light,Side to side collision,0.0,0.0,9.0,0.0,1.0,8.0,0.0,9.0,2.0,2.0,Not junction,Exact,,6.0,56.0,,,,6
2018,June,Tuesday,Day,Severe,Side to side collision,0.0,1.0,0.0,0.0,0.0,1.0,0.0,1.0,2.0,2.0,Not junction,Exact,,6.0,85.0,,,,6
2018,July,Wednesday,Day,Light,Other,0.0,0.0,1.0,0.0,0.0,1.0,0.0,1.0,2.0,2.0,Not junction,Exact,,6.0,108.0,,,,6
2018,December,Thursday,Day,Severe,Slip,0.0,1.0,4.0,0.0,1.0,3.0,1.0,5.0,2.0,2.0,Not junction,Exact,,6.0,100.2,,,,6
2018,December,Wednesday,Day,Light,Front to side collision,0.0,0.0,3.0,0.0,0.0,2.0,1.0,3.0,2.0,2.0,Not junction,Exact,,6.0,207.6,,,,6
2018,August,Friday,Night,Light,Front to rear collision,0.0,0.0,1.0,0.0,0.0,1.0,0.0,1.0,2.0,2.0,Not junction,Exact,,6.0,145.0,,,,6
2018,August,Tuesday,Day,Severe,Front to rear collision,0.0,1.0,1.0,0.0,0.0,1.0,1.0,2.0,2.0,2.0,Not junction,Exact,,6.0,120.0,,,,6
2018,December,Friday,Night,Fatal,Roll over,2.0,1.0,2.0,0.0,3.0,2.0,0.0,5.0,1.0,1.0,Not junction,Exact,,6.0,77.2,,,,6
2018,January,Friday,Day,Light,Hit an object,0.0,0.0,2.0,0.0,0.0,1.0,1.0,2.0,1.0,1.0,Not junction,Exact,,6.0,143.3,,,,6
2018,November,Sunday,Day,Light,Front to side collision,0.0,0.0,3.0,0.0,0.0,3.0,0.0,3.0,2.0,2.0,Not junction,Exact,,6.0,165.0,,,,6
2018,June,Tuesday,Day,Light,Front to rear collision,0.0,0.0,3.0,0.0,1.0,2.0,0.0,3.0,3.0,3.0,Not junction,Exact,,6.0,207.6,,,,6
2018,March,Tuesday,Day,Severe,Front to side collision,0.0,2.0,13.0,0.0,0.0,14.0,0.0,15.0,2.0,2.0,Not junction,Exact,,6.0,137.2,,,,6
2018,November,Saturday,Night,Severe,Front to rear collision,0.0,1.0,4.0,0.0,0.0,5.0,0.0,5.0,2.0,2.0,Not junction,Exact,,6.0,177.1,,,,6
2018,May,Tuesday,Day,Light,Roll over,0.0,0.0,1.0,0.0,0.0,1.0,0.0,1.0,2.0,2.0,Not junction,Exact,,6.0,165.1,,,,6
2018,January,Saturday,Day,Severe,Front to rear collision,0.0,1.0,1.0,0.0,0.0,2.0,0.0,2.0,2.0,2.0,Not junction,Exact,,6.0,206.5,,,,6
2018,January,Wednesday,Night,Light,Side to side collision,0.0,0.0,2.0,0.0,0.0,2.0,0.0,2.0,2.0,2.0,Not junction,Exact,,6.0,177.3,,,,6
2018,April,Friday,Night,Light,Hit an object,0.0,0.0,1.0,0.0,0.0,1.0,0.0,1.0,1.0,1.0,Not junction,Exact,,6.0,191.0,,,,6
2018,December,Sunday,Night,Light,Front to rear collision,0.0,0.0,2.0,0.0,0.0,1.0,1.0,2.0,3.0,3.0,Not junction,Exact,,6.0,149.6,,,,6
2018,March,Thursday,Day,Light,Front to rear collision,0.0,0.0,2.0,0.0,0.0,2.0,0.0,2.0,6.0,6.0,Not junction,Exact,,6.0,197.0,,,,6
2018,September,Wednesday,Day,Light,Front to rear collision,0.0,0.0,2.0,0.0,0.0,2.0,0.0,2.0,3.0,3.0,Not junction,Exact,,6.0,124.4,,,,6
2018,February,Wednesday,Day,Fatal,Front to rear collision,1.0,0.0,2.0,0.0,0.0,3.0,0.0,3.0,3.0,3.0,Not junction,Exact,,6.0,94.0,,,,6
2018,January,Tuesday,Night,Severe,Collision with stopped vehicle,0.0,1.0,0.0,0.0,0.0,1.0,0.0,1.0,3.0,3.0,Not junction,Exact,,6.0,196.0,,,,6
2019,April,Sunday,Day,Light,Front to side collision,0.0,0.0,2.0,0.0,0.0,2.0,0.0,2.0,2.0,2.0,Junction,Exact,,6.0,,44.0,431.0,,6
2019,September,Friday,Day,Light,Front to side collision,0.0,0.0,2.0,0.0,0.0,2.0,0.0,2.0,2.0,2.0,Junction,Exact,,6.0,,44.0,431.0,,6
2019,November,Saturday,Night,Light,Front to side collision,0.0,0.0,3.0,0.0,1.0,2.0,0.0,3.0,2.0,2.0,Junction,Exact,,5.0,,444.0,6.0,,6
2019,February,Thursday,Day,Light,Front to side collision,0.0,0.0,4.0,0.0,0.0,4.0,0.0,4.0,2.0,2.0,Junction,Exact,,6.0,,66.0,,,6
2019,February,Monday,Day,Light,Front to side collision,0.0,0.0,2.0,0.0,0.0,2.0,0.0,2.0,2.0,2.0,Junction,Exact,,6.0,,61.0,9.0,,6
2019,July,Sunday,Day,Light,Front to side collision,0.0,0.0,5.0,0.0,2.0,2.0,1.0,5.0,2.0,2.0,Junction,Exact,,6.0,,444.0,,,6
2019,March,Tuesday,Day,Light,Front to side collision,0.0,0.0,1.0,0.0,0.0,1.0,0.0,1.0,2.0,2.0,Junction,Exact,,3.0,,6.0,,,6
2019,June,Monday,Day,Light,Front to side collision,0.0,0.0,2.0,0.0,0.0,2.0,0.0,2.0,2.0,2.0,Junction,Exact,,1.0,,443.0,6.0,,6
2019,February,Saturday,Day,Light,Front to side collision,0.0,0.0,1.0,0.0,0.0,1.0,0.0,1.0,2.0,2.0,Junction,Exact,,6.0,,66.0,,,6
2019,March,Monday,Day,Light,Front to side collision,0.0,0.0,1.0,0.0,0.0,1.0,0.0,1.0,2.0,2.0,Junction,Exact,,6.0,,57.0,,,6
2019,March,Tuesday,Day,Light,Side to side collision,0.0,0.0,1.0,0.0,0.0,1.0,0.0,1.0,3.0,3.0,Junction,Exact,,5.0,,444.0,6.0,,6
2019,August,Thursday,Day,Light,Front end collision,0.0,0.0,2.0,0.0,0.0,2.0,0.0,2.0,2.0,2.0,Junction,Exact,,6.0,,5505.0,,,6
2019,August,Thursday,Night,Light,Roll over,0.0,0.0,5.0,0.0,1.0,4.0,0.0,5.0,1.0,1.0,Junction,Exact,,6.0,,61.0,9.0,,6
2019,May,Friday,Day,Light,Front to side collision,0.0,0.0,3.0,0.0,0.0,3.0,0.0,3.0,2.0,2.0,Junction,Exact,,6.0,,444.0,,,6
2019,September,Thursday,Day,Severe,Front to rear collision,0.0,1.0,1.0,0.0,0.0,0.0,2.0,2.0,5.0,5.0,Junction,Exact,,6.0,,44.0,431.0,,6
2019,September,Monday,Day,Light,Front to side collision,0.0,0.0,2.0,0.0,0.0,2.0,0.0,2.0,2.0,2.0,Junction,Exact,,6.0,,44.0,431.0,,6
2019,September,Tuesday,Night,Light,Front end collision,0.0,0.0,8.0,0.0,5.0,3.0,0.0,8.0,2.0,2.0,Junction,Exact,,6.0,,444.0,,,6
2019,June,Thursday,Day,Severe,Front to side collision,0.0,1.0,2.0,0.0,0.0,3.0,0.0,3.0,2.0,2.0,Junction,Exact,,6.0,,66.0,,,6
2019,May,Monday,Night,Light,Front to side collision,0.0,0.0,2.0,0.0,0.0,2.0,0.0,2.0,2.0,2.0,Junction,Exact,,3.0,,6.0,,,6
2019,May,Friday,Day,Light,Front to side collision,0.0,0.0,2.0,0.0,1.0,1.0,0.0,2.0,2.0,2.0,Junction,Exact,,5.0,,444.0,6.0,,6
2019,April,Wednesday,Day,Light,Front to side collision,0.0,0.0,2.0,0.0,0.0,2.0,0.0,2.0,2.0,2.0,Junction,Exact,,5.0,,444.0,6.0,,6
2019,June,Sunday,Night,Light,Front to rear collision,0.0,0.0,2.0,0.0,2.0,0.0,0.0,2.0,2.0,2.0,Junction,Exact,,6.0,,65.0,,,6
2019,December,Tuesday,Day,Light,Front to side collision,0.0,0.0,2.0,0.0,0.0,2.0,0.0,2.0,2.0,2.0,Junction,Exact,,6.0,,444.0,,,6
2019,March,Tuesday,Day,Light,Front to side collision,0.0,0.0,2.0,0.0,0.0,2.0,0.0,2.0,2.0,2.0,Junction,Exact,,5.0,,444.0,6.0,,6
2019,May,Tuesday,Day,Light,Front to side collision,0.0,0.0,1.0,0.0,0.0,1.0,0.0,1.0,2.0,2.0,Junction,Exact,,5.0,,444.0,6.0,,6
2019,September,Sunday,Day,Light,Front to side collision,0.0,0.0,2.0,0.0,0.0,2.0,0.0,2.0,2.0,2.0,Junction,Exact,,6.0,,65.0,,,6
2019,January,Saturday,Day,Light,Front to rear collision,0.0,0.0,6.0,0.0,3.0,3.0,0.0,6.0,4.0,4.0,Junction,Exact,,6.0,,65.0,,,6
2019,September,Friday,Day,Light,Hit an object,0.0,0.0,2.0,0.0,0.0,2.0,0.0,2.0,1.0,1.0,Junction,Exact,,6.0,,5505.0,,,6
2019,April,Sunday,Day,Light,Front to side collision,0.0,0.0,2.0,0.0,0.0,2.0,0.0,2.0,2.0,2.0,Junction,Exact,,6.0,,57.0,,,6
2019,March,Friday,Day,Light,Front to side collision,0.0,0.0,4.0,0.0,2.0,2.0,0.0,4.0,2.0,2.0,Junction,Exact,,6.0,,44.0,431.0,,6
2019,January,Thursday,Day,Severe,Hit an object,0.0,2.0,0.0,0.0,0.0,0.0,1.0,2.0,1.0,1.0,Junction,Exact,,6.0,,61.0,9.0,,6
2019,April,Tuesday,Night,Light,Front end collision,0.0,0.0,8.0,0.0,4.0,4.0,0.0,8.0,3.0,3.0,Junction,Exact,,6.0,,66.0,,,6
2019,November,Saturday,Night,Light,Front to side collision,0.0,0.0,4.0,0.0,2.0,2.0,0.0,4.0,2.0,2.0,Junction,Exact,,6.0,,57.0,,,6
2019,September,Tuesday,Day,Light,Front to side collision,0.0,0.0,2.0,0.0,0.0,2.0,0.0,2.0,2.0,2.0,Junction,Exact,,6.0,,57.0,,,6
2019,June,Saturday,Day,Severe,Front to side collision,0.0,1.0,3.0,0.0,0.0,4.0,0.0,4.0,2.0,2.0,Junction,Exact,,6.0,,531.0,,,6
2019,June,Wednesday,Night,Light,Side to side collision,0.0,0.0,2.0,0.0,0.0,2.0,0.0,2.0,2.0,2.0,Junction,Exact,,5.0,,444.0,6.0,,6
2019,February,Saturday,Day,Light,Front to rear collision,0.0,0.0,2.0,0.0,1.0,1.0,0.0,2.0,2.0,2.0,Junction,Exact,,6.0,,65.0,,,6
2019,January,Sunday,Day,Light,Front to side collision,0.0,0.0,6.0,0.0,2.0,3.0,1.0,6.0,2.0,2.0,Junction,Exact,,6.0,,35.0,,,6
2019,March,Sunday,Day,Light,Front to side collision,0.0,0.0,1.0,0.0,0.0,1.0,0.0,1.0,2.0,2.0,Junction,Exact,,6.0,,57.0,,,6
2019,March,Thursday,Day,Light,Front to side collision,0.0,0.0,1.0,0.0,0.0,1.0,0.0,1.0,2.0,2.0,Junction,Exact,,5.0,,444.0,6.0,,6
2019,May,Sunday,Day,Light,Front to side collision,0.0,0.0,2.0,0.0,1.0,1.0,0.0,2.0,2.0,2.0,Junction,Exact,,3.0,,6.0,,,6
2019,June,Friday,Day,Light,Front to side collision,0.0,0.0,3.0,0.0,1.0,1.0,1.0,3.0,2.0,2.0,Junction,Exact,,6.0,,471.0,,,6
2019,February,Friday,Night,Light,Front end collision,0.0,0.0,4.0,0.0,2.0,2.0,0.0,4.0,3.0,3.0,Junction,Exact,,6.0,,66.0,,,6
2019,June,Saturday,Night,Light,Front to side collision,0.0,0.0,1.0,0.0,0.0,1.0,0.0,1.0,2.0,2.0,Junction,Exact,,5.0,,444.0,6.0,,6
2019,March,Friday,Day,Light,Front to side collision,0.0,0.0,1.0,0.0,0.0,1.0,0.0,1.0,2.0,2.0,Junction,Exact,,6.0,,35.0,,,6
2019,July,Sunday,Day,Light,Front to rear collision,0.0,0.0,2.0,0.0,0.0,2.0,0.0,2.0,2.0,2.0,Not junction,Exact,,6.0,207.9,,,,6
2019,August,Wednesday,Night,Severe,Front to rear collision,0.0,4.0,7.0,0.0,5.0,5.0,1.0,11.0,3.0,3.0,Not junction,Exact,,6.0,126.0,,,,6
2019,August,Thursday,Day,Severe,Front to rear collision,0.0,1.0,0.0,0.0,0.0,1.0,0.0,1.0,2.0,2.0,Not junction,Exact,,6.0,129.6,,,,6
2019,May,Tuesday,Day,Light,Roll over,0.0,0.0,2.0,0.0,0.0,2.0,0.0,2.0,1.0,1.0,Not junction,Exact,,6.0,181.9,,,,6
2019,February,Monday,Night,Light,Side to side collision,0.0,0.0,4.0,0.0,1.0,3.0,0.0,4.0,2.0,2.0,Not junction,Exact,,6.0,177.1,,,,6
2019,April,Saturday,Day,Light,Front to rear collision,0.0,0.0,14.0,0.0,8.0,6.0,0.0,14.0,3.0,3.0,Not junction,Exact,,6.0,164.0,,,,6
2019,July,Monday,Day,Severe,Front to rear collision,0.0,1.0,0.0,0.0,0.0,1.0,0.0,1.0,2.0,2.0,Not junction,Exact,,6.0,62.2,,,,6
2019,May,Thursday,Day,Light,Drive off road or on paveway,0.0,0.0,1.0,0.0,0.0,0.0,1.0,1.0,2.0,2.0,Not junction,Exact,,6.0,127.9,,,,6
2019,June,Monday,Day,Light,Front to side collision,0.0,0.0,5.0,0.0,1.0,3.0,1.0,5.0,3.0,3.0,Not junction,Exact,,6.0,55.4,,,,6
2019,April,Thursday,Day,Light,Front to rear collision,0.0,0.0,5.0,0.0,0.0,5.0,0.0,5.0,3.0,3.0,Not junction,Exact,,6.0,185.2,,,,6
2019,June,Thursday,Night,Light,Front to rear collision,0.0,0.0,7.0,0.0,3.0,4.0,0.0,7.0,5.0,5.0,Not junction,Exact,,6.0,190.0,,,,6
2019,May,Monday,Day,Severe,Side to side collision,0.0,1.0,0.0,0.0,0.0,1.0,0.0,1.0,2.0,2.0,Not junction,Exact,,6.0,202.9,,,,6
2019,August,Saturday,Day,Severe,Drive off road or on paveway,0.0,1.0,0.0,0.0,1.0,0.0,0.0,1.0,1.0,1.0,Not junction,Exact,,6.0,85.0,,,,6
2019,March,Sunday,Night,Light,Drive off road or on paveway,0.0,0.0,2.0,0.0,1.0,1.0,0.0,2.0,1.0,1.0,Not junction,Exact,,6.0,151.4,,,,6
2019,July,Friday,Day,Severe,Roll over,0.0,2.0,3.0,0.0,3.0,2.0,0.0,5.0,1.0,1.0,Not junction,Exact,,6.0,82.0,,,,6
2019,March,Friday,Day,Severe,Front to rear collision,0.0,1.0,3.0,0.0,1.0,3.0,0.0,4.0,3.0,3.0,Not junction,Exact,,6.0,75.0,,,,6
2019,June,Saturday,Day,Light,Front to rear collision,0.0,0.0,1.0,0.0,0.0,1.0,0.0,1.0,2.0,2.0,Not junction,Exact,,6.0,178.7,,,,6
2019,January,Friday,Day,Light,Front to rear collision,0.0,0.0,2.0,0.0,0.0,2.0,0.0,2.0,2.0,2.0,Not junction,Exact,,6.0,156.8,,,,6
2019,June,Wednesday,Night,Light,Drive off road or on paveway,0.0,0.0,3.0,0.0,2.0,1.0,0.0,3.0,1.0,1.0,Not junction,Exact,,6.0,176.4,,,,6
2019,December,Thursday,Night,Light,Side to side collision,0.0,0.0,1.0,0.0,0.0,1.0,0.0,1.0,2.0,2.0,Not junction,Exact,,6.0,65.0,,,,6
2019,November,Saturday,Night,Light,Front to rear collision,0.0,0.0,9.0,0.0,4.0,3.0,1.0,9.0,3.0,3.0,Not junction,Exact,,6.0,191.0,,,,6
2019,December,Tuesday,Night,Light,Front to rear collision,0.0,0.0,1.0,0.0,0.0,1.0,0.0,1.0,2.0,2.0,Not junction,Exact,,6.0,132.0,,,,6
2019,December,Thursday,Day,Light,Front to rear collision,0.0,0.0,7.0,0.0,3.0,4.0,0.0,7.0,4.0,4.0,Not junction,Exact,,6.0,193.5,,,,6
2019,July,Thursday,Day,Severe,Other,0.0,1.0,0.0,0.0,0.0,1.0,0.0,1.0,2.0,2.0,Not junction,Exact,,6.0,144.7,,,,6
2019,April,Thursday,Night,Light,Drive off road or on paveway,0.0,0.0,2.0,0.0,0.0,2.0,0.0,2.0,1.0,1.0,Not junction,Exact,,6.0,147.2,,,,6
2019,May,Thursday,Day,Severe,Front to rear collision,0.0,5.0,1.0,0.0,2.0,4.0,0.0,6.0,3.0,3.0,Not junction,Exact,,6.0,211.3,,,,6
2019,September,Saturday,Day,Severe,Other,0.0,1.0,0.0,0.0,0.0,1.0,0.0,1.0,2.0,2.0,Not junction,Exact,,6.0,136.0,,,,6
2019,September,Saturday,Night,Light,Hit an object,0.0,0.0,1.0,0.0,0.0,1.0,0.0,1.0,1.0,1.0,Not junction,Exact,,6.0,145.0,,,,6
2019,January,Wednesday,Night,Light,Hit an object,0.0,0.0,1.0,0.0,0.0,1.0,0.0,1.0,1.0,1.0,Not junction,Exact,,6.0,176.0,,,,6
2019,May,Sunday,Night,Severe,Front to rear collision,0.0,2.0,1.0,0.0,0.0,3.0,0.0,3.0,2.0,2.0,Not junction,Exact,,6.0,177.3,,,,6
2019,March,Monday,Day,Light,Side to side collision,0.0,0.0,2.0,0.0,0.0,2.0,0.0,2.0,2.0,2.0,Not junction,Exact,,6.0,168.7,,,,6
2019,May,Thursday,Day,Light,Front to rear collision,0.0,0.0,1.0,0.0,0.0,1.0,0.0,1.0,2.0,2.0,Not junction,Exact,,6.0,169.0,,,,6
2019,March,Thursday,Day,Light,Hit an object,0.0,0.0,1.0,0.0,0.0,1.0,0.0,1.0,1.0,1.0,Not junction,Exact,,6.0,192.0,,,,6
2019,January,Thursday,Day,Light,Roll over,0.0,0.0,1.0,0.0,0.0,0.0,0.0,1.0,1.0,1.0,Not junction,Exact,,6.0,141.4,,,,6
2019,March,Friday,Night,Fatal,Front to rear collision,1.0,0.0,0.0,0.0,0.0,1.0,0.0,1.0,2.0,2.0,Not junction,Exact,,6.0,76.9,,,,6
2019,July,Sunday,Day,Light,Side to side collision,0.0,0.0,7.0,0.0,5.0,2.0,0.0,7.0,2.0,2.0,Not junction,Exact,,6.0,186.0,,,,6
2019,May,Thursday,Night,Severe,Other,0.0,1.0,2.0,0.0,1.0,2.0,0.0,3.0,1.0,1.0,Not junction,Exact,,6.0,135.4,,,,6
2019,July,Friday,Day,Light,Side to side collision,0.0,0.0,1.0,0.0,0.0,1.0,0.0,1.0,2.0,2.0,Not junction,Exact,,6.0,179.3,,,,6
2019,September,Wednesday,Day,Severe,Front to rear collision,0.0,1.0,0.0,0.0,1.0,0.0,0.0,1.0,2.0,2.0,Not junction,Exact,,6.0,101.7,,,,6
2019,December,Sunday,Day,Severe,Front to rear collision,0.0,2.0,0.0,0.0,0.0,2.0,0.0,2.0,2.0,2.0,Not junction,Exact,,6.0,102.5,,,,6
2019,January,Friday,Day,Severe,Side to side collision,0.0,1.0,0.0,0.0,0.0,1.0,0.0,1.0,2.0,2.0,Not junction,Exact,,6.0,210.3,,,,6
2019,June,Sunday,Day,Severe,Other,0.0,1.0,0.0,0.0,0.0,1.0,0.0,1.0,2.0,2.0,Not junction,Exact,,6.0,210.6,,,,6
2019,April,Monday,Day,Light,Side to side collision,0.0,0.0,7.0,0.0,0.0,7.0,0.0,7.0,2.0,2.0,Not junction,Exact,,6.0,186.0,,,,6
2019,December,Tuesday,Night,Light,Front to rear collision,0.0,0.0,1.0,0.0,0.0,1.0,0.0,1.0,2.0,2.0,Not junction,Exact,,6.0,160.0,,,,6
2019,February,Wednesday,Night,Light,Side to side collision,0.0,0.0,2.0,0.0,0.0,2.0,0.0,2.0,2.0,2.0,Not junction,Exact,,6.0,210.6,,,,6
2019,June,Saturday,Night,Light,Front to rear collision,0.0,0.0,2.0,0.0,0.0,2.0,0.0,2.0,2.0,2.0,Not junction,Exact,,6.0,72.0,,,,6
2019,August,Saturday,Day,Severe,Front to rear collision,0.0,1.0,2.0,0.0,1.0,1.0,1.0,3.0,2.0,2.0,Not junction,Exact,,6.0,135.9,,,,6
2019,September,Monday,Night,Light,Front to rear collision,0.0,0.0,1.0,0.0,0.0,1.0,0.0,1.0,2.0,2.0,Not junction,Exact,,6.0,92.0,,,,6
2019,December,Thursday,Night,Light,Side to side collision,0.0,0.0,1.0,0.0,0.0,1.0,0.0,1.0,2.0,2.0,Not junction,Exact,,6.0,132.0,,,,6