year,month,day_of_week,day_night,accident_severity,accident_type,killed,severly_injured,lightly_injured,injured_pedestrians,casualties_ages_0-19,casualties_ages_20-64,casualties_ages_65_plus,total_casualties,vehicle_count,drivers,road_type,localization_quality,settlement,road1,location,road2,road3,road4,source_road
2019,August,Monday,Day,Light,Side to side collision,0.0,0.0,5.0,0.0,3.0,2.0,0.0,5.0,3.0,3.0,Not junction,Exact,,6.0,138.0,,,,6
2019,January,Friday,Day,Light,Front to rear collision,0.0,0.0,6.0,0.0,1.0,5.0,0.0,6.0,6.0,6.0,Not junction,Exact,,6.0,193.0,,,,6
2019,September,Tuesday,Day,Light,Front to rear collision,0.0,0.0,1.0,0.0,0.0,0.0,1.0,1.0,2.0,2.0,Not junction,Exact,,6.0,138.0,,,,6
2019,January,Thursday,Day,Light,Front to rear collision,0.0,0.0,4.0,0.0,2.0,2.0,0.0,4.0,2.0,2.0,Not junction,Exact,,6.0,144.4,,,,6
2019,November,Saturday,Day,Severe,Front to rear collision,0.0,2.0,1.0,0.0,0.0,3.0,0.0,3.0,3.0,3.0,Not junction,Exact,,6.0,131.4,,,,6
2019,September,Thursday,Day,Light,Hit an object,0.0,0.0,3.0,0.0,0.0,3.0,0.0,3.0,1.0,1.0,Not junction,Exact,,6.0,184.4,,,,6
2019,December,Tuesday,Day,Light,Hit an object,0.0,0.0,1.0,0.0,1.0,0.0,0.0,1.0,1.0,1.0,Not junction,Exact,,6.0,183.0,,,,6
2019,March,Thursday,Day,Light,Front to rear collision,0.0,0.0,1.0,0.0,0.0,1.0,0.0,1.0,2.0,2.0,Not junction,Exact,,6.0,213.3,,,,6
2019,April,Tuesday,Night,Light,Front to rear collision,0.0,0.0,1.0,0.0,0.0,1.0,0.0,1.0,2.0,2.0,Not junction,Exact,,6.0,137.3,,,,6
2019,April,Thursday,Night,Severe,Side to side collision,0.0,2.0,1.0,0.0,0.0,1.0,2.0,3.0,2.0,2.0,Not junction,Exact,,6.0,135.0,,,,6
2019,December,Friday,Day,Light,Collision with stopped vehicle,0.0,0.0,2.0,0.0,0.0,2.0,0.0,2.0,3.0,3.0,Not junction,Exact,,6.0,205.7,,,,6
2019,May,Wednesday,Day,Light,Hit an object,0.0,0.0,3.0,0.0,1.0,2.0,0.0,3.0,1.0,1.0,Not junction,Exact,,6.0,191.9,,,,6
2019,August,Tuesday,Night,Light,Hit an object,0.0,0.0,7.0,0.0,3.0,4.0,0.0,7.0,2.0,2.0,Not junction,Exact,,6.0,197.0,,,,6
2019,December,Sunday,Day,Light,Hit an object,0.0,0.0,1.0,0.0,1.0,0.0,0.0,1.0,1.0,1.0,Not junction,Exact,,6.0,172.0,,,,6
2019,October,Tuesday,Night,Severe,Front to rear collision,0.0,1.0,5.0,0.0,2.0,2.0,2.0,6.0,2.0,2.0,Not junction,Exact,,6.0,210.4,,,,6
2019,June,Wednesday,Day,Light,Roll over,0.0,0.0,1.0,0.0,0.0,1.0,0.0,1.0,1.0,1.0,Not junction,Exact,,6.0,184.8,,,,6
2019,February,Monday,Day,Light,Front to rear collision,0.0,0.0,1.0,0.0,0.0,1.0,0.0,1.0,2.0,2.0,Not junction,Exact,,6.0,133.8,,,,6
2019,July,Wednesday,Day,Light,Side to side collision,0.0,0.0,7.0,0.0,3.0,4.0,0.0,7.0,3.0,3.0,Not junction,Exact,,6.0,184.6,,,,6
2019,August,Monday,Night,Light,Front to rear collision,0.0,0.0,1.0,0.0,0.0,1.0,0.0,1.0,2.0,2.0,Not junction,Exact,,6.0,213.4,,,,6
2019,January,Wednesday,Day,Fatal,Roll over,1.0,2.0,6.0,0.0,0.0,9.0,0.0,9.0,1.0,1.0,Not junction,Exact,,6.0,183.0,,,,6
2019,August,Saturday,Day,Severe,Slip,0.0,1.0,0.0,0.0,0.0,1.0,0.0,1.0,1.0,1.0,Not junction,Exact,,6.0,40.6,,,,6
2019,August,Sunday,Day,Severe,Front to rear collision,0.0,2.0,1.0,0.0,0.0,3.0,0.0,3.0,5.0,5.0,Not junction,Exact,,6.0,213.2,,,,6
2019,May,Monday,Day,Light,Hit an object,0.0,0.0,1.0,0.0,0.0,1.0,0.0,1.0,1.0,1.0,Not junction,Exact,,6.0,182.0,,,,6
2019,November,Saturday,Day,Severe,Hit an object,0.0,1.0,2.0,0.0,1.0,2.0,0.0,3.0,2.0,2.0,Not junction,Exact,,6.0,153.8,,,,6
2019,October,Saturday,Day,Fatal,Front to side collision,3.0,0.0,7.0,0.0,5.0,5.0,0.0,10.0,2.0,2.0,Not junction,Exact,,6.0,127.6,,,,6
2019,April,Monday,Day,Light,Front to rear collision,0.0,0.0,6.0,0.0,2.0,4.0,0.0,6.0,2.0,2.0,Not junction,Exact,,6.0,81.0,,,,6
2019,June,Sunday,Night,Light,Hit an object,0.0,0.0,1.0,0.0,1.0,0.0,0.0,1.0,1.0,1.0,Not junction,Exact,,6.0,181.9,,,,6
2019,July,Monday,Night,Light,Roll over,0.0,0.0,2.0,0.0,0.0,2.0,0.0,2.0,1.0,1.0,Not junction,Exact,,6.0,179.7,,,,6
2019,December,Thursday,Night,Light,Front to rear collision,0.0,0.0,1.0,0.0,0.0,1.0,0.0,1.0,2.0,2.0,Not junction,Exact,,6.0,107.0,,,,6
2019,January,Tuesday,Day,Severe,Hit an object,0.0,1.0,0.0,0.0,0.0,1.0,0.0,1.0,1.0,1.0,Not junction,Exact,,6.0,134.8,,,,6
2019,August,Friday,Day,Light,Hit an object,0.0,0.0,1.0,0.0,0.0,1.0,0.0,1.0,1.0,1.0,Not junction,Exact,,6.0,136.4,,,,6
2019,August,Wednesday,Night,Severe,Front to rear collision,0.0,1.0,2.0,0.0,0.0,3.0,0.0,3.0,2.0,2.0,Not junction,Exact,,6.0,181.7,,,,6
2019,January,Thursday,Night,Light,Front to rear collision,0.0,0.0,9.0,0.0,4.0,5.0,0.0,9.0,5.0,5.0,Not junction,Exact,,6.0,206.9,,,,6
2019,November,Saturday,Night,Light,Front to rear collision,0.0,0.0,1.0,0.0,0.0,1.0,0.0,1.0,2.0,2.0,Not junction,Exact,,6.0,126.0,,,,6
2019,February,Saturday,Night,Light,Roll over,0.0,0.0,5.0,0.0,1.0,4.0,0.0,5.0,2.0,2.0,Not junction,Exact,,6.0,158.0,,,,6
2020,May,Tuesday,Day,Light,Hit an object,0.0,0.0,3.0,0.0,3.0,0.0,0.0,3.0,1.0,1.0,Junction,Exact,,6.0,,672.0,,,6
2020,May,Friday,Day,Light,Front to side collision,0.0,0.0,2.0,0.0,0.0,2.0,0.0,2.0,2.0,2.0,Junction,Exact,,6.0,,65.0,,,6
2020,August,Thursday,Day,Light,Front to side collision,0.0,0.0,4.0,0.0,3.0,1.0,0.0,4.0,2.0,2.0,Junction,Exact,,6.0,,65.0,,,6
2020,June,Monday,Day,Light,Front to side collision,0.0,0.0,1.0,0.0,0.0,1.0,0.0,1.0,2.0,2.0,Junction,Exact,,6.0,,44.0,431.0,,6
2020,September,Wednesday,Night,Light,Front to side collision,0.0,0.0,3.0,0.0,0.0,3.0,0.0,3.0,2.0,2.0,Junction,Exact,,6.0,,44.0,431.0,,6
2020,September,Thursday,Day,Light,Side to side collision,0.0,0.0,1.0,0.0,0.0,1.0,0.0,1.0,2.0,2.0,Junction,Exact,,6.0,,57.0,,,6
2020,July,Friday,Day,Light,Front to rear collision,0.0,0.0,8.0,0.0,5.0,3.0,0.0,8.0,3.0,3.0,Junction,Exact,,6.0,,471.0,,,6
2020,October,Friday,Night,Light,Side to side collision,0.0,0.0,1.0,0.0,0.0,1.0,0.0,1.0,2.0,2.0,Junction,Exact,,6.0,,531.0,,,6
2020,May,Tuesday,Day,Light,Front to side collision,0.0,0.0,1.0,0.0,0.0,1.0,0.0,1.0,2.0,2.0,Junction,Exact,,5.0,,444.0,6.0,,6
2020,August,Wednesday,Day,Light,Front to rear collision,0.0,0.0,2.0,0.0,1.0,1.0,0.0,2.0,2.0,2.0,Junction,Exact,,6.0,,531.0,,,6
2020,September,Wednesday,Day,Light,Front to side collision,0.0,0.0,3.0,0.0,0.0,3.0,0.0,3.0,2.0,2.0,Junction,Exact,,6.0,,44.0,431.0,,6
2020,May,Sunday,Day,Light,Hit an object,0.0,0.0,1.0,0.0,0.0,1.0,0.0,1.0,1.0,1.0,Junction,Exact,,5.0,,444.0,6.0,,6
2020,May,Friday,Day,Light,Front to side collision,0.0,0.0,3.0,0.0,1.0,2.0,0.0,3.0,2.0,2.0,Junction,Exact,,1.0,,443.0,6.0,,6
2020,August,Wednesday,Night,Light,Front to side collision,0.0,0.0,1.0,0.0,0.0,1.0,0.0,1.0,2.0,2.0,Junction,Exact,,6.0,,57.0,,,6
2020,September,Sunday,Day,Light,Front to side collision,0.0,0.0,1.0,0.0,1.0,0.0,0.0,1.0,3.0,3.0,Junction,Exact,,6.0,,61.0,9.0,,6
2020,December,Wednesday,Day,Light,Front to side collision,0.0,0.0,2.0,0.0,1.0,1.0,0.0,2.0,2.0,2.0,Junction,Exact,,6.0,,5505.0,,,6
2020,February,Thursday,Day,Light,Hit an object,0.0,0.0,1.0,0.0,1.0,0.0,0.0,1.0,1.0,1.0,Junction,Exact,,6.0,,471.0,,,6
2020,May,Sunday,Day,Fatal,Front to rear collision,1.0,0.0,0.0,0.0,0.0,1.0,0.0,1.0,2.0,2.0,Junction,Exact,,6.0,,444.0,,,6
2020,June,Tuesday,Day,Light,Front to side collision,0.0,0.0,2.0,0.0,0.0,2.0,0.0,2.0,2.0,2.0,Junction,Exact,,6.0,,444.0,,,6
2020,November,Thursday,Day,Severe,Front to rear collision,0.0,1.0,0.0,0.0,0.0,1.0,0.0,1.0,2.0,2.0,Junction,Exact,,6.0,,44.0,431.0,,6
2020,January,Sunday,Night,Light,Front to side collision,0.0,0.0,2.0,0.0,0.0,2.0,0.0,2.0,2.0,2.0,Junction,Exact,,6.0,,61.0,9.0,,6
2020,August,Saturday,Day,Light,Front to side collision,0.0,0.0,2.0,0.0,0.0,2.0,0.0,2.0,2.0,2.0,Junction,Exact,,6.0,,44.0,431.0,,6
2020,March,Tuesday,Night,Light,Front to side collision,0.0,0.0,5.0,0.0,3.0,2.0,0.0,5.0,2.0,2.0,Junction,Exact,,6.0,,444.0,,,6
2020,May,Sunday,Day,Light,Front to side collision,0.0,0.0,2.0,0.0,0.0,2.0,0.0,2.0,2.0,2.0,Junction,Exact,,6.0,,57.0,,,6
2020,August,Wednesday,Day,Light,Side to side collision,0.0,0.0,2.0,0.0,0.0,2.0,0.0,2.0,3.0,3.0,Junction,Exact,,1.0,,443.0,6.0,,6
2020,December,Thursday,Day,Light,Other,0.0,0.0,2.0,0.0,0.0,2.0,0.0,2.0,3.0,3.0,Junction,Exact,,5.0,,444.0,6.0,,6
2020,November,Sunday,Night,Light,Front to side collision,0.0,0.0,3.0,0.0,1.0,1.0,1.0,3.0,2.0,2.0,Junction,Exact,,6.0,,722.0,,,6
2020,August,Friday,Day,Severe,Other,0.0,1.0,0.0,0.0,0.0,1.0,0.0,1.0,1.0,1.0,Junction,Exact,,6.0,,31.0,358.0,,6
2020,October,Wednesday,Day,Severe,Side to side collision,0.0,1.0,0.0,0.0,0.0,1.0,0.0,1.0,4.0,4.0,Junction,Exact,,6.0,,5505.0,,,6
2020,September,Tuesday,Night,Light,Side to side collision,0.0,0.0,1.0,0.0,0.0,1.0,0.0,1.0,2.0,2.0,Junction,Exact,,5.0,,444.0,6.0,,6
2020,August,Tuesday,Night,Light,Front to side collision,0.0,0.0,2.0,0.0,0.0,2.0,0.0,2.0,2.0,2.0,Junction,Exact,,6.0,,44.0,431.0,,6
2020,September,Sunday,Day,Light,Front to side collision,0.0,0.0,1.0,0.0,0.0,1.0,0.0,1.0,2.0,2.0,Junction,Exact,,6.0,,57.0,,,6
2020,April,Friday,Day,Light,Front to side collision,0.0,0.0,1.0,0.0,0.0,1.0,0.0,1.0,2.0,2.0,Junction,Exact,,6.0,,44.0,431.0,,6
2020,April,Tuesday,Day,Light,Front to side collision,0.0,0.0,2.0,0.0,0.0,2.0,0.0,2.0,2.0,2.0,Junction,Exact,,6.0,,35.0,,,6
2020,December,Saturday,Day,Light,Front to side collision,0.0,0.0,2.0,0.0,0.0,2.0,0.0,2.0,2.0,2.0,Junction,Exact,,5.0,,444.0,6.0,,6
2020,October,Tuesday,Day,Light,Front to side collision,0.0,0.0,3.0,0.0,1.0,2.0,0.0,3.0,2.0,2.0,Junction,Exact,,6.0,,5505.0,,,6
2020,December,Friday,Day,Light,Front to side collision,0.0,0.0,1.0,0.0,0.0,1.0,0.0,1.0,3.0,3.0,Junction,Exact,,5.0,,444.0,6.0,,6
2020,January,Monday,Night,Severe,Pedestrian,0.0,1.0,0.0,1.0,0.0,1.0,0.0,1.0,1.0,1.0,Junction,Exact,,6.0,,35.0,,,6
2020,December,Monday,Night,Light,Front to side collision,0.0,0.0,2.0,0.0,0.0,1.0,1.0,2.0,2.0,2.0,Junction,Exact,,6.0,,57.0,,,6
2020,December,Thursday,Day,Fatal,Front to rear collision,2.0,3.0,6.0,0.0,8.0,3.0,0.0,11.0,2.0,2.0,Junction,Exact,,6.0,,310.0,,,6
2020,December,Thursday,Day,Light,Front to side collision,0.0,0.0,2.0,0.0,0.0,2.0,0.0,2.0,2.0,2.0,Junction,Exact,,6.0,,57.0,,,6
2020,August,Monday,Night,Light,Front end collision,0.0,0.0,3.0,0.0,0.0,1.0,2.0,3.0,3.0,3.0,Junction,Exact,,6.0,,65.0,,,6
2020,July,Friday,Day,Severe,Front to rear collision,0.0,2.0,8.0,0.0,1.0,9.0,0.0,10.0,8.0,8.0,Not junction,Exact,,6.0,81.0,,,,6
2020,April,Saturday,Night,Fatal,Front to rear collision,1.0,0.0,0.0,0.0,0.0,1.0,0.0,1.0,2.0,2.0,Not junction,Exact,,6.0,81.1,,,,6
2020,August,Sunday,Night,Severe,Pedestrian,0.0,1.0,0.0,1.0,1.0,0.0,0.0,1.0,6.0,6.0,Not junction,Exact,,6.0,147.0,,,,6
2020,October,Sunday,Day,Light,Front end collision,0.0,0.0,2.0,0.0,0.0,2.0,0.0,2.0,2.0,2.0,Not junction,Exact,,6.0,131.0,,,,6
2020,October,Wednesday,Night,Light,Side to side collision,0.0,0.0,1.0,0.0,0.0,1.0,0.0,1.0,2.0,2.0,Not junction,Exact,,6.0,80.0,,,,6
2020,December,Wednesday,Night,Light,Front to side collision,0.0,0.0,4.0,0.0,2.0,2.0,0.0,4.0,2.0,2.0,Not junction,Exact,,6.0,179.2,,,,6
2020,January,Monday,Day,Severe,Front to rear collision,0.0,1.0,0.0,0.0,0.0,1.0,0.0,1.0,3.0,3.0,Not junction,Exact,,6.0,201.1,,,,6
2020,August,Monday,Day,Light,Front to rear collision,0.0,0.0,5.0,0.0,0.0,5.0,0.0,5.0,3.0,3.0,Not junction,Exact,,6.0,188.5,,,,6
2020,March,Friday,Day,Light,Side to side collision,0.0,0.0,2.0,0.0,0.0,2.0,0.0,2.0,2.0,2.0,Not junction,Exact,,6.0,206.5,,,,6
2020,May,Friday,Night,Fatal,Pedestrian,1.0,0.0,4.0,1.0,2.0,2.0,0.0,5.0,3.0,3.0,Not junction,Exact,,6.0,190.0,,,,6
2020,March,Saturday,Night,Light,Front to rear collision,0.0,0.0,3.0,0.0,0.0,3.0,0.0,3.0,2.0,2.0,Not junction,Exact,,6.0,62.7,,,,6
2020,November,Sunday,Day,Light,Front to rear collision,0.0,0.0,3.0,0.0,0.0,2.0,1.0,3.0,2.0,2.0,Not junction,Exact,,6.0,106.0,,,,6
2020,July,Saturday,Night,Fatal,Front to rear collision,1.0,0.0,6.0,0.0,0.0,7.0,0.0,7.0,5.0,5.0,Not junction,Exact,,6.0,99.0,,,,6
2020,July,Friday,Day,Light,Side to side collision,0.0,0.0,4.0,0.0,1.0,3.0,0.0,4.0,2.0,2.0,Not junction,Exact,,6.0,142.0,,,,6
2020,December,Friday,Night,Fatal,Front to rear collision,1.0,0.0,0.0,0.0,0.0,1.0,0.0,1.0,2.0,2.0,Not junction,Exact,,6.0,103.8,,,,6
2020,June,Tuesday,Day,Fatal,Pedestrian,1.0,0.0,1.0,1.0,0.0,2.0,0.0,2.0,2.0,2.0,Not junction,Exact,,6.0,193.1,,,,6
2020,January,Sunday,Day,Severe,Slip,0.0,1.0,0.0,0.0,0.0,0.0,1.0,1.0,1.0,1.0,Not junction,Exact,,6.0,110.1,,,,6
2020,October,Sunday,Night,Light,Drive off road or on paveway,0.0,0.0,3.0,0.0,2.0,1.0,0.0,3.0,2.0,2.0,Not junction,Exact,,6.0,181.2,,,,6
2020,May,Tuesday,Day,Light,Front to rear collision,0.0,0.0,4.0,0.0,2.0,2.0,0.0,4.0,3.0,3.0,Not junction,Exact,,6.0,190.0,,,,6
2020,February,Monday,Night,Severe,Front to rear collision,0.0,1.0,3.0,0.0,0.0,3.0,1.0,4.0,3.0,3.0,Not junction,Exact,,6.0,198.6,,,,6
2020,May,Thursday,Day,Severe,Hit an object,0.0,1.0,0.0,0.0,0.0,1.0,0.0,1.0,1.0,1.0,Not junction,Exact,,6.0,181.0,,,,6
2020,January,Saturday,Night,Severe,Front to rear collision,0.0,1.0,8.0,0.0,5.0,4.0,0.0,9.0,2.0,2.0,Not junction,Exact,,6.0,179.0,,,,6
2020,November,Wednesday,Night,Light,Roll over,0.0,0.0,1.0,0.0,0.0,1.0,0.0,1.0,1.0,1.0,Not junction,Exact,,6.0,181.1,,,,6
2020,May,Saturday,Night,Light,Front to side collision,0.0,0.0,1.0,0.0,0.0,1.0,0.0,1.0,2.0,2.0,Not junction,Exact,,6.0,152.7,,,,6
2020,July,Monday,Day,Severe,Front to rear collision,0.0,1.0,1.0,0.0,0.0,2.0,0.0,2.0,2.0,2.0,Not junction,Exact,,6.0,151.0,,,,6
2020,June,Thursday,Night,Light,Front to rear collision,0.0,0.0,1.0,0.0,0.0,1.0,0.0,1.0,2.0,2.0,Not junction,Exact,,6.0,192.0,,,,6
2020,October,Thursday,Night,Light,Hit an object,0.0,0.0,4.0,0.0,2.0,2.0,0.0,4.0,1.0,1.0,Not junction,Exact,,6.0,137.6,,,,6
2020,July,Wednesday,Night,Light,Front to rear collision,0.0,0.0,7.0,0.0,0.0,7.0,0.0,7.0,8.0,8.0,Not junction,Exact,,6.0,81.0,,,,6
2020,August,Tuesday,Day,Light,Front to rear collision,0.0,0.0,6.0,0.0,4.0,2.0,0.0,6.0,3.0,3.0,Not junction,Centered,,6.0,202.0,,,,6
2020,September,Sunday,Day,Light,Side to side collision,0.0,0.0,1.0,0.0,0.0,1.0,0.0,1.0,2.0,2.0,Not junction,Exact,,6.0,116.9,,,,6
2020,April,Thursday,Day,Light,Roll over,0.0,0.0,4.0,0.0,0.0,4.0,0.0,4.0,1.0,1.0,Not junction,Exact,,6.0,210.0,,,,6
2020,September,Friday,Day,Fatal,Hit an object,1.0,0.0,0.0,0.0,0.0,1.0,0.0,1.0,1.0,1.0,Not junction,Exact,,6.0,134.6,,,,6
2020,July,Thursday,Day,Light,Front to side collision,0.0,0.0,1.0,0.0,0.0,1.0,0.0,1.0,2.0,2.0,Not junction,Exact,,6.0,117.3,,,,6
2020,May,Monday,Day,Severe,Front to rear collision,0.0,2.0,2.0,0.0,1.0,3.0,0.0,4.0,3.0,3.0,Not junction,Exact,,6.0,197.2,,,,6
2020,February,Tuesday,Day,Light,Side to side collision,0.0,0.0,1.0,0.0,0.0,1.0,0.0,1.0,2.0,2.0,Not junction,Exact,,6.0,177.7,,,,6
2020,December,Tuesday,Day,Light,Front to rear collision,0.0,0.0,2.0,0.0,0.0,2.0,0.0,2.0,2.0,2.0,Not junction,Exact,,6.0,207.3,,,,6
2020,December,Thursday,Night,Light,Front to rear collision,0.0,0.0,1.0,0.0,1.0,0.0,0.0,1.0,2.0,2.0,Not junction,Exact,,6.0,120.0,,,,6
2020,April,Thursday,Day,Light,Roll over,0.0,0.0,1.0,0.0,0.0,1.0,0.0,1.0,1.0,1.0,Not junction,Exact,,6.0,132.8,,,,6
2020,November,Monday,Night,Severe,Side to side collision,0.0,1.0,0.0,0.0,0.0,1.0,0.0,1.0,2.0,2.0,Not junction,Exact,,6.0,183.1,,,,6
2020,November,Wednesday,Day,Light,Drive off road or on paveway,0.0,0.0,1.0,0.0,0.0,1.0,0.0,1.0,1.0,1.0,Not junction,Exact,,6.0,121.4,,,,6
2020,October,Friday,Night,Light,Front to rear collision,0.0,0.0,4.0,0.0,1.0,2.0,1.0,4.0,2.0,2.0,Not junction,Exact,,6.0,182.1,,,,6
2020,February,Tuesday,Day,Light,Front to rear collision,0.0,0.0,2.0,0.0,0.0,2.0,0.0,2.0,2.0,2.0,Not junction,Exact,,6.0,152.0,,,,6
2020,February,Thursday,Day,Light,Front to rear collision,0.0,0.0,5.0,0.0,4.0,1.0,0.0,5.0,2.0,2.0,Not junction,Exact,,6.0,213.0,,,,6
2020,December,Monday,Day,Severe,Front to rear collision,0.0,1.0,0.0,0.0,0.0,1.0,0.0,1.0,2.0,2.0,Not junction,Exact,,6.0,183.0,,,,6
2020,May,Wednesday,Day,Light,Side to side collision,0.0,0.0,2.0,0.0,0.0,2.0,0.0,2.0,2.0,2.0,Not junction,Exact,,6.0,177.3,,,,6
2020,July,Wednesday,Night,Light,Side to side collision,0.0,0.0,4.0,0.0,0.0,4.0,0.0,4.0,2.0,2.0,Not junction,Exact,,6.0,124.1,,,,6
2020,December,Tuesday,Day,Severe,Front to rear collision,0.0,2.0,7.0,0.0,2.0,4.0,3.0,9.0,4.0,4.0,Not junction,Exact,,6.0,80.0,,,,6
2020,December,Thursday,Day,Light,Front to rear collision,0.0,0.0,3.0,0.0,0.0,3.0,0.0,3.0,3.0,3.0,Not junction,Exact,,6.0,123.9,,,,6
2020,January,Saturday,Day,Severe,Side to side collision,0.0,1.0,0.0,0.0,0.0,1.0,0.0,1.0,2.0,2.0,Not junction,Exact,,6.0,201.0,,,,6
2020,December,Wednesday,Night,Light,Side to side collision,0.0,0.0,1.0,0.0,0.0,1.0,0.0,1.0,2.0,2.0,Not junction,Exact,,6.0,106.0,,,,6
2020,January,Tuesday,Night,Severe,Front to rear collision,0.0,1.0,0.0,0.0,0.0,1.0,0.0,1.0,2.0,2.0,Not junction,Exact,,6.0,158.0,,,,6
2020,February,Wednesday,Day,Severe,Front to rear collision,0.0,1.0,4.0,0.0,4.0,1.0,0.0,5.0,2.0,2.0,Not junction,Exact,,6.0,183.9,,,,6
2020,September,Sunday,Day,Fatal,Roll over,2.0,1.0,1.0,0.0,4.0,0.0,0.0,4.0,1.0,1.0,Not junction,Exact,,6.0,40.2,,,,6
2020,July,Thursday,Day,Light,Front to rear collision,0.0,0.0,3.0,0.0,1.0,2.0,0.0,3.0,2.0,2.0,Not junction,Exact,,6.0,117.3,,,,6
2020,June,Saturday,Day,Light,Front to rear collision,0.0,0.0,4.0,0.0,3.0,1.0,0.0,4.0,2.0,2.0,Not junction,Exact,,6.0,123.0,,,,6
2020,April,Tuesday,Day,Severe,Side to side collision,0.0,2.0,0.0,0.0,1.0,1.0,0.0,2.0,2.0,2.0,Not junction,Exact,,6.0,97.2,,,,6
2020,December,Sunday,Night,Light,Hit an object,0.0,0.0,5.0,0.0,3.0,2.0,0.0,5.0,1.0,1.0,Not junction,Exact,,6.0,186.0,,,,6
2020,November,Saturday,Day,Severe,Front to rear collision,0.0,1.0,1.0,0.0,0.0,0.0,2.0,2.0,2.0,2.0,Not junction,Exact,,6.0,68.6,,,,6
2020,February,Thursday,Night,Severe,Side to side collision,0.0,1.0,1.0,0.0,0.0,2.0,0.0,2.0,2.0,2.0,Not junction,Exact,,6.0,161.9,,,,6
2020,October,Wednesday,Day,Fatal,Front to rear collision,1.0,0.0,2.0,0.0,0.0,3.0,0.0,3.0,3.0,3.0,Not junction,Exact,,6.0,158.3,,,,6
2020,September,Thursday,Day,Severe,Front to rear collision,0.0,1.0,0.0,0.0,0.0,1.0,0.0,1.0,2.0,2.0,Not junction,Exact,,6.0,136.0,,,,6
2020,December,Saturday,Night,Light,Side to side collision,0.0,0.0,6.0,0.0,3.0,3.0,0.0,6.0,2.0,2.0,Not junction,Exact,,6.0,132.0,,,,6
2020,January,Wednesday,Night,Severe,Side to side collision,0.0,1.0,1.0,0.0,0.0,2.0,0.0,2.0,2.0,2.0,Not junction,Exact,,6.0,214.3,,,,6
2021,October,Tuesday,Day,Light,Front to side collision,0.0,0.0,3.0,0.0,0.0,3.0,0.0,3.0,2.0,2.0,Junction,Exact,,6.0,,35.0,,,6
2021,November,Thursday,Day,Light,Front end collision,0.0,0.0,1.0,0.0,0.0,1.0,0.0,1.0,2.0,2.0,Junction,Exact,,6.0,,722.0,,,6
2021,March,Thursday,Day,Light,Front to side collision,0.0,0.0,1.0,0.0,0.0,1.0,0.0,1.0,2.0,2.0,Junction,Exact,,6.0,,471.0,,,6
2021,May,Wednesday,Day,Light,Front to side collision,0.0,0.0,2.0,0.0,0.0,1.0,1.0,2.0,2.0,2.0,Junction,Exact,,6.0,,65.0,,,6
2021,January,Sunday,Night,Light,Front to side collision,0.0,0.0,2.0,0.0,0.0,2.0,0.0,2.0,2.0,2.0,Junction,Exact,,6.0,,65.0,,,6
2021,May,Saturday,Day,Light,Front to side collision,0.0,0.0,3.0,0.0,1.0,2.0,0.0,3.0,2.0,2.0,Junction,Exact,,6.0,,44.0,431.0,,6
2021,March,Monday,Night,Light,Roll over,0.0,0.0,1.0,0.0,0.0,1.0,0.0,1.0,1.0,1.0,Junction,Exact,,6.0,,61.0,9.0,,6
2021,October,Tuesday,Day,Light,Side to side collision,0.0,0.0,1.0,0.0,0.0,1.0,0.0,1.0,3.0,3.0,Junction,Exact,,6.0,,65.0,,,6
2021,July,Tuesday,Night,Light,Front to side collision,0.0,0.0,1.0,0.0,1.0,0.0,0.0,1.0,2.0,2.0,Junction,Exact,,6.0,,57.0,,,6
2021,October,Saturday,Night,Light,Front to side collision,0.0,0.0,2.0,0.0,0.0,2.0,0.0,2.0,2.0,2.0,Junction,Exact,,6.0,,65.0,,,6
2021,September,Tuesday,Night,Light,Front to side collision,0.0,0.0,1.0,0.0,0.0,1.0,0.0,1.0,2.0,2.0,Junction,Exact,,6.0,,471.0,,,6
2021,June,Monday,Day,Light,Front to side collision,0.0,0.0,3.0,0.0,0.0,3.0,0.0,3.0,2.0,2.0,Junction,Exact,,5.0,,444.0,6.0,,6
2021,July,Saturday,Night,Light,Side to side collision,0.0,0.0,4.0,0.0,2.0,2.0,0.0,4.0,2.0,2.0,Junction,Exact,,6.0,,44.0,431.0,,6
2021,June,Friday,Night,Light,Hit an object,0.0,0.0,1.0,0.0,0.0,1.0,0.0,1.0,1.0,1.0,Junction,Exact,,6.0,,444.0,,,6
2021,April,Monday,Day,Fatal,Front to side collision,1.0,0.0,0.0,0.0,0.0,1.0,0.0,1.0,2.0,2.0,Junction,Exact,,6.0,,65.0,,,6
2021,July,Friday,Night,Light,Front to rear collision,0.0,0.0,3.0,0.0,0.0,3.0,0.0,3.0,4.0,4.0,Junction,Exact,,1.0,,443.0,6.0,,6
2021,March,Wednesday,Day,Light,Front to side collision,0.0,0.0,4.0,0.0,1.0,3.0,0.0,4.0,2.0,2.0,Junction,Exact,,6.0,,35.0,,,6
2021,August,Thursday,Day,Light,Front to side collision,0.0,0.0,2.0,0.0,0.0,2.0,0.0,2.0,2.0,2.0,Junction,Exact,,6.0,,35.0,,,6
2021,March,Wednesday,Night,Light,Front to side collision,0.0,0.0,2.0,0.0,0.0,1.0,1.0,2.0,2.0,2.0,Junction,Exact,,6.0,,44.0,431.0,,6
2021,September,Tuesday,Day,Light,Front to rear collision,0.0,0.0,1.0,0.0,0.0,1.0,0.0,1.0,2.0,2.0,Junction,Exact,,6.0,,5505.0,,,6
2021,June,Saturday,Day,Light,Front to side collision,0.0,0.0,3.0,0.0,2.0,1.0,0.0,3.0,2.0,2.0,Junction,Exact,,6.0,,66.0,,,6