year,month,day_of_week,day_night,accident_severity,accident_type,killed,severly_injured,lightly_injured,injured_pedestrians,casualties_ages_0-19,casualties_ages_20-64,casualties_ages_65_plus,total_casualties,vehicle_count,drivers,road_type,localization_quality,settlement,road1,location,road2,road3,road4,source_road
2003,July,Wednesday,Day,Light,Side to side collision,0.0,0.0,1.0,0.0,0.0,1.0,0.0,1.0,2.0,2.0,Junction,Exact,,2.0,,541.0,,,2
2003,December,Saturday,Night,Light,Front to side collision,0.0,0.0,1.0,0.0,0.0,1.0,0.0,1.0,2.0,2.0,Junction,Exact,,2.0,,65.0,,,2
2003,June,Wednesday,Day,Light,Front to side collision,0.0,0.0,1.0,0.0,0.0,1.0,0.0,1.0,2.0,2.0,Junction,Exact,,2.0,,553.0,,,2
2003,October,Thursday,Night,Light,Front to rear collision,0.0,0.0,6.0,0.0,1.0,5.0,0.0,6.0,4.0,4.0,Junction,Exact,,2.0,,,,,2
2003,September,Monday,Day,Light,Front to side collision,0.0,0.0,3.0,0.0,0.0,3.0,0.0,3.0,2.0,2.0,Junction,Exact,,2.0,,5710.0,,,2
2003,July,Sunday,Day,Light,Front to side collision,0.0,0.0,2.0,0.0,1.0,1.0,0.0,2.0,2.0,2.0,Junction,Exact,,2.0,,553.0,,,2
2003,March,Wednesday,Night,Light,Hit an object,0.0,0.0,2.0,0.0,0.0,2.0,0.0,2.0,1.0,1.0,Junction,Exact,,2.0,,65.0,,,2
2003,May,Sunday,Day,Light,Front to side collision,0.0,0.0,4.0,0.0,0.0,4.0,0.0,4.0,2.0,2.0,Junction,Exact,,2.0,,553.0,,,2
2003,February,Saturday,Night,Light,Pedestrian,0.0,0.0,3.0,1.0,0.0,3.0,0.0,3.0,1.0,1.0,Junction,Exact,,2.0,,,,,2
2003,March,Monday,Night,Light,Front to side collision,0.0,0.0,1.0,0.0,0.0,1.0,0.0,1.0,2.0,2.0,Junction,Exact,,2.0,,541.0,,,2
2003,May,Saturday,Night,Light,Front to side collision,0.0,0.0,4.0,0.0,1.0,2.0,1.0,4.0,2.0,2.0,Junction,Exact,,2.0,,553.0,,,2
2003,January,Thursday,Night,Light,Front to side collision,0.0,0.0,1.0,0.0,0.0,1.0,0.0,1.0,2.0,2.0,Junction,Exact,,2.0,,721.0,7110.0,,2
2003,August,Thursday,Night,Severe,Roll over,0.0,1.0,0.0,0.0,0.0,1.0,0.0,1.0,1.0,1.0,Junction,Exact,,2.0,,57.0,,,2
2003,November,Saturday,Night,Severe,Front to side collision,0.0,1.0,1.0,0.0,0.0,2.0,0.0,2.0,2.0,2.0,Junction,Exact,,2.0,,553.0,,,2
2003,January,Saturday,Night,Light,Front to rear collision,0.0,0.0,4.0,0.0,0.0,4.0,0.0,4.0,3.0,3.0,Junction,Exact,,2.0,,541.0,,,2
2003,August,Sunday,Night,Light,Front to side collision,0.0,0.0,3.0,0.0,1.0,2.0,0.0,3.0,2.0,2.0,Junction,Exact,,2.0,,553.0,,,2
2003,March,Sunday,Night,Light,Front to side collision,0.0,0.0,5.0,0.0,1.0,4.0,0.0,5.0,2.0,2.0,Junction,Exact,,2.0,,721.0,7110.0,,2
2003,April,Friday,Night,Light,Front to side collision,0.0,0.0,1.0,0.0,0.0,1.0,0.0,1.0,2.0,2.0,Junction,Exact,,2.0,,65.0,,,2
2003,November,Tuesday,Night,Light,Front to side collision,0.0,0.0,2.0,0.0,0.0,2.0,0.0,2.0,2.0,2.0,Junction,Exact,,2.0,,553.0,,,2
2003,December,Saturday,Night,Severe,Front to side collision,0.0,2.0,0.0,0.0,0.0,2.0,0.0,2.0,2.0,2.0,Junction,Exact,,2.0,,721.0,7110.0,,2
2003,May,Saturday,Night,Light,Front to rear collision,0.0,0.0,16.0,0.0,7.0,7.0,2.0,16.0,6.0,6.0,Junction,Exact,,2.0,,,,,2
2003,March,Tuesday,Night,Light,Front to side collision,0.0,0.0,1.0,0.0,0.0,1.0,0.0,1.0,2.0,2.0,Junction,Exact,,2.0,,5710.0,,,2
2003,November,Tuesday,Night,Light,Front to side collision,0.0,0.0,1.0,0.0,0.0,1.0,0.0,1.0,2.0,2.0,Junction,Exact,,2.0,,,,,2
2003,April,Thursday,Night,Light,Side to side collision,0.0,0.0,1.0,0.0,0.0,1.0,0.0,1.0,2.0,2.0,Junction,Exact,,2.0,,,,,2
2003,November,Sunday,Night,Light,Front to side collision,0.0,0.0,2.0,0.0,0.0,2.0,0.0,2.0,2.0,2.0,Junction,Exact,,2.0,,,,,2
2003,July,Saturday,Night,Severe,Roll over,0.0,1.0,0.0,0.0,0.0,1.0,0.0,1.0,1.0,1.0,Not junction,Exact,,2.0,36.5,,,,2
2003,March,Sunday,Night,Light,Front to side collision,0.0,0.0,8.0,0.0,0.0,8.0,0.0,8.0,2.0,2.0,Not junction,Exact,,2.0,28.7,,,,2
2003,October,Sunday,Night,Light,Front to side collision,0.0,0.0,3.0,0.0,1.0,2.0,0.0,3.0,2.0,2.0,Not junction,Exact,,2.0,38.3,,,,2
2003,July,Sunday,Night,Light,Front to rear collision,0.0,0.0,1.0,0.0,0.0,1.0,0.0,1.0,3.0,3.0,Not junction,Exact,,2.0,59.1,,,,2
2003,October,Saturday,Night,Light,Front to rear collision,0.0,0.0,4.0,0.0,1.0,1.0,0.0,4.0,4.0,4.0,Not junction,Centered,,2.0,24.0,,,,2
2003,July,Sunday,Night,Light,Pedestrian,0.0,0.0,1.0,1.0,0.0,1.0,0.0,1.0,1.0,1.0,Not junction,Exact,,2.0,27.1,,,,2
2003,June,Thursday,Night,Light,Front to rear collision,0.0,0.0,8.0,0.0,0.0,6.0,2.0,8.0,3.0,3.0,Not junction,Exact,,2.0,64.0,,,,2
2003,November,Saturday,Night,Light,Roll over,0.0,0.0,2.0,0.0,0.0,2.0,0.0,2.0,1.0,1.0,Not junction,Exact,,2.0,25.1,,,,2
2003,October,Saturday,Night,Fatal,Collision with stopped vehicle,1.0,0.0,0.0,0.0,0.0,1.0,0.0,1.0,2.0,2.0,Not junction,Exact,,2.0,69.9,,,,2
2003,June,Wednesday,Night,Light,Front to rear collision,0.0,0.0,3.0,0.0,1.0,2.0,0.0,3.0,2.0,2.0,Not junction,Exact,,2.0,53.1,,,,2
2003,April,Friday,Night,Fatal,Front end collision,3.0,1.0,0.0,0.0,0.0,4.0,0.0,4.0,3.0,3.0,Not junction,Exact,,2.0,96.3,,,,2
2003,May,Sunday,Night,Light,Hit an object,0.0,0.0,1.0,0.0,1.0,0.0,0.0,1.0,1.0,1.0,Not junction,Exact,,2.0,89.0,,,,2
2003,March,Saturday,Night,Light,Side to side collision,0.0,0.0,3.0,0.0,0.0,3.0,0.0,3.0,2.0,2.0,Not junction,Exact,,2.0,22.2,,,,2
2003,February,Friday,Night,Light,Front to rear collision,0.0,0.0,3.0,0.0,0.0,3.0,0.0,3.0,3.0,3.0,Not junction,Exact,,2.0,24.7,,,,2
2003,September,Friday,Night,Fatal,Collision with stopped vehicle,1.0,1.0,1.0,0.0,0.0,3.0,0.0,3.0,2.0,2.0,Not junction,Exact,,2.0,32.1,,,,2
2003,December,Monday,Night,Light,Collision with stopped vehicle,0.0,0.0,1.0,0.0,0.0,1.0,0.0,1.0,3.0,3.0,Not junction,Exact,,2.0,60.4,,,,2
2003,March,Sunday,Night,Fatal,Pedestrian,1.0,0.0,1.0,1.0,0.0,2.0,0.0,2.0,1.0,1.0,Not junction,Exact,,2.0,44.0,,,,2
2003,July,Thursday,Night,Light,Front to rear collision,0.0,0.0,4.0,0.0,3.0,1.0,0.0,4.0,2.0,2.0,Not junction,Exact,,2.0,60.0,,,,2
2003,June,Thursday,Night,Light,Roll over,0.0,0.0,1.0,0.0,0.0,1.0,0.0,1.0,1.0,1.0,Not junction,Exact,,2.0,25.1,,,,2
2003,December,Tuesday,Night,Light,Front to rear collision,0.0,0.0,2.0,2.0,0.0,2.0,0.0,2.0,4.0,4.0,Not junction,Exact,,2.0,35.1,,,,2
2003,February,Wednesday,Night,Light,Roll over,0.0,0.0,1.0,0.0,0.0,1.0,0.0,1.0,1.0,1.0,Not junction,Exact,,2.0,59.6,,,,2
2003,June,Saturday,Night,Fatal,Front to rear collision,1.0,0.0,0.0,0.0,0.0,1.0,0.0,1.0,2.0,2.0,Not junction,Exact,,2.0,55.8,,,,2
2003,January,Tuesday,Night,Light,Hit an object,0.0,0.0,1.0,0.0,0.0,1.0,0.0,1.0,1.0,1.0,Not junction,Exact,,2.0,56.0,,,,2
2003,June,Thursday,Night,Severe,Front to rear collision,0.0,1.0,0.0,0.0,0.0,1.0,0.0,1.0,2.0,2.0,Not junction,Exact,,2.0,24.5,,,,2
2003,August,Sunday,Night,Light,Front to rear collision,0.0,0.0,4.0,0.0,4.0,0.0,0.0,4.0,2.0,2.0,Not junction,Exact,,2.0,65.0,,,,2
2003,November,Friday,Night,Light,Front to rear collision,0.0,0.0,3.0,0.0,0.0,3.0,0.0,3.0,5.0,5.0,Not junction,Exact,,2.0,72.8,,,,2
2003,November,Friday,Night,Fatal,Collision with stopped vehicle,1.0,1.0,1.0,1.0,0.0,3.0,0.0,3.0,3.0,3.0,Not junction,Exact,,2.0,72.0,,,,2
2003,February,Sunday,Night,Light,Front to rear collision,0.0,0.0,4.0,0.0,0.0,4.0,0.0,4.0,3.0,3.0,Not junction,Exact,,2.0,55.1,,,,2
2003,January,Friday,Night,Light,Front to rear collision,0.0,0.0,5.0,0.0,0.0,5.0,0.0,5.0,2.0,2.0,Not junction,Exact,,2.0,58.3,,,,2
2003,April,Sunday,Night,Fatal,Roll over,1.0,1.0,0.0,0.0,0.0,2.0,0.0,2.0,1.0,1.0,Not junction,Exact,,2.0,81.4,,,,2
2003,October,Thursday,Day,Fatal,Front to rear collision,3.0,0.0,3.0,0.0,2.0,4.0,0.0,6.0,2.0,2.0,Not junction,Exact,,2.0,40.0,,,,2
2003,May,Tuesday,Day,Severe,Hit an object,0.0,2.0,0.0,0.0,0.0,2.0,0.0,2.0,1.0,1.0,Not junction,Exact,,2.0,66.4,,,,2
2003,April,Monday,Night,Severe,Roll over,0.0,1.0,0.0,0.0,0.0,1.0,0.0,1.0,1.0,1.0,Not junction,Exact,,2.0,61.8,,,,2
2003,April,Wednesday,Night,Severe,Hit an object,0.0,1.0,0.0,0.0,0.0,1.0,0.0,1.0,1.0,1.0,Not junction,Exact,,2.0,25.5,,,,2
2003,July,Tuesday,Day,Severe,Hit an object,0.0,1.0,1.0,0.0,0.0,2.0,0.0,2.0,1.0,1.0,Not junction,Exact,,2.0,78.5,,,,2
2003,October,Thursday,Day,Light,Front to rear collision,0.0,0.0,10.0,0.0,0.0,10.0,0.0,10.0,7.0,7.0,Not junction,Exact,,2.0,60.0,,,,2
2003,March,Monday,Day,Light,Roll over,0.0,0.0,1.0,0.0,0.0,1.0,0.0,1.0,1.0,1.0,Not junction,Exact,,2.0,80.2,,,,2
2003,January,Friday,Night,Light,Other,0.0,0.0,1.0,0.0,1.0,0.0,0.0,1.0,1.0,1.0,Not junction,Exact,,2.0,65.0,,,,2
2003,December,Tuesday,Night,Light,Front to rear collision,0.0,0.0,9.0,0.0,0.0,9.0,0.0,9.0,2.0,2.0,Not junction,Exact,,2.0,58.5,,,,2
2003,November,Thursday,Day,Light,Other,0.0,0.0,6.0,0.0,1.0,5.0,0.0,6.0,3.0,3.0,Not junction,Exact,,2.0,53.1,,,,2
2003,February,Tuesday,Day,Light,Front to rear collision,0.0,0.0,4.0,0.0,0.0,4.0,0.0,4.0,5.0,5.0,Not junction,Exact,,2.0,61.7,,,,2
2003,March,Friday,Day,Severe,Roll over,0.0,1.0,0.0,0.0,0.0,1.0,0.0,1.0,1.0,1.0,Not junction,Exact,,2.0,35.1,,,,2
2003,May,Sunday,Day,Severe,Front to rear collision,0.0,1.0,4.0,0.0,0.0,5.0,0.0,5.0,3.0,3.0,Not junction,Exact,,2.0,62.0,,,,2
2003,October,Sunday,Day,Light,Front to rear collision,0.0,0.0,7.0,0.0,3.0,4.0,0.0,7.0,5.0,5.0,Not junction,Exact,,2.0,63.1,,,,2
2003,December,Saturday,Day,Light,Hit an object,0.0,0.0,1.0,0.0,0.0,1.0,0.0,1.0,1.0,1.0,Not junction,Exact,,2.0,59.5,,,,2
2003,March,Saturday,Day,Light,Roll over,0.0,0.0,2.0,0.0,0.0,2.0,0.0,2.0,1.0,1.0,Not junction,Exact,,2.0,73.4,,,,2
2003,May,Thursday,Day,Light,Front to side collision,0.0,0.0,1.0,0.0,0.0,1.0,0.0,1.0,2.0,2.0,Not junction,Exact,,2.0,33.1,,,,2
2003,December,Sunday,Day,Light,Front to rear collision,0.0,0.0,8.0,0.0,1.0,7.0,0.0,8.0,4.0,4.0,Not junction,Exact,,2.0,58.3,,,,2
2003,January,Friday,Day,Light,Front to rear collision,0.0,0.0,4.0,0.0,0.0,4.0,0.0,4.0,4.0,4.0,Not junction,Exact,,2.0,61.1,,,,2
2003,April,Thursday,Day,Light,Front to rear collision,0.0,0.0,6.0,0.0,0.0,6.0,0.0,6.0,3.0,3.0,Not junction,Exact,,2.0,56.3,,,,2
2003,March,Sunday,Day,Light,Front to rear collision,0.0,0.0,4.0,0.0,0.0,4.0,0.0,4.0,3.0,3.0,Not junction,Exact,,2.0,56.2,,,,2
2003,December,Thursday,Day,Severe,Roll over,0.0,1.0,1.0,0.0,0.0,2.0,0.0,2.0,1.0,1.0,Not junction,Exact,,2.0,80.5,,,,2
2003,February,Tuesday,Day,Light,Front to rear collision,0.0,0.0,2.0,0.0,0.0,1.0,1.0,2.0,4.0,4.0,Not junction,Exact,,2.0,26.4,,,,2
2003,February,Friday,Day,Severe,Front to rear collision,0.0,2.0,2.0,0.0,1.0,3.0,0.0,4.0,4.0,4.0,Not junction,Exact,,2.0,61.1,,,,2
2003,September,Saturday,Day,Light,Front to rear collision,0.0,0.0,2.0,0.0,0.0,2.0,0.0,2.0,3.0,3.0,Not junction,Exact,,2.0,48.3,,,,2
2003,May,Saturday,Day,Light,Hit an object,0.0,0.0,3.0,0.0,1.0,2.0,0.0,3.0,1.0,1.0,Not junction,Exact,,2.0,59.0,,,,2
2003,March,Tuesday,Day,Light,Roll over,0.0,0.0,1.0,0.0,0.0,1.0,0.0,1.0,1.0,1.0,Not junction,Exact,,2.0,74.1,,,,2
2003,February,Friday,Day,Light,Front to rear collision,0.0,0.0,3.0,0.0,0.0,3.0,0.0,3.0,3.0,3.0,Not junction,Exact,,2.0,61.1,,,,2
2003,April,Sunday,Day,Severe,Collision with stopped vehicle,0.0,1.0,1.0,0.0,0.0,2.0,0.0,2.0,2.0,2.0,Not junction,Exact,,2.0,32.0,,,,2
2003,September,Monday,Day,Severe,Front to rear collision,0.0,1.0,1.0,0.0,0.0,2.0,0.0,2.0,2.0,2.0,Not junction,Exact,,2.0,83.3,,,,2
2003,September,Friday,Day,Light,Drive off road or on paveway,0.0,0.0,1.0,0.0,0.0,1.0,0.0,1.0,1.0,1.0,Not junction,Exact,,2.0,84.1,,,,2
2003,May,Tuesday,Day,Severe,Hit an object,0.0,1.0,0.0,0.0,0.0,0.0,1.0,1.0,1.0,1.0,Not junction,Exact,,2.0,67.4,,,,2
2003,January,Monday,Day,Light,Front to side collision,0.0,0.0,2.0,0.0,0.0,2.0,0.0,2.0,2.0,2.0,Not junction,Exact,,2.0,23.1,,,,2
2003,January,Sunday,Day,Light,Front to side collision,0.0,0.0,5.0,0.0,4.0,1.0,0.0,5.0,2.0,2.0,Not junction,Exact,,2.0,42.5,,,,2
2003,February,Friday,Day,Light,Front to rear collision,0.0,0.0,9.0,0.0,0.0,9.0,0.0,9.0,6.0,6.0,Not junction,Exact,,2.0,61.0,,,,2
2003,January,Friday,Day,Light,Roll over,0.0,0.0,1.0,0.0,0.0,1.0,0.0,1.0,1.0,1.0,Not junction,Exact,,2.0,66.0,,,,2
2003,December,Wednesday,Day,Light,Front to rear collision,0.0,0.0,4.0,0.0,0.0,4.0,0.0,4.0,5.0,5.0,Not junction,Exact,,2.0,51.1,,,,2
2003,January,Friday,Day,Light,Front to rear collision,0.0,0.0,3.0,0.0,1.0,2.0,0.0,3.0,2.0,2.0,Not junction,Exact,,2.0,66.1,,,,2
2003,April,Thursday,Day,Light,Front to rear collision,0.0,0.0,1.0,0.0,0.0,1.0,0.0,1.0,2.0,2.0,Not junction,Exact,,2.0,30.9,,,,2
2003,November,Tuesday,Day,Light,Front to rear collision,0.0,0.0,3.0,0.0,0.0,3.0,0.0,3.0,4.0,4.0,Not junction,Exact,,2.0,24.2,,,,2
2003,February,Sunday,Day,Light,Front to rear collision,0.0,0.0,6.0,0.0,0.0,5.0,1.0,6.0,6.0,6.0,Not junction,Exact,,2.0,79.1,,,,2
2003,December,Thursday,Day,Light,Front to rear collision,0.0,0.0,2.0,0.0,0.0,2.0,0.0,2.0,3.0,3.0,Not junction,Centered,,2.0,26.0,,,,2
2003,January,Monday,Day,Fatal,Front to rear collision,1.0,0.0,0.0,0.0,0.0,1.0,0.0,1.0,2.0,2.0,Not junction,Exact,,2.0,33.1,,,,2
2003,February,Friday,Day,Severe,Front to rear collision,0.0,1.0,2.0,0.0,0.0,3.0,0.0,3.0,2.0,2.0,Not junction,Exact,,2.0,58.0,,,,2
2003,January,Friday,Day,Severe,Hit an object,0.0,1.0,0.0,0.0,0.0,1.0,0.0,1.0,1.0,1.0,Not junction,Exact,,2.0,43.0,,,,2
2003,December,Thursday,Day,Light,Roll over,0.0,0.0,1.0,0.0,0.0,1.0,0.0,1.0,1.0,1.0,Not junction,Exact,,2.0,78.5,,,,2
2003,July,Tuesday,Day,Light,Side to side collision,0.0,0.0,3.0,0.0,2.0,1.0,0.0,3.0,2.0,2.0,Not junction,Exact,,2.0,26.4,,,,2
2003,October,Wednesday,Day,Light,Front end collision,0.0,0.0,5.0,0.0,0.0,5.0,0.0,5.0,3.0,3.0,Not junction,Exact,,2.0,61.6,,,,2
2003,November,Thursday,Day,Light,Hit an object,0.0,0.0,1.0,0.0,1.0,0.0,0.0,1.0,1.0,1.0,Not junction,Exact,,2.0,63.5,,,,2
2003,November,Wednesday,Day,Light,Front to side collision,0.0,0.0,5.0,0.0,0.0,5.0,0.0,5.0,2.0,2.0,Not junction,Exact,,2.0,24.0,,,,2
2003,February,Friday,Day,Light,Front to rear collision,0.0,0.0,5.0,0.0,1.0,2.0,2.0,5.0,3.0,3.0,Not junction,Exact,,2.0,60.8,,,,2
2003,March,Wednesday,Day,Light,Front to rear collision,0.0,0.0,4.0,0.0,2.0,2.0,0.0,4.0,2.0,2.0,Not junction,Exact,,2.0,82.3,,,,2
2003,March,Saturday,Day,Light,Front to rear collision,0.0,0.0,2.0,0.0,0.0,1.0,1.0,2.0,2.0,2.0,Not junction,Exact,,2.0,45.1,,,,2
2003,September,Saturday,Day,Light,Front to rear collision,0.0,0.0,3.0,0.0,0.0,2.0,1.0,3.0,4.0,4.0,Not junction,Exact,,2.0,59.0,,,,2
2003,October,Saturday,Day,Light,Front to rear collision,0.0,0.0,4.0,0.0,1.0,3.0,0.0,4.0,3.0,3.0,Not junction,Exact,,2.0,56.9,,,,2
2003,March,Thursday,Day,Severe,Front to rear collision,0.0,1.0,1.0,0.0,0.0,2.0,0.0,2.0,2.0,2.0,Not junction,Exact,,2.0,52.1,,,,2
2003,November,Saturday,Day,Light,Side to side collision,0.0,0.0,5.0,0.0,1.0,4.0,0.0,5.0,2.0,2.0,Not junction,Exact,,2.0,55.2,,,,2
2003,February,Tuesday,Day,Light,Roll over,0.0,0.0,3.0,0.0,0.0,3.0,0.0,3.0,2.0,2.0,Not junction,Exact,,2.0,54.9,,,,2
2003,August,Sunday,Day,Severe,Front to rear collision,0.0,2.0,1.0,0.0,1.0,2.0,0.0,3.0,2.0,2.0,Not junction,Exact,,2.0,50.5,,,,2
2003,December,Thursday,Day,Light,Front to side collision,0.0,0.0,4.0,0.0,1.0,2.0,1.0,4.0,2.0,2.0,Not junction,Exact,,2.0,31.0,,,,2
2003,March,Tuesday,Day,Light,Front to rear collision,0.0,0.0,2.0,0.0,0.0,2.0,0.0,2.0,3.0,3.0,Not junction,Exact,,2.0,58.5,,,,2
2003,February,Saturday,Day,Light,Front to rear collision,0.0,0.0,6.0,0.0,1.0,5.0,0.0,6.0,3.0,3.0,Not junction,Exact,,2.0,24.0,,,,2
2003,November,Wednesday,Day,Severe,Front to rear collision,0.0,1.0,1.0,0.0,0.0,2.0,0.0,2.0,2.0,2.0,Not junction,Exact,,2.0,31.0,,,,2
2003,June,Tuesday,Day,Severe,Hit an object,0.0,2.0,2.0,0.0,0.0,4.0,0.0,4.0,1.0,1.0,Not junction,Exact,,2.0,80.0,,,,2
2003,June,Tuesday,Day,Light,Front to side collision,0.0,0.0,2.0,0.0,0.0,1.0,1.0,2.0,2.0,2.0,Not junction,Exact,,2.0,26.0,,,,2
2003,January,Friday,Day,Light,Front to side collision,0.0,0.0,2.0,0.0,0.0,1.0,1.0,2.0,2.0,2.0,Not junction,Exact,,2.0,31.5,,,,2
2003,February,Sunday,Day,Light,Front to rear collision,0.0,0.0,2.0,0.0,1.0,1.0,0.0,2.0,4.0,4.0,Not junction,Exact,,2.0,57.9,,,,2
2003,November,Wednesday,Day,Light,Front to side collision,0.0,0.0,4.0,0.0,0.0,3.0,1.0,4.0,4.0,4.0,Not junction,Centered,,2.0,26.0,,,,2
2003,August,Tuesday,Day,Light,Side to side collision,0.0,0.0,5.0,0.0,3.0,2.0,0.0,5.0,3.0,3.0,Not junction,Exact,,2.0,24.5,,,,2
2003,June,Thursday,Day,Light,Front to rear collision,0.0,0.0,6.0,0.0,1.0,5.0,0.0,6.0,4.0,4.0,Not junction,Centered,,2.0,26.0,,,,2
2003,May,Thursday,Day,Light,Front to rear collision,0.0,0.0,5.0,0.0,0.0,5.0,0.0,5.0,6.0,6.0,Not junction,Exact,,2.0,25.3,,,,2
2003,March,Saturday,Day,Light,Roll over,0.0,0.0,4.0,0.0,0.0,2.0,2.0,4.0,1.0,1.0,Not junction,Exact,,2.0,55.6,,,,2
2003,November,Tuesday,Day,Light,Front to side collision,0.0,0.0,1.0,0.0,0.0,1.0,0.0,1.0,2.0,2.0,Not junction,Exact,,2.0,31.5,,,,2
2003,November,Friday,Day,Light,Front to side collision,0.0,0.0,2.0,0.0,0.0,2.0,0.0,2.0,2.0,2.0,Not junction,Exact,,2.0,48.1,,,,2
2003,March,Thursday,Day,Fatal,Front to rear collision,1.0,0.0,2.0,0.0,0.0,3.0,0.0,3.0,2.0,2.0,Not junction,Exact,,2.0,56.5,,,,2
2003,March,Saturday,Day,Light,Front to rear collision,0.0,0.0,5.0,0.0,2.0,3.0,0.0,5.0,2.0,2.0,Not junction,Exact,,2.0,26.4,,,,2
2003,April,Saturday,Day,Severe,Side to side collision,0.0,1.0,0.0,0.0,0.0,1.0,0.0,1.0,2.0,2.0,Not junction,Exact,,2.0,61.3,,,,2
2003,August,Thursday,Day,Severe,Roll over,0.0,1.0,0.0,0.0,0.0,1.0,0.0,1.0,1.0,1.0,Not junction,Exact,,2.0,74.1,,,,2
2003,May,Tuesday,Day,Light,Slip,0.0,0.0,1.0,0.0,0.0,1.0,0.0,1.0,1.0,1.0,Not junction,Exact,,2.0,45.1,,,,2
2003,August,Sunday,Day,Light,Front to side collision,0.0,0.0,1.0,0.0,0.0,1.0,0.0,1.0,2.0,2.0,Not junction,Exact,,2.0,75.5,,,,2
2003,January,Saturday,Day,Light,Collision with stopped vehicle,0.0,0.0,3.0,0.0,0.0,3.0,0.0,3.0,4.0,4.0,Not junction,Exact,,2.0,58.2,,,,2
2003,June,Wednesday,Day,Fatal,Front to side collision,1.0,0.0,0.0,0.0,0.0,1.0,0.0,1.0,2.0,2.0,Not junction,Exact,,2.0,26.4,,,,2
2003,June,Monday,Day,Light,Front to side collision,0.0,0.0,2.0,0.0,0.0,2.0,0.0,2.0,2.0,2.0,Not junction,Exact,,2.0,33.0,,,,2
2003,July,Thursday,Day,Light,Front to rear collision,0.0,0.0,1.0,0.0,0.0,0.0,0.0,1.0,4.0,4.0,Not junction,Exact,,2.0,22.2,,,,2
2003,September,Thursday,Day,Light,Front to rear collision,0.0,0.0,4.0,0.0,0.0,4.0,0.0,4.0,4.0,4.0,Not junction,Exact,,2.0,69.2,,,,2
2003,August,Friday,Day,Light,Hit an object,0.0,0.0,14.0,0.0,1.0,13.0,0.0,14.0,1.0,1.0,Not junction,Exact,,2.0,97.0,,,,2
2003,October,Friday,Day,Fatal,Pedestrian,1.0,0.0,4.0,1.0,1.0,3.0,1.0,5.0,1.0,1.0,Not junction,Exact,,2.0,24.1,,,,2
2003,March,Wednesday,Day,Severe,Roll over,0.0,1.0,9.0,0.0,0.0,10.0,0.0,10.0,1.0,1.0,Not junction,Exact,,2.0,65.2,,,,2
2003,April,Monday,Day,Light,Side to side collision,0.0,0.0,2.0,0.0,0.0,2.0,0.0,2.0,2.0,2.0,Not junction,Exact,,2.0,74.8,,,,2
2003,April,Sunday,Day,Light,Hit an object,0.0,0.0,2.0,0.0,2.0,0.0,0.0,2.0,1.0,1.0,Not junction,Exact,,2.0,73.1,,,,2
2003,March,Thursday,Day,Light,Roll over,0.0,0.0,1.0,0.0,0.0,1.0,0.0,1.0,2.0,2.0,Not junction,Exact,,2.0,43.1,,,,2
2003,May,Saturday,Day,Light,Hit an object,0.0,0.0,1.0,0.0,0.0,1.0,0.0,1.0,1.0,1.0,Not junction,Exact,,2.0,26.4,,,,2
2003,October,Thursday,Day,Light,Front to side collision,0.0,0.0,1.0,0.0,0.0,1.0,0.0,1.0,2.0,2.0,Not junction,Centered,,2.0,26.0,,,,2
2003,February,Monday,Day,Light,Front to rear collision,0.0,0.0,6.0,0.0,0.0,6.0,0.0,6.0,4.0,4.0,Not junction,Exact,,2.0,56.1,,,,2
2003,February,Thursday,Day,Light,Front to rear collision,0.0,0.0,4.0,0.0,0.0,4.0,0.0,4.0,3.0,3.0,Not junction,Exact,,2.0,67.0,,,,2
2003,July,Tuesday,Day,Light,Front to side collision,0.0,0.0,1.0,0.0,0.0,1.0,0.0,1.0,4.0,4.0,Not junction,Exact,,2.0,24.0,,,,2
2003,October,Friday,Day,Light,Front to side collision,0.0,0.0,2.0,0.0,0.0,2.0,0.0,2.0,2.0,2.0,Not junction,Exact,,2.0,49.1,,,,2
2003,November,Thursday,Day,Light,Front to rear collision,0.0,0.0,2.0,0.0,0.0,2.0,0.0,2.0,4.0,4.0,Not junction,Exact,,2.0,23.0,,,,2
2003,December,Monday,Day,Light,Front to rear collision,0.0,0.0,5.0,0.0,0.0,5.0,0.0,5.0,2.0,2.0,Not junction,Exact,,2.0,56.2,,,,2
2003,May,Thursday,Day,Severe,Front to rear collision,0.0,1.0,8.0,1.0,1.0,8.0,0.0,9.0,6.0,6.0,Not junction,Exact,,2.0,24.1,,,,2
2003,December,Sunday,Day,Severe,Other,0.0,1.0,0.0,0.0,0.0,1.0,0.0,1.0,1.0,1.0,Not junction,Exact,,2.0,29.1,,,,2
2003,October,Tuesday,Day,Severe,Roll over,0.0,1.0,0.0,0.0,0.0,1.0,0.0,1.0,1.0,1.0,Not junction,Exact,,2.0,30.1,,,,2
2003,August,Wednesday,Day,Severe,Roll over,0.0,1.0,1.0,0.0,0.0,2.0,0.0,2.0,1.0,1.0,Not junction,Exact,,2.0,55.4,,,,2
2003,July,Wednesday,Day,Light,Front to side collision,0.0,0.0,3.0,0.0,1.0,2.0,0.0,3.0,2.0,2.0,Not junction,Centered,,2.0,24.0,,,,2
2003,December,Sunday,Night,Light,Front to side collision,0.0,0.0,3.0,0.0,0.0,3.0,0.0,3.0,3.0,3.0,Not junction,Exact,,2.0,49.2,,,,2
2003,April,Friday,Day,Severe,Roll over,0.0,1.0,0.0,0.0,1.0,0.0,0.0,1.0,1.0,1.0,Not junction,Centered,,2.0,58.0,,,,2
2003,February,Sunday,Day,Fatal,Roll over,1.0,4.0,3.0,0.0,1.0,7.0,0.0,8.0,1.0,1.0,Not junction,Exact,,2.0,35.0,,,,2