year,month,day_of_week,day_night,accident_severity,accident_type,killed,severly_injured,lightly_injured,injured_pedestrians,casualties_ages_0-19,casualties_ages_20-64,casualties_ages_65_plus,total_casualties,vehicle_count,drivers,road_type,localization_quality,settlement,road1,location,road2,road3,road4,source_road
2006,May,Friday,Night,Light,Hit an object,0.0,0.0,1.0,0.0,0.0,1.0,0.0,1.0,1.0,1.0,Not junction,Exact,,2.0,81.8,,,,2
2006,October,Sunday,Night,Light,Front to rear collision,0.0,0.0,4.0,0.0,1.0,3.0,0.0,4.0,2.0,2.0,Not junction,Exact,,2.0,65.5,,,,2
2006,October,Thursday,Night,Light,Front to rear collision,0.0,0.0,2.0,0.0,0.0,2.0,0.0,2.0,2.0,2.0,Not junction,Exact,,2.0,27.0,,,,2
2006,April,Friday,Night,Light,Front to rear collision,0.0,0.0,1.0,0.0,0.0,1.0,0.0,1.0,2.0,2.0,Not junction,Exact,,2.0,22.0,,,,2
2006,January,Saturday,Night,Severe,Hit an object,0.0,1.0,0.0,0.0,0.0,1.0,0.0,1.0,1.0,1.0,Not junction,Exact,,2.0,35.0,,,,2
2006,April,Saturday,Night,Light,Other,0.0,0.0,1.0,0.0,0.0,1.0,0.0,1.0,1.0,1.0,Not junction,Exact,,2.0,95.1,,,,2
2006,January,Saturday,Night,Light,Hit an object,0.0,0.0,4.0,0.0,0.0,4.0,0.0,4.0,1.0,1.0,Not junction,Exact,,2.0,95.0,,,,2
2006,March,Saturday,Night,Fatal,Front end collision,1.0,5.0,0.0,0.0,0.0,6.0,0.0,6.0,2.0,2.0,Not junction,Exact,,2.0,64.6,,,,2
2006,November,Thursday,Night,Light,Roll over,0.0,0.0,4.0,0.0,0.0,4.0,0.0,4.0,1.0,1.0,Not junction,Exact,,2.0,73.3,,,,2
2006,March,Saturday,Night,Light,Hit an object,0.0,0.0,2.0,0.0,1.0,1.0,0.0,2.0,1.0,1.0,Not junction,Exact,,2.0,70.2,,,,2
2006,June,Friday,Night,Light,Roll over,0.0,0.0,1.0,0.0,1.0,0.0,0.0,1.0,1.0,1.0,Not junction,Exact,,2.0,98.0,,,,2
2006,January,Monday,Night,Light,Front to side collision,0.0,0.0,1.0,0.0,0.0,1.0,0.0,1.0,2.0,2.0,Not junction,Exact,,2.0,55.0,,,,2
2006,June,Sunday,Night,Light,Front to rear collision,0.0,0.0,3.0,0.0,0.0,3.0,0.0,3.0,2.0,2.0,Not junction,Exact,,2.0,58.0,,,,2
2006,September,Friday,Night,Fatal,Hit an object,1.0,0.0,4.0,0.0,5.0,0.0,0.0,5.0,1.0,1.0,Not junction,Exact,,2.0,89.0,,,,2
2006,September,Friday,Night,Light,Front to rear collision,0.0,0.0,2.0,0.0,2.0,0.0,0.0,2.0,2.0,2.0,Not junction,Exact,,2.0,89.0,,,,2
2006,February,Tuesday,Night,Light,Front to rear collision,0.0,0.0,5.0,0.0,0.0,4.0,1.0,5.0,2.0,2.0,Not junction,Exact,,2.0,56.5,,,,2
2006,January,Friday,Night,Light,Front to rear collision,0.0,0.0,5.0,0.0,0.0,5.0,0.0,5.0,3.0,3.0,Not junction,Exact,,2.0,74.6,,,,2
2006,April,Monday,Night,Light,Side to side collision,0.0,0.0,1.0,0.0,0.0,1.0,0.0,1.0,2.0,2.0,Not junction,Exact,,2.0,45.2,,,,2
2006,August,Tuesday,Day,Light,Front to side collision,0.0,0.0,2.0,0.0,0.0,2.0,0.0,2.0,2.0,2.0,Not junction,Exact,,2.0,37.5,,,,2
2006,May,Tuesday,Day,Light,Front to side collision,0.0,0.0,1.0,0.0,0.0,1.0,0.0,1.0,2.0,2.0,Not junction,Exact,,2.0,67.1,,,,2
2006,June,Thursday,Day,Light,Front to rear collision,0.0,0.0,4.0,0.0,0.0,3.0,1.0,4.0,2.0,2.0,Not junction,Exact,,2.0,32.1,,,,2
2006,June,Thursday,Day,Light,Roll over,0.0,0.0,2.0,0.0,0.0,2.0,0.0,2.0,1.0,1.0,Not junction,Exact,,2.0,57.1,,,,2
2006,February,Tuesday,Day,Light,Front to side collision,0.0,0.0,1.0,0.0,0.0,1.0,0.0,1.0,3.0,3.0,Not junction,Exact,,2.0,38.1,,,,2
2006,October,Monday,Day,Light,Front to rear collision,0.0,0.0,2.0,0.0,0.0,2.0,0.0,2.0,3.0,3.0,Not junction,Exact,,2.0,56.7,,,,2
2006,January,Friday,Day,Light,Front to rear collision,0.0,0.0,6.0,0.0,1.0,5.0,0.0,6.0,3.0,3.0,Not junction,Exact,,2.0,74.0,,,,2
2006,June,Wednesday,Day,Light,Front to rear collision,0.0,0.0,6.0,0.0,0.0,6.0,0.0,6.0,5.0,5.0,Not junction,Exact,,2.0,57.0,,,,2
2006,July,Wednesday,Day,Light,Side to side collision,0.0,0.0,1.0,0.0,0.0,1.0,0.0,1.0,2.0,2.0,Not junction,Exact,,2.0,36.0,,,,2
2006,May,Wednesday,Day,Light,Front to side collision,0.0,0.0,1.0,0.0,0.0,1.0,0.0,1.0,2.0,2.0,Not junction,Exact,,2.0,34.8,,,,2
2006,July,Friday,Day,Light,Front to side collision,0.0,0.0,1.0,0.0,0.0,1.0,0.0,1.0,2.0,2.0,Not junction,Exact,,2.0,26.4,,,,2
2006,May,Sunday,Day,Light,Front to side collision,0.0,0.0,1.0,0.0,0.0,1.0,0.0,1.0,2.0,2.0,Not junction,Exact,,2.0,26.4,,,,2
2006,February,Tuesday,Day,Light,Front to rear collision,0.0,0.0,2.0,0.0,0.0,2.0,0.0,2.0,3.0,3.0,Not junction,Exact,,2.0,60.2,,,,2
2006,June,Wednesday,Day,Light,Front to rear collision,0.0,0.0,2.0,0.0,1.0,1.0,0.0,2.0,2.0,2.0,Not junction,Exact,,2.0,74.3,,,,2
2006,June,Saturday,Day,Light,Front to side collision,0.0,0.0,2.0,0.0,0.0,2.0,0.0,2.0,3.0,3.0,Not junction,Exact,,2.0,40.1,,,,2
2006,April,Sunday,Day,Light,Front to rear collision,0.0,0.0,3.0,0.0,0.0,3.0,0.0,3.0,3.0,3.0,Not junction,Exact,,2.0,26.0,,,,2
2006,March,Monday,Day,Light,Front to rear collision,0.0,0.0,3.0,0.0,2.0,1.0,0.0,3.0,2.0,2.0,Not junction,Exact,,2.0,37.1,,,,2
2006,March,Sunday,Day,Light,Front to rear collision,0.0,0.0,4.0,0.0,2.0,2.0,0.0,4.0,3.0,3.0,Not junction,Exact,,2.0,55.1,,,,2
2006,December,Friday,Day,Fatal,Hit an object,1.0,1.0,0.0,0.0,0.0,2.0,0.0,2.0,1.0,1.0,Not junction,Exact,,2.0,31.8,,,,2
2006,October,Saturday,Day,Light,Side to side collision,0.0,0.0,1.0,0.0,0.0,1.0,0.0,1.0,2.0,2.0,Not junction,Exact,,2.0,55.0,,,,2
2006,July,Sunday,Day,Light,Front to side collision,0.0,0.0,3.0,0.0,0.0,3.0,0.0,3.0,4.0,4.0,Not junction,Exact,,2.0,34.3,,,,2
2006,April,Sunday,Day,Light,Front to rear collision,0.0,0.0,8.0,0.0,3.0,5.0,0.0,8.0,3.0,3.0,Not junction,Exact,,2.0,61.1,,,,2
2006,July,Thursday,Day,Light,Roll over,0.0,0.0,1.0,0.0,0.0,1.0,0.0,1.0,1.0,1.0,Not junction,Exact,,2.0,25.1,,,,2
2006,June,Saturday,Day,Light,Front to rear collision,0.0,0.0,3.0,0.0,0.0,1.0,2.0,3.0,3.0,3.0,Not junction,Exact,,2.0,78.0,,,,2
2006,April,Tuesday,Day,Light,Front to side collision,0.0,0.0,1.0,0.0,0.0,1.0,0.0,1.0,2.0,2.0,Not junction,Exact,,2.0,40.3,,,,2
2006,October,Sunday,Day,Light,Front to rear collision,0.0,0.0,7.0,0.0,1.0,4.0,2.0,7.0,5.0,5.0,Not junction,Exact,,2.0,75.9,,,,2
2006,December,Thursday,Day,Light,Roll over,0.0,0.0,2.0,0.0,1.0,1.0,0.0,2.0,1.0,1.0,Not junction,Exact,,2.0,85.1,,,,2
2006,January,Monday,Day,Severe,Front to rear collision,0.0,1.0,0.0,0.0,0.0,1.0,0.0,1.0,2.0,2.0,Not junction,Exact,,2.0,43.1,,,,2
2006,July,Friday,Day,Light,Front to rear collision,0.0,0.0,3.0,0.0,0.0,3.0,0.0,3.0,2.0,2.0,Not junction,Exact,,2.0,43.0,,,,2
2006,October,Saturday,Day,Light,Front to rear collision,0.0,0.0,1.0,0.0,0.0,1.0,0.0,1.0,3.0,3.0,Not junction,Exact,,2.0,57.0,,,,2
2006,October,Wednesday,Day,Light,Roll over,0.0,0.0,1.0,0.0,0.0,1.0,0.0,1.0,1.0,1.0,Not junction,Exact,,2.0,89.1,,,,2
2006,January,Friday,Day,Light,Front to rear collision,0.0,0.0,2.0,0.0,0.0,0.0,2.0,2.0,2.0,2.0,Not junction,Exact,,2.0,62.7,,,,2
2006,February,Thursday,Day,Light,Front to side collision,0.0,0.0,3.0,0.0,0.0,3.0,0.0,3.0,5.0,5.0,Not junction,Exact,,2.0,35.1,,,,2
2006,June,Friday,Day,Light,Front to rear collision,0.0,0.0,4.0,0.0,1.0,3.0,0.0,4.0,3.0,3.0,Not junction,Centered,,2.0,24.0,,,,2
2006,January,Saturday,Day,Light,Front to rear collision,0.0,0.0,9.0,2.0,2.0,5.0,2.0,9.0,2.0,2.0,Not junction,Exact,,2.0,62.6,,,,2
2006,December,Tuesday,Day,Fatal,Front to rear collision,1.0,3.0,0.0,0.0,0.0,4.0,0.0,4.0,3.0,3.0,Not junction,Exact,,2.0,73.8,,,,2
2006,February,Monday,Day,Light,Side to side collision,0.0,0.0,3.0,0.0,0.0,3.0,0.0,3.0,2.0,2.0,Not junction,Exact,,2.0,74.2,,,,2
2006,June,Friday,Day,Light,Hit an object,0.0,0.0,1.0,0.0,0.0,1.0,0.0,1.0,1.0,1.0,Not junction,Exact,,2.0,84.9,,,,2
2006,April,Friday,Day,Light,Front to rear collision,0.0,0.0,1.0,0.0,0.0,1.0,0.0,1.0,2.0,2.0,Not junction,Exact,,2.0,40.1,,,,2
2006,December,Tuesday,Day,Light,Hit an object,0.0,0.0,11.0,0.0,3.0,8.0,0.0,11.0,1.0,1.0,Not junction,Exact,,2.0,74.0,,,,2
2006,June,Thursday,Day,Light,Front to rear collision,0.0,0.0,2.0,0.0,0.0,2.0,0.0,2.0,2.0,2.0,Not junction,Exact,,2.0,74.1,,,,2
2006,November,Saturday,Day,Light,Front to rear collision,0.0,0.0,6.0,0.0,2.0,2.0,2.0,6.0,3.0,3.0,Not junction,Exact,,2.0,22.5,,,,2
2006,January,Monday,Day,Light,Front to rear collision,0.0,0.0,2.0,0.0,0.0,2.0,0.0,2.0,4.0,4.0,Not junction,Exact,,2.0,26.4,,,,2
2006,November,Thursday,Day,Light,Front to rear collision,0.0,0.0,2.0,0.0,0.0,2.0,0.0,2.0,2.0,2.0,Not junction,Exact,,2.0,48.2,,,,2
2006,July,Monday,Day,Light,Front to rear collision,0.0,0.0,3.0,0.0,1.0,2.0,0.0,3.0,2.0,2.0,Not junction,Exact,,2.0,66.8,,,,2
2006,November,Friday,Day,Light,Front to rear collision,0.0,0.0,12.0,0.0,4.0,8.0,0.0,12.0,4.0,4.0,Not junction,Exact,,2.0,58.1,,,,2
2006,July,Sunday,Day,Light,Front to rear collision,0.0,0.0,4.0,0.0,0.0,4.0,0.0,4.0,2.0,2.0,Not junction,Exact,,2.0,64.1,,,,2
2006,January,Sunday,Day,Severe,Hit an object,0.0,1.0,7.0,0.0,2.0,5.0,1.0,8.0,1.0,1.0,Not junction,Exact,,2.0,60.1,,,,2
2006,January,Sunday,Day,Light,Front to rear collision,0.0,0.0,3.0,0.0,0.0,3.0,0.0,3.0,2.0,2.0,Not junction,Exact,,2.0,60.1,,,,2
2006,December,Tuesday,Day,Light,Side to side collision,0.0,0.0,1.0,0.0,0.0,1.0,0.0,1.0,2.0,2.0,Not junction,Exact,,2.0,73.8,,,,2
2006,April,Wednesday,Day,Light,Pedestrian,0.0,0.0,1.0,1.0,0.0,1.0,0.0,1.0,1.0,1.0,Not junction,Exact,,2.0,40.0,,,,2
2006,September,Sunday,Day,Light,Front to side collision,0.0,0.0,1.0,0.0,0.0,1.0,0.0,1.0,2.0,2.0,Not junction,Exact,,2.0,24.9,,,,2
2006,January,Saturday,Day,Light,Front to rear collision,0.0,0.0,8.0,0.0,3.0,4.0,1.0,8.0,3.0,3.0,Not junction,Exact,,2.0,26.4,,,,2
2006,October,Tuesday,Day,Light,Front to rear collision,0.0,0.0,7.0,0.0,2.0,5.0,0.0,7.0,4.0,4.0,Not junction,Exact,,2.0,22.1,,,,2
2006,March,Thursday,Day,Light,Roll over,0.0,0.0,2.0,0.0,0.0,2.0,0.0,2.0,1.0,1.0,Not junction,Exact,,2.0,61.0,,,,2
2006,December,Sunday,Day,Light,Roll over,0.0,0.0,10.0,0.0,1.0,9.0,0.0,10.0,1.0,1.0,Not junction,Exact,,2.0,55.1,,,,2
2006,February,Thursday,Day,Fatal,Front to rear collision,1.0,0.0,9.0,0.0,5.0,3.0,2.0,10.0,2.0,2.0,Not junction,Exact,,2.0,37.6,,,,2
2006,September,Sunday,Day,Light,Front to rear collision,0.0,0.0,4.0,0.0,1.0,3.0,0.0,4.0,4.0,4.0,Not junction,Exact,,2.0,91.8,,,,2
2006,April,Sunday,Day,Severe,Side to side collision,0.0,1.0,0.0,0.0,0.0,1.0,0.0,1.0,2.0,2.0,Not junction,Exact,,2.0,95.0,,,,2
2006,May,Friday,Day,Severe,Pedestrian,0.0,1.0,3.0,1.0,0.0,3.0,0.0,4.0,1.0,1.0,Not junction,Exact,,2.0,61.0,,,,2
2006,October,Tuesday,Day,Light,Front to rear collision,0.0,0.0,1.0,0.0,0.0,1.0,0.0,1.0,2.0,2.0,Not junction,Exact,,2.0,33.1,,,,2
2006,March,Monday,Day,Light,Front to rear collision,0.0,0.0,1.0,0.0,1.0,0.0,0.0,1.0,2.0,2.0,Not junction,Exact,,2.0,38.5,,,,2
2006,December,Thursday,Day,Severe,Roll over,0.0,1.0,0.0,0.0,0.0,1.0,0.0,1.0,3.0,3.0,Not junction,Exact,,2.0,33.9,,,,2
2006,July,Monday,Day,Light,Front to rear collision,0.0,0.0,7.0,0.0,2.0,5.0,0.0,7.0,6.0,6.0,Not junction,Exact,,2.0,64.4,,,,2
2006,May,Thursday,Day,Light,Front to rear collision,0.0,0.0,2.0,0.0,0.0,2.0,0.0,2.0,3.0,3.0,Not junction,Exact,,2.0,57.1,,,,2
2006,September,Tuesday,Day,Severe,Collision with stopped vehicle,0.0,1.0,2.0,0.0,1.0,2.0,0.0,3.0,2.0,2.0,Not junction,Exact,,2.0,40.4,,,,2
2006,April,Saturday,Day,Light,Front to side collision,0.0,0.0,4.0,0.0,0.0,4.0,0.0,4.0,4.0,4.0,Not junction,Exact,,2.0,24.2,,,,2
2006,May,Sunday,Day,Light,Roll over,0.0,0.0,1.0,0.0,0.0,1.0,0.0,1.0,1.0,1.0,Not junction,Exact,,2.0,64.1,,,,2
2006,November,Tuesday,Night,Light,Pedestrian,0.0,0.0,1.0,1.0,0.0,1.0,0.0,1.0,1.0,1.0,Not junction,Exact,,2.0,24.7,,,,2
2006,May,Tuesday,Day,Light,Side to side collision,0.0,0.0,3.0,0.0,0.0,3.0,0.0,3.0,3.0,3.0,Not junction,Exact,,2.0,58.0,,,,2
2006,January,Tuesday,Day,Light,Front to rear collision,0.0,0.0,2.0,0.0,0.0,2.0,0.0,2.0,2.0,2.0,Not junction,Exact,,2.0,64.0,,,,2
2006,June,Sunday,Day,Light,Roll over,0.0,0.0,1.0,0.0,0.0,1.0,0.0,1.0,1.0,1.0,Not junction,Exact,,2.0,85.5,,,,2
2006,February,Tuesday,Day,Light,Front to side collision,0.0,0.0,1.0,0.0,0.0,1.0,0.0,1.0,2.0,2.0,Not junction,Exact,,2.0,39.2,,,,2
2006,March,Friday,Day,Light,Hit an object,0.0,0.0,2.0,0.0,0.0,2.0,0.0,2.0,1.0,1.0,Not junction,Exact,,2.0,61.1,,,,2
2006,September,Saturday,Day,Fatal,Front to rear collision,1.0,0.0,2.0,0.0,0.0,3.0,0.0,3.0,2.0,2.0,Not junction,Exact,,2.0,54.0,,,,2
2006,October,Sunday,Night,Light,Front to rear collision,0.0,0.0,2.0,0.0,0.0,2.0,0.0,2.0,3.0,3.0,Not junction,Exact,,2.0,60.8,,,,2
2006,January,Monday,Night,Light,Front to rear collision,0.0,0.0,6.0,0.0,0.0,6.0,0.0,6.0,3.0,3.0,Not junction,Exact,,2.0,56.9,,,,2
2006,September,Friday,Day,Light,Front to rear collision,0.0,0.0,3.0,0.0,2.0,1.0,0.0,3.0,2.0,2.0,Not junction,Exact,,2.0,46.3,,,,2
2006,January,Saturday,Night,Light,Front to side collision,0.0,0.0,1.0,0.0,0.0,1.0,0.0,1.0,2.0,2.0,Not junction,Exact,,2.0,26.1,,,,2
2006,June,Saturday,Day,Light,Side to side collision,0.0,0.0,1.0,0.0,0.0,1.0,0.0,1.0,2.0,2.0,Not junction,Exact,,2.0,58.5,,,,2
2006,March,Saturday,Night,Light,Side to side collision,0.0,0.0,3.0,0.0,1.0,2.0,0.0,3.0,2.0,2.0,Not junction,Exact,,2.0,59.1,,,,2
2006,December,Friday,Night,Light,Front to rear collision,0.0,0.0,5.0,0.0,1.0,4.0,0.0,5.0,5.0,5.0,Not junction,Exact,,2.0,31.7,,,,2
2006,September,Thursday,Night,Light,Front to rear collision,0.0,0.0,5.0,0.0,0.0,5.0,0.0,5.0,6.0,6.0,Not junction,Exact,,2.0,72.0,,,,2
2006,October,Friday,Night,Light,Side to side collision,0.0,0.0,1.0,0.0,0.0,1.0,0.0,1.0,4.0,4.0,Not junction,Exact,,2.0,65.0,,,,2
2006,October,Sunday,Night,Light,Front to rear collision,0.0,0.0,1.0,0.0,0.0,1.0,0.0,1.0,3.0,3.0,Not junction,Exact,,2.0,24.0,,,,2
2006,January,Monday,Night,Light,Hit an object,0.0,0.0,1.0,0.0,0.0,1.0,0.0,1.0,1.0,1.0,Not junction,Exact,,2.0,37.1,,,,2
2006,October,Tuesday,Night,Light,Front to rear collision,0.0,0.0,9.0,0.0,3.0,6.0,0.0,9.0,3.0,3.0,Not junction,Exact,,2.0,35.0,,,,2
2006,October,Monday,Night,Fatal,Front to rear collision,1.0,0.0,2.0,1.0,1.0,2.0,0.0,3.0,2.0,2.0,Not junction,Exact,,2.0,57.9,,,,2
2006,May,Monday,Day,Light,Hit an object,0.0,0.0,1.0,0.0,0.0,1.0,0.0,1.0,1.0,1.0,Not junction,Exact,,2.0,24.1,,,,2
2006,January,Thursday,Night,Light,Front to rear collision,0.0,0.0,4.0,0.0,0.0,3.0,1.0,4.0,5.0,5.0,Not junction,Exact,,2.0,63.1,,,,2
2006,October,Monday,Night,Fatal,Front to rear collision,1.0,0.0,5.0,0.0,0.0,5.0,1.0,6.0,4.0,4.0,Not junction,Exact,,2.0,26.5,,,,2
2006,November,Saturday,Night,Light,Front to rear collision,0.0,0.0,3.0,0.0,0.0,3.0,0.0,3.0,3.0,3.0,Not junction,Exact,,2.0,57.5,,,,2
2006,September,Sunday,Night,Severe,Pedestrian,0.0,1.0,1.0,1.0,0.0,1.0,0.0,2.0,2.0,2.0,Not junction,Exact,,2.0,71.0,,,,2
2006,September,Saturday,Night,Light,Hit an object,0.0,0.0,1.0,0.0,0.0,0.0,0.0,1.0,1.0,1.0,Not junction,Exact,,2.0,98.0,,,,2
2006,November,Wednesday,Night,Light,Hit an object,0.0,0.0,1.0,0.0,0.0,1.0,0.0,1.0,1.0,1.0,Not junction,Exact,,2.0,88.1,,,,2
2006,November,Saturday,Night,Light,Hit an object,0.0,0.0,1.0,0.0,0.0,1.0,0.0,1.0,1.0,1.0,Not junction,Exact,,2.0,37.5,,,,2
2006,January,Saturday,Night,Light,Roll over,0.0,0.0,1.0,0.0,0.0,1.0,0.0,1.0,1.0,1.0,Not junction,Exact,,2.0,66.5,,,,2
2006,November,Tuesday,Night,Severe,Front to side collision,0.0,1.0,1.0,0.0,0.0,2.0,0.0,2.0,2.0,2.0,Not junction,Exact,,2.0,30.0,,,,2
2006,May,Saturday,Night,Light,Roll over,0.0,0.0,1.0,0.0,0.0,1.0,0.0,1.0,1.0,1.0,Not junction,Exact,,2.0,25.5,,,,2
2006,March,Monday,Night,Severe,Pedestrian,0.0,1.0,0.0,1.0,0.0,1.0,0.0,1.0,1.0,1.0,Not junction,Exact,,2.0,22.5,,,,2
2006,October,Tuesday,Night,Light,Hit an object,0.0,0.0,1.0,0.0,0.0,1.0,0.0,1.0,1.0,1.0,Not junction,Exact,,2.0,32.5,,,,2
2006,October,Thursday,Night,Light,Roll over,0.0,0.0,2.0,0.0,0.0,2.0,0.0,2.0,1.0,1.0,Not junction,Exact,,2.0,83.0,,,,2
2006,June,Monday,Night,Light,Front to rear collision,0.0,0.0,1.0,0.0,0.0,1.0,0.0,1.0,2.0,2.0,Not junction,Exact,,2.0,58.3,,,,2
2006,May,Friday,Night,Light,Roll over,0.0,0.0,1.0,0.0,0.0,1.0,0.0,1.0,1.0,1.0,Not junction,Exact,,2.0,45.5,,,,2
2006,October,Wednesday,Night,Light,Front to side collision,0.0,0.0,6.0,0.0,4.0,2.0,0.0,6.0,3.0,3.0,Not junction,Exact,,2.0,39.2,,,,2
2006,August,Thursday,Night,Light,Front to rear collision,0.0,0.0,3.0,0.0,0.0,3.0,0.0,3.0,3.0,3.0,Not junction,Exact,,2.0,69.5,,,,2
2006,December,Saturday,Night,Light,Front to side collision,0.0,0.0,2.0,0.0,0.0,2.0,0.0,2.0,2.0,2.0,Not junction,Exact,,2.0,33.9,,,,2
2007,April,Friday,Night,Light,Front to side collision,0.0,0.0,3.0,0.0,0.0,3.0,0.0,3.0,2.0,2.0,Junction,Exact,,2.0,,5710.0,,,2
2007,June,Saturday,Night,Severe,Front to side collision,0.0,1.0,4.0,0.0,0.0,4.0,1.0,5.0,2.0,2.0,Junction,Exact,,2.0,,65.0,,,2
2007,June,Sunday,Night,Light,Front to side collision,0.0,0.0,1.0,0.0,0.0,1.0,0.0,1.0,2.0,2.0,Junction,Exact,,2.0,,721.0,7110.0,,2
2007,September,Friday,Night,Light,Front to rear collision,0.0,0.0,1.0,0.0,0.0,1.0,0.0,1.0,2.0,2.0,Junction,Exact,,2.0,,57.0,,,2
2007,December,Saturday,Night,Light,Front to side collision,0.0,0.0,2.0,0.0,0.0,2.0,0.0,2.0,2.0,2.0,Junction,Exact,,2.0,,541.0,,,2
2007,May,Thursday,Night,Light,Other,0.0,0.0,3.0,0.0,2.0,1.0,0.0,3.0,1.0,1.0,Junction,Exact,,2.0,,,,,2
2007,May,Sunday,Day,Light,Front to rear collision,0.0,0.0,5.0,0.0,0.0,5.0,0.0,5.0,4.0,4.0,Junction,Exact,,2.0,,,,,2
2007,December,Monday,Day,Light,Front to side collision,0.0,0.0,2.0,0.0,0.0,2.0,0.0,2.0,2.0,2.0,Junction,Exact,,2.0,,5611.0,,,2
2007,July,Monday,Day,Severe,Front to side collision,0.0,1.0,0.0,0.0,0.0,1.0,0.0,1.0,2.0,2.0,Junction,Exact,,2.0,,721.0,7110.0,,2
2007,July,Sunday,Day,Light,Front to side collision,0.0,0.0,3.0,0.0,0.0,3.0,0.0,3.0,3.0,3.0,Junction,Exact,,2.0,,5611.0,,,2
2007,June,Sunday,Day,Light,Front to side collision,0.0,0.0,2.0,0.0,0.0,0.0,2.0,2.0,2.0,2.0,Junction,Exact,,2.0,,5611.0,,,2
2007,January,Friday,Day,Light,Side to side collision,0.0,0.0,1.0,0.0,0.0,1.0,0.0,1.0,3.0,3.0,Junction,Exact,,2.0,,5710.0,,,2
2007,May,Tuesday,Day,Light,Front to side collision,0.0,0.0,2.0,0.0,0.0,1.0,1.0,2.0,2.0,2.0,Junction,Exact,,2.0,,553.0,,,2
2007,July,Wednesday,Day,Light,Front to side collision,0.0,0.0,1.0,0.0,0.0,1.0,0.0,1.0,2.0,2.0,Junction,Exact,,2.0,,5611.0,,,2
2007,October,Wednesday,Day,Light,Front to side collision,0.0,0.0,1.0,0.0,0.0,1.0,0.0,1.0,2.0,2.0,Junction,Exact,,2.0,,5710.0,,,2
2007,November,Tuesday,Day,Light,Front to side collision,0.0,0.0,1.0,0.0,0.0,1.0,0.0,1.0,2.0,2.0,Junction,Exact,,2.0,,5611.0,,,2
2007,September,Thursday,Day,Light,Front to rear collision,0.0,0.0,3.0,0.0,0.0,3.0,0.0,3.0,6.0,6.0,Junction,Exact,,2.0,,,,,2
2007,October,Saturday,Day,Light,Front to side collision,0.0,0.0,1.0,0.0,0.0,1.0,0.0,1.0,2.0,2.0,Junction,Exact,,2.0,,5611.0,,,2
2007,May,Tuesday,Day,Light,Side to side collision,0.0,0.0,1.0,0.0,0.0,1.0,0.0,1.0,2.0,2.0,Junction,Exact,,2.0,,,,,2
2007,December,Tuesday,Day,Light,Front to side collision,0.0,0.0,3.0,0.0,0.0,3.0,0.0,3.0,2.0,2.0,Junction,Exact,,2.0,,5611.0,,,2
2007,September,Wednesday,Day,Light,Front to rear collision,0.0,0.0,3.0,0.0,0.0,3.0,0.0,3.0,3.0,3.0,Junction,Exact,,2.0,,,,,2
2007,February,Thursday,Day,Light,Front to side collision,0.0,0.0,2.0,0.0,0.0,1.0,1.0,2.0,2.0,2.0,Junction,Exact,,2.0,,65.0,,,2
2007,July,Saturday,Day,Light,Front to side collision,0.0,0.0,5.0,0.0,3.0,2.0,0.0,5.0,2.0,2.0,Junction,Exact,,2.0,,65.0,,,2
2007,July,Wednesday,Day,Light,Front to side collision,0.0,0.0,3.0,0.0,0.0,2.0,1.0,3.0,2.0,2.0,Junction,Exact,,2.0,,5611.0,,,2
2007,July,Saturday,Day,Light,Front to side collision,0.0,0.0,1.0,0.0,0.0,0.0,1.0,1.0,2.0,2.0,Junction,Exact,,2.0,,65.0,,,2
2007,January,Thursday,Night,Light,Front to side collision,0.0,0.0,3.0,0.0,0.0,3.0,0.0,3.0,2.0,2.0,Junction,Exact,,2.0,,67.0,,,2
2007,December,Wednesday,Night,Light,Front to side collision,0.0,0.0,1.0,0.0,0.0,1.0,0.0,1.0,2.0,2.0,Junction,Exact,,2.0,,721.0,7110.0,,2
2007,June,Friday,Day,Light,Front to rear collision,0.0,0.0,2.0,0.0,2.0,0.0,0.0,2.0,2.0,2.0,Junction,Exact,,2.0,,,,,2
2007,August,Wednesday,Day,Light,Front to side collision,0.0,0.0,1.0,0.0,0.0,1.0,0.0,1.0,2.0,2.0,Junction,Exact,,2.0,,5720.0,,,2
2007,November,Wednesday,Night,Light,Front to side collision,0.0,0.0,1.0,0.0,0.0,1.0,0.0,1.0,2.0,2.0,Junction,Exact,,2.0,,57.0,,,2
2007,July,Friday,Day,Light,Front to side collision,0.0,0.0,4.0,0.0,0.0,4.0,0.0,4.0,2.0,2.0,Junction,Exact,,2.0,,553.0,,,2
2007,April,Tuesday,Night,Severe,Front to side collision,0.0,1.0,1.0,0.0,0.0,2.0,0.0,2.0,2.0,2.0,Junction,Exact,,2.0,,5515.0,,,2
2007,February,Sunday,Night,Light,Front to side collision,0.0,0.0,2.0,0.0,0.0,1.0,1.0,2.0,2.0,2.0,Junction,Exact,,2.0,,,,,2
2007,February,Saturday,Night,Severe,Pedestrian,0.0,1.0,0.0,1.0,0.0,1.0,0.0,1.0,1.0,1.0,Junction,Exact,,2.0,,,,,2
2007,February,Monday,Night,Light,Front to side collision,0.0,0.0,1.0,0.0,0.0,1.0,0.0,1.0,2.0,2.0,Junction,Exact,,2.0,,57.0,,,2
2007,September,Saturday,Night,Light,Front to side collision,0.0,0.0,1.0,0.0,0.0,1.0,0.0,1.0,2.0,2.0,Junction,Exact,,2.0,,,,,2
2007,January,Thursday,Night,Severe,Front to side collision,0.0,1.0,2.0,0.0,0.0,3.0,0.0,3.0,2.0,2.0,Junction,Exact,,2.0,,721.0,7110.0,,2