year,month,day_of_week,day_night,accident_severity,accident_type,killed,severly_injured,lightly_injured,injured_pedestrians,casualties_ages_0-19,casualties_ages_20-64,casualties_ages_65_plus,total_casualties,vehicle_count,drivers,road_type,localization_quality,settlement,road1,location,road2,road3,road4,source_road
2008,January,Wednesday,Day,Light,Front to side collision,0.0,0.0,3.0,0.0,1.0,2.0,0.0,3.0,2.0,2.0,Junction,Exact,,2.0,,553.0,,,2
2008,May,Saturday,Day,Light,Front to side collision,0.0,0.0,2.0,0.0,1.0,1.0,0.0,2.0,2.0,2.0,Junction,Exact,,2.0,,721.0,7110.0,,2
2008,November,Friday,Day,Light,Front to rear collision,0.0,0.0,5.0,0.0,1.0,4.0,0.0,5.0,2.0,2.0,Junction,Exact,,2.0,,67.0,,,2
2008,July,Sunday,Day,Light,Front to side collision,0.0,0.0,1.0,0.0,0.0,1.0,0.0,1.0,2.0,2.0,Junction,Exact,,2.0,,,,,2
2008,May,Tuesday,Day,Light,Front to side collision,0.0,0.0,2.0,0.0,0.0,2.0,0.0,2.0,2.0,2.0,Junction,Exact,,2.0,,721.0,7110.0,,2
2008,July,Friday,Day,Light,Front to side collision,0.0,0.0,1.0,0.0,0.0,1.0,0.0,1.0,2.0,2.0,Junction,Exact,,2.0,,57.0,,,2
2008,September,Saturday,Day,Light,Front to side collision,0.0,0.0,1.0,0.0,0.0,1.0,0.0,1.0,3.0,3.0,Junction,Exact,,2.0,,5720.0,,,2
2008,February,Wednesday,Day,Light,Side to side collision,0.0,0.0,2.0,0.0,0.0,2.0,0.0,2.0,2.0,2.0,Junction,Exact,,2.0,,553.0,,,2
2008,May,Sunday,Day,Light,Front to side collision,0.0,0.0,2.0,0.0,0.0,2.0,0.0,2.0,2.0,2.0,Junction,Exact,,2.0,,553.0,,,2
2008,September,Tuesday,Day,Light,Front to rear collision,0.0,0.0,1.0,0.0,0.0,1.0,0.0,1.0,2.0,2.0,Junction,Exact,,2.0,,541.0,,,2
2008,August,Thursday,Day,Light,Front to side collision,0.0,0.0,8.0,0.0,4.0,4.0,0.0,8.0,2.0,2.0,Junction,Exact,,2.0,,5710.0,,,2
2008,July,Saturday,Night,Light,Front to side collision,0.0,0.0,3.0,0.0,0.0,3.0,0.0,3.0,2.0,2.0,Junction,Exact,,2.0,,5720.0,,,2
2008,October,Thursday,Night,Light,Front to rear collision,0.0,0.0,2.0,0.0,0.0,2.0,0.0,2.0,3.0,3.0,Junction,Exact,,2.0,,57.0,,,2
2008,April,Wednesday,Night,Light,Hit an object,0.0,0.0,1.0,0.0,0.0,1.0,0.0,1.0,1.0,1.0,Junction,Exact,,2.0,,,,,2
2008,July,Saturday,Night,Light,Front to side collision,0.0,0.0,2.0,0.0,0.0,2.0,0.0,2.0,2.0,2.0,Junction,Exact,,2.0,,553.0,,,2
2008,May,Thursday,Night,Light,Front to side collision,0.0,0.0,5.0,0.0,1.0,3.0,1.0,5.0,3.0,3.0,Junction,Exact,,2.0,,57.0,,,2
2008,June,Tuesday,Night,Light,Front to side collision,0.0,0.0,3.0,0.0,0.0,1.0,2.0,3.0,2.0,2.0,Junction,Exact,,2.0,,57.0,,,2
2008,December,Thursday,Night,Light,Front to side collision,0.0,0.0,2.0,0.0,1.0,1.0,0.0,2.0,2.0,2.0,Junction,Exact,,2.0,,553.0,,,2
2008,October,Sunday,Night,Light,Hit an object,0.0,0.0,1.0,0.0,0.0,1.0,0.0,1.0,1.0,1.0,Junction,Exact,,2.0,,,,,2
2008,October,Thursday,Night,Light,Pedestrian,0.0,0.0,1.0,1.0,0.0,1.0,0.0,1.0,1.0,1.0,Not junction,Centered,,2.0,26.0,,,,2
2008,March,Friday,Night,Light,Hit an object,0.0,0.0,3.0,0.0,1.0,2.0,0.0,3.0,1.0,1.0,Not junction,Exact,,2.0,61.1,,,,2
2008,July,Sunday,Night,Light,Hit an object,0.0,0.0,1.0,0.0,0.0,1.0,0.0,1.0,1.0,1.0,Not junction,Exact,,2.0,32.5,,,,2
2008,December,Sunday,Night,Fatal,Roll over,1.0,0.0,0.0,0.0,0.0,1.0,0.0,1.0,1.0,1.0,Not junction,Exact,,2.0,29.0,,,,2
2008,April,Tuesday,Night,Light,Hit an object,0.0,0.0,5.0,0.0,3.0,2.0,0.0,5.0,1.0,1.0,Not junction,Exact,,2.0,43.5,,,,2
2008,September,Friday,Night,Light,Front to side collision,0.0,0.0,1.0,0.0,0.0,1.0,0.0,1.0,2.0,2.0,Not junction,Exact,,2.0,26.4,,,,2
2008,September,Friday,Night,Light,Hit an object,0.0,0.0,1.0,0.0,0.0,1.0,0.0,1.0,1.0,1.0,Not junction,Exact,,2.0,37.1,,,,2
2008,November,Sunday,Night,Light,Front to side collision,0.0,0.0,4.0,0.0,1.0,3.0,0.0,4.0,2.0,2.0,Not junction,Exact,,2.0,24.6,,,,2
2008,November,Saturday,Night,Fatal,Pedestrian,1.0,0.0,0.0,1.0,0.0,1.0,0.0,1.0,1.0,1.0,Not junction,Exact,,2.0,97.1,,,,2
2008,March,Friday,Night,Light,Hit an object,0.0,0.0,2.0,0.0,0.0,2.0,0.0,2.0,1.0,1.0,Not junction,Exact,,2.0,76.3,,,,2
2008,April,Monday,Night,Light,Drive off road or on paveway,0.0,0.0,3.0,0.0,0.0,3.0,0.0,3.0,1.0,1.0,Not junction,Exact,,2.0,42.3,,,,2
2008,May,Saturday,Night,Light,Front to rear collision,0.0,0.0,3.0,0.0,2.0,1.0,0.0,3.0,2.0,2.0,Not junction,Exact,,2.0,43.8,,,,2
2008,July,Friday,Night,Light,Hit an object,0.0,0.0,1.0,0.0,0.0,1.0,0.0,1.0,1.0,1.0,Not junction,Exact,,2.0,71.3,,,,2
2008,September,Thursday,Night,Light,Hit an object,0.0,0.0,1.0,0.0,0.0,1.0,0.0,1.0,2.0,2.0,Not junction,Exact,,2.0,49.5,,,,2
2008,July,Saturday,Night,Light,Hit an object,0.0,0.0,2.0,0.0,0.0,2.0,0.0,2.0,1.0,1.0,Not junction,Exact,,2.0,63.1,,,,2
2008,April,Friday,Night,Light,Front to side collision,0.0,0.0,5.0,0.0,0.0,5.0,0.0,5.0,3.0,3.0,Not junction,Exact,,2.0,90.0,,,,2
2008,October,Thursday,Night,Fatal,Front to rear collision,3.0,0.0,0.0,0.0,2.0,1.0,0.0,3.0,2.0,2.0,Not junction,Exact,,2.0,51.3,,,,2
2008,May,Saturday,Night,Light,Front to side collision,0.0,0.0,3.0,0.0,0.0,3.0,0.0,3.0,2.0,2.0,Not junction,Exact,,2.0,32.0,,,,2
2008,December,Tuesday,Night,Light,Front end collision,0.0,0.0,1.0,0.0,0.0,1.0,0.0,1.0,2.0,2.0,Not junction,Exact,,2.0,70.4,,,,2
2008,May,Tuesday,Night,Light,Front to side collision,0.0,0.0,2.0,0.0,0.0,2.0,0.0,2.0,2.0,2.0,Not junction,Exact,,2.0,26.6,,,,2
2008,March,Saturday,Night,Fatal,Collision with stopped vehicle,1.0,0.0,3.0,0.0,0.0,4.0,0.0,4.0,3.0,3.0,Not junction,Exact,,2.0,49.1,,,,2
2008,December,Wednesday,Night,Light,Front to rear collision,0.0,0.0,1.0,0.0,0.0,1.0,0.0,1.0,2.0,2.0,Not junction,Exact,,2.0,38.1,,,,2
2008,October,Saturday,Night,Light,Front to rear collision,0.0,0.0,1.0,0.0,0.0,1.0,0.0,1.0,3.0,3.0,Not junction,Exact,,2.0,31.1,,,,2
2008,September,Tuesday,Night,Light,Hit an object,0.0,0.0,2.0,0.0,0.0,2.0,0.0,2.0,1.0,1.0,Not junction,Exact,,2.0,83.5,,,,2
2008,February,Monday,Night,Severe,Roll over,0.0,1.0,0.0,0.0,0.0,1.0,0.0,1.0,1.0,1.0,Not junction,Exact,,2.0,83.3,,,,2
2008,April,Thursday,Night,Light,Roll over,0.0,0.0,1.0,0.0,0.0,1.0,0.0,1.0,1.0,1.0,Not junction,Exact,,2.0,77.8,,,,2
2008,January,Sunday,Night,Severe,Front to rear collision,0.0,1.0,0.0,0.0,0.0,1.0,0.0,1.0,2.0,2.0,Not junction,Exact,,2.0,45.1,,,,2
2008,June,Wednesday,Day,Light,Side to side collision,0.0,0.0,7.0,0.0,1.0,6.0,0.0,7.0,3.0,3.0,Not junction,Exact,,2.0,57.1,,,,2
2008,February,Monday,Night,Light,Collision with stopped vehicle,0.0,0.0,1.0,0.0,0.0,1.0,0.0,1.0,2.0,2.0,Not junction,Exact,,2.0,88.0,,,,2
2008,February,Sunday,Night,Light,Front to rear collision,0.0,0.0,5.0,0.0,0.0,5.0,0.0,5.0,2.0,2.0,Not junction,Exact,,2.0,55.1,,,,2
2008,July,Monday,Day,Light,Front to rear collision,0.0,0.0,5.0,0.0,1.0,4.0,0.0,5.0,3.0,3.0,Not junction,Exact,,2.0,61.5,,,,2
2008,April,Thursday,Day,Light,Front to side collision,0.0,0.0,4.0,0.0,0.0,4.0,0.0,4.0,3.0,3.0,Not junction,Exact,,2.0,29.0,,,,2
2008,January,Wednesday,Day,Light,Slip,0.0,0.0,1.0,0.0,0.0,1.0,0.0,1.0,1.0,1.0,Not junction,Exact,,2.0,75.2,,,,2
2008,April,Thursday,Day,Light,Front to side collision,0.0,0.0,2.0,0.0,0.0,2.0,0.0,2.0,2.0,2.0,Not junction,Exact,,2.0,25.0,,,,2
2008,November,Wednesday,Day,Severe,Front to side collision,0.0,1.0,0.0,0.0,0.0,1.0,0.0,1.0,2.0,2.0,Not junction,Exact,,2.0,39.1,,,,2
2008,June,Tuesday,Day,Light,Front to rear collision,0.0,0.0,4.0,0.0,0.0,4.0,0.0,4.0,3.0,3.0,Not junction,Exact,,2.0,69.1,,,,2
2008,November,Thursday,Day,Light,Front to side collision,0.0,0.0,1.0,0.0,0.0,1.0,0.0,1.0,2.0,2.0,Not junction,Exact,,2.0,29.0,,,,2
2008,February,Friday,Day,Light,Front to side collision,0.0,0.0,2.0,0.0,0.0,2.0,0.0,2.0,2.0,2.0,Not junction,Exact,,2.0,29.0,,,,2
2008,June,Friday,Day,Light,Front to rear collision,0.0,0.0,7.0,0.0,0.0,7.0,0.0,7.0,2.0,2.0,Not junction,Exact,,2.0,33.4,,,,2
2008,January,Tuesday,Day,Fatal,Slip,1.0,0.0,0.0,0.0,0.0,1.0,0.0,1.0,1.0,1.0,Not junction,Exact,,2.0,32.1,,,,2
2008,March,Monday,Day,Light,Hit an object,0.0,0.0,1.0,0.0,0.0,1.0,0.0,1.0,1.0,1.0,Not junction,Exact,,2.0,24.6,,,,2
2008,June,Wednesday,Day,Light,Hit an object,0.0,0.0,1.0,0.0,0.0,1.0,0.0,1.0,1.0,1.0,Not junction,Exact,,2.0,56.1,,,,2
2008,March,Wednesday,Day,Light,Front to side collision,0.0,0.0,1.0,0.0,0.0,1.0,0.0,1.0,2.0,2.0,Not junction,Exact,,2.0,23.0,,,,2
2008,July,Sunday,Day,Light,Slip,0.0,0.0,1.0,0.0,0.0,0.0,0.0,1.0,2.0,2.0,Not junction,Exact,,2.0,38.0,,,,2
2008,May,Friday,Day,Light,Collision with stopped vehicle,0.0,0.0,1.0,0.0,0.0,1.0,0.0,1.0,2.0,2.0,Not junction,Exact,,2.0,56.5,,,,2
2008,January,Monday,Day,Light,Roll over,0.0,0.0,1.0,0.0,0.0,1.0,0.0,1.0,1.0,1.0,Not junction,Exact,,2.0,65.5,,,,2
2008,May,Thursday,Day,Light,Front to side collision,0.0,0.0,2.0,0.0,1.0,1.0,0.0,2.0,2.0,2.0,Not junction,Exact,,2.0,30.8,,,,2
2008,March,Wednesday,Day,Light,Front to side collision,0.0,0.0,2.0,0.0,0.0,2.0,0.0,2.0,3.0,3.0,Not junction,Centered,,2.0,24.0,,,,2
2008,June,Thursday,Day,Light,Roll over,0.0,0.0,1.0,0.0,0.0,1.0,0.0,1.0,1.0,1.0,Not junction,Exact,,2.0,81.2,,,,2
2008,December,Tuesday,Day,Light,Front to rear collision,0.0,0.0,1.0,0.0,0.0,1.0,0.0,1.0,2.0,2.0,Not junction,Exact,,2.0,84.1,,,,2
2008,December,Wednesday,Day,Severe,Front to rear collision,0.0,1.0,1.0,0.0,0.0,2.0,0.0,2.0,2.0,2.0,Not junction,Exact,,2.0,24.1,,,,2
2008,January,Saturday,Day,Light,Slip,0.0,0.0,1.0,0.0,0.0,1.0,0.0,1.0,1.0,1.0,Not junction,Exact,,2.0,61.0,,,,2
2008,May,Saturday,Day,Severe,Hit an object,0.0,1.0,0.0,0.0,0.0,1.0,0.0,1.0,1.0,1.0,Not junction,Exact,,2.0,74.3,,,,2
2008,July,Thursday,Day,Light,Front to rear collision,0.0,0.0,1.0,0.0,0.0,1.0,0.0,1.0,3.0,3.0,Not junction,Centered,,2.0,26.0,,,,2
2008,February,Friday,Day,Light,Front to rear collision,0.0,0.0,5.0,0.0,0.0,5.0,0.0,5.0,2.0,2.0,Not junction,Exact,,2.0,40.1,,,,2
2008,March,Tuesday,Day,Light,Roll over,0.0,0.0,1.0,0.0,0.0,1.0,0.0,1.0,1.0,1.0,Not junction,Exact,,2.0,89.1,,,,2
2008,June,Tuesday,Day,Light,Collision with stopped vehicle,0.0,0.0,1.0,0.0,0.0,1.0,0.0,1.0,2.0,2.0,Not junction,Exact,,2.0,41.4,,,,2
2008,March,Thursday,Day,Light,Collision with stopped vehicle,0.0,0.0,1.0,0.0,0.0,1.0,0.0,1.0,2.0,2.0,Not junction,Exact,,2.0,95.9,,,,2
2008,January,Thursday,Day,Light,Roll over,0.0,0.0,2.0,0.0,0.0,2.0,0.0,2.0,1.0,1.0,Not junction,Exact,,2.0,61.2,,,,2
2008,April,Thursday,Day,Light,Hit an object,0.0,0.0,2.0,0.0,1.0,1.0,0.0,2.0,1.0,1.0,Not junction,Exact,,2.0,82.2,,,,2
2008,November,Friday,Day,Light,Hit an object,0.0,0.0,1.0,0.0,0.0,1.0,0.0,1.0,1.0,1.0,Not junction,Exact,,2.0,27.6,,,,2
2008,July,Thursday,Day,Light,Front to rear collision,0.0,0.0,5.0,0.0,1.0,4.0,0.0,5.0,5.0,5.0,Not junction,Centered,,2.0,26.0,,,,2
2008,June,Monday,Day,Light,Roll over,0.0,0.0,2.0,0.0,2.0,0.0,0.0,2.0,1.0,1.0,Not junction,Exact,,2.0,61.1,,,,2
2008,December,Sunday,Day,Light,Side to side collision,0.0,0.0,1.0,0.0,0.0,1.0,0.0,1.0,2.0,2.0,Not junction,Exact,,2.0,26.0,,,,2
2008,December,Sunday,Day,Light,Roll over,0.0,0.0,1.0,0.0,0.0,1.0,0.0,1.0,1.0,1.0,Not junction,Exact,,2.0,26.0,,,,2
2008,February,Thursday,Day,Light,Collision with stopped vehicle,0.0,0.0,3.0,0.0,0.0,3.0,0.0,3.0,3.0,3.0,Not junction,Exact,,2.0,82.7,,,,2
2008,May,Friday,Day,Light,Side to side collision,0.0,0.0,3.0,0.0,2.0,1.0,0.0,3.0,2.0,2.0,Not junction,Exact,,2.0,59.1,,,,2
2008,March,Monday,Day,Light,Side to side collision,0.0,0.0,2.0,0.0,0.0,2.0,0.0,2.0,3.0,3.0,Not junction,Exact,,2.0,36.1,,,,2
2008,February,Saturday,Day,Light,Roll over,0.0,0.0,1.0,0.0,0.0,1.0,0.0,1.0,1.0,1.0,Not junction,Exact,,2.0,58.5,,,,2
2008,July,Wednesday,Day,Fatal,Front to rear collision,1.0,0.0,0.0,0.0,0.0,0.0,1.0,1.0,2.0,2.0,Not junction,Exact,,2.0,33.1,,,,2
2008,September,Thursday,Day,Light,Hit an object,0.0,0.0,2.0,0.0,1.0,1.0,0.0,2.0,1.0,1.0,Not junction,Exact,,2.0,48.1,,,,2
2008,March,Friday,Day,Light,Hit an object,0.0,0.0,2.0,0.0,2.0,0.0,0.0,2.0,1.0,1.0,Not junction,Exact,,2.0,61.1,,,,2
2008,June,Friday,Day,Light,Drive off road or on paveway,0.0,0.0,1.0,0.0,0.0,1.0,0.0,1.0,2.0,2.0,Not junction,Exact,,2.0,78.6,,,,2
2008,December,Saturday,Day,Light,Front to rear collision,0.0,0.0,5.0,0.0,0.0,5.0,0.0,5.0,2.0,2.0,Not junction,Exact,,2.0,72.2,,,,2
2008,July,Sunday,Day,Light,Roll over,0.0,0.0,1.0,0.0,0.0,1.0,0.0,1.0,1.0,1.0,Not junction,Exact,,2.0,39.8,,,,2
2008,November,Saturday,Day,Severe,Hit an object,0.0,1.0,3.0,0.0,0.0,3.0,1.0,4.0,2.0,2.0,Not junction,Exact,,2.0,66.1,,,,2
2008,December,Friday,Day,Light,Front to side collision,0.0,0.0,1.0,0.0,0.0,1.0,0.0,1.0,2.0,2.0,Not junction,Exact,,2.0,33.6,,,,2
2008,March,Thursday,Day,Severe,Pedestrian,0.0,1.0,0.0,1.0,0.0,1.0,0.0,1.0,1.0,1.0,Not junction,Exact,,2.0,72.2,,,,2
2008,December,Tuesday,Day,Light,Front to side collision,0.0,0.0,1.0,0.0,0.0,1.0,0.0,1.0,2.0,2.0,Not junction,Exact,,2.0,38.1,,,,2
2008,July,Thursday,Day,Light,Front to rear collision,0.0,0.0,5.0,0.0,0.0,5.0,0.0,5.0,3.0,3.0,Not junction,Exact,,2.0,54.9,,,,2
2008,September,Sunday,Day,Severe,Slip,0.0,1.0,0.0,0.0,0.0,1.0,0.0,1.0,2.0,2.0,Not junction,Exact,,2.0,63.0,,,,2
2008,September,Saturday,Day,Light,Hit an object,0.0,0.0,2.0,0.0,1.0,1.0,0.0,2.0,1.0,1.0,Not junction,Exact,,2.0,63.5,,,,2
2008,March,Friday,Day,Light,Front to rear collision,0.0,0.0,7.0,1.0,0.0,7.0,0.0,7.0,2.0,2.0,Not junction,Exact,,2.0,57.9,,,,2
2008,July,Tuesday,Day,Severe,Pedestrian,0.0,1.0,0.0,1.0,1.0,0.0,0.0,1.0,1.0,1.0,Not junction,Exact,,2.0,63.1,,,,2
2008,December,Friday,Day,Light,Front to rear collision,0.0,0.0,3.0,0.0,0.0,3.0,0.0,3.0,2.0,2.0,Not junction,Exact,,2.0,57.2,,,,2
2008,April,Thursday,Day,Light,Front to rear collision,0.0,0.0,4.0,0.0,0.0,4.0,0.0,4.0,3.0,3.0,Not junction,Centered,,2.0,24.0,,,,2
2008,September,Wednesday,Day,Light,Front to rear collision,0.0,0.0,1.0,0.0,0.0,1.0,0.0,1.0,3.0,3.0,Not junction,Exact,,2.0,24.6,,,,2
2008,July,Tuesday,Day,Light,Front to rear collision,0.0,0.0,8.0,0.0,2.0,6.0,0.0,8.0,2.0,2.0,Not junction,Exact,,2.0,46.5,,,,2
2008,March,Wednesday,Day,Light,Hit an object,0.0,0.0,3.0,0.0,2.0,1.0,0.0,3.0,1.0,1.0,Not junction,Exact,,2.0,84.7,,,,2
2008,December,Sunday,Day,Fatal,Pedestrian,1.0,0.0,0.0,1.0,0.0,0.0,1.0,1.0,1.0,1.0,Not junction,Exact,,2.0,43.0,,,,2
2008,January,Saturday,Day,Severe,Drive off road or on paveway,0.0,3.0,0.0,0.0,0.0,1.0,2.0,3.0,1.0,1.0,Not junction,Exact,,2.0,73.8,,,,2
2008,July,Tuesday,Day,Light,Front to rear collision,0.0,0.0,5.0,0.0,3.0,1.0,1.0,5.0,2.0,2.0,Not junction,Exact,,2.0,33.0,,,,2
2008,December,Friday,Night,Light,Hit an object,0.0,0.0,1.0,0.0,0.0,1.0,0.0,1.0,1.0,1.0,Not junction,Exact,,2.0,24.7,,,,2
2008,November,Friday,Night,Light,Hit an object,0.0,0.0,1.0,0.0,0.0,1.0,0.0,1.0,1.0,1.0,Not junction,Exact,,2.0,88.1,,,,2
2008,September,Thursday,Day,Light,Front to rear collision,0.0,0.0,1.0,1.0,1.0,0.0,0.0,1.0,2.0,2.0,Not junction,Exact,,2.0,37.0,,,,2
2008,June,Sunday,Day,Fatal,Side to side collision,1.0,0.0,0.0,0.0,1.0,0.0,0.0,1.0,4.0,4.0,Not junction,Exact,,2.0,43.6,,,,2
2008,March,Saturday,Day,Light,Roll over,0.0,0.0,1.0,0.0,0.0,1.0,0.0,1.0,1.0,1.0,Not junction,Exact,,2.0,34.5,,,,2
2008,May,Thursday,Day,Fatal,Side to side collision,1.0,0.0,1.0,0.0,1.0,1.0,0.0,2.0,2.0,2.0,Not junction,Exact,,2.0,29.2,,,,2
2008,November,Friday,Night,Light,Front end collision,0.0,0.0,1.0,0.0,0.0,1.0,0.0,1.0,2.0,2.0,Not junction,Exact,,2.0,39.5,,,,2
2008,August,Wednesday,Day,Light,Hit an object,0.0,0.0,1.0,0.0,0.0,1.0,0.0,1.0,1.0,1.0,Not junction,Exact,,2.0,63.5,,,,2
2008,July,Tuesday,Day,Light,Slip,0.0,0.0,2.0,0.0,0.0,2.0,0.0,2.0,1.0,1.0,Not junction,Exact,,2.0,66.6,,,,2
2008,September,Sunday,Day,Light,Side to side collision,0.0,0.0,3.0,0.0,1.0,2.0,0.0,3.0,2.0,2.0,Not junction,Exact,,2.0,59.2,,,,2
2008,March,Wednesday,Night,Light,Side to side collision,0.0,0.0,1.0,0.0,0.0,1.0,0.0,1.0,3.0,3.0,Not junction,Exact,,2.0,26.0,,,,2
2008,November,Thursday,Night,Light,Side to side collision,0.0,0.0,1.0,0.0,0.0,1.0,0.0,1.0,2.0,2.0,Not junction,Centered,,2.0,26.0,,,,2
2008,July,Saturday,Day,Fatal,Side to side collision,1.0,0.0,0.0,0.0,0.0,1.0,0.0,1.0,2.0,2.0,Not junction,Exact,,2.0,39.1,,,,2
2008,December,Thursday,Night,Light,Pedestrian,0.0,0.0,1.0,1.0,0.0,1.0,0.0,1.0,1.0,1.0,Not junction,Exact,,2.0,35.5,,,,2
2008,October,Thursday,Night,Light,Front to rear collision,0.0,0.0,2.0,0.0,0.0,1.0,1.0,2.0,3.0,3.0,Not junction,Exact,,2.0,38.7,,,,2
2008,September,Tuesday,Day,Light,Front to rear collision,0.0,0.0,1.0,0.0,0.0,1.0,0.0,1.0,2.0,2.0,Not junction,Exact,,2.0,80.0,,,,2
2008,January,Saturday,Night,Light,Front to rear collision,0.0,0.0,5.0,0.0,0.0,5.0,0.0,5.0,2.0,2.0,Not junction,Exact,,2.0,57.1,,,,2
2008,March,Monday,Night,Light,Front to rear collision,0.0,0.0,2.0,0.0,0.0,2.0,0.0,2.0,2.0,2.0,Not junction,Exact,,2.0,42.5,,,,2
2008,April,Monday,Day,Light,Hit an object,0.0,0.0,1.0,0.0,0.0,1.0,0.0,1.0,1.0,1.0,Not junction,Exact,,2.0,66.4,,,,2
2008,June,Saturday,Day,Light,Side to side collision,0.0,0.0,1.0,0.0,0.0,1.0,0.0,1.0,2.0,2.0,Not junction,Exact,,2.0,58.0,,,,2
2008,August,Saturday,Day,Light,Roll over,0.0,0.0,2.0,0.0,0.0,2.0,0.0,2.0,1.0,1.0,Not junction,Exact,,2.0,57.5,,,,2
2008,October,Monday,Night,Light,Hit an object,0.0,0.0,2.0,0.0,0.0,2.0,0.0,2.0,1.0,1.0,Not junction,Exact,,2.0,77.0,,,,2
2008,September,Wednesday,Night,Fatal,Pedestrian,1.0,0.0,0.0,1.0,0.0,1.0,0.0,1.0,1.0,1.0,Not junction,Exact,,2.0,69.7,,,,2
2008,February,Saturday,Night,Light,Front to rear collision,0.0,0.0,7.0,0.0,3.0,4.0,0.0,7.0,2.0,2.0,Not junction,Exact,,2.0,59.2,,,,2
2008,January,Saturday,Night,Light,Side to side collision,0.0,0.0,3.0,0.0,0.0,2.0,1.0,3.0,3.0,3.0,Not junction,Centered,,2.0,24.0,,,,2
2008,February,Wednesday,Night,Severe,Other,0.0,1.0,0.0,0.0,0.0,1.0,0.0,1.0,1.0,1.0,Not junction,Exact,,2.0,54.8,,,,2
2008,February,Sunday,Night,Light,Front to rear collision,0.0,0.0,2.0,0.0,0.0,2.0,0.0,2.0,2.0,2.0,Not junction,Exact,,2.0,58.1,,,,2
2008,March,Thursday,Night,Light,Front to rear collision,0.0,0.0,5.0,0.0,3.0,2.0,0.0,5.0,2.0,2.0,Not junction,Exact,,2.0,62.5,,,,2
2008,April,Wednesday,Night,Light,Roll over,0.0,0.0,1.0,0.0,0.0,1.0,0.0,1.0,1.0,1.0,Not junction,Exact,,2.0,75.0,,,,2
2008,October,Sunday,Night,Fatal,Pedestrian,1.0,0.0,0.0,1.0,0.0,1.0,0.0,1.0,3.0,3.0,Not junction,Exact,,2.0,59.1,,,,2
2008,November,Wednesday,Night,Severe,Front to rear collision,0.0,1.0,0.0,0.0,0.0,1.0,0.0,1.0,2.0,2.0,Not junction,Exact,,2.0,33.1,,,,2
2008,March,Sunday,Night,Light,Front to rear collision,0.0,0.0,2.0,0.0,0.0,2.0,0.0,2.0,2.0,2.0,Not junction,Exact,,2.0,57.1,,,,2
2008,September,Monday,Night,Severe,Front to side collision,0.0,1.0,0.0,0.0,0.0,1.0,0.0,1.0,2.0,2.0,Not junction,Exact,,2.0,78.1,,,,2
2008,May,Thursday,Night,Light,Roll over,0.0,0.0,1.0,0.0,1.0,0.0,0.0,1.0,1.0,1.0,Not junction,Exact,,2.0,78.8,,,,2
2008,August,Saturday,Night,Light,Front to rear collision,0.0,0.0,6.0,0.0,0.0,3.0,3.0,6.0,2.0,2.0,Not junction,Exact,,2.0,75.5,,,,2
2008,January,Saturday,Night,Light,Front to rear collision,0.0,0.0,7.0,0.0,3.0,4.0,0.0,7.0,3.0,3.0,Not junction,Exact,,2.0,65.4,,,,2
2008,March,Thursday,Night,Light,Front to side collision,0.0,0.0,2.0,0.0,0.0,2.0,0.0,2.0,2.0,2.0,Not junction,Exact,,2.0,38.5,,,,2
2008,May,Wednesday,Night,Light,Roll over,0.0,0.0,1.0,0.0,0.0,1.0,0.0,1.0,2.0,2.0,Not junction,Exact,,2.0,84.1,,,,2
2008,September,Sunday,Night,Fatal,Pedestrian,1.0,0.0,3.0,1.0,0.0,4.0,0.0,4.0,1.0,1.0,Not junction,Exact,,2.0,95.1,,,,2
2008,November,Friday,Night,Light,Front to side collision,0.0,0.0,7.0,0.0,4.0,3.0,0.0,7.0,2.0,2.0,Not junction,Exact,,2.0,46.4,,,,2
2008,July,Sunday,Night,Light,Hit an object,0.0,0.0,1.0,0.0,0.0,1.0,0.0,1.0,2.0,2.0,Not junction,Exact,,2.0,73.8,,,,2
2008,July,Sunday,Night,Light,Front to rear collision,0.0,0.0,3.0,0.0,0.0,1.0,2.0,3.0,2.0,2.0,Not junction,Exact,,2.0,37.2,,,,2
2009,March,Tuesday,Night,Light,Front to rear collision,0.0,0.0,1.0,0.0,0.0,1.0,0.0,1.0,2.0,2.0,Junction,Exact,,2.0,,553.0,,,2
2009,March,Tuesday,Night,Light,Front to rear collision,0.0,0.0,1.0,0.0,0.0,1.0,0.0,1.0,2.0,2.0,Junction,Exact,,2.0,,553.0,,,2
2009,August,Saturday,Night,Light,Front to side collision,0.0,0.0,3.0,0.0,2.0,1.0,0.0,3.0,2.0,2.0,Junction,Exact,,2.0,,541.0,,,2
2009,April,Sunday,Night,Light,Hit an object,0.0,0.0,3.0,0.0,1.0,2.0,0.0,3.0,1.0,1.0,Junction,Exact,,2.0,,,,,2
2009,February,Friday,Night,Light,Front to side collision,0.0,0.0,1.0,0.0,1.0,0.0,0.0,1.0,2.0,2.0,Junction,Exact,,2.0,,541.0,,,2
2009,April,Thursday,Day,Light,Hit an object,0.0,0.0,1.0,0.0,0.0,1.0,0.0,1.0,1.0,1.0,Junction,Exact,,2.0,,65.0,,,2
2009,December,Thursday,Day,Light,Hit an object,0.0,0.0,5.0,0.0,3.0,2.0,0.0,5.0,1.0,1.0,Junction,Exact,,2.0,,67.0,,,2
2009,July,Monday,Day,Light,Front to side collision,0.0,0.0,1.0,0.0,0.0,1.0,0.0,1.0,2.0,2.0,Junction,Exact,,2.0,,,,,2
2009,September,Saturday,Day,Light,Side to side collision,0.0,0.0,1.0,0.0,0.0,1.0,0.0,1.0,2.0,2.0,Junction,Exact,,2.0,,541.0,,,2
2009,March,Wednesday,Day,Light,Front to rear collision,0.0,0.0,4.0,0.0,0.0,4.0,0.0,4.0,3.0,3.0,Junction,Exact,,2.0,,,,,2