year,month,day_of_week,day_night,accident_severity,accident_type,killed,severly_injured,lightly_injured,injured_pedestrians,casualties_ages_0-19,casualties_ages_20-64,casualties_ages_65_plus,total_casualties,vehicle_count,drivers,road_type,localization_quality,settlement,road1,location,road2,road3,road4,source_road
2009,February,Monday,Day,Severe,Pedestrian,0.0,1.0,0.0,1.0,0.0,1.0,0.0,1.0,1.0,1.0,Junction,Exact,,2.0,,67.0,,,2
2009,May,Tuesday,Day,Light,Front to side collision,0.0,0.0,1.0,0.0,0.0,1.0,0.0,1.0,2.0,2.0,Junction,Exact,,2.0,,,,,2
2009,March,Monday,Day,Light,Front to side collision,0.0,0.0,1.0,0.0,0.0,1.0,0.0,1.0,2.0,2.0,Junction,Exact,,2.0,,,,,2
2009,February,Thursday,Day,Light,Hit an object,0.0,0.0,2.0,0.0,0.0,2.0,0.0,2.0,1.0,1.0,Junction,Exact,,2.0,,541.0,,,2
2009,March,Wednesday,Day,Light,Front to side collision,0.0,0.0,2.0,0.0,0.0,2.0,0.0,2.0,2.0,2.0,Junction,Exact,,2.0,,5611.0,,,2
2009,July,Tuesday,Day,Light,Front to rear collision,0.0,0.0,3.0,0.0,0.0,3.0,0.0,3.0,4.0,4.0,Junction,Exact,,2.0,,,,,2
2009,April,Monday,Day,Light,Front to rear collision,0.0,0.0,5.0,0.0,2.0,3.0,0.0,5.0,2.0,2.0,Junction,Exact,,2.0,,541.0,,,2
2009,December,Thursday,Day,Light,Front to side collision,0.0,0.0,1.0,0.0,0.0,1.0,0.0,1.0,2.0,2.0,Junction,Exact,,2.0,,5710.0,,,2
2009,September,Tuesday,Day,Severe,Roll over,0.0,1.0,0.0,0.0,0.0,1.0,0.0,1.0,1.0,1.0,Junction,Exact,,2.0,,67.0,,,2
2009,December,Thursday,Day,Severe,Roll over,0.0,1.0,0.0,0.0,0.0,1.0,0.0,1.0,1.0,1.0,Junction,Exact,,2.0,,67.0,,,2
2009,January,Thursday,Day,Light,Front to side collision,0.0,0.0,4.0,0.0,2.0,2.0,0.0,4.0,3.0,3.0,Junction,Exact,,2.0,,57.0,,,2
2009,February,Thursday,Day,Light,Front to side collision,0.0,0.0,1.0,0.0,0.0,1.0,0.0,1.0,2.0,2.0,Junction,Exact,,2.0,,5710.0,,,2
2009,April,Wednesday,Day,Light,Front to side collision,0.0,0.0,1.0,0.0,1.0,0.0,0.0,1.0,2.0,2.0,Junction,Exact,,2.0,,57.0,,,2
2009,November,Monday,Day,Light,Side to side collision,0.0,0.0,1.0,0.0,0.0,1.0,0.0,1.0,2.0,2.0,Junction,Exact,,2.0,,541.0,,,2
2009,April,Thursday,Day,Light,Front to side collision,0.0,0.0,3.0,0.0,1.0,2.0,0.0,3.0,3.0,3.0,Junction,Exact,,2.0,,,,,2
2009,April,Thursday,Day,Light,Front to side collision,0.0,0.0,1.0,0.0,0.0,1.0,0.0,1.0,2.0,2.0,Junction,Exact,,2.0,,,,,2
2009,August,Tuesday,Day,Light,Front to side collision,0.0,0.0,1.0,0.0,0.0,1.0,0.0,1.0,2.0,2.0,Junction,Exact,,2.0,,553.0,,,2
2009,June,Tuesday,Day,Light,Front to side collision,0.0,0.0,1.0,0.0,0.0,1.0,0.0,1.0,2.0,2.0,Junction,Exact,,2.0,,721.0,7110.0,,2
2009,August,Friday,Day,Light,Front to side collision,0.0,0.0,5.0,0.0,2.0,1.0,0.0,5.0,3.0,3.0,Junction,Exact,,2.0,,553.0,,,2
2009,June,Tuesday,Day,Light,Front to side collision,0.0,0.0,1.0,0.0,0.0,1.0,0.0,1.0,2.0,2.0,Junction,Exact,,2.0,,,,,2
2009,September,Thursday,Night,Light,Front to side collision,0.0,0.0,2.0,0.0,0.0,2.0,0.0,2.0,2.0,2.0,Junction,Exact,,2.0,,65.0,,,2
2009,July,Saturday,Night,Light,Front to side collision,0.0,0.0,1.0,0.0,0.0,1.0,0.0,1.0,2.0,2.0,Junction,Exact,,2.0,,65.0,,,2
2009,December,Saturday,Night,Light,Hit an object,0.0,0.0,4.0,0.0,0.0,4.0,0.0,4.0,1.0,1.0,Junction,Exact,,2.0,,57.0,,,2
2009,October,Sunday,Night,Severe,Front to rear collision,0.0,1.0,0.0,0.0,0.0,1.0,0.0,1.0,2.0,2.0,Junction,Exact,,2.0,,,,,2
2009,April,Monday,Night,Light,Front to side collision,0.0,0.0,2.0,0.0,0.0,2.0,0.0,2.0,2.0,2.0,Junction,Exact,,2.0,,57.0,,,2
2009,September,Thursday,Night,Light,Front to side collision,0.0,0.0,2.0,0.0,0.0,2.0,0.0,2.0,3.0,3.0,Not junction,Exact,,2.0,43.0,,,,2
2009,October,Sunday,Night,Light,Front to rear collision,0.0,0.0,7.0,0.0,1.0,5.0,0.0,7.0,3.0,3.0,Not junction,Exact,,2.0,33.0,,,,2
2009,December,Saturday,Night,Light,Front to rear collision,0.0,0.0,3.0,0.0,1.0,2.0,0.0,3.0,2.0,2.0,Not junction,Exact,,2.0,40.0,,,,2
2009,May,Wednesday,Night,Light,Front to rear collision,0.0,0.0,3.0,0.0,0.0,3.0,0.0,3.0,2.0,2.0,Not junction,Exact,,2.0,57.0,,,,2
2009,May,Tuesday,Night,Light,Front to rear collision,0.0,0.0,3.0,0.0,0.0,3.0,0.0,3.0,2.0,2.0,Not junction,Exact,,2.0,59.1,,,,2
2009,March,Tuesday,Night,Light,Hit an object,0.0,0.0,1.0,0.0,0.0,1.0,0.0,1.0,1.0,1.0,Not junction,Exact,,2.0,41.1,,,,2
2009,January,Thursday,Night,Light,Hit an object,0.0,0.0,1.0,0.0,0.0,1.0,0.0,1.0,1.0,1.0,Not junction,Exact,,2.0,45.1,,,,2
2009,July,Friday,Night,Light,Hit an object,0.0,0.0,4.0,0.0,0.0,4.0,0.0,4.0,2.0,2.0,Not junction,Exact,,2.0,68.1,,,,2
2009,March,Sunday,Night,Light,Other,0.0,0.0,1.0,0.0,0.0,1.0,0.0,1.0,1.0,1.0,Not junction,Exact,,2.0,49.0,,,,2
2009,August,Sunday,Night,Light,Other,0.0,0.0,3.0,0.0,2.0,1.0,0.0,3.0,1.0,1.0,Not junction,Exact,,2.0,40.0,,,,2
2009,May,Thursday,Night,Light,Roll over,0.0,0.0,1.0,0.0,0.0,1.0,0.0,1.0,1.0,1.0,Not junction,Exact,,2.0,24.0,,,,2
2009,December,Monday,Night,Light,Slip,0.0,0.0,3.0,0.0,0.0,3.0,0.0,3.0,1.0,1.0,Not junction,Exact,,2.0,47.0,,,,2
2009,December,Monday,Night,Fatal,Front to rear collision,1.0,0.0,0.0,0.0,0.0,1.0,0.0,1.0,2.0,2.0,Not junction,Exact,,2.0,90.7,,,,2
2009,June,Saturday,Night,Light,Front end collision,0.0,0.0,1.0,0.0,0.0,1.0,0.0,1.0,2.0,2.0,Not junction,Exact,,2.0,46.0,,,,2
2009,July,Tuesday,Night,Light,Front end collision,0.0,0.0,2.0,0.0,0.0,2.0,0.0,2.0,2.0,2.0,Not junction,Exact,,2.0,30.0,,,,2
2009,December,Saturday,Night,Light,Hit an object,0.0,0.0,1.0,0.0,0.0,1.0,0.0,1.0,1.0,1.0,Not junction,Exact,,2.0,59.1,,,,2
2009,September,Thursday,Night,Light,Hit an object,0.0,0.0,1.0,0.0,0.0,1.0,0.0,1.0,1.0,1.0,Not junction,Exact,,2.0,26.0,,,,2
2009,April,Friday,Night,Light,Roll over,0.0,0.0,1.0,0.0,0.0,1.0,0.0,1.0,1.0,1.0,Not junction,Exact,,2.0,54.0,,,,2
2009,December,Friday,Night,Fatal,Pedestrian,1.0,0.0,0.0,1.0,0.0,1.0,0.0,1.0,1.0,1.0,Not junction,Exact,,2.0,69.1,,,,2
2009,November,Monday,Night,Light,Front to rear collision,0.0,0.0,3.0,0.0,0.0,3.0,0.0,3.0,2.0,2.0,Not junction,Exact,,2.0,79.7,,,,2
2009,January,Friday,Night,Severe,Front to rear collision,0.0,1.0,4.0,0.0,2.0,3.0,0.0,5.0,2.0,2.0,Not junction,Exact,,2.0,57.1,,,,2
2009,August,Wednesday,Night,Light,Roll over,0.0,0.0,2.0,0.0,2.0,0.0,0.0,2.0,1.0,1.0,Not junction,Centered,,2.0,24.0,,,,2
2009,June,Monday,Night,Light,Front to rear collision,0.0,0.0,1.0,0.0,0.0,1.0,0.0,1.0,2.0,2.0,Not junction,Exact,,2.0,58.2,,,,2
2009,December,Monday,Night,Light,Hit an object,0.0,0.0,3.0,0.0,2.0,1.0,0.0,3.0,1.0,1.0,Not junction,Exact,,2.0,73.4,,,,2
2009,July,Saturday,Night,Light,Front to rear collision,0.0,0.0,1.0,0.0,0.0,1.0,0.0,1.0,2.0,2.0,Not junction,Exact,,2.0,57.0,,,,2
2009,July,Tuesday,Day,Light,Front to rear collision,0.0,0.0,5.0,0.0,0.0,5.0,0.0,5.0,3.0,3.0,Not junction,Exact,,2.0,37.0,,,,2
2009,July,Monday,Day,Light,Front to rear collision,0.0,0.0,4.0,0.0,1.0,3.0,0.0,4.0,3.0,3.0,Not junction,Exact,,2.0,59.5,,,,2
2009,February,Wednesday,Night,Light,Front to rear collision,0.0,0.0,8.0,0.0,0.0,8.0,0.0,8.0,3.0,3.0,Not junction,Exact,,2.0,70.0,,,,2
2009,September,Friday,Night,Fatal,Hit an object,2.0,0.0,0.0,0.0,0.0,2.0,0.0,2.0,1.0,1.0,Not junction,Exact,,2.0,26.4,,,,2
2009,June,Thursday,Day,Light,Front to side collision,0.0,0.0,1.0,0.0,0.0,1.0,0.0,1.0,2.0,2.0,Not junction,Exact,,2.0,42.0,,,,2
2009,July,Friday,Day,Light,Front to side collision,0.0,0.0,1.0,0.0,0.0,1.0,0.0,1.0,2.0,2.0,Not junction,Exact,,2.0,39.0,,,,2
2009,December,Thursday,Day,Light,Roll over,0.0,0.0,1.0,0.0,0.0,1.0,0.0,1.0,2.0,2.0,Not junction,Exact,,2.0,44.0,,,,2
2009,October,Saturday,Day,Light,Front to rear collision,0.0,0.0,2.0,0.0,0.0,2.0,0.0,2.0,2.0,2.0,Not junction,Exact,,2.0,69.2,,,,2
2009,November,Friday,Day,Light,Hit an object,0.0,0.0,4.0,0.0,0.0,4.0,0.0,4.0,2.0,2.0,Not junction,Exact,,2.0,62.2,,,,2
2009,September,Wednesday,Day,Light,Front to side collision,0.0,0.0,1.0,0.0,0.0,1.0,0.0,1.0,2.0,2.0,Not junction,Exact,,2.0,58.0,,,,2
2009,October,Sunday,Day,Light,Hit an object,0.0,0.0,1.0,0.0,0.0,1.0,0.0,1.0,1.0,1.0,Not junction,Exact,,2.0,33.0,,,,2
2009,April,Wednesday,Day,Light,Roll over,0.0,0.0,3.0,0.0,1.0,2.0,0.0,3.0,1.0,1.0,Not junction,Exact,,2.0,52.8,,,,2
2009,September,Sunday,Day,Light,Slip,0.0,0.0,1.0,0.0,0.0,1.0,0.0,1.0,1.0,1.0,Not junction,Exact,,2.0,48.0,,,,2
2009,October,Monday,Day,Fatal,Front to side collision,1.0,0.0,0.0,0.0,0.0,0.0,1.0,1.0,2.0,2.0,Not junction,Exact,,2.0,32.0,,,,2
2009,September,Sunday,Day,Light,Front to rear collision,0.0,0.0,1.0,0.0,0.0,1.0,0.0,1.0,2.0,2.0,Not junction,Exact,,2.0,48.0,,,,2
2009,December,Tuesday,Day,Light,Front to rear collision,0.0,0.0,5.0,0.0,0.0,5.0,0.0,5.0,5.0,5.0,Not junction,Exact,,2.0,43.0,,,,2
2009,January,Friday,Day,Light,Side to side collision,0.0,0.0,2.0,0.0,0.0,2.0,0.0,2.0,3.0,3.0,Not junction,Centered,,2.0,26.0,,,,2
2009,November,Monday,Day,Light,Front to side collision,0.0,0.0,2.0,0.0,0.0,2.0,0.0,2.0,2.0,2.0,Not junction,Exact,,2.0,95.5,,,,2
2009,December,Monday,Day,Light,Slip,0.0,0.0,1.0,0.0,0.0,1.0,0.0,1.0,1.0,1.0,Not junction,Exact,,2.0,37.0,,,,2
2009,July,Tuesday,Day,Light,Side to side collision,0.0,0.0,1.0,0.0,1.0,0.0,0.0,1.0,2.0,2.0,Not junction,Exact,,2.0,44.0,,,,2
2009,December,Wednesday,Day,Light,Slip,0.0,0.0,1.0,0.0,0.0,0.0,0.0,1.0,1.0,1.0,Not junction,Exact,,2.0,33.0,,,,2
2009,November,Friday,Day,Fatal,Other,1.0,0.0,0.0,0.0,0.0,1.0,0.0,1.0,2.0,2.0,Not junction,Exact,,2.0,24.5,,,,2
2009,April,Wednesday,Day,Fatal,Front to rear collision,1.0,0.0,0.0,0.0,0.0,1.0,0.0,1.0,2.0,2.0,Not junction,Exact,,2.0,43.0,,,,2
2009,June,Saturday,Day,Light,Roll over,0.0,0.0,3.0,0.0,0.0,3.0,0.0,3.0,1.0,1.0,Not junction,Exact,,2.0,66.6,,,,2
2009,April,Thursday,Day,Severe,Side to side collision,0.0,1.0,2.0,0.0,0.0,3.0,0.0,3.0,2.0,2.0,Not junction,Exact,,2.0,58.5,,,,2
2009,February,Friday,Day,Light,Front to rear collision,0.0,0.0,2.0,0.0,0.0,2.0,0.0,2.0,2.0,2.0,Not junction,Exact,,2.0,39.0,,,,2
2009,October,Friday,Day,Light,Front to rear collision,0.0,0.0,2.0,0.0,0.0,2.0,0.0,2.0,3.0,3.0,Not junction,Exact,,2.0,38.0,,,,2
2009,January,Sunday,Day,Severe,Front to rear collision,0.0,1.0,0.0,0.0,0.0,1.0,0.0,1.0,3.0,3.0,Not junction,Exact,,2.0,24.6,,,,2
2009,March,Sunday,Day,Light,Roll over,0.0,0.0,1.0,0.0,0.0,1.0,0.0,1.0,1.0,1.0,Not junction,Exact,,2.0,47.0,,,,2
2009,March,Friday,Day,Light,Hit an object,0.0,0.0,1.0,0.0,0.0,1.0,0.0,1.0,1.0,1.0,Not junction,Exact,,2.0,36.1,,,,2
2009,December,Saturday,Day,Light,Front to rear collision,0.0,0.0,3.0,0.0,0.0,3.0,0.0,3.0,3.0,3.0,Not junction,Exact,,2.0,56.1,,,,2
2009,October,Wednesday,Day,Light,Front to rear collision,0.0,0.0,4.0,0.0,3.0,1.0,0.0,4.0,3.0,3.0,Not junction,Exact,,2.0,40.0,,,,2
2009,April,Monday,Day,Light,Front to rear collision,0.0,0.0,1.0,0.0,0.0,1.0,0.0,1.0,2.0,2.0,Not junction,Exact,,2.0,40.0,,,,2
2009,November,Tuesday,Day,Light,Hit an object,0.0,0.0,1.0,0.0,0.0,1.0,0.0,1.0,1.0,1.0,Not junction,Exact,,2.0,33.0,,,,2
2009,August,Thursday,Day,Light,Roll over,0.0,0.0,2.0,0.0,0.0,1.0,1.0,2.0,1.0,1.0,Not junction,Exact,,2.0,81.0,,,,2
2009,February,Tuesday,Day,Fatal,Hit an object,1.0,0.0,0.0,0.0,0.0,1.0,0.0,1.0,1.0,1.0,Not junction,Exact,,2.0,59.5,,,,2
2009,July,Monday,Day,Severe,Front to rear collision,0.0,1.0,1.0,0.0,0.0,0.0,2.0,2.0,2.0,2.0,Not junction,Exact,,2.0,57.1,,,,2
2009,February,Monday,Day,Light,Front to rear collision,0.0,0.0,1.0,0.0,0.0,1.0,0.0,1.0,2.0,2.0,Not junction,Exact,,2.0,26.4,,,,2
2009,April,Wednesday,Day,Light,Hit an object,0.0,0.0,2.0,0.0,2.0,0.0,0.0,2.0,1.0,1.0,Not junction,Exact,,2.0,74.1,,,,2
2009,April,Sunday,Day,Light,Roll over,0.0,0.0,1.0,0.0,0.0,1.0,0.0,1.0,1.0,1.0,Not junction,Exact,,2.0,47.0,,,,2
2009,April,Friday,Day,Light,Front to rear collision,0.0,0.0,1.0,0.0,0.0,1.0,0.0,1.0,3.0,3.0,Not junction,Exact,,2.0,59.5,,,,2
2009,March,Thursday,Day,Light,Hit an object,0.0,0.0,1.0,0.0,0.0,1.0,0.0,1.0,1.0,1.0,Not junction,Exact,,2.0,87.1,,,,2
2009,March,Friday,Day,Light,Hit an object,0.0,0.0,3.0,0.0,1.0,2.0,0.0,3.0,1.0,1.0,Not junction,Exact,,2.0,87.1,,,,2
2009,September,Monday,Day,Light,Hit an object,0.0,0.0,1.0,0.0,0.0,1.0,0.0,1.0,1.0,1.0,Not junction,Exact,,2.0,83.1,,,,2
2009,November,Wednesday,Day,Light,Hit an object,0.0,0.0,1.0,0.0,0.0,1.0,0.0,1.0,1.0,1.0,Not junction,Exact,,2.0,66.1,,,,2
2009,June,Sunday,Day,Fatal,Pedestrian,1.0,0.0,1.0,1.0,0.0,1.0,1.0,2.0,1.0,1.0,Not junction,Exact,,2.0,39.0,,,,2
2009,August,Thursday,Day,Light,Front to side collision,0.0,0.0,1.0,0.0,0.0,1.0,0.0,1.0,2.0,2.0,Not junction,Exact,,2.0,97.1,,,,2
2009,June,Thursday,Day,Light,Hit an object,0.0,0.0,1.0,0.0,0.0,1.0,0.0,1.0,1.0,1.0,Not junction,Exact,,2.0,70.1,,,,2
2009,March,Monday,Day,Light,Slip,0.0,0.0,1.0,0.0,0.0,1.0,0.0,1.0,1.0,1.0,Not junction,Exact,,2.0,30.0,,,,2
2009,March,Friday,Day,Light,Front to rear collision,0.0,0.0,3.0,0.0,0.0,3.0,0.0,3.0,2.0,2.0,Not junction,Exact,,2.0,33.0,,,,2
2009,May,Friday,Day,Light,Front to rear collision,0.0,0.0,1.0,0.0,0.0,1.0,0.0,1.0,2.0,2.0,Not junction,Exact,,2.0,43.0,,,,2
2009,May,Sunday,Day,Light,Hit an object,0.0,0.0,1.0,0.0,0.0,1.0,0.0,1.0,1.0,1.0,Not junction,Exact,,2.0,82.7,,,,2
2009,February,Tuesday,Day,Light,Hit an object,0.0,0.0,1.0,0.0,0.0,1.0,0.0,1.0,1.0,1.0,Not junction,Exact,,2.0,63.1,,,,2
2009,September,Friday,Day,Light,Drive off road or on paveway,0.0,0.0,1.0,0.0,0.0,1.0,0.0,1.0,1.0,1.0,Not junction,Exact,,2.0,51.0,,,,2
2009,April,Friday,Day,Light,Drive off road or on paveway,0.0,0.0,1.0,0.0,0.0,1.0,0.0,1.0,1.0,1.0,Not junction,Exact,,2.0,97.1,,,,2
2009,December,Monday,Day,Light,Other,0.0,0.0,3.0,0.0,0.0,3.0,0.0,3.0,1.0,1.0,Not junction,Exact,,2.0,40.0,,,,2
2009,January,Sunday,Day,Light,Front to rear collision,0.0,0.0,1.0,0.0,0.0,1.0,0.0,1.0,2.0,2.0,Not junction,Exact,,2.0,44.5,,,,2
2009,March,Thursday,Day,Severe,Hit an object,0.0,1.0,1.0,0.0,0.0,2.0,0.0,2.0,1.0,1.0,Not junction,Exact,,2.0,90.9,,,,2
2009,September,Tuesday,Day,Light,Hit an object,0.0,0.0,1.0,0.0,0.0,1.0,0.0,1.0,1.0,1.0,Not junction,Exact,,2.0,90.1,,,,2
2009,August,Monday,Day,Light,Hit an object,0.0,0.0,2.0,0.0,0.0,2.0,0.0,2.0,2.0,2.0,Not junction,Exact,,2.0,71.9,,,,2
2009,October,Monday,Day,Light,Side to side collision,0.0,0.0,4.0,0.0,1.0,3.0,0.0,4.0,2.0,2.0,Not junction,Exact,,2.0,39.0,,,,2
2009,June,Saturday,Day,Severe,Collision with stopped vehicle,0.0,2.0,2.0,0.0,0.0,2.0,2.0,4.0,2.0,2.0,Not junction,Exact,,2.0,79.5,,,,2
2009,February,Saturday,Day,Light,Front to side collision,0.0,0.0,1.0,0.0,0.0,1.0,0.0,1.0,2.0,2.0,Not junction,Exact,,2.0,60.1,,,,2
2009,December,Tuesday,Night,Severe,Collision with stopped vehicle,0.0,1.0,2.0,0.0,1.0,2.0,0.0,3.0,3.0,3.0,Not junction,Exact,,2.0,71.9,,,,2
2009,October,Sunday,Night,Light,Front to side collision,0.0,0.0,7.0,0.0,2.0,5.0,0.0,7.0,2.0,2.0,Not junction,Exact,,2.0,69.9,,,,2
2009,October,Friday,Night,Fatal,Side to side collision,1.0,0.0,0.0,0.0,0.0,1.0,0.0,1.0,3.0,3.0,Not junction,Exact,,2.0,58.6,,,,2
2009,February,Thursday,Night,Fatal,Pedestrian,1.0,0.0,0.0,1.0,0.0,1.0,0.0,1.0,1.0,1.0,Not junction,Exact,,2.0,69.7,,,,2
2009,March,Sunday,Night,Light,Front to side collision,0.0,0.0,3.0,0.0,1.0,2.0,0.0,3.0,2.0,2.0,Not junction,Exact,,2.0,35.0,,,,2
2009,December,Sunday,Night,Light,Hit an object,0.0,0.0,3.0,0.0,0.0,3.0,0.0,3.0,1.0,1.0,Not junction,Exact,,2.0,71.5,,,,2
2009,July,Thursday,Day,Light,Side to side collision,0.0,0.0,3.0,0.0,1.0,2.0,0.0,3.0,2.0,2.0,Not junction,Exact,,2.0,36.0,,,,2
2009,October,Sunday,Night,Severe,Front to rear collision,0.0,1.0,0.0,0.0,0.0,1.0,0.0,1.0,2.0,2.0,Not junction,Exact,,2.0,85.1,,,,2
2009,November,Wednesday,Night,Fatal,Pedestrian,1.0,0.0,0.0,1.0,0.0,1.0,0.0,1.0,1.0,1.0,Not junction,Exact,,2.0,70.2,,,,2
2009,March,Sunday,Night,Fatal,Front to side collision,1.0,0.0,1.0,0.0,0.0,2.0,0.0,2.0,2.0,2.0,Not junction,Exact,,2.0,39.0,,,,2
2009,November,Wednesday,Night,Light,Front to rear collision,0.0,0.0,5.0,0.0,0.0,5.0,0.0,5.0,3.0,3.0,Not junction,Exact,,2.0,44.3,,,,2
2009,April,Monday,Day,Light,Hit an object,0.0,0.0,2.0,0.0,0.0,2.0,0.0,2.0,1.0,1.0,Not junction,Exact,,2.0,84.3,,,,2
2009,March,Saturday,Night,Light,Front to rear collision,0.0,0.0,3.0,0.0,0.0,3.0,0.0,3.0,4.0,4.0,Not junction,Exact,,2.0,62.1,,,,2
2009,March,Saturday,Night,Light,Front to rear collision,0.0,0.0,3.0,1.0,0.0,3.0,0.0,3.0,3.0,3.0,Not junction,Exact,,2.0,62.1,,,,2
2009,October,Tuesday,Night,Fatal,Pedestrian,1.0,0.0,4.0,1.0,2.0,3.0,0.0,5.0,1.0,1.0,Not junction,Exact,,2.0,72.5,,,,2
2009,August,Tuesday,Day,Light,Side to side collision,0.0,0.0,1.0,0.0,0.0,1.0,0.0,1.0,3.0,3.0,Not junction,Exact,,2.0,24.6,,,,2
2009,February,Thursday,Night,Light,Hit an object,0.0,0.0,1.0,0.0,0.0,1.0,0.0,1.0,1.0,1.0,Not junction,Exact,,2.0,40.1,,,,2
2009,January,Wednesday,Night,Severe,Pedestrian,0.0,1.0,0.0,1.0,0.0,1.0,0.0,1.0,1.0,1.0,Not junction,Exact,,2.0,94.7,,,,2
2009,February,Sunday,Night,Light,Front to rear collision,0.0,0.0,3.0,0.0,0.0,3.0,0.0,3.0,3.0,3.0,Not junction,Exact,,2.0,43.0,,,,2
2009,March,Sunday,Night,Light,Front to rear collision,0.0,0.0,3.0,0.0,0.0,3.0,0.0,3.0,3.0,3.0,Not junction,Exact,,2.0,35.1,,,,2
2009,August,Tuesday,Day,Light,Side to side collision,0.0,0.0,2.0,0.0,2.0,0.0,0.0,2.0,2.0,2.0,Not junction,Exact,,2.0,36.0,,,,2
2009,April,Monday,Night,Light,Front to rear collision,0.0,0.0,5.0,0.0,0.0,4.0,1.0,5.0,3.0,3.0,Not junction,Exact,,2.0,57.1,,,,2
2009,July,Friday,Day,Light,Hit an object,0.0,0.0,1.0,0.0,0.0,1.0,0.0,1.0,1.0,1.0,Not junction,Exact,,2.0,84.2,,,,2
2009,March,Friday,Night,Severe,Hit an object,0.0,1.0,0.0,0.0,0.0,1.0,0.0,1.0,1.0,1.0,Not junction,Exact,,2.0,26.4,,,,2
2009,October,Saturday,Night,Light,Front to rear collision,0.0,0.0,3.0,0.0,0.0,2.0,1.0,3.0,3.0,3.0,Not junction,Exact,,2.0,45.0,,,,2
2009,August,Saturday,Night,Severe,Front to side collision,0.0,1.0,2.0,0.0,0.0,3.0,0.0,3.0,2.0,2.0,Not junction,Exact,,2.0,73.5,,,,2
2009,May,Friday,Night,Fatal,Pedestrian,1.0,0.0,0.0,1.0,0.0,1.0,0.0,1.0,1.0,1.0,Not junction,Exact,,2.0,35.8,,,,2
2009,July,Friday,Night,Light,Side to side collision,0.0,0.0,3.0,0.0,1.0,2.0,0.0,3.0,4.0,4.0,Not junction,Exact,,2.0,55.5,,,,2
2009,March,Sunday,Night,Light,Side to side collision,0.0,0.0,1.0,0.0,0.0,1.0,0.0,1.0,2.0,2.0,Not junction,Exact,,2.0,26.4,,,,2
2009,June,Friday,Night,Light,Collision with stopped vehicle,0.0,0.0,1.0,0.0,1.0,0.0,0.0,1.0,2.0,2.0,Not junction,Exact,,2.0,76.3,,,,2
2009,January,Sunday,Night,Light,Pedestrian,0.0,0.0,1.0,1.0,1.0,0.0,0.0,1.0,1.0,1.0,Not junction,Exact,,2.0,24.0,,,,2
2009,July,Monday,Night,Light,Slip,0.0,0.0,1.0,0.0,0.0,1.0,0.0,1.0,1.0,1.0,Not junction,Exact,,2.0,33.0,,,,2
2009,May,Saturday,Night,Light,Slip,0.0,0.0,1.0,0.0,0.0,1.0,0.0,1.0,1.0,1.0,Not junction,Exact,,2.0,48.0,,,,2
2009,August,Friday,Night,Light,Front to side collision,0.0,0.0,1.0,0.0,0.0,1.0,0.0,1.0,2.0,2.0,Not junction,Exact,,2.0,33.0,,,,2
2009,June,Saturday,Night,Light,Front to rear collision,0.0,0.0,10.0,0.0,4.0,6.0,0.0,10.0,4.0,4.0,Not junction,Exact,,2.0,75.1,,,,2
2009,March,Monday,Night,Light,Front to rear collision,0.0,0.0,7.0,0.0,3.0,4.0,0.0,7.0,3.0,3.0,Not junction,Exact,,2.0,88.4,,,,2
2010,February,Tuesday,Night,Light,Hit an object,0.0,0.0,1.0,0.0,0.0,1.0,0.0,1.0,1.0,1.0,Junction,Exact,,2.0,,57.0,,,2
2010,August,Saturday,Night,Light,Front to side collision,0.0,0.0,3.0,0.0,0.0,3.0,0.0,3.0,2.0,2.0,Junction,Exact,,2.0,,553.0,,,2
2010,August,Saturday,Night,Light,Front to side collision,0.0,0.0,3.0,0.0,0.0,3.0,0.0,3.0,2.0,2.0,Junction,Exact,,2.0,,553.0,,,2
2010,April,Monday,Night,Light,Other,0.0,0.0,1.0,0.0,0.0,0.0,1.0,1.0,2.0,2.0,Junction,Exact,,2.0,,541.0,,,2
2010,May,Saturday,Night,Light,Front to side collision,0.0,0.0,3.0,0.0,1.0,2.0,0.0,3.0,2.0,2.0,Junction,Exact,,2.0,,541.0,,,2
2010,February,Saturday,Night,Light,Slip,0.0,0.0,2.0,0.0,0.0,2.0,0.0,2.0,1.0,1.0,Junction,Exact,,2.0,,57.0,,,2
2010,January,Saturday,Night,Light,Front to side collision,0.0,0.0,7.0,0.0,0.0,7.0,0.0,7.0,2.0,2.0,Junction,Exact,,2.0,,65.0,,,2
2010,February,Monday,Day,Severe,Front to side collision,0.0,1.0,0.0,0.0,0.0,1.0,0.0,1.0,2.0,2.0,Junction,Exact,,2.0,,65.0,,,2
2010,July,Monday,Day,Light,Front to rear collision,0.0,0.0,1.0,0.0,0.0,1.0,0.0,1.0,2.0,2.0,Junction,Exact,,2.0,,541.0,,,2
2010,August,Tuesday,Day,Severe,Roll over,0.0,1.0,0.0,0.0,0.0,1.0,0.0,1.0,1.0,1.0,Junction,Exact,,2.0,,,,,2
2010,April,Friday,Day,Light,Slip,0.0,0.0,1.0,0.0,0.0,1.0,0.0,1.0,1.0,1.0,Junction,Exact,,2.0,,57.0,,,2
2010,January,Sunday,Day,Light,Front to side collision,0.0,0.0,1.0,0.0,0.0,1.0,0.0,1.0,2.0,2.0,Junction,Exact,,2.0,,541.0,,,2
2010,January,Friday,Day,Light,Front to rear collision,0.0,0.0,5.0,0.0,0.0,4.0,1.0,5.0,4.0,4.0,Junction,Exact,,2.0,,553.0,,,2
2010,February,Monday,Day,Light,Front to side collision,0.0,0.0,1.0,0.0,0.0,0.0,1.0,1.0,2.0,2.0,Junction,Exact,,2.0,,57.0,,,2
2010,August,Monday,Day,Light,Front to side collision,0.0,0.0,1.0,0.0,0.0,1.0,0.0,1.0,2.0,2.0,Junction,Exact,,2.0,,541.0,,,2
2010,May,Friday,Day,Severe,Front to side collision,0.0,1.0,5.0,0.0,2.0,4.0,0.0,6.0,2.0,2.0,Junction,Exact,,2.0,,65.0,,,2