year,month,day_of_week,day_night,accident_severity,accident_type,killed,severly_injured,lightly_injured,injured_pedestrians,casualties_ages_0-19,casualties_ages_20-64,casualties_ages_65_plus,total_casualties,vehicle_count,drivers,road_type,localization_quality,settlement,road1,location,road2,road3,road4,source_road
2011,March,Monday,Day,Light,Front to rear collision,0.0,0.0,2.0,0.0,0.0,2.0,0.0,2.0,3.0,3.0,Not junction,Exact,,2.0,71.2,,,,2
2011,January,Friday,Day,Light,Drive off road or on paveway,0.0,0.0,2.0,0.0,0.0,2.0,0.0,2.0,1.0,1.0,Not junction,Exact,,2.0,39.0,,,,2
2011,March,Thursday,Day,Light,Side to side collision,0.0,0.0,1.0,0.0,0.0,1.0,0.0,1.0,2.0,2.0,Not junction,Exact,,2.0,29.0,,,,2
2011,January,Friday,Day,Light,Hit an object,0.0,0.0,1.0,0.0,0.0,1.0,0.0,1.0,1.0,1.0,Not junction,Exact,,2.0,86.0,,,,2
2011,January,Tuesday,Day,Light,Slip,0.0,0.0,1.0,0.0,0.0,1.0,0.0,1.0,1.0,1.0,Not junction,Exact,,2.0,30.0,,,,2
2011,January,Tuesday,Day,Light,Slip,0.0,0.0,1.0,0.0,0.0,1.0,0.0,1.0,1.0,1.0,Not junction,Exact,,2.0,30.0,,,,2
2011,October,Wednesday,Day,Light,Hit an object,0.0,0.0,1.0,0.0,0.0,1.0,0.0,1.0,1.0,1.0,Not junction,Exact,,2.0,58.9,,,,2
2011,February,Thursday,Day,Light,Front to side collision,0.0,0.0,6.0,1.0,2.0,3.0,1.0,6.0,2.0,2.0,Not junction,Exact,,2.0,22.0,,,,2
2011,November,Sunday,Day,Light,Roll over,0.0,0.0,1.0,0.0,0.0,1.0,0.0,1.0,1.0,1.0,Not junction,Exact,,2.0,46.0,,,,2
2011,May,Tuesday,Day,Light,Front to rear collision,0.0,0.0,6.0,0.0,1.0,5.0,0.0,6.0,4.0,4.0,Not junction,Exact,,2.0,48.0,,,,2
2011,July,Saturday,Day,Light,Hit an object,0.0,0.0,5.0,0.0,2.0,3.0,0.0,5.0,1.0,1.0,Not junction,Exact,,2.0,56.0,,,,2
2011,March,Friday,Day,Light,Roll over,0.0,0.0,3.0,0.0,0.0,2.0,1.0,3.0,1.0,1.0,Not junction,Exact,,2.0,45.0,,,,2
2011,March,Friday,Day,Light,Roll over,0.0,0.0,3.0,0.0,0.0,2.0,1.0,3.0,1.0,1.0,Not junction,Exact,,2.0,45.0,,,,2
2011,December,Tuesday,Day,Severe,Front to rear collision,0.0,1.0,0.0,0.0,0.0,1.0,0.0,1.0,2.0,2.0,Not junction,Exact,,2.0,90.4,,,,2
2011,February,Sunday,Day,Light,Hit an object,0.0,0.0,1.0,0.0,0.0,1.0,0.0,1.0,1.0,1.0,Not junction,Exact,,2.0,31.0,,,,2
2011,December,Sunday,Day,Light,Drive off road or on paveway,0.0,0.0,1.0,0.0,0.0,1.0,0.0,1.0,1.0,1.0,Not junction,Exact,,2.0,50.0,,,,2
2011,June,Monday,Day,Light,Slip,0.0,0.0,2.0,0.0,0.0,2.0,0.0,2.0,1.0,1.0,Not junction,Exact,,2.0,26.5,,,,2
2011,October,Sunday,Day,Light,Slip,0.0,0.0,1.0,0.0,0.0,1.0,0.0,1.0,1.0,1.0,Not junction,Exact,,2.0,33.0,,,,2
2011,May,Tuesday,Day,Light,Hit an object,0.0,0.0,1.0,0.0,0.0,1.0,0.0,1.0,1.0,1.0,Not junction,Exact,,2.0,61.0,,,,2
2011,November,Monday,Day,Light,Hit an object,0.0,0.0,1.0,0.0,1.0,0.0,0.0,1.0,1.0,1.0,Not junction,Exact,,2.0,81.0,,,,2
2011,May,Saturday,Day,Light,Side to side collision,0.0,0.0,1.0,0.0,0.0,1.0,0.0,1.0,2.0,2.0,Not junction,Exact,,2.0,51.0,,,,2
2011,July,Sunday,Day,Light,Hit an object,0.0,0.0,2.0,0.0,0.0,2.0,0.0,2.0,1.0,1.0,Not junction,Exact,,2.0,35.0,,,,2
2011,May,Saturday,Day,Light,Hit an object,0.0,0.0,1.0,0.0,0.0,1.0,0.0,1.0,3.0,3.0,Not junction,Exact,,2.0,61.0,,,,2
2011,July,Friday,Day,Light,Front to side collision,0.0,0.0,1.0,0.0,0.0,1.0,0.0,1.0,2.0,2.0,Not junction,Exact,,2.0,29.0,,,,2
2011,November,Friday,Day,Light,Front to rear collision,0.0,0.0,1.0,0.0,0.0,1.0,0.0,1.0,3.0,3.0,Not junction,Exact,,2.0,44.0,,,,2
2011,February,Saturday,Day,Light,Front to rear collision,0.0,0.0,7.0,0.0,4.0,3.0,0.0,7.0,2.0,2.0,Not junction,Exact,,2.0,65.1,,,,2
2011,February,Monday,Day,Light,Slip,0.0,0.0,1.0,0.0,0.0,0.0,1.0,1.0,1.0,1.0,Not junction,Exact,,2.0,51.0,,,,2
2011,February,Monday,Day,Light,Slip,0.0,0.0,1.0,0.0,0.0,0.0,1.0,1.0,1.0,1.0,Not junction,Exact,,2.0,51.0,,,,2
2011,September,Friday,Day,Light,Front to rear collision,0.0,0.0,3.0,0.0,0.0,3.0,0.0,3.0,3.0,3.0,Not junction,Exact,,2.0,48.0,,,,2
2011,July,Friday,Day,Light,Front to rear collision,0.0,0.0,1.0,0.0,0.0,1.0,0.0,1.0,2.0,2.0,Not junction,Exact,,2.0,69.0,,,,2
2011,January,Sunday,Day,Light,Roll over,0.0,0.0,1.0,0.0,0.0,1.0,0.0,1.0,1.0,1.0,Not junction,Exact,,2.0,70.0,,,,2
2011,October,Sunday,Day,Light,Side to side collision,0.0,0.0,1.0,0.0,0.0,1.0,0.0,1.0,2.0,2.0,Not junction,Exact,,2.0,24.0,,,,2
2011,March,Friday,Day,Light,Front to rear collision,0.0,0.0,2.0,0.0,0.0,2.0,0.0,2.0,3.0,3.0,Not junction,Exact,,2.0,55.2,,,,2
2011,August,Thursday,Day,Light,Front to rear collision,0.0,0.0,4.0,0.0,1.0,3.0,0.0,4.0,2.0,2.0,Not junction,Exact,,2.0,60.0,,,,2
2011,January,Wednesday,Day,Light,Front to rear collision,0.0,0.0,6.0,0.0,3.0,2.0,1.0,6.0,2.0,2.0,Not junction,Exact,,2.0,61.1,,,,2
2011,April,Friday,Day,Severe,Side to side collision,0.0,1.0,0.0,0.0,1.0,0.0,0.0,1.0,2.0,2.0,Not junction,Exact,,2.0,55.0,,,,2
2011,July,Friday,Day,Light,Drive off road or on paveway,0.0,0.0,1.0,0.0,0.0,1.0,0.0,1.0,1.0,1.0,Not junction,Exact,,2.0,49.0,,,,2
2011,May,Thursday,Day,Light,Front to rear collision,0.0,0.0,1.0,0.0,0.0,1.0,0.0,1.0,2.0,2.0,Not junction,Exact,,2.0,23.4,,,,2
2011,February,Friday,Day,Light,Roll over,0.0,0.0,7.0,0.0,0.0,7.0,0.0,7.0,1.0,1.0,Not junction,Exact,,2.0,51.0,,,,2
2011,May,Sunday,Day,Severe,Hit an object,0.0,1.0,0.0,0.0,0.0,0.0,1.0,1.0,1.0,1.0,Not junction,Exact,,2.0,87.0,,,,2
2011,May,Sunday,Day,Severe,Side to side collision,0.0,1.0,0.0,0.0,0.0,1.0,0.0,1.0,3.0,3.0,Not junction,Exact,,2.0,24.6,,,,2
2011,August,Saturday,Day,Light,Front to rear collision,0.0,0.0,9.0,0.0,4.0,4.0,1.0,9.0,5.0,5.0,Not junction,Exact,,2.0,23.0,,,,2
2011,April,Sunday,Day,Light,Hit an object,0.0,0.0,4.0,0.0,1.0,3.0,0.0,4.0,1.0,1.0,Not junction,Exact,,2.0,76.0,,,,2
2011,February,Friday,Day,Light,Slip,0.0,0.0,2.0,0.0,0.0,2.0,0.0,2.0,1.0,1.0,Not junction,Exact,,2.0,35.0,,,,2
2011,February,Friday,Day,Light,Slip,0.0,0.0,2.0,0.0,0.0,2.0,0.0,2.0,1.0,1.0,Not junction,Exact,,2.0,35.0,,,,2
2011,October,Tuesday,Day,Light,Front to rear collision,0.0,0.0,8.0,0.0,0.0,7.0,1.0,8.0,2.0,2.0,Not junction,Exact,,2.0,59.2,,,,2
2011,October,Sunday,Day,Severe,Front to side collision,0.0,1.0,3.0,0.0,0.0,4.0,0.0,4.0,2.0,2.0,Not junction,Exact,,2.0,22.0,,,,2
2011,April,Wednesday,Day,Light,Hit an object,0.0,0.0,1.0,0.0,0.0,1.0,0.0,1.0,1.0,1.0,Not junction,Exact,,2.0,48.1,,,,2
2011,August,Friday,Day,Light,Roll over,0.0,0.0,1.0,0.0,0.0,1.0,0.0,1.0,1.0,1.0,Not junction,Exact,,2.0,48.0,,,,2
2011,August,Sunday,Day,Light,Roll over,0.0,0.0,1.0,0.0,0.0,1.0,0.0,1.0,1.0,1.0,Not junction,Exact,,2.0,71.9,,,,2
2011,July,Friday,Day,Fatal,Pedestrian,1.0,0.0,0.0,1.0,1.0,0.0,0.0,1.0,1.0,1.0,Not junction,Exact,,2.0,40.5,,,,2
2011,July,Thursday,Day,Light,Front to rear collision,0.0,0.0,5.0,0.0,0.0,5.0,0.0,5.0,3.0,3.0,Not junction,Exact,,2.0,33.0,,,,2
2011,March,Wednesday,Day,Light,Hit an object,0.0,0.0,2.0,0.0,0.0,1.0,1.0,2.0,2.0,2.0,Not junction,Exact,,2.0,66.2,,,,2
2011,May,Sunday,Day,Light,Hit an object,0.0,0.0,1.0,0.0,0.0,1.0,0.0,1.0,1.0,1.0,Not junction,Exact,,2.0,43.0,,,,2
2011,December,Thursday,Night,Light,Roll over,0.0,0.0,4.0,0.0,2.0,2.0,0.0,4.0,1.0,1.0,Not junction,Exact,,2.0,33.0,,,,2
2011,July,Wednesday,Day,Light,Slip,0.0,0.0,1.0,0.0,0.0,1.0,0.0,1.0,1.0,1.0,Not junction,Exact,,2.0,33.0,,,,2
2011,February,Thursday,Night,Light,Front to side collision,0.0,0.0,1.0,0.0,0.0,1.0,0.0,1.0,2.0,2.0,Not junction,Exact,,2.0,26.6,,,,2
2011,January,Tuesday,Night,Light,Front to rear collision,0.0,0.0,2.0,0.0,0.0,2.0,0.0,2.0,2.0,2.0,Not junction,Exact,,2.0,26.4,,,,2
2011,June,Sunday,Day,Light,Hit an object,0.0,0.0,1.0,0.0,0.0,1.0,0.0,1.0,1.0,1.0,Not junction,Exact,,2.0,74.2,,,,2
2011,December,Friday,Night,Light,Side to side collision,0.0,0.0,2.0,0.0,0.0,2.0,0.0,2.0,2.0,2.0,Not junction,Exact,,2.0,64.2,,,,2
2011,June,Saturday,Day,Light,Front to rear collision,0.0,0.0,6.0,0.0,0.0,5.0,1.0,6.0,3.0,3.0,Not junction,Exact,,2.0,63.0,,,,2
2011,December,Monday,Night,Light,Front to rear collision,0.0,0.0,9.0,0.0,5.0,4.0,0.0,9.0,3.0,3.0,Not junction,Exact,,2.0,25.1,,,,2
2011,August,Monday,Night,Light,Other,0.0,0.0,1.0,0.0,0.0,1.0,0.0,1.0,1.0,1.0,Not junction,Exact,,2.0,48.0,,,,2
2011,February,Saturday,Night,Light,Front to side collision,0.0,0.0,2.0,0.0,0.0,1.0,1.0,2.0,2.0,2.0,Not junction,Exact,,2.0,33.0,,,,2
2011,August,Saturday,Night,Severe,Side to side collision,0.0,1.0,0.0,0.0,0.0,1.0,0.0,1.0,2.0,2.0,Not junction,Exact,,2.0,25.0,,,,2
2011,November,Thursday,Night,Light,Hit an object,0.0,0.0,1.0,0.0,0.0,0.0,1.0,1.0,1.0,1.0,Not junction,Exact,,2.0,33.0,,,,2
2011,March,Friday,Night,Light,Roll over,0.0,0.0,4.0,0.0,0.0,4.0,0.0,4.0,3.0,3.0,Not junction,Exact,,2.0,73.6,,,,2
2011,December,Friday,Night,Light,Hit an object,0.0,0.0,1.0,0.0,0.0,1.0,0.0,1.0,1.0,1.0,Not junction,Exact,,2.0,40.0,,,,2
2011,May,Monday,Night,Light,Hit an object,0.0,0.0,1.0,0.0,0.0,1.0,0.0,1.0,1.0,1.0,Not junction,Exact,,2.0,33.0,,,,2
2011,February,Monday,Night,Light,Side to side collision,0.0,0.0,1.0,0.0,0.0,1.0,0.0,1.0,2.0,2.0,Not junction,Centered,,2.0,26.0,,,,2
2011,November,Saturday,Night,Light,Hit an object,0.0,0.0,1.0,0.0,1.0,0.0,0.0,1.0,1.0,1.0,Not junction,Exact,,2.0,46.0,,,,2
2011,September,Friday,Night,Light,Hit an object,0.0,0.0,1.0,0.0,0.0,1.0,0.0,1.0,2.0,2.0,Not junction,Exact,,2.0,26.0,,,,2
2011,November,Sunday,Night,Light,Hit an object,0.0,0.0,3.0,0.0,1.0,2.0,0.0,3.0,1.0,1.0,Not junction,Exact,,2.0,50.0,,,,2
2011,June,Thursday,Night,Light,Other,0.0,0.0,1.0,0.0,0.0,1.0,0.0,1.0,2.0,2.0,Not junction,Exact,,2.0,78.8,,,,2
2011,February,Monday,Night,Light,Hit an object,0.0,0.0,1.0,0.0,0.0,1.0,0.0,1.0,1.0,1.0,Not junction,Exact,,2.0,51.0,,,,2
2011,January,Sunday,Night,Light,Pedestrian,0.0,0.0,1.0,1.0,0.0,0.0,0.0,1.0,1.0,1.0,Not junction,Exact,,2.0,45.0,,,,2
2011,January,Monday,Night,Light,Pedestrian,0.0,0.0,1.0,1.0,0.0,1.0,0.0,1.0,1.0,1.0,Not junction,Exact,,2.0,35.0,,,,2
2011,July,Saturday,Night,Light,Front to side collision,0.0,0.0,3.0,0.0,1.0,2.0,0.0,3.0,2.0,2.0,Not junction,Exact,,2.0,33.0,,,,2
2011,February,Wednesday,Night,Light,Drive off road or on paveway,0.0,0.0,1.0,0.0,0.0,1.0,0.0,1.0,1.0,1.0,Not junction,Exact,,2.0,55.6,,,,2
2011,July,Saturday,Night,Light,Side to side collision,0.0,0.0,4.0,0.0,0.0,4.0,0.0,4.0,2.0,2.0,Not junction,Exact,,2.0,28.5,,,,2
2011,July,Sunday,Night,Light,Front to rear collision,0.0,0.0,3.0,0.0,0.0,3.0,0.0,3.0,4.0,4.0,Not junction,Exact,,2.0,56.0,,,,2
2012,April,Friday,Night,Severe,Front to side collision,0.0,1.0,0.0,0.0,0.0,1.0,0.0,1.0,2.0,2.0,Junction,Exact,,2.0,,,,,2
2012,January,Friday,Night,Severe,Drive off road or on paveway,0.0,1.0,0.0,0.0,0.0,1.0,0.0,1.0,1.0,1.0,Junction,Exact,,2.0,,553.0,,,2
2012,September,Sunday,Night,Light,Front to side collision,0.0,0.0,1.0,0.0,0.0,1.0,0.0,1.0,3.0,3.0,Junction,Exact,,2.0,,541.0,,,2
2012,November,Thursday,Day,Light,Front to side collision,0.0,0.0,1.0,0.0,0.0,1.0,0.0,1.0,2.0,2.0,Junction,Exact,,2.0,,,,,2
2012,October,Friday,Day,Light,Front to side collision,0.0,0.0,2.0,0.0,0.0,2.0,0.0,2.0,3.0,3.0,Junction,Exact,,2.0,,553.0,,,2
2012,April,Saturday,Day,Light,Hit an object,0.0,0.0,1.0,0.0,0.0,1.0,0.0,1.0,1.0,1.0,Junction,Exact,,2.0,,65.0,,,2
2012,November,Monday,Day,Light,Front to side collision,0.0,0.0,1.0,0.0,0.0,1.0,0.0,1.0,2.0,2.0,Junction,Exact,,2.0,,553.0,,,2
2012,March,Sunday,Day,Light,Front to side collision,0.0,0.0,1.0,0.0,0.0,1.0,0.0,1.0,2.0,2.0,Junction,Exact,,2.0,,553.0,,,2
2012,April,Thursday,Day,Light,Front to side collision,0.0,0.0,1.0,0.0,0.0,1.0,0.0,1.0,2.0,2.0,Junction,Exact,,2.0,,541.0,,,2
2012,October,Friday,Day,Light,Front to rear collision,0.0,0.0,1.0,0.0,0.0,1.0,0.0,1.0,2.0,2.0,Junction,Exact,,2.0,,5720.0,,,2
2012,August,Tuesday,Day,Light,Front to side collision,0.0,0.0,1.0,0.0,0.0,1.0,0.0,1.0,2.0,2.0,Junction,Exact,,2.0,,541.0,,,2
2012,September,Friday,Day,Light,Front to side collision,0.0,0.0,3.0,0.0,1.0,2.0,0.0,3.0,2.0,2.0,Junction,Exact,,2.0,,553.0,,,2
2012,July,Saturday,Day,Light,Front to side collision,0.0,0.0,1.0,0.0,0.0,1.0,0.0,1.0,2.0,2.0,Junction,Exact,,2.0,,5710.0,,,2
2012,February,Friday,Night,Light,Front to side collision,0.0,0.0,2.0,0.0,0.0,1.0,1.0,2.0,2.0,2.0,Junction,Exact,,2.0,,553.0,,,2
2012,July,Tuesday,Day,Light,Front to side collision,0.0,0.0,1.0,0.0,0.0,1.0,0.0,1.0,2.0,2.0,Junction,Exact,,2.0,,553.0,,,2
2012,March,Tuesday,Night,Severe,Slip,0.0,1.0,0.0,0.0,1.0,0.0,0.0,1.0,2.0,2.0,Junction,Exact,,2.0,,553.0,,,2
2012,May,Tuesday,Night,Light,Front to side collision,0.0,0.0,4.0,0.0,0.0,3.0,0.0,4.0,3.0,3.0,Junction,Exact,,2.0,,5515.0,,,2
2012,March,Saturday,Night,Light,Front to side collision,0.0,0.0,2.0,0.0,0.0,2.0,0.0,2.0,2.0,2.0,Junction,Exact,,2.0,,67.0,,,2
2012,September,Saturday,Night,Light,Front to side collision,0.0,0.0,1.0,0.0,0.0,1.0,0.0,1.0,2.0,2.0,Junction,Exact,,2.0,,65.0,,,2
2012,September,Monday,Night,Light,Front to side collision,0.0,0.0,3.0,0.0,1.0,2.0,0.0,3.0,2.0,2.0,Junction,Exact,,2.0,,,,,2
2012,September,Thursday,Night,Light,Front to side collision,0.0,0.0,2.0,0.0,0.0,2.0,0.0,2.0,2.0,2.0,Junction,Exact,,2.0,,67.0,,,2
2012,May,Tuesday,Night,Fatal,Hit an object,1.0,0.0,0.0,0.0,0.0,1.0,0.0,1.0,1.0,1.0,Not junction,Exact,,2.0,46.0,,,,2
2012,January,Saturday,Night,Fatal,Hit an object,1.0,2.0,1.0,0.0,1.0,3.0,0.0,4.0,1.0,1.0,Not junction,Exact,,2.0,51.0,,,,2
2012,October,Thursday,Night,Light,Drive off road or on paveway,0.0,0.0,1.0,0.0,0.0,1.0,0.0,1.0,1.0,1.0,Not junction,Exact,,2.0,43.0,,,,2
2012,January,Thursday,Night,Light,Drive off road or on paveway,0.0,0.0,3.0,0.0,0.0,3.0,0.0,3.0,1.0,1.0,Not junction,Exact,,2.0,42.0,,,,2
2012,October,Sunday,Night,Light,Side to side collision,0.0,0.0,4.0,0.0,0.0,4.0,0.0,4.0,4.0,4.0,Not junction,Exact,,2.0,59.8,,,,2
2012,December,Sunday,Night,Light,Other,0.0,0.0,3.0,0.0,0.0,3.0,0.0,3.0,2.0,2.0,Not junction,Exact,,2.0,26.0,,,,2
2012,August,Friday,Night,Light,Side to side collision,0.0,0.0,1.0,0.0,0.0,1.0,0.0,1.0,2.0,2.0,Not junction,Exact,,2.0,60.0,,,,2
2012,September,Monday,Night,Severe,Front to rear collision,0.0,1.0,4.0,0.0,1.0,3.0,1.0,5.0,2.0,2.0,Not junction,Exact,,2.0,64.0,,,,2
2012,October,Saturday,Night,Light,Hit an object,0.0,0.0,2.0,0.0,0.0,2.0,0.0,2.0,1.0,1.0,Not junction,Exact,,2.0,33.0,,,,2
2012,January,Tuesday,Night,Light,Pedestrian,0.0,0.0,1.0,1.0,0.0,1.0,0.0,1.0,1.0,1.0,Not junction,Exact,,2.0,24.0,,,,2
2012,November,Friday,Night,Fatal,Front to rear collision,1.0,0.0,1.0,0.0,0.0,2.0,0.0,2.0,2.0,2.0,Not junction,Exact,,2.0,44.0,,,,2
2012,February,Friday,Night,Light,Front to rear collision,0.0,0.0,10.0,0.0,4.0,6.0,0.0,10.0,4.0,4.0,Not junction,Exact,,2.0,61.0,,,,2
2012,December,Wednesday,Night,Light,Hit an object,0.0,0.0,2.0,0.0,2.0,0.0,0.0,2.0,1.0,1.0,Not junction,Exact,,2.0,41.0,,,,2
2012,February,Saturday,Night,Light,Front to rear collision,0.0,0.0,3.0,0.0,0.0,3.0,0.0,3.0,2.0,2.0,Not junction,Exact,,2.0,68.0,,,,2
2012,August,Friday,Night,Light,Collision with stopped vehicle,0.0,0.0,2.0,0.0,0.0,2.0,0.0,2.0,2.0,2.0,Not junction,Exact,,2.0,58.0,,,,2
2012,October,Sunday,Night,Light,Front to rear collision,0.0,0.0,1.0,0.0,0.0,1.0,0.0,1.0,2.0,2.0,Not junction,Exact,,2.0,40.0,,,,2
2012,January,Friday,Night,Light,Front to side collision,0.0,0.0,1.0,0.0,0.0,1.0,0.0,1.0,2.0,2.0,Not junction,Exact,,2.0,26.4,,,,2
2012,April,Thursday,Day,Light,Hit an object,0.0,0.0,1.0,0.0,0.0,1.0,0.0,1.0,1.0,1.0,Not junction,Exact,,2.0,38.0,,,,2
2012,September,Wednesday,Night,Light,Side to side collision,0.0,0.0,27.0,0.0,0.0,27.0,0.0,27.0,5.0,5.0,Not junction,Exact,,2.0,37.0,,,,2
2012,August,Thursday,Day,Severe,Side to side collision,0.0,1.0,0.0,0.0,0.0,1.0,0.0,1.0,2.0,2.0,Not junction,Exact,,2.0,57.0,,,,2
2012,November,Sunday,Day,Light,Side to side collision,0.0,0.0,1.0,0.0,0.0,1.0,0.0,1.0,2.0,2.0,Not junction,Exact,,2.0,56.0,,,,2
2012,December,Wednesday,Day,Light,Slip,0.0,0.0,1.0,0.0,0.0,1.0,0.0,1.0,1.0,1.0,Not junction,Exact,,2.0,45.0,,,,2
2012,May,Thursday,Day,Severe,Roll over,0.0,1.0,2.0,0.0,0.0,3.0,0.0,3.0,1.0,1.0,Not junction,Exact,,2.0,74.9,,,,2
2012,April,Friday,Day,Light,Hit an object,0.0,0.0,1.0,0.0,0.0,1.0,0.0,1.0,1.0,1.0,Not junction,Exact,,2.0,39.0,,,,2
2012,February,Friday,Day,Light,Hit an object,0.0,0.0,1.0,0.0,0.0,1.0,0.0,1.0,1.0,1.0,Not junction,Exact,,2.0,55.4,,,,2
2012,February,Monday,Day,Light,Front to side collision,0.0,0.0,1.0,0.0,0.0,1.0,0.0,1.0,2.0,2.0,Not junction,Exact,,2.0,33.0,,,,2
2012,January,Wednesday,Day,Light,Side to side collision,0.0,0.0,4.0,0.0,0.0,4.0,0.0,4.0,3.0,3.0,Not junction,Exact,,2.0,62.0,,,,2
2012,January,Thursday,Day,Light,Front to rear collision,0.0,0.0,1.0,0.0,0.0,1.0,0.0,1.0,3.0,3.0,Not junction,Exact,,2.0,40.0,,,,2
2012,February,Tuesday,Day,Light,Slip,0.0,0.0,1.0,0.0,0.0,1.0,0.0,1.0,2.0,2.0,Not junction,Exact,,2.0,32.0,,,,2
2012,March,Sunday,Day,Light,Hit an object,0.0,0.0,1.0,0.0,0.0,1.0,0.0,1.0,1.0,1.0,Not junction,Exact,,2.0,40.0,,,,2
2012,January,Friday,Day,Light,Hit an object,0.0,0.0,2.0,0.0,0.0,2.0,0.0,2.0,1.0,1.0,Not junction,Exact,,2.0,61.0,,,,2
2012,January,Friday,Day,Light,Roll over,0.0,0.0,1.0,0.0,0.0,1.0,0.0,1.0,1.0,1.0,Not junction,Exact,,2.0,61.0,,,,2
2012,January,Friday,Day,Light,Slip,0.0,0.0,2.0,0.0,0.0,2.0,0.0,2.0,1.0,1.0,Not junction,Exact,,2.0,40.0,,,,2
2012,April,Friday,Day,Light,Hit an object,0.0,0.0,1.0,0.0,0.0,1.0,0.0,1.0,1.0,1.0,Not junction,Exact,,2.0,40.0,,,,2
2012,January,Thursday,Day,Light,Side to side collision,0.0,0.0,1.0,0.0,0.0,0.0,1.0,1.0,2.0,2.0,Not junction,Exact,,2.0,44.0,,,,2
2012,April,Thursday,Day,Light,Hit an object,0.0,0.0,1.0,0.0,1.0,0.0,0.0,1.0,1.0,1.0,Not junction,Exact,,2.0,63.0,,,,2
2012,March,Saturday,Day,Light,Hit an object,0.0,0.0,1.0,0.0,0.0,1.0,0.0,1.0,1.0,1.0,Not junction,Exact,,2.0,50.0,,,,2
2012,July,Monday,Day,Fatal,Pedestrian,1.0,0.0,0.0,1.0,0.0,0.0,0.0,1.0,1.0,1.0,Not junction,Exact,,2.0,24.0,,,,2
2012,July,Thursday,Day,Light,Slip,0.0,0.0,1.0,0.0,0.0,1.0,0.0,1.0,1.0,1.0,Not junction,Exact,,2.0,29.0,,,,2
2012,May,Thursday,Day,Light,Slip,0.0,0.0,1.0,0.0,0.0,1.0,0.0,1.0,1.0,1.0,Not junction,Exact,,2.0,33.0,,,,2
2012,August,Monday,Day,Severe,Hit an object,0.0,1.0,0.0,0.0,0.0,0.0,1.0,1.0,1.0,1.0,Not junction,Exact,,2.0,74.0,,,,2
2012,April,Tuesday,Day,Light,Front to side collision,0.0,0.0,1.0,0.0,0.0,1.0,0.0,1.0,2.0,2.0,Not junction,Exact,,2.0,40.0,,,,2
2012,December,Monday,Day,Light,Front to rear collision,0.0,0.0,11.0,0.0,6.0,5.0,0.0,11.0,4.0,4.0,Not junction,Exact,,2.0,46.0,,,,2
2012,June,Monday,Day,Light,Roll over,0.0,0.0,1.0,0.0,0.0,1.0,0.0,1.0,1.0,1.0,Not junction,Exact,,2.0,61.0,,,,2
2012,March,Thursday,Day,Light,Front to side collision,0.0,0.0,1.0,0.0,0.0,1.0,0.0,1.0,2.0,2.0,Not junction,Exact,,2.0,33.0,,,,2
2012,April,Wednesday,Day,Light,Front to rear collision,0.0,0.0,1.0,0.0,0.0,1.0,0.0,1.0,2.0,2.0,Not junction,Exact,,2.0,50.7,,,,2
2012,September,Monday,Day,Light,Hit an object,0.0,0.0,1.0,0.0,0.0,1.0,0.0,1.0,1.0,1.0,Not junction,Exact,,2.0,57.0,,,,2
2012,February,Sunday,Day,Light,Front to rear collision,0.0,0.0,2.0,0.0,0.0,2.0,0.0,2.0,5.0,5.0,Not junction,Exact,,2.0,24.0,,,,2
2012,March,Sunday,Day,Light,Side to side collision,0.0,0.0,2.0,0.0,1.0,1.0,0.0,2.0,2.0,2.0,Not junction,Exact,,2.0,43.0,,,,2
2012,July,Friday,Day,Light,Side to side collision,0.0,0.0,1.0,0.0,0.0,1.0,0.0,1.0,2.0,2.0,Not junction,Exact,,2.0,52.0,,,,2
2012,November,Thursday,Day,Light,Side to side collision,0.0,0.0,1.0,0.0,0.0,1.0,0.0,1.0,2.0,2.0,Not junction,Exact,,2.0,33.0,,,,2
2012,October,Thursday,Day,Light,Hit an object,0.0,0.0,1.0,0.0,0.0,1.0,0.0,1.0,1.0,1.0,Not junction,Exact,,2.0,50.0,,,,2
2012,December,Friday,Day,Light,Front to rear collision,0.0,0.0,1.0,0.0,0.0,1.0,0.0,1.0,2.0,2.0,Not junction,Exact,,2.0,51.0,,,,2
2012,August,Saturday,Day,Fatal,Hit an object,1.0,0.0,0.0,0.0,0.0,1.0,0.0,1.0,1.0,1.0,Not junction,Exact,,2.0,47.2,,,,2
2012,July,Sunday,Day,Light,Front to side collision,0.0,0.0,3.0,0.0,0.0,3.0,0.0,3.0,4.0,4.0,Not junction,Exact,,2.0,45.0,,,,2
2012,March,Tuesday,Day,Light,Side to side collision,0.0,0.0,1.0,0.0,0.0,1.0,0.0,1.0,2.0,2.0,Not junction,Exact,,2.0,22.0,,,,2
2012,March,Friday,Day,Light,Side to side collision,0.0,0.0,1.0,0.0,1.0,0.0,0.0,1.0,2.0,2.0,Not junction,Exact,,2.0,44.0,,,,2
2012,May,Monday,Day,Light,Front to side collision,0.0,0.0,1.0,0.0,0.0,1.0,0.0,1.0,2.0,2.0,Not junction,Exact,,2.0,34.6,,,,2
2012,December,Tuesday,Night,Light,Front to rear collision,0.0,0.0,1.0,0.0,0.0,1.0,0.0,1.0,2.0,2.0,Not junction,Exact,,2.0,41.0,,,,2
2012,December,Tuesday,Night,Light,Front to rear collision,0.0,0.0,1.0,0.0,0.0,1.0,0.0,1.0,2.0,2.0,Not junction,Exact,,2.0,40.0,,,,2
2012,February,Saturday,Night,Light,Side to side collision,0.0,0.0,1.0,0.0,0.0,1.0,0.0,1.0,2.0,2.0,Not junction,Exact,,2.0,22.0,,,,2
2012,June,Thursday,Day,Light,Front end collision,0.0,0.0,1.0,0.0,0.0,1.0,0.0,1.0,2.0,2.0,Not junction,Exact,,2.0,33.0,,,,2
2012,August,Wednesday,Day,Light,Other,0.0,0.0,1.0,0.0,0.0,1.0,0.0,1.0,1.0,1.0,Not junction,Exact,,2.0,42.0,,,,2
2012,April,Tuesday,Night,Light,Front to rear collision,0.0,0.0,4.0,0.0,0.0,4.0,0.0,4.0,2.0,2.0,Not junction,Exact,,2.0,72.0,,,,2