year,month,day_of_week,day_night,accident_severity,accident_type,killed,severly_injured,lightly_injured,injured_pedestrians,casualties_ages_0-19,casualties_ages_20-64,casualties_ages_65_plus,total_casualties,vehicle_count,drivers,road_type,localization_quality,settlement,road1,location,road2,road3,road4,source_road
2012,September,Saturday,Night,Light,Side to side collision,0.0,0.0,2.0,0.0,0.0,2.0,0.0,2.0,2.0,2.0,Not junction,Exact,,2.0,62.0,,,,2
2012,January,Tuesday,Night,Fatal,Pedestrian,1.0,0.0,0.0,1.0,0.0,1.0,0.0,1.0,1.0,1.0,Not junction,Exact,,2.0,30.5,,,,2
2012,May,Wednesday,Night,Light,Front to rear collision,0.0,0.0,6.0,0.0,1.0,5.0,0.0,6.0,2.0,2.0,Not junction,Exact,,2.0,58.0,,,,2
2012,August,Sunday,Night,Light,Side to side collision,0.0,0.0,1.0,0.0,0.0,1.0,0.0,1.0,2.0,2.0,Not junction,Exact,,2.0,57.5,,,,2
2012,November,Tuesday,Night,Light,Hit an object,0.0,0.0,1.0,0.0,0.0,1.0,0.0,1.0,1.0,1.0,Not junction,Exact,,2.0,86.2,,,,2
2012,May,Wednesday,Night,Severe,Hit an object,0.0,1.0,1.0,0.0,0.0,2.0,0.0,2.0,2.0,2.0,Not junction,Exact,,2.0,90.0,,,,2
2012,May,Wednesday,Night,Light,Side to side collision,0.0,0.0,1.0,0.0,0.0,1.0,0.0,1.0,2.0,2.0,Not junction,Exact,,2.0,33.0,,,,2
2012,October,Monday,Night,Light,Hit an object,0.0,0.0,2.0,0.0,0.0,0.0,2.0,2.0,1.0,1.0,Not junction,Exact,,2.0,88.0,,,,2
2012,April,Sunday,Night,Light,Roll over,0.0,0.0,2.0,0.0,2.0,0.0,0.0,2.0,1.0,1.0,Not junction,Exact,,2.0,56.0,,,,2
2012,February,Saturday,Night,Severe,Hit an object,0.0,1.0,10.0,0.0,2.0,8.0,0.0,11.0,3.0,3.0,Not junction,Exact,,2.0,85.0,,,,2
2012,June,Saturday,Night,Severe,Pedestrian,0.0,1.0,0.0,1.0,0.0,1.0,0.0,1.0,1.0,1.0,Not junction,Exact,,2.0,69.0,,,,2
2013,February,Tuesday,Day,Light,Hit an object,0.0,0.0,2.0,0.0,0.0,0.0,2.0,2.0,1.0,1.0,Junction,Exact,,2.0,,67.0,,,2
2013,April,Friday,Day,Severe,Roll over,0.0,1.0,0.0,0.0,0.0,1.0,0.0,1.0,1.0,1.0,Junction,Exact,,2.0,,67.0,,,2
2013,August,Saturday,Day,Light,Front to side collision,0.0,0.0,1.0,0.0,0.0,1.0,0.0,1.0,2.0,2.0,Junction,Exact,,2.0,,541.0,,,2
2013,July,Friday,Day,Severe,Front to side collision,0.0,1.0,1.0,0.0,0.0,1.0,1.0,2.0,2.0,2.0,Junction,Exact,,7011.0,,2.0,,,2
2013,June,Tuesday,Day,Light,Pedestrian,0.0,0.0,1.0,1.0,0.0,1.0,0.0,1.0,1.0,1.0,Junction,Exact,,2.0,,541.0,,,2
2013,May,Friday,Day,Light,Front to side collision,0.0,0.0,1.0,0.0,0.0,1.0,0.0,1.0,2.0,2.0,Junction,Exact,,2.0,,65.0,,,2
2013,January,Saturday,Day,Light,Other,0.0,0.0,1.0,0.0,0.0,1.0,0.0,1.0,1.0,1.0,Junction,Exact,,2.0,,553.0,,,2
2013,April,Tuesday,Day,Light,Front to side collision,0.0,0.0,1.0,0.0,0.0,1.0,0.0,1.0,2.0,2.0,Junction,Exact,,2.0,,57.0,,,2
2013,September,Friday,Day,Light,Front to side collision,0.0,0.0,1.0,0.0,0.0,0.0,1.0,1.0,2.0,2.0,Junction,Exact,,2.0,,541.0,,,2
2013,September,Monday,Day,Light,Front to side collision,0.0,0.0,3.0,0.0,1.0,2.0,0.0,3.0,2.0,2.0,Junction,Exact,,2.0,,541.0,,,2
2013,April,Sunday,Day,Light,Front to side collision,0.0,0.0,1.0,0.0,0.0,1.0,0.0,1.0,3.0,3.0,Junction,Exact,,2.0,,541.0,,,2
2013,December,Friday,Night,Light,Hit an object,0.0,0.0,1.0,0.0,0.0,1.0,0.0,1.0,1.0,1.0,Junction,Exact,,2.0,,57.0,,,2
2013,September,Wednesday,Night,Light,Front to rear collision,0.0,0.0,1.0,0.0,0.0,1.0,0.0,1.0,2.0,2.0,Junction,Exact,,2.0,,541.0,,,2
2013,December,Tuesday,Night,Light,Slip,0.0,0.0,1.0,0.0,0.0,1.0,0.0,1.0,1.0,1.0,Junction,Exact,,2.0,,553.0,,,2
2013,December,Monday,Night,Light,Hit an object,0.0,0.0,1.0,0.0,0.0,1.0,0.0,1.0,1.0,1.0,Junction,Exact,,2.0,,57.0,,,2
2013,January,Thursday,Night,Light,Side to side collision,0.0,0.0,7.0,0.0,0.0,7.0,0.0,7.0,3.0,3.0,Junction,Exact,,2.0,,57.0,,,2
2013,January,Saturday,Night,Light,Front to rear collision,0.0,0.0,3.0,0.0,1.0,2.0,0.0,3.0,3.0,3.0,Junction,Exact,,2.0,,67.0,,,2
2013,August,Saturday,Night,Light,Front to rear collision,0.0,0.0,3.0,0.0,0.0,3.0,0.0,3.0,2.0,2.0,Not junction,Exact,,2.0,59.0,,,,2
2013,February,Monday,Night,Severe,Side to side collision,0.0,1.0,0.0,0.0,0.0,1.0,0.0,1.0,3.0,3.0,Not junction,Exact,,2.0,22.0,,,,2
2013,July,Thursday,Night,Light,Other,0.0,0.0,1.0,0.0,0.0,1.0,0.0,1.0,1.0,1.0,Not junction,Exact,,2.0,46.0,,,,2
2013,December,Saturday,Night,Light,Slip,0.0,0.0,1.0,0.0,1.0,0.0,0.0,1.0,1.0,1.0,Not junction,Exact,,2.0,52.0,,,,2
2013,January,Monday,Night,Light,Front to side collision,0.0,0.0,1.0,0.0,0.0,1.0,0.0,1.0,5.0,5.0,Not junction,Exact,,2.0,32.0,,,,2
2013,September,Thursday,Night,Light,Side to side collision,0.0,0.0,1.0,0.0,0.0,1.0,0.0,1.0,2.0,2.0,Not junction,Exact,,2.0,27.0,,,,2
2013,October,Tuesday,Night,Light,Slip,0.0,0.0,1.0,0.0,0.0,1.0,0.0,1.0,1.0,1.0,Not junction,Exact,,2.0,48.0,,,,2
2013,June,Friday,Night,Light,Front to rear collision,0.0,0.0,6.0,0.0,5.0,1.0,0.0,6.0,2.0,2.0,Not junction,Exact,,2.0,55.0,,,,2
2013,June,Saturday,Night,Light,Hit an object,0.0,0.0,2.0,0.0,0.0,2.0,0.0,2.0,1.0,1.0,Not junction,Exact,,2.0,91.5,,,,2
2013,February,Tuesday,Night,Severe,Collision with stopped vehicle,0.0,1.0,0.0,0.0,0.0,1.0,0.0,1.0,2.0,2.0,Not junction,Exact,,2.0,89.2,,,,2
2013,November,Thursday,Night,Light,Hit an object,0.0,0.0,2.0,0.0,0.0,2.0,0.0,2.0,2.0,2.0,Not junction,Exact,,2.0,40.0,,,,2
2013,February,Friday,Night,Light,Side to side collision,0.0,0.0,1.0,0.0,0.0,1.0,0.0,1.0,2.0,2.0,Not junction,Exact,,2.0,23.0,,,,2
2013,February,Sunday,Night,Light,Front to rear collision,0.0,0.0,5.0,0.0,1.0,4.0,0.0,5.0,3.0,3.0,Not junction,Exact,,2.0,58.6,,,,2
2013,July,Friday,Day,Light,Hit an object,0.0,0.0,3.0,0.0,3.0,0.0,0.0,3.0,1.0,1.0,Not junction,Exact,,2.0,60.0,,,,2
2013,November,Tuesday,Day,Fatal,Side to side collision,1.0,0.0,1.0,0.0,0.0,2.0,0.0,2.0,2.0,2.0,Not junction,Exact,,2.0,64.0,,,,2
2013,May,Monday,Day,Severe,Front to side collision,0.0,1.0,4.0,0.0,0.0,5.0,0.0,5.0,2.0,2.0,Not junction,Exact,,2.0,25.0,,,,2
2013,July,Monday,Day,Light,Roll over,0.0,0.0,4.0,0.0,0.0,4.0,0.0,4.0,1.0,1.0,Not junction,Exact,,2.0,87.0,,,,2
2013,September,Sunday,Day,Severe,Hit a passenger within the vehicle,0.0,1.0,0.0,0.0,0.0,0.0,0.0,1.0,1.0,1.0,Not junction,Exact,,2.0,74.0,,,,2
2013,April,Monday,Day,Light,Hit an object,0.0,0.0,3.0,0.0,3.0,0.0,0.0,3.0,1.0,1.0,Not junction,Exact,,2.0,59.0,,,,2
2013,July,Sunday,Day,Light,Front to side collision,0.0,0.0,1.0,0.0,0.0,1.0,0.0,1.0,2.0,2.0,Not junction,Exact,,2.0,26.0,,,,2
2013,August,Friday,Day,Light,Hit an object,0.0,0.0,4.0,0.0,2.0,2.0,0.0,4.0,1.0,1.0,Not junction,Exact,,2.0,60.0,,,,2
2013,April,Sunday,Day,Light,Roll over,0.0,0.0,1.0,0.0,0.0,1.0,0.0,1.0,1.0,1.0,Not junction,Exact,,2.0,78.0,,,,2
2013,March,Sunday,Day,Light,Front end collision,0.0,0.0,2.0,0.0,0.0,1.0,1.0,2.0,3.0,3.0,Not junction,Exact,,2.0,50.0,,,,2
2013,August,Friday,Day,Light,Front to rear collision,0.0,0.0,6.0,0.0,3.0,3.0,0.0,6.0,2.0,2.0,Not junction,Exact,,2.0,60.5,,,,2
2013,August,Friday,Day,Light,Slip,0.0,0.0,1.0,0.0,0.0,1.0,0.0,1.0,1.0,1.0,Not junction,Exact,,2.0,40.0,,,,2
2013,September,Sunday,Day,Light,Side to side collision,0.0,0.0,1.0,0.0,0.0,1.0,0.0,1.0,2.0,2.0,Not junction,Exact,,2.0,39.0,,,,2
2013,December,Monday,Day,Light,Roll over,0.0,0.0,1.0,0.0,0.0,1.0,0.0,1.0,1.0,1.0,Not junction,Exact,,2.0,64.0,,,,2
2013,January,Friday,Day,Severe,Front to rear collision,0.0,1.0,1.0,0.0,0.0,2.0,0.0,2.0,2.0,2.0,Not junction,Exact,,2.0,45.0,,,,2
2013,March,Friday,Day,Light,Other,0.0,0.0,1.0,0.0,0.0,1.0,0.0,1.0,2.0,2.0,Not junction,Exact,,2.0,51.0,,,,2
2013,March,Saturday,Day,Light,Hit an object,0.0,0.0,1.0,0.0,0.0,1.0,0.0,1.0,2.0,2.0,Not junction,Exact,,2.0,22.0,,,,2
2013,March,Saturday,Day,Light,Side to side collision,0.0,0.0,2.0,0.0,0.0,2.0,0.0,2.0,3.0,3.0,Not junction,Exact,,2.0,45.0,,,,2
2013,November,Friday,Day,Severe,Front to rear collision,0.0,1.0,4.0,0.0,0.0,5.0,0.0,5.0,2.0,2.0,Not junction,Exact,,2.0,91.0,,,,2
2013,July,Sunday,Day,Severe,Side to side collision,0.0,1.0,0.0,0.0,0.0,0.0,1.0,1.0,2.0,2.0,Not junction,Exact,,2.0,22.0,,,,2
2013,November,Saturday,Day,Light,Hit an object,0.0,0.0,1.0,0.0,0.0,1.0,0.0,1.0,1.0,1.0,Not junction,Exact,,2.0,80.4,,,,2
2013,July,Saturday,Day,Light,Slip,0.0,0.0,1.0,0.0,0.0,1.0,0.0,1.0,1.0,1.0,Not junction,Exact,,2.0,37.5,,,,2
2013,September,Tuesday,Day,Light,Slip,0.0,0.0,1.0,0.0,0.0,1.0,0.0,1.0,1.0,1.0,Not junction,Exact,,2.0,37.0,,,,2
2013,March,Sunday,Day,Light,Front to side collision,0.0,0.0,1.0,0.0,0.0,0.0,1.0,1.0,2.0,2.0,Not junction,Exact,,2.0,48.0,,,,2
2013,January,Sunday,Day,Severe,Front to rear collision,0.0,1.0,0.0,0.0,0.0,1.0,0.0,1.0,2.0,2.0,Not junction,Exact,,2.0,30.0,,,,2
2013,May,Wednesday,Day,Light,Slip,0.0,0.0,1.0,0.0,0.0,1.0,0.0,1.0,1.0,1.0,Not junction,Exact,,2.0,41.0,,,,2
2013,March,Sunday,Day,Light,Front to rear collision,0.0,0.0,3.0,0.0,0.0,3.0,0.0,3.0,3.0,3.0,Not junction,Exact,,2.0,58.0,,,,2
2013,July,Sunday,Day,Light,Side to side collision,0.0,0.0,1.0,0.0,0.0,1.0,0.0,1.0,2.0,2.0,Not junction,Exact,,2.0,22.0,,,,2
2013,February,Monday,Day,Light,Hit an object,0.0,0.0,5.0,0.0,0.0,5.0,0.0,5.0,2.0,2.0,Not junction,Exact,,2.0,56.0,,,,2
2013,July,Wednesday,Day,Light,Front to side collision,0.0,0.0,1.0,0.0,0.0,1.0,0.0,1.0,3.0,3.0,Not junction,Exact,,2.0,51.0,,,,2
2013,March,Sunday,Day,Light,Front to rear collision,0.0,0.0,1.0,0.0,0.0,0.0,1.0,1.0,2.0,2.0,Not junction,Exact,,2.0,40.0,,,,2
2013,October,Friday,Day,Light,Front to rear collision,0.0,0.0,12.0,0.0,1.0,11.0,0.0,12.0,4.0,4.0,Not junction,Exact,,2.0,68.0,,,,2
2013,December,Thursday,Night,Light,Front to rear collision,0.0,0.0,4.0,0.0,0.0,4.0,0.0,4.0,3.0,3.0,Not junction,Exact,,2.0,22.0,,,,2
2013,June,Wednesday,Day,Light,Hit an object,0.0,0.0,2.0,0.0,0.0,1.0,1.0,2.0,1.0,1.0,Not junction,Exact,,2.0,68.0,,,,2
2013,June,Monday,Day,Severe,Front to rear collision,0.0,1.0,0.0,0.0,0.0,1.0,0.0,1.0,2.0,2.0,Not junction,Exact,,2.0,41.0,,,,2
2013,July,Thursday,Day,Light,Front to rear collision,0.0,0.0,3.0,0.0,0.0,3.0,0.0,3.0,3.0,3.0,Not junction,Exact,,2.0,35.0,,,,2
2013,November,Friday,Night,Light,Front to rear collision,0.0,0.0,2.0,0.0,0.0,2.0,0.0,2.0,2.0,2.0,Not junction,Exact,,2.0,68.0,,,,2
2013,June,Saturday,Day,Light,Front to side collision,0.0,0.0,5.0,0.0,1.0,4.0,0.0,5.0,2.0,2.0,Not junction,Exact,,2.0,22.0,,,,2
2013,April,Wednesday,Night,Light,Hit an object,0.0,0.0,2.0,0.0,0.0,2.0,0.0,2.0,1.0,1.0,Not junction,Exact,,2.0,43.8,,,,2
2013,October,Thursday,Night,Light,Front to side collision,0.0,0.0,2.0,0.0,1.0,1.0,0.0,2.0,2.0,2.0,Not junction,Exact,,2.0,27.0,,,,2
2013,April,Tuesday,Night,Light,Hit an object,0.0,0.0,1.0,0.0,0.0,1.0,0.0,1.0,1.0,1.0,Not junction,Exact,,2.0,68.0,,,,2
2013,February,Sunday,Night,Light,Roll over,0.0,0.0,1.0,0.0,0.0,1.0,0.0,1.0,1.0,1.0,Not junction,Exact,,2.0,94.0,,,,2
2013,September,Sunday,Night,Severe,Hit an object,0.0,1.0,0.0,0.0,0.0,1.0,0.0,1.0,1.0,1.0,Not junction,Exact,,2.0,36.0,,,,2
2013,September,Sunday,Night,Light,Front to rear collision,0.0,0.0,1.0,0.0,0.0,1.0,0.0,1.0,3.0,3.0,Not junction,Exact,,2.0,70.0,,,,2
2013,September,Wednesday,Night,Light,Collision with stopped vehicle,0.0,0.0,1.0,0.0,0.0,1.0,0.0,1.0,2.0,2.0,Not junction,Exact,,2.0,67.0,,,,2
2013,February,Saturday,Night,Light,Collision with stopped vehicle,0.0,0.0,5.0,0.0,1.0,4.0,0.0,5.0,3.0,3.0,Not junction,Exact,,2.0,59.0,,,,2
2013,May,Tuesday,Night,Severe,Side to side collision,0.0,1.0,0.0,0.0,0.0,1.0,0.0,1.0,2.0,2.0,Not junction,Exact,,2.0,22.0,,,,2
2013,November,Friday,Night,Light,Hit an object,0.0,0.0,1.0,0.0,0.0,1.0,0.0,1.0,1.0,1.0,Not junction,Exact,,2.0,67.0,,,,2
2014,January,Wednesday,Night,Light,Side to side collision,0.0,0.0,2.0,0.0,0.0,2.0,0.0,2.0,2.0,2.0,Junction,Exact,,2.0,,,,,2
2014,January,Tuesday,Night,Light,Front to side collision,0.0,0.0,2.0,0.0,0.0,2.0,0.0,2.0,2.0,2.0,Junction,Exact,,2.0,,65.0,,,2
2014,March,Saturday,Day,Severe,Front to rear collision,0.0,1.0,0.0,0.0,0.0,1.0,0.0,1.0,2.0,2.0,Junction,Exact,,2.0,,5611.0,,,2
2014,March,Saturday,Day,Light,Front to rear collision,0.0,0.0,5.0,0.0,3.0,2.0,0.0,5.0,8.0,8.0,Junction,Exact,,2.0,,5720.0,,,2
2014,April,Saturday,Day,Light,Side to side collision,0.0,0.0,1.0,0.0,0.0,1.0,0.0,1.0,2.0,2.0,Junction,Exact,,2.0,,5611.0,,,2
2014,February,Friday,Day,Severe,Roll over,0.0,1.0,2.0,0.0,0.0,3.0,0.0,3.0,1.0,1.0,Junction,Exact,,2.0,,,,,2
2014,February,Thursday,Night,Light,Front to rear collision,0.0,0.0,2.0,0.0,0.0,2.0,0.0,2.0,3.0,3.0,Junction,Exact,,2.0,,,,,2
2014,March,Wednesday,Night,Light,Front to side collision,0.0,0.0,1.0,0.0,0.0,1.0,0.0,1.0,2.0,2.0,Junction,Exact,,2.0,,553.0,,,2
2014,April,Monday,Night,Fatal,Pedestrian,1.0,0.0,0.0,1.0,0.0,0.0,1.0,1.0,1.0,1.0,Junction,Exact,,2.0,,65.0,,,2
2014,May,Friday,Night,Light,Front to side collision,0.0,0.0,1.0,0.0,0.0,1.0,0.0,1.0,2.0,2.0,Junction,Exact,,2.0,,,,,2
2014,October,Monday,Night,Severe,Pedestrian,0.0,1.0,1.0,1.0,0.0,2.0,0.0,2.0,1.0,1.0,Junction,Exact,,2.0,,57.0,,,2
2014,June,Tuesday,Day,Light,Front to side collision,0.0,0.0,2.0,0.0,0.0,2.0,0.0,2.0,2.0,2.0,Junction,Exact,,2.0,,721.0,7110.0,,2
2014,October,Sunday,Night,Light,Front to side collision,0.0,0.0,2.0,0.0,0.0,2.0,0.0,2.0,2.0,2.0,Junction,Exact,,2.0,,541.0,,,2
2014,August,Sunday,Day,Light,Front to side collision,0.0,0.0,2.0,0.0,0.0,2.0,0.0,2.0,2.0,2.0,Junction,Exact,,2.0,,57.0,,,2
2014,November,Friday,Night,Light,Front to rear collision,0.0,0.0,1.0,0.0,0.0,1.0,0.0,1.0,2.0,2.0,Junction,Exact,,2.0,,65.0,,,2
2014,September,Saturday,Day,Light,Front to side collision,0.0,0.0,3.0,0.0,0.0,3.0,0.0,3.0,2.0,2.0,Junction,Exact,,2.0,,721.0,7110.0,,2
2014,August,Friday,Day,Severe,Hit an object,0.0,1.0,0.0,0.0,0.0,0.0,1.0,1.0,1.0,1.0,Junction,Exact,,2.0,,65.0,,,2
2014,September,Thursday,Night,Light,Front to rear collision,0.0,0.0,3.0,0.0,0.0,2.0,1.0,3.0,2.0,2.0,Junction,Exact,,2.0,,65.0,,,2
2014,July,Tuesday,Day,Light,Hit an object,0.0,0.0,1.0,0.0,0.0,0.0,1.0,1.0,1.0,1.0,Junction,Exact,,2.0,,67.0,,,2
2014,September,Saturday,Day,Light,Side to side collision,0.0,0.0,8.0,0.0,4.0,4.0,0.0,8.0,3.0,3.0,Junction,Exact,,2.0,,541.0,,,2
2014,August,Sunday,Day,Light,Front to side collision,0.0,0.0,1.0,0.0,0.0,1.0,0.0,1.0,2.0,2.0,Junction,Exact,,2.0,,721.0,7110.0,,2
2014,March,Friday,Night,Light,Pedestrian,0.0,0.0,1.0,1.0,0.0,1.0,0.0,1.0,1.0,1.0,Not junction,Exact,,2.0,32.0,,,,2
2014,April,Saturday,Night,Light,Hit an object,0.0,0.0,2.0,0.0,0.0,2.0,0.0,2.0,1.0,1.0,Not junction,Exact,,2.0,95.0,,,,2
2014,January,Sunday,Night,Light,Front to rear collision,0.0,0.0,3.0,0.0,0.0,3.0,0.0,3.0,2.0,2.0,Not junction,Exact,,2.0,97.0,,,,2
2014,February,Sunday,Night,Fatal,Pedestrian,1.0,0.0,0.0,1.0,0.0,1.0,0.0,1.0,1.0,1.0,Not junction,Exact,,2.0,24.0,,,,2
2014,January,Tuesday,Day,Light,Front to rear collision,0.0,0.0,5.0,0.0,0.0,5.0,0.0,5.0,3.0,3.0,Not junction,Exact,,2.0,22.0,,,,2
2014,April,Sunday,Day,Light,Front to rear collision,0.0,0.0,6.0,0.0,3.0,3.0,0.0,6.0,2.0,2.0,Not junction,Exact,,2.0,40.0,,,,2
2014,February,Tuesday,Day,Severe,Front to rear collision,0.0,1.0,0.0,0.0,0.0,0.0,1.0,1.0,2.0,2.0,Not junction,Exact,,2.0,43.0,,,,2
2014,April,Thursday,Day,Severe,Front to side collision,0.0,1.0,0.0,0.0,0.0,1.0,0.0,1.0,2.0,2.0,Not junction,Exact,,2.0,80.0,,,,2
2014,January,Monday,Day,Light,Front to side collision,0.0,0.0,1.0,0.0,0.0,1.0,0.0,1.0,2.0,2.0,Not junction,Exact,,2.0,42.0,,,,2
2014,April,Wednesday,Day,Fatal,Pedestrian,1.0,0.0,0.0,1.0,0.0,0.0,1.0,1.0,1.0,1.0,Not junction,Exact,,2.0,31.0,,,,2
2014,January,Sunday,Day,Light,Front to side collision,0.0,0.0,1.0,0.0,1.0,0.0,0.0,1.0,2.0,2.0,Not junction,Exact,,2.0,62.5,,,,2
2014,April,Sunday,Day,Light,Front to rear collision,0.0,0.0,2.0,0.0,0.0,2.0,0.0,2.0,2.0,2.0,Not junction,Exact,,2.0,28.0,,,,2
2014,January,Monday,Day,Light,Side to side collision,0.0,0.0,1.0,0.0,0.0,1.0,0.0,1.0,2.0,2.0,Not junction,Exact,,2.0,57.0,,,,2
2014,January,Sunday,Day,Fatal,Pedestrian,1.0,0.0,1.0,1.0,0.0,1.0,1.0,2.0,1.0,1.0,Not junction,Exact,,2.0,53.8,,,,2
2014,January,Sunday,Day,Light,Front to rear collision,0.0,0.0,3.0,0.0,0.0,3.0,0.0,3.0,3.0,3.0,Not junction,Exact,,2.0,63.0,,,,2
2014,April,Friday,Day,Severe,Side to side collision,0.0,1.0,1.0,1.0,1.0,1.0,0.0,2.0,2.0,2.0,Not junction,Exact,,2.0,24.0,,,,2
2014,January,Thursday,Night,Severe,Side to side collision,0.0,1.0,0.0,0.0,0.0,1.0,0.0,1.0,2.0,2.0,Not junction,Exact,,2.0,30.0,,,,2
2014,January,Monday,Night,Light,Front to side collision,0.0,0.0,6.0,0.0,0.0,6.0,0.0,6.0,3.0,3.0,Not junction,Exact,,2.0,35.0,,,,2
2014,March,Saturday,Night,Light,Front to rear collision,0.0,0.0,7.0,0.0,4.0,3.0,0.0,7.0,4.0,4.0,Not junction,Exact,,2.0,37.1,,,,2
2014,March,Tuesday,Night,Light,Side to side collision,0.0,0.0,1.0,0.0,0.0,1.0,0.0,1.0,2.0,2.0,Not junction,Exact,,2.0,52.0,,,,2
2014,January,Thursday,Night,Light,Front to rear collision,0.0,0.0,7.0,0.0,0.0,7.0,0.0,7.0,2.0,2.0,Not junction,Exact,,2.0,75.0,,,,2
2014,March,Thursday,Night,Light,Side to side collision,0.0,0.0,2.0,0.0,0.0,2.0,0.0,2.0,2.0,2.0,Not junction,Exact,,2.0,24.0,,,,2
2014,January,Thursday,Night,Light,Hit an object,0.0,0.0,1.0,0.0,0.0,1.0,0.0,1.0,1.0,1.0,Not junction,Exact,,2.0,35.0,,,,2
2014,February,Sunday,Night,Light,Drive off road or on paveway,0.0,0.0,1.0,0.0,0.0,1.0,0.0,1.0,1.0,1.0,Not junction,Exact,,2.0,73.7,,,,2
2014,April,Friday,Night,Light,Front to rear collision,0.0,0.0,4.0,0.0,0.0,4.0,0.0,4.0,3.0,3.0,Not junction,Exact,,2.0,91.0,,,,2
2014,February,Monday,Night,Light,Front to rear collision,0.0,0.0,3.0,0.0,0.0,3.0,0.0,3.0,5.0,5.0,Not junction,Exact,,2.0,56.0,,,,2
2014,October,Thursday,Night,Light,Front to rear collision,0.0,0.0,2.0,0.0,0.0,1.0,1.0,2.0,2.0,2.0,Not junction,Exact,,2.0,43.0,,,,2
2014,September,Sunday,Day,Light,Hit an object,0.0,0.0,2.0,0.0,1.0,1.0,0.0,2.0,1.0,1.0,Not junction,Exact,,2.0,72.0,,,,2
2014,June,Sunday,Night,Light,Front to rear collision,0.0,0.0,4.0,0.0,1.0,3.0,0.0,4.0,2.0,2.0,Not junction,Exact,,2.0,64.3,,,,2
2014,April,Monday,Night,Light,Side to side collision,0.0,0.0,1.0,0.0,0.0,1.0,0.0,1.0,2.0,2.0,Not junction,Exact,,2.0,42.0,,,,2
2014,June,Thursday,Night,Light,Front end collision,0.0,0.0,2.0,0.0,0.0,2.0,0.0,2.0,3.0,3.0,Not junction,Exact,,2.0,54.5,,,,2
2014,July,Tuesday,Night,Fatal,Pedestrian,1.0,0.0,0.0,1.0,0.0,1.0,0.0,1.0,1.0,1.0,Not junction,Exact,,2.0,34.6,,,,2
2014,November,Monday,Night,Light,Roll over,0.0,0.0,2.0,0.0,0.0,1.0,0.0,2.0,2.0,2.0,Not junction,Exact,,2.0,59.0,,,,2
2014,June,Monday,Day,Light,Drive off road or on paveway,0.0,0.0,3.0,0.0,1.0,2.0,0.0,3.0,1.0,1.0,Not junction,Exact,,2.0,62.0,,,,2
2014,June,Monday,Night,Light,Hit an object,0.0,0.0,1.0,0.0,0.0,1.0,0.0,1.0,1.0,1.0,Not junction,Exact,,2.0,74.0,,,,2
2014,May,Tuesday,Day,Severe,Front to rear collision,0.0,1.0,0.0,0.0,0.0,0.0,1.0,1.0,2.0,2.0,Not junction,Exact,,2.0,38.0,,,,2
2014,October,Thursday,Night,Fatal,Pedestrian,1.0,0.0,2.0,1.0,0.0,3.0,0.0,3.0,1.0,1.0,Not junction,Exact,,2.0,58.7,,,,2
2014,October,Friday,Day,Light,Front to rear collision,0.0,0.0,6.0,0.0,0.0,6.0,0.0,6.0,2.0,2.0,Not junction,Exact,,2.0,60.0,,,,2
2014,November,Tuesday,Night,Severe,Front to rear collision,0.0,2.0,5.0,0.0,2.0,2.0,3.0,7.0,4.0,4.0,Not junction,Exact,,2.0,33.0,,,,2
2014,November,Tuesday,Day,Severe,Side to side collision,0.0,1.0,1.0,0.0,0.0,2.0,0.0,2.0,3.0,3.0,Not junction,Exact,,2.0,22.5,,,,2
2014,August,Friday,Day,Light,Front to rear collision,0.0,0.0,5.0,0.0,3.0,2.0,0.0,5.0,3.0,3.0,Not junction,Exact,,2.0,25.0,,,,2
2014,December,Saturday,Day,Severe,Hit an object,0.0,1.0,0.0,0.0,0.0,1.0,0.0,1.0,1.0,1.0,Not junction,Exact,,2.0,30.0,,,,2
2014,June,Thursday,Night,Light,Front to rear collision,0.0,0.0,5.0,0.0,0.0,5.0,0.0,5.0,2.0,2.0,Not junction,Exact,,2.0,80.4,,,,2
2014,August,Tuesday,Night,Light,Other,0.0,0.0,1.0,0.0,0.0,1.0,0.0,1.0,1.0,1.0,Not junction,Exact,,2.0,78.0,,,,2
2014,December,Friday,Night,Light,Side to side collision,0.0,0.0,1.0,0.0,0.0,0.0,0.0,1.0,2.0,2.0,Not junction,Exact,,2.0,24.0,,,,2
2014,December,Friday,Night,Light,Side to side collision,0.0,0.0,2.0,0.0,0.0,2.0,0.0,2.0,2.0,2.0,Not junction,Exact,,2.0,60.0,,,,2
2014,November,Wednesday,Night,Severe,Pedestrian,0.0,1.0,1.0,1.0,2.0,0.0,0.0,2.0,1.0,1.0,Not junction,Exact,,2.0,66.0,,,,2
2014,October,Tuesday,Day,Light,Front to rear collision,0.0,0.0,1.0,0.0,1.0,0.0,0.0,1.0,3.0,3.0,Not junction,Exact,,2.0,82.0,,,,2
2014,June,Tuesday,Day,Light,Front to rear collision,0.0,0.0,1.0,0.0,0.0,1.0,0.0,1.0,2.0,2.0,Not junction,Exact,,2.0,52.0,,,,2
2014,August,Saturday,Day,Severe,Roll over,0.0,1.0,2.0,0.0,0.0,1.0,2.0,3.0,1.0,1.0,Not junction,Exact,,2.0,42.0,,,,2
2014,December,Sunday,Day,Severe,Front to rear collision,0.0,1.0,0.0,0.0,0.0,1.0,0.0,1.0,3.0,3.0,Not junction,Exact,,2.0,40.0,,,,2
2014,May,Tuesday,Night,Severe,Hit a passenger within the vehicle,0.0,1.0,0.0,0.0,0.0,1.0,0.0,1.0,1.0,1.0,Not junction,Exact,,2.0,30.0,,,,2
2014,November,Monday,Day,Light,Front to rear collision,0.0,0.0,3.0,0.0,0.0,3.0,0.0,3.0,3.0,3.0,Not junction,Exact,,2.0,57.5,,,,2
2014,September,Saturday,Night,Severe,Front to rear collision,0.0,1.0,2.0,0.0,2.0,1.0,0.0,3.0,3.0,3.0,Not junction,Exact,,2.0,59.0,,,,2