year,month,day_of_week,day_night,accident_severity,accident_type,killed,severly_injured,lightly_injured,injured_pedestrians,casualties_ages_0-19,casualties_ages_20-64,casualties_ages_65_plus,total_casualties,vehicle_count,drivers,road_type,localization_quality,settlement,road1,location,road2,road3,road4,source_road
2005,January,Saturday,Night,Fatal,Front to side collision,1.0,2.0,4.0,0.0,0.0,7.0,0.0,7.0,3.0,3.0,Junction,Exact,,310.0,,40.0,,,40
2005,July,Sunday,Day,Light,Front to rear collision,0.0,0.0,2.0,0.0,1.0,1.0,0.0,2.0,2.0,2.0,Junction,Exact,,40.0,,3444.0,,,40
2005,September,Monday,Night,Light,Front to side collision,0.0,0.0,3.0,0.0,0.0,3.0,0.0,3.0,2.0,2.0,Junction,Exact,,40.0,,60.0,4060.0,,40
2005,March,Thursday,Night,Light,Front to side collision,0.0,0.0,1.0,0.0,0.0,1.0,0.0,1.0,2.0,2.0,Junction,Exact,,310.0,,40.0,,,40
2005,June,Sunday,Day,Light,Hit an object,0.0,0.0,1.0,0.0,0.0,1.0,0.0,1.0,2.0,2.0,Junction,Exact,,40.0,,4301.0,,,40
2005,April,Monday,Night,Light,Front to side collision,0.0,0.0,3.0,0.0,2.0,1.0,0.0,3.0,3.0,3.0,Junction,Exact,,3.0,,40.0,,,40
2005,October,Tuesday,Night,Severe,Front to side collision,0.0,1.0,1.0,0.0,0.0,0.0,2.0,2.0,2.0,2.0,Junction,Exact,,40.0,,443.0,,,40
2005,October,Wednesday,Night,Light,Front to side collision,0.0,0.0,6.0,0.0,2.0,4.0,0.0,6.0,3.0,3.0,Junction,Exact,,5.0,,40.0,,,40
2005,November,Saturday,Night,Light,Front to side collision,0.0,0.0,1.0,0.0,0.0,1.0,0.0,1.0,2.0,2.0,Junction,Exact,,40.0,,434.0,,,40
2005,December,Thursday,Night,Light,Front to side collision,0.0,0.0,1.0,0.0,0.0,1.0,0.0,1.0,2.0,2.0,Junction,Exact,,40.0,,412.0,,,40
2005,May,Thursday,Night,Severe,Pedestrian,0.0,1.0,1.0,1.0,0.0,1.0,1.0,2.0,1.0,1.0,Junction,Exact,,40.0,,412.0,,,40
2005,September,Monday,Night,Light,Front to side collision,0.0,0.0,3.0,0.0,0.0,2.0,1.0,3.0,2.0,2.0,Junction,Exact,,40.0,,406.0,,,40
2005,January,Sunday,Night,Light,Front to side collision,0.0,0.0,3.0,0.0,0.0,3.0,0.0,3.0,2.0,2.0,Junction,Exact,,40.0,,4623.0,,,40
2005,April,Friday,Night,Light,Front end collision,0.0,0.0,3.0,0.0,0.0,3.0,0.0,3.0,2.0,2.0,Junction,Exact,,5.0,,40.0,,,40
2005,October,Monday,Night,Light,Front to side collision,0.0,0.0,1.0,0.0,0.0,1.0,0.0,1.0,2.0,2.0,Junction,Exact,,40.0,,,,,40
2005,February,Wednesday,Night,Light,Front to side collision,0.0,0.0,1.0,0.0,0.0,1.0,0.0,1.0,2.0,2.0,Junction,Exact,,40.0,,44.0,,,40
2005,April,Thursday,Night,Light,Front to rear collision,0.0,0.0,2.0,0.0,0.0,2.0,0.0,2.0,3.0,3.0,Junction,Exact,,40.0,,412.0,,,40
2005,May,Thursday,Night,Light,Front to side collision,0.0,0.0,4.0,0.0,2.0,2.0,0.0,4.0,2.0,2.0,Junction,Exact,,1.0,,40.0,,,40
2005,June,Thursday,Night,Light,Front to side collision,0.0,0.0,1.0,0.0,0.0,1.0,0.0,1.0,2.0,2.0,Junction,Exact,,40.0,,60.0,4060.0,,40
2005,May,Monday,Night,Severe,Front to side collision,0.0,1.0,3.0,0.0,0.0,2.0,2.0,4.0,2.0,2.0,Junction,Exact,,5.0,,40.0,,,40
2005,March,Monday,Night,Light,Front to rear collision,0.0,0.0,5.0,0.0,2.0,3.0,0.0,5.0,4.0,4.0,Junction,Exact,,40.0,,44.0,,,40
2005,October,Monday,Night,Light,Front to side collision,0.0,0.0,2.0,0.0,0.0,2.0,0.0,2.0,4.0,4.0,Junction,Exact,,35.0,,40.0,,,40
2005,December,Saturday,Night,Light,Front to side collision,0.0,0.0,4.0,0.0,2.0,2.0,0.0,4.0,2.0,2.0,Junction,Exact,,40.0,,44.0,,,40
2005,October,Sunday,Night,Light,Front to rear collision,0.0,0.0,1.0,0.0,0.0,1.0,0.0,1.0,2.0,2.0,Junction,Exact,,310.0,,40.0,,,40
2005,March,Thursday,Night,Light,Front to side collision,0.0,0.0,3.0,0.0,0.0,3.0,0.0,3.0,2.0,2.0,Junction,Exact,,40.0,,,,,40
2005,April,Wednesday,Night,Light,Front to side collision,0.0,0.0,3.0,0.0,0.0,3.0,0.0,3.0,2.0,2.0,Junction,Exact,,310.0,,40.0,,,40
2005,December,Wednesday,Night,Light,Front to side collision,0.0,0.0,5.0,0.0,0.0,4.0,1.0,5.0,2.0,2.0,Junction,Exact,,40.0,,443.0,,,40
2005,November,Wednesday,Night,Light,Front to side collision,0.0,0.0,3.0,0.0,1.0,2.0,0.0,3.0,2.0,2.0,Junction,Exact,,40.0,,4304.0,,,40
2005,January,Thursday,Night,Light,Front to side collision,0.0,0.0,5.0,0.0,3.0,2.0,0.0,5.0,2.0,2.0,Junction,Exact,,40.0,,,,,40
2005,August,Tuesday,Night,Severe,Front to side collision,0.0,1.0,0.0,0.0,0.0,1.0,0.0,1.0,2.0,2.0,Junction,Exact,,5.0,,40.0,,,40
2005,June,Friday,Night,Light,Front to rear collision,0.0,0.0,1.0,0.0,0.0,1.0,0.0,1.0,2.0,2.0,Junction,Exact,,40.0,,4103.0,,,40
2005,July,Thursday,Night,Severe,Pedestrian,0.0,1.0,1.0,2.0,2.0,0.0,0.0,2.0,1.0,1.0,Junction,Exact,,40.0,,7.0,,,40
2005,June,Tuesday,Night,Light,Front to side collision,0.0,0.0,1.0,0.0,0.0,1.0,0.0,1.0,2.0,2.0,Junction,Exact,,40.0,,,,,40
2005,November,Saturday,Night,Severe,Front to rear collision,0.0,3.0,6.0,0.0,5.0,4.0,0.0,9.0,5.0,5.0,Junction,Exact,,40.0,,4233.0,,,40
2005,January,Wednesday,Night,Light,Front to side collision,0.0,0.0,2.0,0.0,0.0,2.0,0.0,2.0,2.0,2.0,Junction,Exact,,40.0,,483.0,,,40
2005,February,Tuesday,Night,Fatal,Front to side collision,1.0,1.0,1.0,0.0,0.0,3.0,0.0,3.0,2.0,2.0,Junction,Exact,,310.0,,40.0,,,40
2005,January,Wednesday,Night,Severe,Front end collision,0.0,1.0,0.0,0.0,0.0,1.0,0.0,1.0,2.0,2.0,Junction,Exact,,40.0,,434.0,,,40
2005,August,Monday,Night,Light,Front to side collision,0.0,0.0,6.0,0.0,0.0,6.0,0.0,6.0,2.0,2.0,Junction,Exact,,3.0,,40.0,,,40
2005,October,Sunday,Night,Light,Front to side collision,0.0,0.0,1.0,0.0,0.0,1.0,0.0,1.0,2.0,2.0,Junction,Exact,,40.0,,7.0,,,40
2005,November,Saturday,Night,Light,Front to rear collision,0.0,0.0,3.0,0.0,1.0,2.0,0.0,3.0,2.0,2.0,Junction,Exact,,3.0,,40.0,,,40
2005,November,Sunday,Night,Light,Front to side collision,0.0,0.0,2.0,0.0,0.0,2.0,0.0,2.0,2.0,2.0,Junction,Exact,,35.0,,40.0,,,40
2005,June,Thursday,Night,Light,Front to side collision,0.0,0.0,3.0,0.0,1.0,2.0,0.0,3.0,2.0,2.0,Junction,Exact,,35.0,,40.0,,,40
2005,December,Thursday,Night,Light,Front to side collision,0.0,0.0,2.0,0.0,0.0,2.0,0.0,2.0,2.0,2.0,Junction,Exact,,40.0,,60.0,4060.0,,40
2005,January,Friday,Night,Light,Front to side collision,0.0,0.0,4.0,0.0,1.0,3.0,0.0,4.0,2.0,2.0,Junction,Exact,,40.0,,4103.0,,,40
2005,March,Thursday,Night,Light,Front to side collision,0.0,0.0,1.0,0.0,0.0,1.0,0.0,1.0,2.0,2.0,Junction,Exact,,40.0,,483.0,,,40
2005,November,Sunday,Night,Severe,Front to side collision,0.0,1.0,1.0,0.0,0.0,2.0,0.0,2.0,2.0,2.0,Junction,Exact,,1.0,,40.0,,,40
2005,August,Tuesday,Night,Light,Front to side collision,0.0,0.0,1.0,0.0,0.0,1.0,0.0,1.0,2.0,2.0,Junction,Exact,,310.0,,40.0,,,40
2005,April,Friday,Night,Light,Side to side collision,0.0,0.0,1.0,0.0,0.0,1.0,0.0,1.0,2.0,2.0,Junction,Exact,,3.0,,40.0,,,40
2005,July,Monday,Night,Light,Front to side collision,0.0,0.0,5.0,0.0,1.0,4.0,0.0,5.0,2.0,2.0,Junction,Exact,,3.0,,40.0,,,40
2005,August,Tuesday,Night,Light,Front to side collision,0.0,0.0,3.0,0.0,1.0,2.0,0.0,3.0,2.0,2.0,Not junction,Exact,,40.0,224.2,,,,40
2005,December,Sunday,Night,Light,Roll over,0.0,0.0,1.0,0.0,1.0,0.0,0.0,1.0,1.0,1.0,Not junction,Exact,,40.0,291.5,,,,40
2005,June,Saturday,Night,Light,Front to side collision,0.0,0.0,4.0,0.0,1.0,3.0,0.0,4.0,2.0,2.0,Not junction,Exact,,40.0,277.1,,,,40
2005,November,Wednesday,Night,Fatal,Front to side collision,1.0,0.0,1.0,0.0,0.0,2.0,0.0,2.0,2.0,2.0,Not junction,Exact,,40.0,272.6,,,,40
2005,October,Sunday,Night,Light,Pedestrian,0.0,0.0,1.0,1.0,1.0,0.0,0.0,1.0,1.0,1.0,Not junction,Exact,,40.0,268.0,,,,40
2005,April,Friday,Night,Light,Hit an object,0.0,0.0,2.0,0.0,1.0,1.0,0.0,2.0,1.0,1.0,Not junction,Exact,,40.0,203.5,,,,40
2005,December,Saturday,Night,Severe,Roll over,0.0,2.0,2.0,0.0,1.0,3.0,0.0,4.0,1.0,1.0,Not junction,Exact,,40.0,271.1,,,,40
2005,September,Tuesday,Night,Light,Hit an object,0.0,0.0,1.0,0.0,0.0,1.0,0.0,1.0,1.0,1.0,Not junction,Exact,,40.0,192.1,,,,40
2005,January,Sunday,Night,Light,Roll over,0.0,0.0,3.0,0.0,0.0,3.0,0.0,3.0,1.0,1.0,Not junction,Exact,,40.0,243.7,,,,40
2005,September,Friday,Night,Light,Front to rear collision,0.0,0.0,1.0,0.0,0.0,1.0,0.0,1.0,2.0,2.0,Not junction,Exact,,40.0,267.4,,,,40
2005,April,Sunday,Night,Light,Hit an object,0.0,0.0,6.0,0.0,5.0,1.0,0.0,6.0,1.0,1.0,Not junction,Exact,,40.0,254.1,,,,40
2005,January,Friday,Night,Light,Hit an object,0.0,0.0,2.0,0.0,0.0,2.0,0.0,2.0,1.0,1.0,Not junction,Exact,,40.0,265.0,,,,40
2005,June,Monday,Night,Severe,Front to rear collision,0.0,1.0,3.0,0.0,2.0,2.0,0.0,4.0,2.0,2.0,Not junction,Exact,,40.0,190.2,,,,40
2005,September,Friday,Night,Fatal,Front end collision,2.0,2.0,0.0,0.0,0.0,4.0,0.0,4.0,2.0,2.0,Not junction,Exact,,40.0,279.4,,,,40
2005,October,Saturday,Night,Light,Roll over,0.0,0.0,3.0,0.0,0.0,3.0,0.0,3.0,1.0,1.0,Not junction,Exact,,40.0,11.1,,,,40
2005,January,Thursday,Night,Light,Roll over,0.0,0.0,2.0,0.0,1.0,1.0,0.0,2.0,1.0,1.0,Not junction,Exact,,40.0,224.6,,,,40
2005,November,Friday,Night,Severe,Roll over,0.0,1.0,0.0,0.0,0.0,1.0,0.0,1.0,1.0,1.0,Not junction,Exact,,40.0,194.5,,,,40
2005,March,Wednesday,Day,Light,Front to side collision,0.0,0.0,2.0,0.0,0.0,2.0,0.0,2.0,2.0,2.0,Not junction,Exact,,40.0,268.0,,,,40
2005,November,Saturday,Day,Fatal,Front to rear collision,1.0,0.0,0.0,0.0,0.0,1.0,0.0,1.0,2.0,2.0,Not junction,Exact,,40.0,300.1,,,,40
2005,June,Friday,Day,Light,Front to rear collision,0.0,0.0,3.0,0.0,1.0,2.0,0.0,3.0,2.0,2.0,Not junction,Exact,,40.0,260.0,,,,40
2005,January,Friday,Day,Light,Front to side collision,0.0,0.0,1.0,0.0,0.0,1.0,0.0,1.0,2.0,2.0,Not junction,Exact,,40.0,162.9,,,,40
2005,October,Tuesday,Day,Fatal,Roll over,1.0,0.0,3.0,0.0,1.0,3.0,0.0,4.0,1.0,1.0,Not junction,Exact,,40.0,110.1,,,,40
2005,August,Thursday,Day,Fatal,Pedestrian,1.0,0.0,0.0,1.0,0.0,0.0,1.0,1.0,1.0,1.0,Not junction,Exact,,40.0,288.2,,,,40
2005,April,Wednesday,Day,Severe,Drive off road or on paveway,0.0,1.0,1.0,0.0,1.0,1.0,0.0,2.0,1.0,1.0,Not junction,Exact,,40.0,157.1,,,,40
2005,March,Sunday,Day,Light,Front to side collision,0.0,0.0,4.0,0.0,0.0,4.0,0.0,4.0,3.0,3.0,Not junction,Exact,,40.0,189.9,,,,40
2005,September,Friday,Day,Light,Collision with stopped vehicle,0.0,0.0,1.0,0.0,0.0,1.0,0.0,1.0,2.0,2.0,Not junction,Exact,,40.0,288.2,,,,40
2005,April,Thursday,Day,Severe,Pedestrian,0.0,1.0,0.0,1.0,0.0,1.0,0.0,1.0,1.0,1.0,Not junction,Exact,,40.0,216.0,,,,40
2005,May,Monday,Day,Light,Front to rear collision,0.0,0.0,1.0,0.0,0.0,1.0,0.0,1.0,2.0,2.0,Not junction,Exact,,40.0,130.1,,,,40
2005,July,Friday,Day,Severe,Front to side collision,0.0,1.0,57.0,0.0,7.0,43.0,8.0,58.0,2.0,2.0,Not junction,Centered,,40.0,222.0,,,,40
2005,September,Sunday,Day,Fatal,Pedestrian,1.0,0.0,5.0,1.0,2.0,4.0,0.0,6.0,3.0,3.0,Not junction,Exact,,40.0,211.5,,,,40
2005,March,Friday,Day,Light,Front to rear collision,0.0,0.0,1.0,0.0,0.0,1.0,0.0,1.0,2.0,2.0,Not junction,Exact,,40.0,264.1,,,,40
2005,April,Sunday,Day,Light,Front to side collision,0.0,0.0,2.0,0.0,0.0,2.0,0.0,2.0,2.0,2.0,Not junction,Exact,,40.0,149.9,,,,40
2005,August,Friday,Day,Light,Side to side collision,0.0,0.0,4.0,0.0,0.0,4.0,0.0,4.0,4.0,4.0,Not junction,Exact,,40.0,296.1,,,,40
2005,February,Saturday,Day,Severe,Slip,0.0,1.0,0.0,0.0,0.0,1.0,0.0,1.0,1.0,1.0,Not junction,Exact,,40.0,38.5,,,,40
2005,December,Thursday,Day,Light,Front to side collision,0.0,0.0,3.0,0.0,1.0,2.0,0.0,3.0,2.0,2.0,Not junction,Exact,,40.0,101.6,,,,40
2005,November,Tuesday,Day,Light,Front to rear collision,0.0,0.0,3.0,0.0,0.0,3.0,0.0,3.0,2.0,2.0,Not junction,Exact,,40.0,250.0,,,,40
2005,October,Thursday,Day,Light,Hit an object,0.0,0.0,1.0,0.0,0.0,1.0,0.0,1.0,1.0,1.0,Not junction,Exact,,40.0,269.0,,,,40
2005,February,Sunday,Day,Light,Side to side collision,0.0,0.0,1.0,0.0,0.0,0.0,1.0,1.0,2.0,2.0,Not junction,Exact,,40.0,278.1,,,,40
2005,July,Friday,Day,Severe,Drive off road or on paveway,0.0,1.0,0.0,0.0,0.0,1.0,0.0,1.0,1.0,1.0,Not junction,Exact,,40.0,253.8,,,,40
2005,December,Wednesday,Day,Light,Front to rear collision,0.0,0.0,3.0,0.0,0.0,2.0,1.0,3.0,2.0,2.0,Not junction,Exact,,40.0,222.1,,,,40
2005,April,Sunday,Day,Severe,Front to rear collision,0.0,1.0,0.0,0.0,0.0,1.0,0.0,1.0,2.0,2.0,Not junction,Exact,,40.0,278.1,,,,40
2005,October,Wednesday,Day,Severe,Front to side collision,0.0,1.0,3.0,0.0,0.0,1.0,3.0,4.0,2.0,2.0,Not junction,Exact,,40.0,236.2,,,,40
2005,May,Monday,Day,Fatal,Hit an object,1.0,0.0,0.0,0.0,0.0,1.0,0.0,1.0,1.0,1.0,Not junction,Exact,,40.0,216.1,,,,40
2005,December,Thursday,Day,Severe,Drive off road or on paveway,0.0,1.0,0.0,0.0,0.0,1.0,0.0,1.0,1.0,1.0,Not junction,Exact,,40.0,5.1,,,,40
2005,February,Thursday,Day,Light,Front to rear collision,0.0,0.0,1.0,0.0,0.0,1.0,0.0,1.0,2.0,2.0,Not junction,Exact,,40.0,280.0,,,,40
2005,January,Sunday,Day,Light,Front to rear collision,0.0,0.0,3.0,0.0,0.0,3.0,0.0,3.0,6.0,6.0,Not junction,Exact,,40.0,227.1,,,,40
2005,December,Saturday,Night,Light,Side to side collision,0.0,0.0,1.0,0.0,0.0,1.0,0.0,1.0,2.0,2.0,Not junction,Exact,,40.0,285.0,,,,40
2005,December,Tuesday,Night,Severe,Roll over,0.0,1.0,3.0,0.0,4.0,0.0,0.0,4.0,1.0,1.0,Not junction,Exact,,40.0,150.5,,,,40
2005,February,Monday,Day,Light,Front to side collision,0.0,0.0,1.0,0.0,0.0,1.0,0.0,1.0,2.0,2.0,Not junction,Exact,,40.0,283.1,,,,40
2005,July,Wednesday,Day,Light,Front end collision,0.0,0.0,4.0,0.0,0.0,4.0,0.0,4.0,3.0,3.0,Not junction,Exact,,40.0,284.1,,,,40
2005,August,Monday,Day,Severe,Slip,0.0,1.0,0.0,0.0,0.0,1.0,0.0,1.0,2.0,2.0,Not junction,Exact,,40.0,235.7,,,,40
2005,April,Thursday,Day,Light,Front to rear collision,0.0,0.0,4.0,0.0,3.0,1.0,0.0,4.0,2.0,2.0,Not junction,Exact,,40.0,198.5,,,,40
2005,February,Friday,Night,Light,Hit an object,0.0,0.0,1.0,0.0,0.0,1.0,0.0,1.0,1.0,1.0,Not junction,Exact,,40.0,261.3,,,,40
2005,July,Sunday,Day,Severe,Roll over,0.0,1.0,0.0,0.0,0.0,1.0,0.0,1.0,1.0,1.0,Not junction,Exact,,40.0,221.1,,,,40
2005,January,Thursday,Night,Fatal,Pedestrian,1.0,0.0,0.0,1.0,0.0,1.0,0.0,1.0,1.0,1.0,Not junction,Exact,,40.0,256.8,,,,40
2005,October,Sunday,Night,Severe,Pedestrian,0.0,1.0,0.0,1.0,0.0,1.0,0.0,1.0,1.0,1.0,Not junction,Centered,,40.0,230.0,,,,40
2005,September,Monday,Night,Light,Front to rear collision,0.0,0.0,1.0,0.0,0.0,1.0,0.0,1.0,2.0,2.0,Not junction,Exact,,40.0,172.5,,,,40
2005,March,Saturday,Night,Light,Front to side collision,0.0,0.0,4.0,0.0,0.0,4.0,0.0,4.0,2.0,2.0,Not junction,Exact,,40.0,247.0,,,,40
2005,January,Wednesday,Night,Light,Front to side collision,0.0,0.0,1.0,0.0,0.0,1.0,0.0,1.0,2.0,2.0,Not junction,Exact,,40.0,288.8,,,,40
2005,November,Wednesday,Night,Light,Front to rear collision,0.0,0.0,2.0,0.0,0.0,2.0,0.0,2.0,3.0,3.0,Not junction,Exact,,40.0,294.1,,,,40
2005,January,Saturday,Night,Light,Hit an object,0.0,0.0,4.0,0.0,2.0,2.0,0.0,4.0,1.0,1.0,Not junction,Exact,,40.0,221.6,,,,40
2005,January,Sunday,Night,Severe,Hit an object,0.0,1.0,0.0,0.0,1.0,0.0,0.0,1.0,1.0,1.0,Not junction,Exact,,40.0,224.2,,,,40
2005,September,Monday,Night,Fatal,Roll over,1.0,0.0,0.0,0.0,1.0,0.0,0.0,1.0,1.0,1.0,Not junction,Centered,,40.0,15.0,,,,40
2005,November,Thursday,Night,Severe,Front to rear collision,0.0,1.0,1.0,0.0,0.0,2.0,0.0,2.0,2.0,2.0,Not junction,Exact,,40.0,246.3,,,,40
2005,September,Sunday,Night,Severe,Roll over,0.0,1.0,0.0,0.0,0.0,1.0,0.0,1.0,1.0,1.0,Not junction,Exact,,40.0,172.1,,,,40
2005,November,Monday,Night,Light,Hit an object,0.0,0.0,3.0,0.0,1.0,2.0,0.0,3.0,1.0,1.0,Not junction,Exact,,40.0,258.1,,,,40
2005,October,Wednesday,Night,Light,Front to side collision,0.0,0.0,3.0,0.0,0.0,3.0,0.0,3.0,2.0,2.0,Not junction,Exact,,40.0,261.2,,,,40
2005,May,Sunday,Night,Light,Front end collision,0.0,0.0,2.0,0.0,0.0,2.0,0.0,2.0,2.0,2.0,Not junction,Exact,,40.0,175.8,,,,40
2005,November,Friday,Night,Severe,Front to rear collision,0.0,2.0,1.0,0.0,0.0,3.0,0.0,3.0,2.0,2.0,Not junction,Exact,,40.0,260.3,,,,40
2005,November,Saturday,Night,Severe,Front to side collision,0.0,1.0,1.0,0.0,0.0,2.0,0.0,2.0,3.0,3.0,Not junction,Exact,,40.0,266.0,,,,40
2005,June,Thursday,Night,Light,Hit an object,0.0,0.0,2.0,0.0,1.0,1.0,0.0,2.0,2.0,2.0,Not junction,Exact,,40.0,250.3,,,,40
2005,February,Saturday,Night,Severe,Roll over,0.0,1.0,4.0,0.0,1.0,4.0,0.0,5.0,5.0,5.0,Not junction,Exact,,40.0,204.7,,,,40
2005,July,Wednesday,Night,Light,Front to rear collision,0.0,0.0,3.0,0.0,0.0,3.0,0.0,3.0,2.0,2.0,Not junction,Exact,,40.0,209.3,,,,40
2005,November,Thursday,Night,Light,Roll over,0.0,0.0,1.0,0.0,0.0,0.0,0.0,1.0,1.0,1.0,Not junction,Exact,,40.0,234.0,,,,40
2005,June,Friday,Night,Light,Other,0.0,0.0,1.0,0.0,0.0,1.0,0.0,1.0,1.0,1.0,Not junction,Exact,,40.0,259.1,,,,40
2005,February,Tuesday,Night,Light,Front to rear collision,0.0,0.0,2.0,0.0,0.0,2.0,0.0,2.0,2.0,2.0,Not junction,Exact,,40.0,262.0,,,,40
2006,May,Monday,Night,Light,Front to side collision,0.0,0.0,4.0,0.0,0.0,4.0,0.0,4.0,2.0,2.0,Junction,Exact,,40.0,,,,,40
2006,December,Monday,Night,Light,Front to side collision,0.0,0.0,1.0,0.0,0.0,1.0,0.0,1.0,3.0,3.0,Junction,Exact,,40.0,,4623.0,,,40
2006,March,Saturday,Night,Light,Front to side collision,0.0,0.0,3.0,0.0,1.0,2.0,0.0,3.0,2.0,2.0,Junction,Exact,,40.0,,411.0,,,40
2006,May,Wednesday,Night,Light,Front to side collision,0.0,0.0,1.0,0.0,0.0,1.0,0.0,1.0,2.0,2.0,Junction,Exact,,7.0,,40.0,,,40
2006,October,Sunday,Night,Severe,Hit an object,0.0,1.0,0.0,0.0,0.0,1.0,0.0,1.0,1.0,1.0,Junction,Exact,,40.0,,412.0,,,40
2006,March,Monday,Night,Light,Front to rear collision,0.0,0.0,1.0,0.0,0.0,1.0,0.0,1.0,2.0,2.0,Junction,Exact,,40.0,,402.0,,,40
2006,November,Friday,Night,Light,Front to side collision,0.0,0.0,5.0,0.0,2.0,2.0,1.0,5.0,2.0,2.0,Junction,Exact,,40.0,,,,,40
2006,October,Saturday,Night,Light,Front to side collision,0.0,0.0,2.0,0.0,0.0,2.0,0.0,2.0,2.0,2.0,Junction,Exact,,35.0,,40.0,,,40
2006,August,Tuesday,Night,Severe,Hit an object,0.0,2.0,1.0,0.0,2.0,1.0,0.0,3.0,1.0,1.0,Junction,Exact,,40.0,,481.0,,,40
2006,July,Friday,Night,Light,Front to side collision,0.0,0.0,2.0,0.0,0.0,2.0,0.0,2.0,2.0,2.0,Junction,Exact,,35.0,,40.0,,,40
2006,March,Thursday,Night,Light,Front to side collision,0.0,0.0,5.0,0.0,1.0,4.0,0.0,5.0,2.0,2.0,Junction,Exact,,40.0,,7.0,,,40
2006,November,Tuesday,Night,Light,Hit an object,0.0,0.0,1.0,0.0,0.0,1.0,0.0,1.0,1.0,1.0,Junction,Exact,,40.0,,412.0,,,40
2006,February,Friday,Night,Light,Front to side collision,0.0,0.0,2.0,0.0,2.0,0.0,0.0,2.0,2.0,2.0,Junction,Exact,,40.0,,60.0,4060.0,,40
2006,December,Saturday,Night,Light,Front to side collision,0.0,0.0,2.0,0.0,0.0,2.0,0.0,2.0,2.0,2.0,Junction,Exact,,40.0,,4833.0,,,40
2006,February,Saturday,Night,Light,Front to side collision,0.0,0.0,2.0,0.0,1.0,1.0,0.0,2.0,3.0,3.0,Junction,Exact,,1.0,,40.0,,,40
2006,January,Sunday,Night,Light,Front to side collision,0.0,0.0,2.0,0.0,0.0,2.0,0.0,2.0,2.0,2.0,Junction,Exact,,1.0,,40.0,,,40
2006,September,Thursday,Night,Severe,Front to side collision,0.0,1.0,2.0,0.0,0.0,2.0,1.0,3.0,2.0,2.0,Junction,Exact,,40.0,,4503.0,,,40
2006,January,Tuesday,Night,Light,Front to side collision,0.0,0.0,1.0,0.0,0.0,1.0,0.0,1.0,2.0,2.0,Junction,Exact,,40.0,,402.0,,,40
2006,November,Monday,Night,Light,Front to side collision,0.0,0.0,3.0,0.0,1.0,2.0,0.0,3.0,3.0,3.0,Junction,Exact,,5.0,,40.0,,,40
2006,October,Sunday,Night,Light,Front to side collision,0.0,0.0,3.0,0.0,2.0,1.0,0.0,3.0,2.0,2.0,Junction,Exact,,3.0,,40.0,,,40
2006,March,Friday,Night,Light,Front to side collision,0.0,0.0,2.0,0.0,0.0,2.0,0.0,2.0,2.0,2.0,Junction,Exact,,40.0,,7.0,,,40
2006,January,Tuesday,Night,Light,Front to side collision,0.0,0.0,2.0,0.0,0.0,2.0,0.0,2.0,2.0,2.0,Junction,Exact,,40.0,,471.0,,,40
2006,July,Wednesday,Day,Light,Front to side collision,0.0,0.0,3.0,0.0,0.0,3.0,0.0,3.0,2.0,2.0,Junction,Exact,,40.0,,411.0,,,40
2006,March,Tuesday,Day,Light,Front to side collision,0.0,0.0,1.0,0.0,0.0,1.0,0.0,1.0,2.0,2.0,Junction,Exact,,40.0,,46.0,453.0,,40
2006,January,Tuesday,Day,Light,Front to side collision,0.0,0.0,1.0,0.0,0.0,1.0,0.0,1.0,2.0,2.0,Junction,Exact,,3.0,,40.0,,,40
2006,January,Sunday,Day,Light,Front to side collision,0.0,0.0,1.0,0.0,0.0,1.0,0.0,1.0,2.0,2.0,Junction,Exact,,5.0,,40.0,,,40
2006,April,Thursday,Day,Light,Front to side collision,0.0,0.0,3.0,0.0,0.0,2.0,1.0,3.0,3.0,3.0,Junction,Exact,,40.0,,412.0,,,40
2006,July,Friday,Day,Severe,Pedestrian,0.0,1.0,0.0,1.0,0.0,1.0,0.0,1.0,1.0,1.0,Junction,Exact,,40.0,,412.0,,,40
2006,March,Sunday,Day,Light,Front to side collision,0.0,0.0,2.0,0.0,0.0,1.0,1.0,2.0,2.0,2.0,Junction,Exact,,40.0,,,,,40
2006,June,Saturday,Day,Light,Front to side collision,0.0,0.0,1.0,0.0,0.0,1.0,0.0,1.0,2.0,2.0,Junction,Exact,,40.0,,412.0,,,40
2006,October,Thursday,Day,Light,Front to side collision,0.0,0.0,2.0,0.0,0.0,2.0,0.0,2.0,2.0,2.0,Junction,Exact,,40.0,,,,,40
2006,May,Monday,Day,Light,Front to side collision,0.0,0.0,1.0,0.0,0.0,1.0,0.0,1.0,2.0,2.0,Junction,Exact,,40.0,,3922.0,,,40
2006,June,Friday,Day,Fatal,Front to side collision,1.0,0.0,5.0,0.0,2.0,4.0,0.0,6.0,2.0,2.0,Junction,Exact,,40.0,,60.0,4060.0,,40
2006,January,Saturday,Day,Light,Front end collision,0.0,0.0,1.0,0.0,0.0,1.0,0.0,1.0,2.0,2.0,Junction,Exact,,40.0,,,,,40