year,month,day_of_week,day_night,accident_severity,accident_type,killed,severly_injured,lightly_injured,injured_pedestrians,casualties_ages_0-19,casualties_ages_20-64,casualties_ages_65_plus,total_casualties,vehicle_count,drivers,road_type,localization_quality,settlement,road1,location,road2,road3,road4,source_road
2008,August,Sunday,Night,Light,Front to side collision,0.0,0.0,2.0,0.0,0.0,2.0,0.0,2.0,2.0,2.0,Not junction,Exact,,40.0,272.3,,,,40
2008,August,Monday,Night,Severe,Front to side collision,0.0,1.0,1.0,0.0,0.0,2.0,0.0,2.0,2.0,2.0,Not junction,Exact,,40.0,293.5,,,,40
2008,May,Thursday,Night,Light,Roll over,0.0,0.0,5.0,0.0,0.0,5.0,0.0,5.0,1.0,1.0,Not junction,Exact,,40.0,189.4,,,,40
2008,June,Monday,Night,Light,Hit an object,0.0,0.0,3.0,0.0,0.0,3.0,0.0,3.0,1.0,1.0,Not junction,Exact,,40.0,1.1,,,,40
2008,July,Friday,Night,Light,Front to rear collision,0.0,0.0,2.0,0.0,0.0,2.0,0.0,2.0,2.0,2.0,Not junction,Exact,,40.0,271.2,,,,40
2008,September,Saturday,Night,Light,Other,0.0,0.0,1.0,0.0,0.0,1.0,0.0,1.0,2.0,2.0,Not junction,Exact,,40.0,262.0,,,,40
2008,April,Monday,Night,Severe,Roll over,0.0,1.0,0.0,0.0,0.0,1.0,0.0,1.0,1.0,1.0,Not junction,Exact,,40.0,142.1,,,,40
2009,November,Thursday,Night,Light,Front to rear collision,0.0,0.0,1.0,0.0,0.0,1.0,0.0,1.0,2.0,2.0,Junction,Exact,,1.0,,40.0,,,40
2009,July,Wednesday,Night,Light,Front to side collision,0.0,0.0,6.0,0.0,1.0,5.0,0.0,6.0,3.0,3.0,Junction,Exact,,40.0,,411.0,,,40
2009,October,Friday,Night,Severe,Front to side collision,0.0,1.0,4.0,0.0,2.0,3.0,0.0,5.0,2.0,2.0,Junction,Exact,,310.0,,40.0,,,40
2009,April,Tuesday,Night,Light,Front end collision,0.0,0.0,6.0,0.0,2.0,4.0,0.0,6.0,2.0,2.0,Junction,Exact,,40.0,,412.0,,,40
2009,December,Wednesday,Night,Light,Front to side collision,0.0,0.0,2.0,0.0,0.0,2.0,0.0,2.0,3.0,3.0,Junction,Exact,,40.0,,4833.0,,,40
2009,June,Friday,Night,Light,Front to rear collision,0.0,0.0,2.0,0.0,1.0,1.0,0.0,2.0,2.0,2.0,Junction,Exact,,40.0,,7.0,,,40
2009,December,Sunday,Night,Severe,Front to side collision,0.0,1.0,5.0,0.0,3.0,3.0,0.0,6.0,2.0,2.0,Junction,Exact,,40.0,,461.0,,,40
2009,October,Monday,Night,Light,Front to side collision,0.0,0.0,3.0,0.0,1.0,2.0,0.0,3.0,2.0,2.0,Junction,Exact,,40.0,,431.0,,,40
2009,January,Saturday,Night,Light,Hit an object,0.0,0.0,2.0,0.0,0.0,2.0,0.0,2.0,1.0,1.0,Junction,Exact,,40.0,,5311.0,,,40
2009,November,Friday,Night,Light,Front to rear collision,0.0,0.0,3.0,0.0,0.0,3.0,0.0,3.0,2.0,2.0,Junction,Exact,,40.0,,431.0,,,40
2009,May,Thursday,Night,Light,Front to side collision,0.0,0.0,1.0,0.0,0.0,1.0,0.0,1.0,2.0,2.0,Junction,Exact,,3.0,,40.0,,,40
2009,September,Sunday,Night,Light,Front to rear collision,0.0,0.0,5.0,0.0,3.0,1.0,0.0,5.0,4.0,4.0,Junction,Exact,,40.0,,3922.0,,,40
2009,November,Tuesday,Day,Light,Pedestrian,0.0,0.0,1.0,1.0,0.0,1.0,0.0,1.0,1.0,1.0,Junction,Exact,,40.0,,483.0,,,40
2009,January,Tuesday,Night,Light,Front to side collision,0.0,0.0,2.0,0.0,0.0,2.0,0.0,2.0,2.0,2.0,Junction,Exact,,5.0,,40.0,,,40
2009,November,Thursday,Day,Light,Front to side collision,0.0,0.0,2.0,0.0,1.0,1.0,0.0,2.0,2.0,2.0,Junction,Exact,,40.0,,406.0,,,40
2009,September,Thursday,Day,Light,Front to side collision,0.0,0.0,3.0,0.0,0.0,3.0,0.0,3.0,2.0,2.0,Junction,Exact,,40.0,,,,,40
2009,November,Monday,Day,Light,Front to rear collision,0.0,0.0,1.0,0.0,0.0,1.0,0.0,1.0,2.0,2.0,Junction,Exact,,40.0,,4304.0,,,40
2009,September,Friday,Day,Light,Front to side collision,0.0,0.0,1.0,0.0,0.0,1.0,0.0,1.0,2.0,2.0,Junction,Exact,,3.0,,40.0,,,40
2009,May,Tuesday,Day,Light,Front to side collision,0.0,0.0,3.0,0.0,0.0,3.0,0.0,3.0,2.0,2.0,Junction,Exact,,310.0,,40.0,,,40
2009,September,Sunday,Day,Light,Front to side collision,0.0,0.0,1.0,0.0,0.0,1.0,0.0,1.0,4.0,4.0,Junction,Exact,,7.0,,40.0,,,40
2009,November,Wednesday,Day,Light,Front to rear collision,0.0,0.0,3.0,0.0,0.0,1.0,1.0,3.0,3.0,3.0,Junction,Exact,,40.0,,431.0,,,40
2009,May,Thursday,Day,Light,Front to side collision,0.0,0.0,1.0,0.0,0.0,1.0,0.0,1.0,2.0,2.0,Junction,Exact,,40.0,,60.0,4060.0,,40
2009,December,Thursday,Day,Light,Front to side collision,0.0,0.0,2.0,0.0,0.0,2.0,0.0,2.0,3.0,3.0,Junction,Exact,,40.0,,,,,40
2009,December,Thursday,Day,Light,Front end collision,0.0,0.0,1.0,0.0,0.0,1.0,0.0,1.0,2.0,2.0,Junction,Exact,,40.0,,3933.0,,,40
2009,October,Thursday,Day,Light,Front to side collision,0.0,0.0,1.0,0.0,0.0,1.0,0.0,1.0,2.0,2.0,Junction,Exact,,40.0,,,,,40
2009,January,Tuesday,Day,Light,Front to side collision,0.0,0.0,2.0,0.0,0.0,1.0,1.0,2.0,2.0,2.0,Junction,Exact,,40.0,,,,,40
2009,February,Tuesday,Day,Light,Slip,0.0,0.0,1.0,0.0,0.0,1.0,0.0,1.0,1.0,1.0,Junction,Exact,,40.0,,402.0,,,40
2009,January,Monday,Day,Light,Front to rear collision,0.0,0.0,1.0,0.0,0.0,1.0,0.0,1.0,3.0,3.0,Junction,Exact,,40.0,,411.0,,,40
2009,October,Thursday,Day,Light,Front to side collision,0.0,0.0,2.0,0.0,0.0,2.0,0.0,2.0,2.0,2.0,Junction,Exact,,5.0,,40.0,,,40
2009,December,Sunday,Day,Light,Front to rear collision,0.0,0.0,5.0,0.0,3.0,2.0,0.0,5.0,3.0,3.0,Junction,Exact,,40.0,,7.0,,,40
2009,June,Thursday,Day,Light,Front to side collision,0.0,0.0,4.0,0.0,0.0,4.0,0.0,4.0,2.0,2.0,Junction,Exact,,40.0,,412.0,,,40
2009,March,Wednesday,Day,Light,Hit an object,0.0,0.0,1.0,0.0,0.0,1.0,0.0,1.0,1.0,1.0,Junction,Exact,,40.0,,431.0,,,40
2009,June,Friday,Day,Light,Front to rear collision,0.0,0.0,1.0,0.0,0.0,1.0,0.0,1.0,2.0,2.0,Junction,Exact,,40.0,,7.0,,,40
2009,April,Friday,Day,Light,Front to side collision,0.0,0.0,4.0,0.0,2.0,2.0,0.0,4.0,2.0,2.0,Junction,Exact,,40.0,,431.0,,,40
2009,January,Friday,Day,Light,Front to rear collision,0.0,0.0,1.0,0.0,0.0,1.0,0.0,1.0,2.0,2.0,Junction,Exact,,40.0,,412.0,,,40
2009,March,Friday,Day,Light,Side to side collision,0.0,0.0,1.0,0.0,0.0,1.0,0.0,1.0,2.0,2.0,Junction,Exact,,40.0,,471.0,,,40
2009,June,Thursday,Day,Light,Front to side collision,0.0,0.0,1.0,0.0,0.0,1.0,0.0,1.0,2.0,2.0,Junction,Exact,,6.0,,40.0,293.0,,40
2009,September,Thursday,Day,Light,Side to side collision,0.0,0.0,1.0,0.0,0.0,1.0,0.0,1.0,2.0,2.0,Junction,Exact,,5.0,,40.0,,,40
2009,June,Tuesday,Day,Light,Slip,0.0,0.0,1.0,0.0,0.0,1.0,0.0,1.0,1.0,1.0,Junction,Exact,,1.0,,40.0,,,40
2009,December,Tuesday,Day,Light,Front to rear collision,0.0,0.0,1.0,0.0,0.0,1.0,0.0,1.0,2.0,2.0,Junction,Exact,,40.0,,431.0,,,40
2009,September,Thursday,Day,Light,Slip,0.0,0.0,1.0,0.0,0.0,1.0,0.0,1.0,1.0,1.0,Junction,Exact,,40.0,,46.0,453.0,,40
2009,June,Wednesday,Day,Light,Front to rear collision,0.0,0.0,1.0,0.0,0.0,1.0,0.0,1.0,2.0,2.0,Junction,Exact,,40.0,,60.0,4060.0,,40
2009,October,Saturday,Day,Light,Front to side collision,0.0,0.0,2.0,0.0,0.0,1.0,0.0,2.0,2.0,2.0,Junction,Exact,,40.0,,402.0,,,40
2009,September,Friday,Day,Light,Front to side collision,0.0,0.0,2.0,0.0,0.0,2.0,0.0,2.0,2.0,2.0,Junction,Exact,,40.0,,402.0,,,40
2009,December,Friday,Day,Light,Front to side collision,0.0,0.0,4.0,0.0,0.0,4.0,0.0,4.0,3.0,3.0,Junction,Exact,,5.0,,40.0,,,40
2009,February,Thursday,Day,Light,Front to side collision,0.0,0.0,1.0,0.0,0.0,1.0,0.0,1.0,2.0,2.0,Junction,Exact,,40.0,,406.0,,,40
2009,April,Saturday,Day,Light,Front to side collision,0.0,0.0,1.0,0.0,0.0,1.0,0.0,1.0,2.0,2.0,Junction,Exact,,7.0,,40.0,,,40
2009,August,Sunday,Day,Light,Front to side collision,0.0,0.0,2.0,0.0,0.0,1.0,1.0,2.0,2.0,2.0,Junction,Exact,,40.0,,406.0,,,40
2009,December,Sunday,Day,Light,Front to side collision,0.0,0.0,4.0,0.0,1.0,3.0,0.0,4.0,2.0,2.0,Junction,Exact,,40.0,,,,,40
2009,October,Saturday,Day,Light,Front to side collision,0.0,0.0,8.0,0.0,5.0,3.0,0.0,8.0,2.0,2.0,Junction,Exact,,40.0,,4103.0,,,40
2009,October,Friday,Day,Light,Front to side collision,0.0,0.0,2.0,0.0,1.0,1.0,0.0,2.0,2.0,2.0,Junction,Exact,,1.0,,40.0,,,40
2009,January,Wednesday,Day,Light,Hit an object,0.0,0.0,1.0,0.0,0.0,1.0,0.0,1.0,1.0,1.0,Junction,Exact,,40.0,,3933.0,,,40
2009,December,Saturday,Day,Light,Front to side collision,0.0,0.0,2.0,0.0,0.0,2.0,0.0,2.0,2.0,2.0,Junction,Exact,,40.0,,3444.0,,,40
2009,March,Sunday,Day,Light,Front to side collision,0.0,0.0,2.0,0.0,0.0,2.0,0.0,2.0,2.0,2.0,Junction,Exact,,40.0,,411.0,,,40
2009,July,Saturday,Day,Light,Front to side collision,0.0,0.0,6.0,0.0,3.0,3.0,0.0,6.0,2.0,2.0,Junction,Exact,,1.0,,40.0,,,40
2009,September,Monday,Day,Fatal,Pedestrian,1.0,0.0,0.0,1.0,0.0,0.0,1.0,1.0,1.0,1.0,Junction,Exact,,3.0,,40.0,,,40
2009,September,Wednesday,Day,Light,Front to side collision,0.0,0.0,1.0,0.0,0.0,1.0,0.0,1.0,2.0,2.0,Junction,Exact,,40.0,,412.0,,,40
2009,October,Sunday,Day,Light,Side to side collision,0.0,0.0,2.0,0.0,0.0,2.0,0.0,2.0,2.0,2.0,Junction,Exact,,40.0,,4503.0,,,40
2009,November,Wednesday,Day,Light,Front to rear collision,0.0,0.0,2.0,0.0,0.0,2.0,0.0,2.0,2.0,2.0,Junction,Exact,,40.0,,412.0,,,40
2009,June,Tuesday,Day,Severe,Front to side collision,0.0,1.0,2.0,0.0,0.0,3.0,0.0,3.0,2.0,2.0,Junction,Exact,,40.0,,481.0,,,40
2009,August,Friday,Day,Light,Front to side collision,0.0,0.0,1.0,0.0,0.0,1.0,0.0,1.0,2.0,2.0,Junction,Exact,,40.0,,353.0,3533.0,,40
2009,July,Wednesday,Day,Light,Front to rear collision,0.0,0.0,1.0,0.0,0.0,1.0,0.0,1.0,3.0,3.0,Junction,Exact,,1.0,,40.0,,,40
2009,May,Monday,Day,Light,Front to side collision,0.0,0.0,3.0,0.0,0.0,2.0,1.0,3.0,2.0,2.0,Junction,Exact,,3.0,,40.0,,,40
2009,October,Thursday,Day,Light,Front to rear collision,0.0,0.0,2.0,0.0,0.0,2.0,0.0,2.0,3.0,3.0,Junction,Exact,,40.0,,412.0,,,40
2009,February,Friday,Day,Light,Front to side collision,0.0,0.0,6.0,0.0,2.0,3.0,1.0,6.0,3.0,3.0,Junction,Exact,,3.0,,40.0,,,40
2009,July,Friday,Day,Light,Front to rear collision,0.0,0.0,1.0,0.0,0.0,1.0,0.0,1.0,2.0,2.0,Junction,Exact,,40.0,,44.0,,,40
2009,October,Tuesday,Day,Light,Front to rear collision,0.0,0.0,1.0,0.0,0.0,1.0,0.0,1.0,2.0,2.0,Junction,Exact,,40.0,,4304.0,,,40
2009,January,Wednesday,Day,Light,Front to side collision,0.0,0.0,1.0,0.0,0.0,1.0,0.0,1.0,2.0,2.0,Junction,Exact,,40.0,,,,,40
2009,October,Friday,Day,Light,Front to rear collision,0.0,0.0,2.0,0.0,0.0,2.0,0.0,2.0,3.0,3.0,Junction,Exact,,40.0,,3922.0,,,40
2009,May,Wednesday,Day,Light,Front end collision,0.0,0.0,3.0,0.0,0.0,3.0,0.0,3.0,3.0,3.0,Junction,Exact,,40.0,,60.0,4060.0,,40
2009,October,Thursday,Day,Light,Front to side collision,0.0,0.0,1.0,0.0,0.0,0.0,0.0,1.0,2.0,2.0,Junction,Exact,,1.0,,40.0,,,40
2009,August,Sunday,Day,Severe,Hit an object,0.0,1.0,0.0,0.0,0.0,1.0,0.0,1.0,1.0,1.0,Junction,Exact,,5.0,,40.0,,,40
2009,February,Monday,Day,Light,Front to side collision,0.0,0.0,5.0,0.0,4.0,1.0,0.0,5.0,2.0,2.0,Junction,Exact,,40.0,,,,,40
2009,July,Tuesday,Day,Light,Front to side collision,0.0,0.0,6.0,0.0,3.0,3.0,0.0,6.0,2.0,2.0,Junction,Exact,,3.0,,40.0,,,40
2009,February,Monday,Day,Light,Front end collision,0.0,0.0,1.0,0.0,0.0,1.0,0.0,1.0,2.0,2.0,Junction,Exact,,40.0,,171.0,,,40
2009,December,Tuesday,Night,Light,Slip,0.0,0.0,1.0,0.0,0.0,1.0,0.0,1.0,1.0,1.0,Junction,Exact,,5.0,,40.0,,,40
2009,December,Monday,Night,Light,Front to side collision,0.0,0.0,2.0,0.0,0.0,2.0,0.0,2.0,2.0,2.0,Junction,Exact,,3.0,,40.0,,,40
2009,March,Tuesday,Day,Light,Front to rear collision,0.0,0.0,3.0,0.0,1.0,2.0,0.0,3.0,3.0,3.0,Junction,Exact,,3.0,,40.0,,,40
2009,August,Monday,Day,Light,Front to rear collision,0.0,0.0,1.0,0.0,1.0,0.0,0.0,1.0,2.0,2.0,Junction,Exact,,40.0,,4833.0,,,40
2009,August,Thursday,Day,Light,Front to rear collision,0.0,0.0,1.0,0.0,0.0,1.0,0.0,1.0,3.0,3.0,Junction,Exact,,40.0,,412.0,,,40
2009,November,Saturday,Night,Light,Front to rear collision,0.0,0.0,2.0,0.0,1.0,1.0,0.0,2.0,2.0,2.0,Junction,Exact,,40.0,,412.0,,,40
2009,December,Wednesday,Night,Light,Roll over,0.0,0.0,1.0,0.0,0.0,1.0,0.0,1.0,1.0,1.0,Junction,Exact,,40.0,,44.0,,,40
2009,December,Sunday,Night,Light,Slip,0.0,0.0,1.0,0.0,0.0,1.0,0.0,1.0,1.0,1.0,Junction,Exact,,5.0,,40.0,,,40
2009,December,Wednesday,Night,Light,Front to rear collision,0.0,0.0,4.0,0.0,1.0,3.0,0.0,4.0,2.0,2.0,Junction,Exact,,40.0,,4404.0,,,40
2009,April,Friday,Day,Light,Side to side collision,0.0,0.0,2.0,0.0,0.0,2.0,0.0,2.0,2.0,2.0,Junction,Exact,,5.0,,40.0,,,40
2009,April,Saturday,Day,Light,Front to side collision,0.0,0.0,1.0,0.0,0.0,1.0,0.0,1.0,2.0,2.0,Junction,Exact,,6.0,,40.0,325.0,,40
2009,August,Wednesday,Day,Light,Front to side collision,0.0,0.0,1.0,0.0,0.0,1.0,0.0,1.0,2.0,2.0,Junction,Exact,,40.0,,3553.0,,,40
2009,December,Monday,Night,Light,Front to side collision,0.0,0.0,6.0,0.0,1.0,5.0,0.0,6.0,2.0,2.0,Junction,Exact,,40.0,,,,,40
2009,July,Tuesday,Day,Light,Front to side collision,0.0,0.0,1.0,0.0,0.0,1.0,0.0,1.0,2.0,2.0,Junction,Exact,,40.0,,461.0,,,40
2009,August,Wednesday,Day,Light,Front to side collision,0.0,0.0,2.0,0.0,0.0,2.0,0.0,2.0,4.0,4.0,Junction,Exact,,40.0,,406.0,,,40
2009,August,Wednesday,Day,Light,Front to side collision,0.0,0.0,4.0,0.0,0.0,4.0,0.0,4.0,3.0,3.0,Junction,Exact,,40.0,,483.0,,,40
2009,September,Tuesday,Night,Light,Front to rear collision,0.0,0.0,2.0,0.0,0.0,2.0,0.0,2.0,3.0,3.0,Junction,Exact,,40.0,,431.0,,,40
2009,December,Wednesday,Night,Light,Front end collision,0.0,0.0,3.0,0.0,0.0,3.0,0.0,3.0,3.0,3.0,Junction,Exact,,40.0,,4301.0,,,40
2009,May,Wednesday,Day,Light,Front to side collision,0.0,0.0,1.0,0.0,0.0,1.0,0.0,1.0,2.0,2.0,Junction,Exact,,40.0,,4623.0,,,40
2009,July,Thursday,Day,Light,Front to rear collision,0.0,0.0,1.0,0.0,0.0,1.0,0.0,1.0,2.0,2.0,Junction,Exact,,310.0,,40.0,,,40
2009,May,Tuesday,Day,Light,Front to side collision,0.0,0.0,1.0,0.0,0.0,1.0,0.0,1.0,2.0,2.0,Junction,Exact,,40.0,,4623.0,,,40
2009,May,Sunday,Day,Light,Front to side collision,0.0,0.0,3.0,0.0,1.0,2.0,0.0,3.0,2.0,2.0,Junction,Exact,,40.0,,4301.0,,,40
2009,October,Thursday,Night,Light,Front to side collision,0.0,0.0,2.0,0.0,0.0,1.0,1.0,2.0,2.0,2.0,Junction,Exact,,3.0,,40.0,,,40
2009,August,Thursday,Day,Severe,Side to side collision,0.0,1.0,0.0,0.0,0.0,1.0,0.0,1.0,3.0,3.0,Junction,Exact,,40.0,,471.0,,,40
2009,March,Monday,Night,Light,Pedestrian,0.0,0.0,1.0,1.0,0.0,1.0,0.0,1.0,1.0,1.0,Junction,Exact,,5.0,,40.0,,,40
2009,April,Wednesday,Night,Light,Front to side collision,0.0,0.0,1.0,0.0,0.0,1.0,0.0,1.0,2.0,2.0,Junction,Exact,,1.0,,40.0,,,40
2009,November,Wednesday,Night,Light,Front to side collision,0.0,0.0,6.0,0.0,2.0,2.0,0.0,6.0,2.0,2.0,Junction,Exact,,5.0,,40.0,,,40
2009,November,Monday,Night,Light,Front to side collision,0.0,0.0,2.0,0.0,0.0,2.0,0.0,2.0,3.0,3.0,Junction,Exact,,40.0,,,,,40
2009,July,Saturday,Night,Light,Front to rear collision,0.0,0.0,5.0,0.0,2.0,3.0,0.0,5.0,2.0,2.0,Junction,Exact,,1.0,,40.0,,,40
2009,April,Sunday,Night,Light,Front to rear collision,0.0,0.0,1.0,0.0,0.0,1.0,0.0,1.0,3.0,3.0,Junction,Exact,,40.0,,4623.0,,,40
2009,August,Saturday,Night,Light,Front to side collision,0.0,0.0,5.0,0.0,2.0,2.0,0.0,5.0,2.0,2.0,Junction,Exact,,40.0,,,,,40
2009,December,Wednesday,Night,Light,Side to side collision,0.0,0.0,1.0,0.0,0.0,1.0,0.0,1.0,2.0,2.0,Junction,Exact,,40.0,,406.0,,,40
2009,February,Saturday,Night,Light,Front to side collision,0.0,0.0,4.0,0.0,1.0,3.0,0.0,4.0,2.0,2.0,Junction,Exact,,40.0,,4613.0,,,40
2009,February,Thursday,Night,Light,Front to side collision,0.0,0.0,1.0,0.0,1.0,0.0,0.0,1.0,2.0,2.0,Junction,Exact,,310.0,,40.0,,,40
2009,December,Sunday,Night,Light,Front to side collision,0.0,0.0,3.0,0.0,0.0,3.0,0.0,3.0,2.0,2.0,Junction,Exact,,40.0,,46.0,453.0,,40
2009,December,Wednesday,Night,Light,Front to rear collision,0.0,0.0,1.0,0.0,0.0,1.0,0.0,1.0,2.0,2.0,Junction,Exact,,1.0,,40.0,,,40
2009,September,Monday,Night,Light,Front end collision,0.0,0.0,1.0,0.0,0.0,1.0,0.0,1.0,2.0,2.0,Junction,Exact,,40.0,,412.0,,,40
2009,March,Sunday,Night,Light,Front to side collision,0.0,0.0,5.0,0.0,0.0,4.0,0.0,5.0,2.0,2.0,Junction,Exact,,7.0,,40.0,,,40
2009,March,Tuesday,Night,Light,Front to side collision,0.0,0.0,5.0,0.0,1.0,4.0,0.0,5.0,2.0,2.0,Junction,Exact,,3.0,,40.0,,,40
2009,November,Saturday,Night,Light,Front to side collision,0.0,0.0,4.0,0.0,1.0,3.0,0.0,4.0,2.0,2.0,Junction,Exact,,35.0,,40.0,,,40
2009,March,Thursday,Night,Light,Front to side collision,0.0,0.0,7.0,0.0,0.0,7.0,0.0,7.0,2.0,2.0,Junction,Exact,,40.0,,412.0,,,40
2009,July,Tuesday,Night,Light,Front to side collision,0.0,0.0,2.0,0.0,0.0,2.0,0.0,2.0,2.0,2.0,Junction,Exact,,310.0,,40.0,,,40
2009,November,Thursday,Night,Light,Front to rear collision,0.0,0.0,1.0,0.0,0.0,1.0,0.0,1.0,3.0,3.0,Junction,Exact,,40.0,,412.0,,,40
2009,January,Wednesday,Night,Light,Front to side collision,0.0,0.0,1.0,0.0,0.0,1.0,0.0,1.0,2.0,2.0,Junction,Exact,,40.0,,,,,40
2009,February,Saturday,Night,Light,Front to side collision,0.0,0.0,2.0,0.0,0.0,2.0,0.0,2.0,2.0,2.0,Junction,Exact,,40.0,,412.0,,,40
2009,November,Monday,Night,Severe,Front to side collision,0.0,1.0,1.0,0.0,0.0,2.0,0.0,2.0,2.0,2.0,Junction,Exact,,40.0,,4105.0,,,40
2009,March,Sunday,Night,Light,Front to side collision,0.0,0.0,3.0,0.0,0.0,3.0,0.0,3.0,2.0,2.0,Junction,Exact,,40.0,,483.0,,,40
2009,April,Tuesday,Night,Severe,Front to side collision,0.0,1.0,2.0,0.0,0.0,3.0,0.0,3.0,2.0,2.0,Junction,Exact,,40.0,,4613.0,,,40
2009,December,Friday,Night,Light,Front to side collision,0.0,0.0,3.0,0.0,0.0,3.0,0.0,3.0,2.0,2.0,Junction,Exact,,40.0,,471.0,,,40
2009,September,Wednesday,Night,Light,Front to side collision,0.0,0.0,3.0,0.0,0.0,2.0,0.0,3.0,2.0,2.0,Junction,Exact,,40.0,,4233.0,,,40
2009,August,Thursday,Night,Severe,Side to side collision,0.0,1.0,2.0,0.0,0.0,3.0,0.0,3.0,3.0,3.0,Junction,Exact,,5.0,,40.0,,,40
2009,June,Tuesday,Night,Light,Front to side collision,0.0,0.0,3.0,0.0,0.0,1.0,1.0,3.0,2.0,2.0,Not junction,Exact,,40.0,250.5,,,,40
2009,March,Sunday,Night,Light,Front to rear collision,0.0,0.0,2.0,0.0,0.0,2.0,0.0,2.0,2.0,2.0,Not junction,Exact,,40.0,256.0,,,,40
2009,July,Monday,Night,Light,Front to rear collision,0.0,0.0,4.0,0.0,1.0,3.0,0.0,4.0,2.0,2.0,Not junction,Exact,,40.0,270.0,,,,40
2009,October,Monday,Night,Light,Front to rear collision,0.0,0.0,1.0,0.0,1.0,0.0,0.0,1.0,2.0,2.0,Not junction,Exact,,40.0,189.1,,,,40
2009,April,Monday,Night,Light,Side to side collision,0.0,0.0,2.0,0.0,0.0,2.0,0.0,2.0,2.0,2.0,Not junction,Exact,,40.0,280.0,,,,40
2009,September,Tuesday,Night,Light,Slip,0.0,0.0,2.0,0.0,2.0,0.0,0.0,2.0,1.0,1.0,Not junction,Exact,,40.0,297.0,,,,40
2009,July,Saturday,Night,Light,Slip,0.0,0.0,2.0,0.0,1.0,1.0,0.0,2.0,1.0,1.0,Not junction,Exact,,40.0,255.9,,,,40
2009,September,Friday,Night,Light,Front to rear collision,0.0,0.0,4.0,0.0,1.0,3.0,0.0,4.0,3.0,3.0,Not junction,Exact,,40.0,253.0,,,,40
2009,June,Friday,Night,Fatal,Front to side collision,1.0,1.0,3.0,0.0,0.0,5.0,0.0,5.0,2.0,2.0,Not junction,Exact,,40.0,266.5,,,,40
2009,November,Sunday,Night,Fatal,Front end collision,1.0,0.0,3.0,0.0,0.0,4.0,0.0,4.0,2.0,2.0,Not junction,Exact,,40.0,266.0,,,,40
2009,May,Wednesday,Night,Light,Other,0.0,0.0,2.0,0.0,0.0,2.0,0.0,2.0,1.0,1.0,Not junction,Exact,,40.0,163.2,,,,40
2009,September,Sunday,Night,Severe,Hit an object,0.0,1.0,0.0,0.0,0.0,1.0,0.0,1.0,1.0,1.0,Not junction,Centered,,40.0,200.0,,,,40
2009,July,Saturday,Night,Light,Front to rear collision,0.0,0.0,4.0,0.0,0.0,4.0,0.0,4.0,2.0,2.0,Not junction,Exact,,40.0,262.0,,,,40
2009,September,Thursday,Night,Light,Front to rear collision,0.0,0.0,2.0,0.0,0.0,2.0,0.0,2.0,3.0,3.0,Not junction,Exact,,40.0,259.0,,,,40
2009,April,Thursday,Night,Light,Front to side collision,0.0,0.0,1.0,0.0,0.0,1.0,0.0,1.0,2.0,2.0,Not junction,Exact,,40.0,297.0,,,,40
2009,August,Sunday,Night,Fatal,Front to rear collision,1.0,0.0,0.0,0.0,0.0,1.0,0.0,1.0,2.0,2.0,Not junction,Exact,,40.0,234.2,,,,40
2009,January,Wednesday,Night,Light,Other,0.0,0.0,2.0,0.0,0.0,2.0,0.0,2.0,2.0,2.0,Not junction,Exact,,40.0,255.5,,,,40
2009,February,Sunday,Night,Light,Hit an object,0.0,0.0,1.0,0.0,0.0,1.0,0.0,1.0,1.0,1.0,Not junction,Exact,,40.0,300.1,,,,40
2009,October,Friday,Night,Severe,Front end collision,0.0,2.0,1.0,0.0,0.0,3.0,0.0,3.0,3.0,3.0,Not junction,Exact,,40.0,192.7,,,,40
2009,January,Wednesday,Night,Severe,Front to rear collision,0.0,2.0,1.0,0.0,0.0,3.0,0.0,3.0,2.0,2.0,Not junction,Exact,,40.0,216.1,,,,40
2009,December,Friday,Night,Light,Slip,0.0,0.0,1.0,0.0,0.0,1.0,0.0,1.0,1.0,1.0,Not junction,Exact,,40.0,289.0,,,,40
2009,August,Monday,Day,Light,Hit an object,0.0,0.0,1.0,0.0,0.0,1.0,0.0,1.0,1.0,1.0,Not junction,Exact,,40.0,192.1,,,,40
2009,March,Sunday,Day,Light,Front to rear collision,0.0,0.0,1.0,0.0,0.0,1.0,0.0,1.0,2.0,2.0,Not junction,Exact,,40.0,300.0,,,,40
2009,October,Sunday,Day,Severe,Roll over,0.0,1.0,0.0,0.0,0.0,1.0,0.0,1.0,1.0,1.0,Not junction,Exact,,40.0,275.0,,,,40
2009,March,Sunday,Day,Light,Front to side collision,0.0,0.0,3.0,0.0,1.0,2.0,0.0,3.0,3.0,3.0,Not junction,Exact,,40.0,300.0,,,,40
2009,January,Sunday,Day,Light,Slip,0.0,0.0,1.0,0.0,0.0,1.0,0.0,1.0,1.0,1.0,Not junction,Exact,,40.0,264.0,,,,40
2009,November,Sunday,Day,Light,Hit an object,0.0,0.0,1.0,0.0,0.0,1.0,0.0,1.0,2.0,2.0,Not junction,Exact,,40.0,209.4,,,,40
2009,June,Wednesday,Day,Light,Front to side collision,0.0,0.0,2.0,0.0,0.0,2.0,0.0,2.0,2.0,2.0,Not junction,Exact,,40.0,262.0,,,,40