year,month,day_of_week,day_night,accident_severity,accident_type,killed,severly_injured,lightly_injured,injured_pedestrians,casualties_ages_0-19,casualties_ages_20-64,casualties_ages_65_plus,total_casualties,vehicle_count,drivers,road_type,localization_quality,settlement,road1,location,road2,road3,road4,source_road
2012,September,Thursday,Day,Fatal,Pedestrian,1.0,0.0,0.0,1.0,1.0,0.0,0.0,1.0,1.0,1.0,Junction,Exact,,3.0,,40.0,,,40
2012,May,Thursday,Day,Light,Front to side collision,0.0,0.0,1.0,0.0,0.0,1.0,0.0,1.0,2.0,2.0,Junction,Exact,,3.0,,40.0,,,40
2012,May,Wednesday,Day,Light,Front to side collision,0.0,0.0,1.0,0.0,0.0,1.0,0.0,1.0,2.0,2.0,Junction,Exact,,40.0,,411.0,,,40
2012,November,Wednesday,Day,Light,Front to side collision,0.0,0.0,3.0,0.0,1.0,2.0,0.0,3.0,2.0,2.0,Junction,Exact,,40.0,,353.0,3533.0,,40
2012,July,Monday,Day,Light,Front to side collision,0.0,0.0,1.0,0.0,0.0,0.0,0.0,1.0,2.0,2.0,Junction,Exact,,3.0,,40.0,,,40
2012,July,Tuesday,Day,Light,Front end collision,0.0,0.0,1.0,0.0,0.0,1.0,0.0,1.0,2.0,2.0,Junction,Exact,,40.0,,431.0,,,40
2012,January,Wednesday,Day,Light,Front to side collision,0.0,0.0,1.0,0.0,0.0,1.0,0.0,1.0,2.0,2.0,Junction,Exact,,40.0,,431.0,,,40
2012,October,Sunday,Day,Light,Front to side collision,0.0,0.0,3.0,0.0,0.0,3.0,0.0,3.0,2.0,2.0,Junction,Exact,,40.0,,224.0,,,40
2012,September,Monday,Day,Light,Front to side collision,0.0,0.0,3.0,0.0,0.0,1.0,2.0,3.0,2.0,2.0,Junction,Exact,,1.0,,40.0,,,40
2012,July,Thursday,Day,Light,Front to side collision,0.0,0.0,2.0,0.0,0.0,2.0,0.0,2.0,2.0,2.0,Junction,Exact,,40.0,,5311.0,,,40
2012,August,Sunday,Day,Light,Other,0.0,0.0,2.0,0.0,0.0,2.0,0.0,2.0,2.0,2.0,Junction,Exact,,40.0,,4833.0,,,40
2012,April,Monday,Day,Light,Front to side collision,0.0,0.0,1.0,0.0,0.0,1.0,0.0,1.0,2.0,2.0,Junction,Exact,,25.0,,40.0,,,40
2012,February,Wednesday,Day,Light,Front to side collision,0.0,0.0,2.0,0.0,0.0,2.0,0.0,2.0,2.0,2.0,Junction,Exact,,1.0,,40.0,,,40
2012,December,Friday,Day,Light,Front to side collision,0.0,0.0,1.0,0.0,0.0,1.0,0.0,1.0,2.0,2.0,Junction,Exact,,40.0,,4103.0,,,40
2012,May,Monday,Day,Light,Front to side collision,0.0,0.0,1.0,0.0,0.0,1.0,0.0,1.0,2.0,2.0,Junction,Exact,,40.0,,,,,40
2012,October,Wednesday,Day,Light,Front to side collision,0.0,0.0,3.0,0.0,0.0,2.0,1.0,3.0,2.0,2.0,Junction,Exact,,25.0,,40.0,,,40
2012,May,Friday,Day,Light,Front to side collision,0.0,0.0,1.0,0.0,0.0,1.0,0.0,1.0,2.0,2.0,Junction,Exact,,5.0,,40.0,,,40
2012,May,Friday,Day,Light,Front to side collision,0.0,0.0,2.0,0.0,0.0,2.0,0.0,2.0,2.0,2.0,Junction,Exact,,5.0,,40.0,,,40
2012,September,Monday,Day,Light,Front to side collision,0.0,0.0,1.0,0.0,0.0,0.0,1.0,1.0,3.0,3.0,Junction,Exact,,40.0,,5312.0,,,40
2012,May,Monday,Day,Light,Side to side collision,0.0,0.0,2.0,0.0,0.0,2.0,0.0,2.0,2.0,2.0,Junction,Exact,,6.0,,40.0,293.0,,40
2012,July,Monday,Day,Light,Front end collision,0.0,0.0,7.0,0.0,0.0,6.0,1.0,7.0,5.0,5.0,Junction,Exact,,40.0,,4233.0,,,40
2012,March,Saturday,Day,Light,Front to side collision,0.0,0.0,2.0,0.0,1.0,1.0,0.0,2.0,2.0,2.0,Junction,Exact,,40.0,,411.0,,,40
2012,May,Tuesday,Day,Light,Front to side collision,0.0,0.0,1.0,0.0,0.0,1.0,0.0,1.0,2.0,2.0,Junction,Exact,,40.0,,,,,40
2012,October,Sunday,Day,Light,Pedestrian,0.0,0.0,1.0,1.0,0.0,1.0,0.0,1.0,1.0,1.0,Junction,Exact,,40.0,,412.0,,,40
2012,March,Wednesday,Day,Light,Front to side collision,0.0,0.0,5.0,0.0,0.0,3.0,1.0,5.0,2.0,2.0,Junction,Exact,,5.0,,40.0,,,40
2012,August,Sunday,Day,Light,Front to side collision,0.0,0.0,3.0,0.0,0.0,3.0,0.0,3.0,2.0,2.0,Junction,Exact,,40.0,,406.0,,,40
2012,November,Thursday,Day,Light,Side to side collision,0.0,0.0,1.0,0.0,0.0,1.0,0.0,1.0,2.0,2.0,Junction,Exact,,310.0,,40.0,,,40
2012,February,Saturday,Day,Light,Front to side collision,0.0,0.0,2.0,0.0,0.0,2.0,0.0,2.0,2.0,2.0,Junction,Exact,,40.0,,4103.0,,,40
2012,August,Wednesday,Day,Light,Front to side collision,0.0,0.0,7.0,0.0,0.0,7.0,0.0,7.0,3.0,3.0,Junction,Exact,,40.0,,443.0,,,40
2012,April,Friday,Day,Light,Front to side collision,0.0,0.0,4.0,0.0,1.0,1.0,2.0,4.0,2.0,2.0,Junction,Exact,,40.0,,431.0,,,40
2012,February,Thursday,Day,Light,Front to side collision,0.0,0.0,1.0,0.0,0.0,1.0,0.0,1.0,2.0,2.0,Junction,Exact,,7.0,,40.0,,,40
2012,May,Wednesday,Day,Fatal,Front to side collision,1.0,1.0,2.0,0.0,1.0,3.0,0.0,4.0,2.0,2.0,Junction,Exact,,40.0,,,,,40
2012,February,Wednesday,Day,Light,Front to side collision,0.0,0.0,3.0,0.0,1.0,2.0,0.0,3.0,2.0,2.0,Junction,Exact,,1.0,,40.0,,,40
2012,January,Friday,Day,Fatal,Front to side collision,1.0,0.0,2.0,0.0,1.0,2.0,0.0,3.0,3.0,3.0,Junction,Exact,,40.0,,4233.0,,,40
2012,July,Tuesday,Day,Light,Front to side collision,0.0,0.0,1.0,0.0,0.0,1.0,0.0,1.0,2.0,2.0,Junction,Exact,,40.0,,,,,40
2012,June,Friday,Day,Light,Front to side collision,0.0,0.0,2.0,0.0,1.0,1.0,0.0,2.0,2.0,2.0,Junction,Exact,,40.0,,402.0,,,40
2012,April,Saturday,Day,Light,Front to side collision,0.0,0.0,3.0,0.0,1.0,2.0,0.0,3.0,2.0,2.0,Junction,Exact,,40.0,,4833.0,,,40
2012,November,Friday,Day,Light,Front to side collision,0.0,0.0,3.0,0.0,0.0,3.0,0.0,3.0,2.0,2.0,Junction,Exact,,40.0,,353.0,3533.0,,40
2012,January,Saturday,Day,Severe,Front to side collision,0.0,1.0,4.0,0.0,0.0,5.0,0.0,5.0,2.0,2.0,Junction,Exact,,35.0,,40.0,,,40
2012,July,Tuesday,Day,Light,Front end collision,0.0,0.0,1.0,0.0,0.0,1.0,0.0,1.0,2.0,2.0,Junction,Exact,,40.0,,402.0,,,40
2012,March,Wednesday,Day,Light,Front to side collision,0.0,0.0,2.0,0.0,0.0,2.0,0.0,2.0,2.0,2.0,Junction,Exact,,35.0,,40.0,,,40
2012,February,Sunday,Day,Light,Front to side collision,0.0,0.0,4.0,0.0,1.0,3.0,0.0,4.0,2.0,2.0,Junction,Exact,,40.0,,222.0,,,40
2012,December,Tuesday,Night,Fatal,Pedestrian,1.0,0.0,0.0,1.0,0.0,1.0,0.0,1.0,1.0,1.0,Junction,Exact,,40.0,,,,,40
2012,September,Tuesday,Day,Light,Front to side collision,0.0,0.0,5.0,0.0,2.0,3.0,0.0,5.0,2.0,2.0,Junction,Exact,,40.0,,,,,40
2012,November,Saturday,Night,Light,Front to side collision,0.0,0.0,4.0,0.0,0.0,4.0,0.0,4.0,2.0,2.0,Junction,Exact,,40.0,,434.0,,,40
2012,April,Saturday,Day,Light,Front to side collision,0.0,0.0,4.0,0.0,1.0,3.0,0.0,4.0,2.0,2.0,Junction,Exact,,35.0,,40.0,,,40
2012,April,Thursday,Day,Light,Front to side collision,0.0,0.0,9.0,0.0,5.0,4.0,0.0,9.0,2.0,2.0,Junction,Exact,,40.0,,4304.0,,,40
2012,August,Saturday,Day,Light,Front to side collision,0.0,0.0,1.0,0.0,0.0,1.0,0.0,1.0,2.0,2.0,Junction,Exact,,40.0,,7.0,,,40
2012,May,Thursday,Day,Light,Front to side collision,0.0,0.0,2.0,0.0,0.0,2.0,0.0,2.0,2.0,2.0,Junction,Exact,,40.0,,353.0,3533.0,,40
2012,November,Friday,Night,Light,Front to side collision,0.0,0.0,1.0,0.0,0.0,0.0,1.0,1.0,2.0,2.0,Junction,Exact,,310.0,,40.0,,,40
2012,March,Wednesday,Night,Light,Front to side collision,0.0,0.0,2.0,0.0,0.0,2.0,0.0,2.0,2.0,2.0,Junction,Exact,,40.0,,411.0,,,40
2012,April,Friday,Day,Light,Front end collision,0.0,0.0,4.0,0.0,0.0,1.0,3.0,4.0,2.0,2.0,Junction,Exact,,40.0,,353.0,3533.0,,40
2012,December,Tuesday,Night,Light,Front to side collision,0.0,0.0,2.0,0.0,0.0,2.0,0.0,2.0,2.0,2.0,Junction,Exact,,40.0,,402.0,,,40
2012,March,Tuesday,Night,Light,Front to rear collision,0.0,0.0,5.0,0.0,2.0,3.0,0.0,5.0,2.0,2.0,Junction,Exact,,40.0,,7.0,,,40
2012,May,Wednesday,Day,Light,Front to rear collision,0.0,0.0,1.0,0.0,0.0,0.0,1.0,1.0,2.0,2.0,Junction,Exact,,1.0,,40.0,,,40
2012,December,Monday,Night,Light,Front to side collision,0.0,0.0,2.0,0.0,0.0,2.0,0.0,2.0,2.0,2.0,Junction,Exact,,40.0,,431.0,,,40
2012,November,Thursday,Night,Light,Front to side collision,0.0,0.0,4.0,0.0,0.0,4.0,0.0,4.0,2.0,2.0,Junction,Exact,,40.0,,211.0,,,40
2012,February,Thursday,Night,Light,Front to side collision,0.0,0.0,2.0,0.0,0.0,1.0,1.0,2.0,2.0,2.0,Junction,Exact,,40.0,,4304.0,,,40
2012,February,Wednesday,Night,Light,Front to side collision,0.0,0.0,2.0,0.0,1.0,1.0,0.0,2.0,2.0,2.0,Junction,Exact,,40.0,,,,,40
2012,December,Wednesday,Night,Light,Front to rear collision,0.0,0.0,4.0,0.0,1.0,3.0,0.0,4.0,3.0,3.0,Junction,Exact,,40.0,,412.0,,,40
2012,July,Wednesday,Night,Light,Front end collision,0.0,0.0,4.0,0.0,2.0,2.0,0.0,4.0,2.0,2.0,Junction,Exact,,35.0,,40.0,,,40
2012,October,Monday,Night,Light,Front to side collision,0.0,0.0,2.0,0.0,0.0,2.0,0.0,2.0,2.0,2.0,Junction,Exact,,40.0,,3553.0,,,40
2012,May,Sunday,Night,Light,Front to side collision,0.0,0.0,3.0,0.0,0.0,3.0,0.0,3.0,2.0,2.0,Junction,Exact,,40.0,,431.0,,,40
2012,August,Monday,Night,Light,Drive off road or on paveway,0.0,0.0,1.0,0.0,0.0,1.0,0.0,1.0,1.0,1.0,Junction,Exact,,40.0,,7.0,,,40
2012,May,Friday,Night,Light,Front to side collision,0.0,0.0,2.0,0.0,0.0,2.0,0.0,2.0,2.0,2.0,Junction,Exact,,40.0,,471.0,,,40
2012,June,Tuesday,Night,Light,Front to side collision,0.0,0.0,1.0,0.0,0.0,1.0,0.0,1.0,3.0,3.0,Junction,Exact,,40.0,,412.0,,,40
2012,October,Saturday,Night,Light,Front to side collision,0.0,0.0,4.0,0.0,0.0,3.0,1.0,4.0,3.0,3.0,Junction,Exact,,40.0,,,,,40
2012,May,Wednesday,Night,Light,Front to side collision,0.0,0.0,1.0,0.0,0.0,1.0,0.0,1.0,2.0,2.0,Junction,Exact,,40.0,,353.0,3533.0,,40
2012,May,Saturday,Night,Light,Front to rear collision,0.0,0.0,2.0,0.0,0.0,2.0,0.0,2.0,2.0,2.0,Junction,Exact,,40.0,,443.0,,,40
2012,October,Tuesday,Night,Light,Front end collision,0.0,0.0,1.0,0.0,0.0,1.0,0.0,1.0,2.0,2.0,Junction,Exact,,40.0,,46.0,453.0,,40
2012,April,Tuesday,Night,Light,Front to rear collision,0.0,0.0,2.0,0.0,1.0,1.0,0.0,2.0,2.0,2.0,Junction,Exact,,40.0,,412.0,,,40
2012,July,Monday,Night,Light,Front to side collision,0.0,0.0,3.0,0.0,0.0,3.0,0.0,3.0,2.0,2.0,Junction,Exact,,3.0,,40.0,,,40
2012,October,Friday,Night,Light,Front to side collision,0.0,0.0,2.0,0.0,1.0,1.0,0.0,2.0,2.0,2.0,Junction,Exact,,40.0,,,,,40
2012,August,Sunday,Night,Light,Front to side collision,0.0,0.0,2.0,0.0,0.0,2.0,0.0,2.0,2.0,2.0,Junction,Exact,,40.0,,4304.0,,,40
2012,March,Thursday,Night,Light,Front to side collision,0.0,0.0,3.0,0.0,0.0,2.0,1.0,3.0,3.0,3.0,Junction,Exact,,1.0,,40.0,,,40
2012,August,Saturday,Night,Light,Front to side collision,0.0,0.0,2.0,0.0,1.0,1.0,0.0,2.0,2.0,2.0,Junction,Exact,,40.0,,4105.0,,,40
2012,April,Friday,Night,Light,Front to side collision,0.0,0.0,3.0,0.0,1.0,2.0,0.0,3.0,2.0,2.0,Junction,Exact,,1.0,,40.0,,,40
2012,August,Sunday,Night,Light,Front to side collision,0.0,0.0,2.0,0.0,0.0,2.0,0.0,2.0,2.0,2.0,Junction,Exact,,40.0,,,,,40
2012,June,Friday,Night,Light,Front to side collision,0.0,0.0,2.0,0.0,1.0,1.0,0.0,2.0,2.0,2.0,Junction,Exact,,40.0,,411.0,,,40
2012,July,Sunday,Night,Light,Front to side collision,0.0,0.0,3.0,0.0,0.0,3.0,0.0,3.0,2.0,2.0,Junction,Exact,,40.0,,443.0,,,40
2012,July,Saturday,Night,Light,Front to side collision,0.0,0.0,2.0,0.0,0.0,2.0,0.0,2.0,2.0,2.0,Junction,Exact,,3.0,,40.0,,,40
2012,March,Saturday,Night,Light,Front to rear collision,0.0,0.0,3.0,0.0,0.0,3.0,0.0,3.0,2.0,2.0,Junction,Exact,,40.0,,412.0,,,40
2012,August,Tuesday,Night,Light,Front to side collision,0.0,0.0,1.0,0.0,0.0,1.0,0.0,1.0,2.0,2.0,Not junction,Exact,,40.0,300.0,,,,40
2012,March,Friday,Night,Severe,Slip,0.0,1.0,9.0,0.0,3.0,7.0,0.0,10.0,3.0,3.0,Not junction,Exact,,40.0,109.0,,,,40
2012,February,Friday,Night,Light,Front to side collision,0.0,0.0,8.0,0.0,0.0,8.0,0.0,8.0,3.0,3.0,Not junction,Exact,,40.0,264.9,,,,40
2012,November,Monday,Night,Light,Other,0.0,0.0,1.0,0.0,0.0,1.0,0.0,1.0,1.0,1.0,Not junction,Exact,,40.0,273.4,,,,40
2012,June,Saturday,Night,Light,Front end collision,0.0,0.0,7.0,0.0,0.0,7.0,0.0,7.0,2.0,2.0,Not junction,Exact,,40.0,264.9,,,,40
2012,November,Saturday,Night,Light,Front to side collision,0.0,0.0,2.0,0.0,0.0,2.0,0.0,2.0,2.0,2.0,Not junction,Exact,,40.0,226.0,,,,40
2012,October,Wednesday,Night,Light,Front to side collision,0.0,0.0,6.0,0.0,0.0,5.0,1.0,6.0,2.0,2.0,Not junction,Exact,,40.0,253.5,,,,40
2012,July,Sunday,Night,Light,Roll over,0.0,0.0,3.0,0.0,2.0,1.0,0.0,3.0,1.0,1.0,Not junction,Exact,,40.0,180.0,,,,40
2012,April,Monday,Night,Light,Roll over,0.0,0.0,1.0,0.0,0.0,1.0,0.0,1.0,1.0,1.0,Not junction,Exact,,40.0,86.0,,,,40
2012,July,Tuesday,Night,Light,Other,0.0,0.0,1.0,0.0,0.0,1.0,0.0,1.0,1.0,1.0,Not junction,Exact,,40.0,123.0,,,,40
2012,May,Monday,Night,Light,Front to side collision,0.0,0.0,2.0,0.0,0.0,2.0,0.0,2.0,2.0,2.0,Not junction,Exact,,40.0,230.0,,,,40
2012,December,Saturday,Night,Light,Slip,0.0,0.0,2.0,0.0,2.0,0.0,0.0,2.0,1.0,1.0,Not junction,Exact,,40.0,221.0,,,,40
2012,September,Tuesday,Night,Light,Hit an object,0.0,0.0,1.0,0.0,0.0,1.0,0.0,1.0,1.0,1.0,Not junction,Exact,,40.0,265.0,,,,40
2012,May,Tuesday,Day,Light,Slip,0.0,0.0,1.0,0.0,0.0,1.0,0.0,1.0,1.0,1.0,Not junction,Exact,,40.0,231.0,,,,40
2012,March,Friday,Day,Light,Front to rear collision,0.0,0.0,1.0,0.0,0.0,1.0,0.0,1.0,2.0,2.0,Not junction,Exact,,40.0,210.0,,,,40
2012,March,Sunday,Day,Light,Pedestrian,0.0,0.0,1.0,1.0,0.0,0.0,0.0,1.0,1.0,1.0,Not junction,Exact,,40.0,286.0,,,,40
2012,February,Sunday,Night,Light,Front to rear collision,0.0,0.0,1.0,0.0,0.0,1.0,0.0,1.0,2.0,2.0,Not junction,Exact,,40.0,270.8,,,,40
2012,July,Tuesday,Day,Severe,Front to rear collision,0.0,1.0,0.0,0.0,0.0,1.0,0.0,1.0,2.0,2.0,Not junction,Exact,,40.0,288.0,,,,40
2012,August,Wednesday,Day,Light,Other,0.0,0.0,4.0,0.0,0.0,4.0,0.0,4.0,3.0,3.0,Not junction,Exact,,40.0,206.0,,,,40
2012,November,Sunday,Day,Light,Slip,0.0,0.0,2.0,0.0,0.0,2.0,0.0,2.0,1.0,1.0,Not junction,Exact,,40.0,268.0,,,,40
2012,June,Thursday,Day,Light,Front to side collision,0.0,0.0,2.0,0.0,0.0,2.0,0.0,2.0,2.0,2.0,Not junction,Exact,,40.0,263.4,,,,40
2012,September,Tuesday,Day,Light,Slip,0.0,0.0,1.0,0.0,0.0,0.0,1.0,1.0,2.0,2.0,Not junction,Exact,,40.0,222.0,,,,40
2012,January,Friday,Day,Light,Front to side collision,0.0,0.0,1.0,0.0,1.0,0.0,0.0,1.0,2.0,2.0,Not junction,Exact,,40.0,250.0,,,,40
2012,January,Tuesday,Day,Light,Front to rear collision,0.0,0.0,2.0,0.0,0.0,2.0,0.0,2.0,2.0,2.0,Not junction,Exact,,40.0,205.0,,,,40
2012,January,Sunday,Day,Light,Front to side collision,0.0,0.0,1.0,0.0,0.0,1.0,0.0,1.0,2.0,2.0,Not junction,Exact,,40.0,265.1,,,,40
2012,January,Monday,Day,Light,Front to side collision,0.0,0.0,1.0,0.0,0.0,1.0,0.0,1.0,2.0,2.0,Not junction,Exact,,40.0,280.0,,,,40
2012,July,Thursday,Day,Light,Other,0.0,0.0,1.0,0.0,0.0,1.0,0.0,1.0,1.0,1.0,Not junction,Exact,,40.0,267.7,,,,40
2012,July,Tuesday,Day,Severe,Front to side collision,0.0,1.0,1.0,0.0,0.0,1.0,1.0,2.0,2.0,2.0,Not junction,Exact,,40.0,17.0,,,,40
2012,October,Sunday,Day,Light,Slip,0.0,0.0,1.0,0.0,0.0,1.0,0.0,1.0,1.0,1.0,Not junction,Exact,,40.0,210.0,,,,40
2012,December,Thursday,Day,Light,Front to side collision,0.0,0.0,2.0,0.0,0.0,1.0,1.0,2.0,2.0,2.0,Not junction,Exact,,40.0,261.0,,,,40
2012,February,Sunday,Day,Light,Front to side collision,0.0,0.0,4.0,0.0,0.0,4.0,0.0,4.0,3.0,3.0,Not junction,Exact,,40.0,242.0,,,,40
2012,November,Thursday,Day,Light,Front to rear collision,0.0,0.0,2.0,0.0,0.0,2.0,0.0,2.0,2.0,2.0,Not junction,Exact,,40.0,266.0,,,,40
2012,November,Sunday,Day,Light,Front to side collision,0.0,0.0,2.0,0.0,0.0,2.0,0.0,2.0,3.0,3.0,Not junction,Exact,,40.0,296.0,,,,40
2012,August,Sunday,Day,Light,Front to rear collision,0.0,0.0,1.0,0.0,0.0,1.0,0.0,1.0,2.0,2.0,Not junction,Exact,,40.0,277.9,,,,40
2012,May,Thursday,Day,Light,Pedestrian,0.0,0.0,1.0,1.0,0.0,0.0,0.0,1.0,1.0,1.0,Not junction,Exact,,40.0,254.0,,,,40
2012,October,Monday,Day,Light,Other,0.0,0.0,1.0,0.0,0.0,1.0,0.0,1.0,1.0,1.0,Not junction,Exact,,40.0,262.8,,,,40
2012,June,Sunday,Day,Light,Front to side collision,0.0,0.0,1.0,0.0,0.0,1.0,0.0,1.0,2.0,2.0,Not junction,Exact,,40.0,270.0,,,,40
2012,February,Tuesday,Day,Fatal,Front to rear collision,1.0,0.0,0.0,0.0,0.0,1.0,0.0,1.0,2.0,2.0,Not junction,Exact,,40.0,198.0,,,,40
2012,July,Monday,Day,Light,Collision with stopped vehicle,0.0,0.0,1.0,0.0,0.0,1.0,0.0,1.0,2.0,2.0,Not junction,Exact,,40.0,285.0,,,,40
2012,January,Tuesday,Day,Light,Front to side collision,0.0,0.0,1.0,0.0,0.0,1.0,0.0,1.0,2.0,2.0,Not junction,Exact,,40.0,241.8,,,,40
2012,December,Monday,Day,Severe,Drive off road or on paveway,0.0,1.0,0.0,0.0,0.0,0.0,1.0,1.0,1.0,1.0,Not junction,Exact,,40.0,180.0,,,,40
2012,April,Friday,Day,Light,Slip,0.0,0.0,1.0,0.0,0.0,1.0,0.0,1.0,3.0,3.0,Not junction,Exact,,40.0,262.0,,,,40
2012,May,Wednesday,Day,Light,Pedestrian,0.0,0.0,1.0,1.0,1.0,0.0,0.0,1.0,1.0,1.0,Not junction,Exact,,40.0,255.9,,,,40
2012,March,Tuesday,Day,Light,Front to side collision,0.0,0.0,3.0,0.0,0.0,3.0,0.0,3.0,2.0,2.0,Not junction,Exact,,40.0,287.0,,,,40
2012,April,Sunday,Day,Light,Hit an object,0.0,0.0,1.0,0.0,0.0,1.0,0.0,1.0,1.0,1.0,Not junction,Exact,,40.0,286.0,,,,40
2012,November,Wednesday,Day,Light,Side to side collision,0.0,0.0,2.0,0.0,0.0,2.0,0.0,2.0,2.0,2.0,Not junction,Exact,,40.0,210.0,,,,40
2012,April,Monday,Day,Light,Front to side collision,0.0,0.0,2.0,0.0,0.0,1.0,1.0,2.0,2.0,2.0,Not junction,Exact,,40.0,262.0,,,,40
2012,July,Tuesday,Day,Light,Front to rear collision,0.0,0.0,3.0,0.0,1.0,2.0,0.0,3.0,3.0,3.0,Not junction,Exact,,40.0,166.0,,,,40
2012,February,Wednesday,Day,Light,Front to side collision,0.0,0.0,1.0,0.0,0.0,1.0,0.0,1.0,2.0,2.0,Not junction,Exact,,40.0,253.5,,,,40
2012,July,Friday,Day,Light,Front to rear collision,0.0,0.0,10.0,0.0,2.0,8.0,0.0,10.0,4.0,4.0,Not junction,Exact,,40.0,267.0,,,,40
2012,July,Thursday,Day,Light,Front to rear collision,0.0,0.0,2.0,0.0,0.0,2.0,0.0,2.0,3.0,3.0,Not junction,Centered,,40.0,290.0,,,,40
2012,June,Saturday,Day,Light,Front to side collision,0.0,0.0,4.0,0.0,3.0,1.0,0.0,4.0,2.0,2.0,Not junction,Exact,,40.0,268.0,,,,40
2012,October,Thursday,Day,Fatal,Roll over,1.0,0.0,5.0,0.0,4.0,2.0,0.0,6.0,1.0,1.0,Not junction,Exact,,40.0,187.0,,,,40
2012,October,Friday,Day,Fatal,Front end collision,1.0,0.0,3.0,0.0,0.0,4.0,0.0,4.0,6.0,6.0,Not junction,Exact,,40.0,105.0,,,,40
2012,October,Thursday,Day,Light,Hit an object,0.0,0.0,2.0,0.0,0.0,1.0,1.0,2.0,1.0,1.0,Not junction,Exact,,40.0,221.0,,,,40
2012,June,Tuesday,Day,Light,Front to side collision,0.0,0.0,2.0,0.0,0.0,2.0,0.0,2.0,2.0,2.0,Not junction,Exact,,40.0,301.0,,,,40
2012,November,Wednesday,Day,Light,Front to side collision,0.0,0.0,2.0,0.0,0.0,2.0,0.0,2.0,2.0,2.0,Not junction,Exact,,40.0,239.0,,,,40
2012,November,Tuesday,Day,Light,Side to side collision,0.0,0.0,1.0,0.0,0.0,1.0,0.0,1.0,2.0,2.0,Not junction,Exact,,40.0,273.0,,,,40
2012,March,Wednesday,Day,Light,Front to side collision,0.0,0.0,2.0,0.0,0.0,1.0,1.0,2.0,2.0,2.0,Not junction,Exact,,40.0,267.0,,,,40
2012,March,Thursday,Day,Light,Front to rear collision,0.0,0.0,4.0,0.0,2.0,2.0,0.0,4.0,2.0,2.0,Not junction,Exact,,40.0,210.0,,,,40
2012,September,Tuesday,Day,Light,Side to side collision,0.0,0.0,2.0,0.0,0.0,2.0,0.0,2.0,2.0,2.0,Not junction,Exact,,40.0,100.0,,,,40
2012,January,Thursday,Day,Fatal,Hit an object,1.0,0.0,0.0,0.0,0.0,1.0,0.0,1.0,1.0,1.0,Not junction,Exact,,40.0,300.5,,,,40
2012,March,Friday,Day,Light,Front to side collision,0.0,0.0,1.0,0.0,0.0,1.0,0.0,1.0,3.0,3.0,Not junction,Exact,,40.0,247.0,,,,40
2012,June,Sunday,Day,Light,Front end collision,0.0,0.0,1.0,0.0,0.0,1.0,0.0,1.0,2.0,2.0,Not junction,Exact,,40.0,45.0,,,,40
2012,February,Tuesday,Day,Light,Pedestrian,0.0,0.0,1.0,1.0,0.0,1.0,0.0,1.0,1.0,1.0,Not junction,Exact,,40.0,24.0,,,,40
2012,August,Tuesday,Day,Light,Front to rear collision,0.0,0.0,8.0,0.0,0.0,6.0,0.0,8.0,2.0,2.0,Not junction,Exact,,40.0,266.0,,,,40
2012,September,Thursday,Day,Severe,Side to side collision,0.0,1.0,1.0,0.0,0.0,2.0,0.0,2.0,3.0,3.0,Not junction,Exact,,40.0,271.0,,,,40
2012,February,Tuesday,Day,Light,Slip,0.0,0.0,1.0,0.0,0.0,1.0,0.0,1.0,1.0,1.0,Not junction,Exact,,40.0,38.0,,,,40
2012,September,Friday,Day,Light,Front to side collision,0.0,0.0,5.0,0.0,3.0,2.0,0.0,5.0,2.0,2.0,Not junction,Exact,,40.0,174.0,,,,40
2012,December,Sunday,Night,Light,Front to side collision,0.0,0.0,1.0,0.0,0.0,1.0,0.0,1.0,2.0,2.0,Not junction,Exact,,40.0,151.0,,,,40
2012,July,Thursday,Day,Severe,Front to rear collision,0.0,1.0,0.0,0.0,0.0,1.0,0.0,1.0,2.0,2.0,Not junction,Exact,,40.0,288.0,,,,40
2012,August,Sunday,Day,Light,Slip,0.0,0.0,1.0,0.0,0.0,1.0,0.0,1.0,1.0,1.0,Not junction,Exact,,40.0,281.1,,,,40
2012,December,Tuesday,Night,Light,Front to side collision,0.0,0.0,2.0,0.0,0.0,2.0,0.0,2.0,2.0,2.0,Not junction,Exact,,40.0,271.1,,,,40
2012,October,Tuesday,Night,Light,Front to rear collision,0.0,0.0,3.0,0.0,1.0,2.0,0.0,3.0,2.0,2.0,Not junction,Exact,,40.0,35.0,,,,40
2012,January,Wednesday,Night,Light,Side to side collision,0.0,0.0,1.0,0.0,0.0,1.0,0.0,1.0,2.0,2.0,Not junction,Exact,,40.0,276.0,,,,40
2012,May,Wednesday,Day,Light,Side to side collision,0.0,0.0,1.0,0.0,0.0,1.0,0.0,1.0,2.0,2.0,Not junction,Exact,,40.0,289.0,,,,40
2012,December,Thursday,Night,Light,Side to side collision,0.0,0.0,2.0,0.0,1.0,1.0,0.0,2.0,2.0,2.0,Not junction,Exact,,40.0,225.0,,,,40
2012,October,Sunday,Night,Light,Front to side collision,0.0,0.0,3.0,0.0,1.0,2.0,0.0,3.0,2.0,2.0,Not junction,Exact,,40.0,280.0,,,,40
2012,January,Thursday,Night,Light,Front to rear collision,0.0,0.0,9.0,0.0,2.0,7.0,0.0,9.0,3.0,3.0,Not junction,Exact,,40.0,275.5,,,,40