year,month,day_of_week,day_night,accident_severity,accident_type,killed,severly_injured,lightly_injured,injured_pedestrians,casualties_ages_0-19,casualties_ages_20-64,casualties_ages_65_plus,total_casualties,vehicle_count,drivers,road_type,localization_quality,settlement,road1,location,road2,road3,road4,source_road
2016,June,Wednesday,Day,Light,Front to rear collision,0.0,0.0,1.0,0.0,0.0,1.0,0.0,1.0,2.0,2.0,Not junction,Exact,,40.0,286.0,,,,40
2016,March,Tuesday,Day,Light,Hit an object,0.0,0.0,1.0,0.0,0.0,1.0,0.0,1.0,2.0,2.0,Not junction,Exact,,40.0,200.0,,,,40
2016,December,Saturday,Day,Fatal,Roll over,1.0,0.0,0.0,0.0,0.0,1.0,0.0,1.0,1.0,1.0,Not junction,Exact,,40.0,111.2,,,,40
2016,January,Tuesday,Day,Light,Front to side collision,0.0,0.0,2.0,0.0,0.0,2.0,0.0,2.0,2.0,2.0,Not junction,Exact,,40.0,176.0,,,,40
2016,March,Tuesday,Day,Light,Front to side collision,0.0,0.0,3.0,0.0,0.0,2.0,1.0,3.0,2.0,2.0,Not junction,Exact,,40.0,250.0,,,,40
2016,October,Sunday,Night,Light,Front to rear collision,0.0,0.0,1.0,0.0,0.0,1.0,0.0,1.0,3.0,3.0,Not junction,Exact,,40.0,285.5,,,,40
2016,April,Thursday,Day,Fatal,Front to rear collision,1.0,0.0,0.0,0.0,0.0,1.0,0.0,1.0,3.0,3.0,Not junction,Exact,,40.0,274.0,,,,40
2016,June,Sunday,Day,Light,Roll over,0.0,0.0,1.0,0.0,0.0,0.0,1.0,1.0,1.0,1.0,Not junction,Exact,,40.0,184.0,,,,40
2016,February,Tuesday,Day,Light,Side to side collision,0.0,0.0,1.0,0.0,0.0,1.0,0.0,1.0,2.0,2.0,Not junction,Exact,,40.0,229.0,,,,40
2016,April,Thursday,Day,Light,Front to side collision,0.0,0.0,3.0,0.0,0.0,3.0,0.0,3.0,4.0,4.0,Not junction,Exact,,40.0,265.2,,,,40
2016,September,Thursday,Day,Light,Front to rear collision,0.0,0.0,1.0,0.0,0.0,1.0,0.0,1.0,2.0,2.0,Not junction,Exact,,40.0,160.0,,,,40
2016,December,Monday,Night,Severe,Side to side collision,0.0,1.0,0.0,0.0,0.0,1.0,0.0,1.0,2.0,2.0,Not junction,Exact,,40.0,263.0,,,,40
2016,March,Wednesday,Night,Fatal,Front to rear collision,1.0,0.0,0.0,0.0,0.0,1.0,0.0,1.0,2.0,2.0,Not junction,Exact,,40.0,293.4,,,,40
2016,November,Saturday,Night,Fatal,Front end collision,2.0,0.0,2.0,0.0,2.0,2.0,0.0,4.0,2.0,2.0,Not junction,Exact,,40.0,226.0,,,,40
2016,December,Sunday,Day,Severe,Front to rear collision,0.0,1.0,2.0,0.0,1.0,2.0,0.0,3.0,2.0,2.0,Not junction,Exact,,40.0,247.0,,,,40
2016,April,Monday,Day,Light,Other,0.0,0.0,1.0,0.0,0.0,1.0,0.0,1.0,2.0,2.0,Not junction,Exact,,40.0,288.7,,,,40
2016,June,Thursday,Day,Light,Front to rear collision,0.0,0.0,2.0,1.0,0.0,2.0,0.0,2.0,2.0,2.0,Not junction,Exact,,40.0,262.0,,,,40
2016,May,Thursday,Day,Light,Front to rear collision,0.0,0.0,11.0,0.0,3.0,8.0,0.0,11.0,4.0,4.0,Not junction,Exact,,40.0,200.0,,,,40
2016,February,Thursday,Night,Light,Front to side collision,0.0,0.0,2.0,0.0,1.0,1.0,0.0,2.0,2.0,2.0,Not junction,Exact,,40.0,237.6,,,,40
2016,October,Thursday,Day,Light,Roll over,0.0,0.0,3.0,0.0,0.0,3.0,0.0,3.0,1.0,1.0,Not junction,Exact,,40.0,76.0,,,,40
2016,May,Wednesday,Day,Light,Side to side collision,0.0,0.0,1.0,0.0,0.0,1.0,0.0,1.0,2.0,2.0,Not junction,Exact,,40.0,300.0,,,,40
2016,May,Tuesday,Day,Light,Front to side collision,0.0,0.0,2.0,0.0,0.0,1.0,0.0,2.0,2.0,2.0,Not junction,Exact,,40.0,250.0,,,,40
2016,August,Sunday,Night,Fatal,Other,1.0,0.0,0.0,0.0,0.0,1.0,0.0,1.0,2.0,2.0,Not junction,Exact,,40.0,287.0,,,,40
2016,March,Thursday,Night,Light,Front to rear collision,0.0,0.0,2.0,0.0,0.0,1.0,1.0,2.0,3.0,3.0,Not junction,Exact,,40.0,290.0,,,,40
2016,May,Tuesday,Day,Light,Slip,0.0,0.0,1.0,0.0,0.0,1.0,0.0,1.0,2.0,2.0,Not junction,Exact,,40.0,299.0,,,,40
2016,June,Thursday,Day,Light,Side to side collision,0.0,0.0,1.0,0.0,0.0,1.0,0.0,1.0,2.0,2.0,Not junction,Exact,,40.0,281.0,,,,40
2016,September,Thursday,Day,Fatal,Side to side collision,1.0,0.0,2.0,0.0,0.0,3.0,0.0,3.0,5.0,5.0,Not junction,Exact,,40.0,273.0,,,,40
2016,December,Sunday,Night,Severe,Front to rear collision,0.0,1.0,1.0,0.0,0.0,1.0,1.0,2.0,2.0,2.0,Not junction,Exact,,40.0,252.0,,,,40
2016,January,Monday,Night,Severe,Front end collision,0.0,1.0,2.0,0.0,0.0,3.0,0.0,3.0,3.0,3.0,Not junction,Exact,,40.0,39.0,,,,40
2016,July,Monday,Day,Severe,Front to rear collision,0.0,1.0,4.0,0.0,3.0,2.0,0.0,5.0,6.0,6.0,Not junction,Exact,,40.0,269.0,,,,40
2016,April,Sunday,Night,Severe,Front to rear collision,0.0,1.0,3.0,0.0,0.0,0.0,4.0,4.0,4.0,4.0,Not junction,Exact,,40.0,207.0,,,,40
2016,March,Thursday,Night,Light,Front to rear collision,0.0,0.0,5.0,0.0,1.0,4.0,0.0,5.0,4.0,4.0,Not junction,Exact,,40.0,296.0,,,,40
2016,August,Thursday,Day,Severe,Roll over,0.0,1.0,0.0,0.0,0.0,1.0,0.0,1.0,1.0,1.0,Not junction,Exact,,40.0,87.7,,,,40
2016,June,Saturday,Day,Light,Front to rear collision,0.0,0.0,7.0,0.0,2.0,5.0,0.0,7.0,3.0,3.0,Not junction,Exact,,40.0,233.6,,,,40
2016,January,Saturday,Day,Severe,Roll over,0.0,1.0,1.0,0.0,0.0,2.0,0.0,2.0,1.0,1.0,Not junction,Exact,,40.0,144.0,,,,40
2016,September,Saturday,Night,Light,Front to rear collision,0.0,0.0,2.0,0.0,0.0,2.0,0.0,2.0,3.0,3.0,Not junction,Exact,,40.0,262.8,,,,40
2016,September,Wednesday,Night,Light,Front to rear collision,0.0,0.0,1.0,0.0,0.0,1.0,0.0,1.0,2.0,2.0,Not junction,Exact,,40.0,289.0,,,,40
2016,November,Monday,Day,Light,Front to side collision,0.0,0.0,4.0,0.0,2.0,1.0,0.0,4.0,2.0,2.0,Not junction,Exact,,40.0,120.0,,,,40
2016,June,Wednesday,Night,Severe,Pedestrian,0.0,1.0,1.0,1.0,1.0,1.0,0.0,2.0,1.0,1.0,Not junction,Exact,,40.0,57.0,,,,40
2017,November,Saturday,Day,Light,Front to side collision,0.0,0.0,7.0,0.0,3.0,2.0,2.0,7.0,3.0,3.0,Junction,Exact,,5.0,,40.0,,,40
2017,April,Saturday,Night,Light,Front to side collision,0.0,0.0,5.0,0.0,2.0,3.0,0.0,5.0,2.0,2.0,Junction,Exact,,40.0,,44.0,,,40
2017,June,Sunday,Day,Light,Front to side collision,0.0,0.0,1.0,0.0,0.0,1.0,0.0,1.0,2.0,2.0,Junction,Exact,,40.0,,44.0,,,40
2017,October,Tuesday,Night,Light,Other,0.0,0.0,1.0,0.0,0.0,1.0,0.0,1.0,2.0,2.0,Junction,Exact,,40.0,,412.0,,,40
2017,October,Sunday,Day,Light,Front to side collision,0.0,0.0,2.0,0.0,0.0,2.0,0.0,2.0,2.0,2.0,Junction,Exact,,3.0,,40.0,3825.0,,40
2017,January,Thursday,Night,Light,Front to side collision,0.0,0.0,2.0,0.0,0.0,2.0,0.0,2.0,2.0,2.0,Junction,Exact,,40.0,,353.0,3533.0,,40
2017,March,Saturday,Night,Light,Front to side collision,0.0,0.0,1.0,0.0,0.0,1.0,0.0,1.0,2.0,2.0,Junction,Exact,,40.0,,483.0,,,40
2017,August,Monday,Day,Light,Other,0.0,0.0,1.0,0.0,1.0,0.0,0.0,1.0,2.0,2.0,Junction,Exact,,5.0,,40.0,,,40
2017,June,Sunday,Day,Light,Front to side collision,0.0,0.0,1.0,0.0,0.0,1.0,0.0,1.0,2.0,2.0,Junction,Exact,,35.0,,40.0,,,40
2017,July,Wednesday,Night,Light,Front to side collision,0.0,0.0,1.0,0.0,0.0,1.0,0.0,1.0,2.0,2.0,Junction,Exact,,40.0,,431.0,,,40
2017,July,Friday,Night,Light,Front to side collision,0.0,0.0,4.0,0.0,0.0,3.0,1.0,4.0,2.0,2.0,Junction,Exact,,3.0,,40.0,,,40
2017,September,Tuesday,Night,Light,Front to side collision,0.0,0.0,4.0,0.0,0.0,4.0,0.0,4.0,2.0,2.0,Junction,Exact,,40.0,,434.0,,,40
2017,December,Thursday,Day,Light,Front to side collision,0.0,0.0,2.0,0.0,0.0,2.0,0.0,2.0,3.0,3.0,Junction,Exact,,40.0,,402.0,,,40
2017,July,Saturday,Night,Light,Front to side collision,0.0,0.0,4.0,0.0,0.0,4.0,0.0,4.0,2.0,2.0,Junction,Exact,,40.0,,,,,40
2017,February,Wednesday,Night,Light,Front to side collision,0.0,0.0,5.0,0.0,2.0,3.0,0.0,5.0,2.0,2.0,Junction,Exact,,40.0,,7.0,,,40
2017,March,Sunday,Day,Light,Front to side collision,0.0,0.0,2.0,0.0,0.0,1.0,1.0,2.0,2.0,2.0,Junction,Exact,,3.0,,40.0,,,40
2017,May,Friday,Day,Light,Front to side collision,0.0,0.0,2.0,0.0,0.0,2.0,0.0,2.0,2.0,2.0,Junction,Exact,,40.0,,222.0,,,40
2017,September,Monday,Day,Light,Front to side collision,0.0,0.0,2.0,0.0,0.0,2.0,0.0,2.0,2.0,2.0,Junction,Exact,,25.0,,40.0,,,40
2017,November,Saturday,Night,Light,Front to rear collision,0.0,0.0,1.0,0.0,0.0,1.0,0.0,1.0,2.0,2.0,Junction,Exact,,40.0,,412.0,,,40
2017,August,Saturday,Night,Light,Front to side collision,0.0,0.0,6.0,0.0,3.0,3.0,0.0,6.0,2.0,2.0,Junction,Exact,,40.0,,7.0,,,40
2017,July,Monday,Day,Light,Front to side collision,0.0,0.0,2.0,0.0,0.0,1.0,1.0,2.0,2.0,2.0,Junction,Exact,,40.0,,431.0,,,40
2017,April,Saturday,Night,Light,Front to side collision,0.0,0.0,4.0,0.0,2.0,2.0,0.0,4.0,2.0,2.0,Junction,Exact,,40.0,,434.0,,,40
2017,January,Friday,Night,Light,Front to side collision,0.0,0.0,1.0,0.0,0.0,1.0,0.0,1.0,2.0,2.0,Junction,Exact,,40.0,,412.0,,,40
2017,February,Saturday,Night,Severe,Front to side collision,0.0,1.0,0.0,0.0,0.0,1.0,0.0,1.0,2.0,2.0,Junction,Exact,,40.0,,471.0,,,40
2017,December,Friday,Night,Light,Front to side collision,0.0,0.0,2.0,0.0,0.0,2.0,0.0,2.0,2.0,2.0,Junction,Exact,,35.0,,40.0,,,40
2017,August,Tuesday,Day,Light,Front to side collision,0.0,0.0,1.0,0.0,0.0,1.0,0.0,1.0,4.0,4.0,Junction,Exact,,40.0,,7.0,,,40
2017,April,Tuesday,Day,Light,Front to side collision,0.0,0.0,3.0,0.0,0.0,1.0,2.0,3.0,2.0,2.0,Junction,Exact,,40.0,,4304.0,,,40
2017,November,Thursday,Day,Light,Front to side collision,0.0,0.0,1.0,0.0,0.0,1.0,0.0,1.0,2.0,2.0,Junction,Exact,,40.0,,434.0,,,40
2017,February,Saturday,Day,Severe,Front to side collision,0.0,1.0,1.0,0.0,0.0,1.0,1.0,2.0,2.0,2.0,Junction,Exact,,40.0,,46.0,453.0,,40
2017,February,Monday,Night,Light,Front to side collision,0.0,0.0,2.0,0.0,0.0,0.0,2.0,2.0,2.0,2.0,Junction,Exact,,5.0,,40.0,,,40
2017,November,Sunday,Night,Severe,Front to side collision,0.0,2.0,2.0,0.0,0.0,4.0,0.0,4.0,2.0,2.0,Junction,Exact,,310.0,,40.0,,,40
2017,March,Sunday,Day,Light,Front to side collision,0.0,0.0,1.0,0.0,0.0,1.0,0.0,1.0,2.0,2.0,Junction,Exact,,40.0,,461.0,,,40
2017,January,Friday,Day,Severe,Front to side collision,0.0,1.0,4.0,0.0,1.0,4.0,0.0,5.0,3.0,3.0,Junction,Exact,,40.0,,44.0,,,40
2017,April,Monday,Day,Light,Front to side collision,0.0,0.0,3.0,0.0,0.0,2.0,1.0,3.0,2.0,2.0,Junction,Exact,,40.0,,4304.0,,,40
2017,May,Saturday,Night,Light,Front to side collision,0.0,0.0,2.0,0.0,0.0,2.0,0.0,2.0,2.0,2.0,Junction,Exact,,40.0,,,,,40
2017,July,Tuesday,Day,Light,Front to side collision,0.0,0.0,4.0,0.0,0.0,4.0,0.0,4.0,2.0,2.0,Junction,Exact,,40.0,,224.0,,,40
2017,May,Tuesday,Night,Severe,Front to side collision,0.0,1.0,2.0,0.0,0.0,2.0,1.0,3.0,2.0,2.0,Junction,Exact,,40.0,,,,,40
2017,March,Wednesday,Night,Light,Front end collision,0.0,0.0,1.0,0.0,0.0,0.0,1.0,1.0,2.0,2.0,Junction,Exact,,40.0,,412.0,,,40
2017,October,Monday,Night,Light,Front end collision,0.0,0.0,5.0,0.0,0.0,1.0,2.0,5.0,2.0,2.0,Junction,Exact,,40.0,,411.0,,,40
2017,June,Tuesday,Day,Light,Front to side collision,0.0,0.0,1.0,0.0,0.0,1.0,0.0,1.0,2.0,2.0,Junction,Exact,,40.0,,,,,40
2017,June,Wednesday,Day,Light,Pedestrian,0.0,0.0,1.0,1.0,0.0,0.0,1.0,1.0,1.0,1.0,Junction,Exact,,35.0,,40.0,,,40
2017,July,Friday,Day,Light,Front to side collision,0.0,0.0,5.0,0.0,0.0,5.0,0.0,5.0,2.0,2.0,Junction,Exact,,40.0,,5312.0,,,40
2017,June,Thursday,Day,Light,Front to side collision,0.0,0.0,3.0,0.0,0.0,2.0,1.0,3.0,2.0,2.0,Junction,Exact,,40.0,,4301.0,,,40
2017,May,Sunday,Night,Light,Front to side collision,0.0,0.0,3.0,0.0,0.0,3.0,0.0,3.0,2.0,2.0,Junction,Exact,,40.0,,60.0,4060.0,,40
2017,January,Tuesday,Day,Light,Other,0.0,0.0,1.0,0.0,0.0,1.0,0.0,1.0,2.0,2.0,Junction,Exact,,40.0,,412.0,,,40
2017,October,Sunday,Day,Light,Front to side collision,0.0,0.0,2.0,0.0,0.0,2.0,0.0,2.0,2.0,2.0,Junction,Exact,,25.0,,40.0,,,40
2017,September,Saturday,Night,Severe,Front to side collision,0.0,1.0,2.0,0.0,0.0,1.0,2.0,3.0,2.0,2.0,Junction,Exact,,40.0,,,,,40
2017,May,Thursday,Day,Light,Front to side collision,0.0,0.0,2.0,0.0,0.0,2.0,0.0,2.0,2.0,2.0,Junction,Exact,,40.0,,4304.0,,,40
2017,August,Tuesday,Night,Light,Front to side collision,0.0,0.0,2.0,0.0,0.0,2.0,0.0,2.0,2.0,2.0,Junction,Exact,,40.0,,,,,40
2017,January,Wednesday,Day,Fatal,Front to side collision,1.0,0.0,2.0,0.0,0.0,3.0,0.0,3.0,2.0,2.0,Junction,Exact,,40.0,,406.0,,,40
2017,February,Thursday,Day,Light,Front to side collision,0.0,0.0,7.0,0.0,0.0,7.0,0.0,7.0,2.0,2.0,Junction,Exact,,40.0,,222.0,,,40
2017,February,Saturday,Night,Light,Front to side collision,0.0,0.0,3.0,0.0,1.0,2.0,0.0,3.0,4.0,4.0,Junction,Exact,,40.0,,411.0,,,40
2017,January,Sunday,Day,Light,Pedestrian,0.0,0.0,1.0,1.0,0.0,1.0,0.0,1.0,1.0,1.0,Junction,Exact,,5.0,,40.0,,,40
2017,August,Thursday,Day,Severe,Pedestrian,0.0,1.0,0.0,1.0,0.0,1.0,0.0,1.0,1.0,1.0,Junction,Exact,,35.0,,40.0,,,40
2017,April,Friday,Day,Light,Pedestrian,0.0,0.0,1.0,1.0,0.0,1.0,0.0,1.0,1.0,1.0,Junction,Exact,,5.0,,40.0,,,40
2017,September,Sunday,Day,Light,Front to side collision,0.0,0.0,5.0,0.0,1.0,4.0,0.0,5.0,3.0,3.0,Junction,Exact,,40.0,,44.0,,,40
2017,April,Monday,Day,Light,Front to side collision,0.0,0.0,6.0,0.0,3.0,3.0,0.0,6.0,2.0,2.0,Junction,Exact,,40.0,,434.0,,,40
2017,March,Tuesday,Night,Light,Front to side collision,0.0,0.0,2.0,0.0,2.0,0.0,0.0,2.0,2.0,2.0,Junction,Exact,,40.0,,443.0,,,40
2017,November,Wednesday,Night,Light,Front to side collision,0.0,0.0,2.0,0.0,0.0,1.0,1.0,2.0,2.0,2.0,Junction,Exact,,40.0,,46.0,453.0,,40
2017,August,Sunday,Day,Light,Side to side collision,0.0,0.0,1.0,0.0,0.0,1.0,0.0,1.0,2.0,2.0,Junction,Exact,,1.0,,40.0,,,40
2017,May,Thursday,Day,Severe,Front end collision,0.0,1.0,3.0,0.0,0.0,4.0,0.0,4.0,2.0,2.0,Junction,Exact,,40.0,,222.0,,,40
2017,October,Thursday,Day,Severe,Front to side collision,0.0,1.0,0.0,0.0,0.0,0.0,1.0,1.0,2.0,2.0,Junction,Exact,,40.0,,461.0,,,40
2017,December,Friday,Day,Light,Front to side collision,0.0,0.0,1.0,0.0,0.0,1.0,0.0,1.0,2.0,2.0,Junction,Exact,,40.0,,4503.0,,,40
2017,February,Wednesday,Night,Light,Front to side collision,0.0,0.0,1.0,0.0,1.0,0.0,0.0,1.0,2.0,2.0,Junction,Exact,,40.0,,46.0,453.0,,40
2017,November,Sunday,Day,Light,Front to side collision,0.0,0.0,2.0,0.0,0.0,2.0,0.0,2.0,2.0,2.0,Junction,Exact,,25.0,,40.0,,,40
2017,May,Wednesday,Day,Light,Front to side collision,0.0,0.0,3.0,0.0,0.0,3.0,0.0,3.0,2.0,2.0,Junction,Exact,,25.0,,40.0,,,40
2017,December,Friday,Day,Light,Front to side collision,0.0,0.0,1.0,0.0,0.0,1.0,0.0,1.0,3.0,3.0,Junction,Exact,,40.0,,,,,40
2017,June,Monday,Night,Light,Front to side collision,0.0,0.0,2.0,0.0,0.0,2.0,0.0,2.0,2.0,2.0,Junction,Exact,,40.0,,46.0,453.0,,40
2017,March,Friday,Night,Severe,Front to side collision,0.0,2.0,4.0,0.0,0.0,6.0,0.0,6.0,2.0,2.0,Junction,Exact,,40.0,,406.0,,,40
2017,March,Wednesday,Day,Severe,Front to side collision,0.0,2.0,4.0,0.0,1.0,5.0,0.0,6.0,2.0,2.0,Junction,Exact,,35.0,,40.0,,,40
2017,January,Saturday,Day,Light,Front to side collision,0.0,0.0,3.0,0.0,0.0,3.0,0.0,3.0,2.0,2.0,Junction,Exact,,40.0,,46.0,453.0,,40
2017,November,Sunday,Night,Light,Front to side collision,0.0,0.0,1.0,0.0,0.0,1.0,0.0,1.0,2.0,2.0,Junction,Exact,,40.0,,4833.0,,,40
2017,January,Monday,Night,Severe,Front end collision,0.0,1.0,1.0,0.0,0.0,2.0,0.0,2.0,2.0,2.0,Junction,Exact,,6.0,,40.0,,,40
2017,July,Friday,Night,Severe,Roll over,0.0,1.0,0.0,0.0,0.0,1.0,0.0,1.0,1.0,1.0,Junction,Exact,,6.0,,40.0,325.0,,40
2017,April,Friday,Night,Light,Front to side collision,0.0,0.0,2.0,0.0,0.0,2.0,0.0,2.0,2.0,2.0,Junction,Exact,,40.0,,,,,40
2017,June,Friday,Day,Light,Front to side collision,0.0,0.0,1.0,0.0,0.0,1.0,0.0,1.0,2.0,2.0,Junction,Exact,,40.0,,412.0,,,40
2017,July,Saturday,Day,Light,Front to side collision,0.0,0.0,6.0,0.0,1.0,5.0,0.0,6.0,2.0,2.0,Junction,Exact,,5.0,,40.0,,,40
2017,May,Tuesday,Night,Light,Front to side collision,0.0,0.0,5.0,0.0,3.0,1.0,1.0,5.0,2.0,2.0,Junction,Exact,,40.0,,4833.0,,,40
2017,May,Thursday,Night,Light,Front to side collision,0.0,0.0,3.0,0.0,0.0,3.0,0.0,3.0,2.0,2.0,Junction,Exact,,1.0,,40.0,,,40
2017,December,Monday,Day,Severe,Front to side collision,0.0,1.0,0.0,0.0,0.0,1.0,0.0,1.0,2.0,2.0,Junction,Exact,,5.0,,40.0,,,40
2017,April,Wednesday,Day,Light,Side to side collision,0.0,0.0,1.0,0.0,0.0,1.0,0.0,1.0,2.0,2.0,Junction,Exact,,5.0,,40.0,,,40
2017,May,Tuesday,Night,Light,Front to side collision,0.0,0.0,3.0,0.0,0.0,3.0,0.0,3.0,2.0,2.0,Junction,Exact,,25.0,,40.0,,,40
2017,July,Sunday,Day,Severe,Front to side collision,0.0,1.0,9.0,0.0,6.0,4.0,0.0,10.0,2.0,2.0,Junction,Exact,,3.0,,40.0,,,40
2017,November,Sunday,Day,Light,Front to side collision,0.0,0.0,2.0,0.0,0.0,2.0,0.0,2.0,2.0,2.0,Junction,Exact,,40.0,,434.0,,,40
2017,May,Friday,Day,Light,Front to side collision,0.0,0.0,2.0,0.0,0.0,2.0,0.0,2.0,2.0,2.0,Junction,Exact,,25.0,,40.0,,,40
2017,December,Friday,Day,Severe,Front to rear collision,0.0,1.0,0.0,0.0,0.0,1.0,0.0,1.0,3.0,3.0,Junction,Exact,,40.0,,431.0,,,40
2017,September,Thursday,Day,Light,Front to side collision,0.0,0.0,1.0,0.0,0.0,1.0,0.0,1.0,2.0,2.0,Junction,Exact,,35.0,,40.0,,,40
2017,May,Monday,Day,Light,Front to side collision,0.0,0.0,1.0,0.0,0.0,1.0,0.0,1.0,3.0,3.0,Junction,Exact,,5.0,,40.0,,,40
2017,March,Monday,Day,Light,Front to side collision,0.0,0.0,5.0,0.0,0.0,5.0,0.0,5.0,3.0,3.0,Junction,Exact,,40.0,,434.0,,,40
2017,June,Saturday,Night,Light,Front to side collision,0.0,0.0,2.0,0.0,0.0,0.0,2.0,2.0,2.0,2.0,Junction,Exact,,1.0,,40.0,,,40
2017,December,Monday,Night,Light,Front to side collision,0.0,0.0,2.0,0.0,0.0,2.0,0.0,2.0,2.0,2.0,Junction,Exact,,40.0,,,,,40
2017,June,Friday,Day,Light,Front to side collision,0.0,0.0,1.0,0.0,0.0,1.0,0.0,1.0,3.0,3.0,Junction,Exact,,5.0,,40.0,,,40
2017,May,Thursday,Night,Severe,Pedestrian,0.0,1.0,0.0,1.0,0.0,1.0,0.0,1.0,1.0,1.0,Junction,Exact,,40.0,,412.0,,,40
2017,August,Monday,Night,Light,Front to side collision,0.0,0.0,4.0,0.0,0.0,2.0,0.0,4.0,2.0,2.0,Junction,Exact,,40.0,,,,,40
2017,January,Tuesday,Day,Light,Front to side collision,0.0,0.0,2.0,0.0,0.0,2.0,0.0,2.0,2.0,2.0,Junction,Exact,,40.0,,46.0,453.0,,40
2017,June,Monday,Day,Severe,Pedestrian,0.0,1.0,1.0,1.0,0.0,2.0,0.0,2.0,1.0,1.0,Junction,Exact,,3.0,,40.0,3825.0,,40
2017,June,Saturday,Night,Light,Front to side collision,0.0,0.0,1.0,0.0,0.0,1.0,0.0,1.0,2.0,2.0,Junction,Exact,,40.0,,,,,40
2017,August,Wednesday,Night,Light,Front to side collision,0.0,0.0,7.0,0.0,0.0,2.0,1.0,7.0,2.0,2.0,Junction,Exact,,40.0,,,,,40
2017,September,Wednesday,Day,Light,Pedestrian,0.0,0.0,1.0,1.0,0.0,1.0,0.0,1.0,1.0,1.0,Junction,Exact,,40.0,,461.0,,,40
2017,January,Thursday,Night,Light,Other,0.0,0.0,3.0,0.0,0.0,3.0,0.0,3.0,2.0,2.0,Junction,Exact,,40.0,,406.0,,,40
2017,July,Wednesday,Night,Light,Front end collision,0.0,0.0,1.0,0.0,0.0,1.0,0.0,1.0,2.0,2.0,Junction,Exact,,40.0,,5311.0,,,40
2017,April,Monday,Night,Light,Front to rear collision,0.0,0.0,1.0,0.0,0.0,1.0,0.0,1.0,2.0,2.0,Not junction,Exact,,40.0,277.0,,,,40
2017,June,Thursday,Day,Light,Front to side collision,0.0,0.0,2.0,0.0,1.0,0.0,1.0,2.0,2.0,2.0,Not junction,Exact,,40.0,238.0,,,,40
2017,February,Friday,Day,Light,Front to side collision,0.0,0.0,2.0,0.0,1.0,1.0,0.0,2.0,2.0,2.0,Not junction,Exact,,40.0,250.0,,,,40
2017,February,Sunday,Day,Light,Front to rear collision,0.0,0.0,6.0,0.0,0.0,6.0,0.0,6.0,4.0,4.0,Not junction,Exact,,40.0,199.0,,,,40
2017,February,Friday,Night,Light,Front to rear collision,0.0,0.0,2.0,0.0,0.0,1.0,0.0,2.0,3.0,3.0,Not junction,Exact,,40.0,290.0,,,,40
2017,August,Friday,Night,Fatal,Roll over,1.0,1.0,0.0,0.0,0.0,2.0,0.0,2.0,1.0,1.0,Not junction,Exact,,40.0,258.0,,,,40
2017,November,Monday,Day,Fatal,Side to side collision,1.0,0.0,0.0,0.0,0.0,1.0,0.0,1.0,2.0,2.0,Not junction,Exact,,40.0,289.0,,,,40
2017,May,Wednesday,Day,Light,Hit an object,0.0,0.0,2.0,0.0,0.0,2.0,0.0,2.0,1.0,1.0,Not junction,Exact,,40.0,277.0,,,,40
2017,September,Friday,Night,Light,Side to side collision,0.0,0.0,1.0,0.0,0.0,1.0,0.0,1.0,2.0,2.0,Not junction,Exact,,40.0,228.0,,,,40
2017,March,Friday,Night,Light,Roll over,0.0,0.0,3.0,0.0,1.0,2.0,0.0,3.0,2.0,2.0,Not junction,Exact,,40.0,183.0,,,,40
2017,September,Wednesday,Night,Light,Front to side collision,0.0,0.0,1.0,0.0,0.0,1.0,0.0,1.0,2.0,2.0,Not junction,Exact,,40.0,273.0,,,,40
2017,February,Monday,Night,Severe,Roll over,0.0,3.0,0.0,0.0,2.0,1.0,0.0,3.0,1.0,1.0,Not junction,Exact,,40.0,193.0,,,,40
2017,February,Friday,Day,Light,Front to side collision,0.0,0.0,2.0,0.0,0.0,1.0,1.0,2.0,2.0,2.0,Not junction,Exact,,40.0,271.0,,,,40
2017,May,Thursday,Day,Light,Pedestrian,0.0,0.0,1.0,1.0,0.0,1.0,0.0,1.0,1.0,1.0,Not junction,Exact,,40.0,282.0,,,,40
2017,March,Sunday,Day,Light,Hit an object,0.0,0.0,1.0,0.0,0.0,1.0,0.0,1.0,1.0,1.0,Not junction,Exact,,40.0,204.0,,,,40
2017,January,Saturday,Day,Severe,Side to side collision,0.0,1.0,1.0,0.0,0.0,2.0,0.0,2.0,2.0,2.0,Not junction,Exact,,40.0,3.0,,,,40
2017,July,Monday,Day,Light,Front to side collision,0.0,0.0,1.0,0.0,0.0,0.0,0.0,1.0,2.0,2.0,Not junction,Exact,,40.0,296.0,,,,40
2017,April,Sunday,Day,Fatal,Drive off road or on paveway,1.0,0.0,0.0,0.0,0.0,0.0,1.0,1.0,1.0,1.0,Not junction,Exact,,40.0,199.0,,,,40
2017,July,Saturday,Night,Light,Hit an object,0.0,0.0,1.0,0.0,0.0,1.0,0.0,1.0,1.0,1.0,Not junction,Exact,,40.0,9.0,,,,40
2017,August,Sunday,Day,Light,Front to rear collision,0.0,0.0,2.0,0.0,0.0,2.0,0.0,2.0,5.0,5.0,Not junction,Exact,,40.0,214.0,,,,40
2017,November,Friday,Day,Severe,Front to side collision,0.0,1.0,0.0,0.0,0.0,1.0,0.0,1.0,2.0,2.0,Not junction,Exact,,40.0,288.0,,,,40