year,month,day_of_week,day_night,accident_severity,accident_type,killed,severly_injured,lightly_injured,injured_pedestrians,casualties_ages_0-19,casualties_ages_20-64,casualties_ages_65_plus,total_casualties,vehicle_count,drivers,road_type,localization_quality,settlement,road1,location,road2,road3,road4,source_road
2018,April,Tuesday,Night,Light,Front to side collision,0.0,0.0,1.0,0.0,0.0,1.0,0.0,1.0,2.0,2.0,Junction,Exact,,40.0,,4613.0,,,40
2018,July,Friday,Night,Severe,Front to rear collision,0.0,1.0,2.0,0.0,0.0,3.0,0.0,3.0,2.0,2.0,Junction,Exact,,40.0,,4613.0,,,40
2018,December,Sunday,Day,Light,Front to side collision,0.0,0.0,2.0,0.0,0.0,1.0,1.0,2.0,2.0,2.0,Junction,Exact,,40.0,,,,,40
2018,August,Friday,Day,Severe,Pedestrian,0.0,1.0,0.0,1.0,0.0,0.0,0.0,1.0,1.0,1.0,Junction,Exact,,40.0,,46.0,453.0,,40
2018,December,Tuesday,Day,Severe,Front to side collision,0.0,1.0,0.0,0.0,0.0,1.0,0.0,1.0,2.0,2.0,Junction,Exact,,25.0,,40.0,,,40
2018,November,Saturday,Night,Light,Front to side collision,0.0,0.0,2.0,0.0,0.0,2.0,0.0,2.0,2.0,2.0,Junction,Exact,,40.0,,4301.0,,,40
2018,August,Thursday,Night,Light,Front to side collision,0.0,0.0,2.0,0.0,0.0,2.0,0.0,2.0,2.0,2.0,Junction,Exact,,40.0,,411.0,,,40
2018,November,Wednesday,Day,Light,Front to side collision,0.0,0.0,1.0,0.0,0.0,1.0,0.0,1.0,3.0,3.0,Junction,Exact,,3.0,,40.0,,,40
2018,April,Tuesday,Night,Light,Front to side collision,0.0,0.0,1.0,0.0,0.0,1.0,0.0,1.0,2.0,2.0,Junction,Exact,,40.0,,471.0,,,40
2018,July,Sunday,Day,Light,Front to side collision,0.0,0.0,3.0,0.0,1.0,2.0,0.0,3.0,2.0,2.0,Junction,Exact,,40.0,,411.0,,,40
2018,January,Wednesday,Day,Severe,Front to side collision,0.0,1.0,1.0,0.0,0.0,2.0,0.0,2.0,2.0,2.0,Junction,Exact,,40.0,,46.0,453.0,,40
2018,March,Friday,Day,Light,Front to side collision,0.0,0.0,1.0,0.0,0.0,1.0,0.0,1.0,2.0,2.0,Junction,Exact,,40.0,,471.0,,,40
2018,June,Friday,Day,Severe,Front to side collision,0.0,1.0,3.0,0.0,2.0,2.0,0.0,4.0,2.0,2.0,Junction,Exact,,40.0,,431.0,,,40
2018,January,Friday,Day,Light,Front to side collision,0.0,0.0,5.0,0.0,3.0,1.0,1.0,5.0,2.0,2.0,Junction,Exact,,40.0,,,,,40
2018,December,Sunday,Day,Light,Front to rear collision,0.0,0.0,2.0,0.0,1.0,1.0,0.0,2.0,2.0,2.0,Junction,Exact,,40.0,,461.0,,,40
2018,December,Thursday,Day,Light,Front to side collision,0.0,0.0,1.0,0.0,0.0,1.0,0.0,1.0,2.0,2.0,Junction,Exact,,40.0,,,,,40
2018,April,Saturday,Day,Severe,Front to rear collision,0.0,1.0,0.0,0.0,0.0,1.0,0.0,1.0,3.0,3.0,Not junction,Exact,,40.0,277.9,,,,40
2018,February,Friday,Night,Severe,Other,0.0,1.0,0.0,0.0,0.0,1.0,0.0,1.0,1.0,1.0,Not junction,Exact,,40.0,265.0,,,,40
2018,September,Thursday,Night,Light,Slip,0.0,0.0,1.0,0.0,0.0,1.0,0.0,1.0,1.0,1.0,Not junction,Exact,,40.0,295.6,,,,40
2018,January,Monday,Night,Light,Pedestrian,0.0,0.0,1.0,1.0,0.0,0.0,1.0,1.0,1.0,1.0,Not junction,Exact,,40.0,280.5,,,,40
2018,April,Friday,Day,Light,Drive off road or on paveway,0.0,0.0,5.0,0.0,4.0,1.0,0.0,5.0,1.0,1.0,Not junction,Exact,,40.0,186.8,,,,40
2018,June,Sunday,Night,Light,Front end collision,0.0,0.0,3.0,0.0,1.0,2.0,0.0,3.0,2.0,2.0,Not junction,Exact,,40.0,268.8,,,,40
2018,June,Friday,Day,Light,Front to side collision,0.0,0.0,3.0,0.0,0.0,2.0,1.0,3.0,2.0,2.0,Not junction,Exact,,40.0,259.2,,,,40
2018,October,Tuesday,Day,Light,Front to rear collision,0.0,0.0,1.0,0.0,0.0,1.0,0.0,1.0,2.0,2.0,Not junction,Exact,,40.0,277.9,,,,40
2018,September,Sunday,Night,Light,Slip,0.0,0.0,1.0,0.0,0.0,1.0,0.0,1.0,1.0,1.0,Not junction,Exact,,40.0,274.5,,,,40
2018,November,Tuesday,Day,Light,Front to side collision,0.0,0.0,2.0,0.0,0.0,2.0,0.0,2.0,2.0,2.0,Not junction,Exact,,40.0,296.0,,,,40
2018,January,Tuesday,Night,Fatal,Other,1.0,2.0,6.0,0.0,3.0,6.0,0.0,9.0,3.0,3.0,Not junction,Exact,,40.0,109.4,,,,40
2018,January,Saturday,Day,Severe,Side to side collision,0.0,1.0,3.0,0.0,1.0,3.0,0.0,4.0,2.0,2.0,Not junction,Exact,,40.0,200.0,,,,40
2018,October,Tuesday,Day,Light,Front to side collision,0.0,0.0,2.0,0.0,0.0,2.0,0.0,2.0,2.0,2.0,Not junction,Exact,,40.0,287.9,,,,40
2018,November,Monday,Night,Fatal,Front to rear collision,1.0,0.0,5.0,0.0,0.0,5.0,1.0,6.0,5.0,5.0,Not junction,Exact,,40.0,236.3,,,,40
2018,April,Saturday,Night,Light,Front to side collision,0.0,0.0,4.0,0.0,3.0,1.0,0.0,4.0,2.0,2.0,Not junction,Exact,,40.0,243.0,,,,40
2018,July,Friday,Night,Severe,Front to side collision,0.0,1.0,5.0,0.0,0.0,6.0,0.0,6.0,2.0,2.0,Not junction,Exact,,40.0,285.7,,,,40
2018,October,Thursday,Night,Light,Roll over,0.0,0.0,2.0,0.0,0.0,2.0,0.0,2.0,1.0,1.0,Not junction,Exact,,40.0,1.8,,,,40
2018,October,Thursday,Day,Light,Front end collision,0.0,0.0,1.0,0.0,0.0,1.0,0.0,1.0,2.0,2.0,Not junction,Exact,,40.0,288.7,,,,40
2018,February,Sunday,Day,Fatal,Front to rear collision,1.0,0.0,0.0,0.0,0.0,1.0,0.0,1.0,2.0,2.0,Not junction,Exact,,40.0,182.0,,,,40
2018,August,Thursday,Day,Fatal,Front to rear collision,1.0,0.0,7.0,0.0,3.0,4.0,1.0,8.0,5.0,5.0,Not junction,Exact,,40.0,281.3,,,,40
2018,October,Friday,Day,Light,Side to side collision,0.0,0.0,3.0,0.0,1.0,2.0,0.0,3.0,2.0,2.0,Not junction,Exact,,40.0,258.0,,,,40
2018,January,Friday,Day,Light,Front to side collision,0.0,0.0,2.0,0.0,0.0,2.0,0.0,2.0,2.0,2.0,Not junction,Exact,,40.0,286.0,,,,40
2018,January,Tuesday,Day,Light,Hit an object,0.0,0.0,1.0,0.0,0.0,1.0,0.0,1.0,1.0,1.0,Not junction,Exact,,40.0,251.3,,,,40
2018,June,Monday,Day,Severe,Front to rear collision,0.0,1.0,0.0,0.0,0.0,1.0,0.0,1.0,3.0,3.0,Not junction,Exact,,40.0,274.0,,,,40
2018,May,Tuesday,Day,Light,Front to side collision,0.0,0.0,2.0,0.0,1.0,1.0,0.0,2.0,2.0,2.0,Not junction,Exact,,40.0,251.0,,,,40
2018,August,Sunday,Night,Severe,Front to rear collision,0.0,1.0,1.0,0.0,1.0,1.0,0.0,2.0,2.0,2.0,Not junction,Exact,,40.0,183.8,,,,40
2018,September,Tuesday,Day,Light,Front to side collision,0.0,0.0,2.0,0.0,0.0,2.0,0.0,2.0,2.0,2.0,Not junction,Exact,,40.0,152.2,,,,40
2018,July,Sunday,Day,Light,Front to side collision,0.0,0.0,2.0,0.0,0.0,2.0,0.0,2.0,2.0,2.0,Not junction,Exact,,40.0,274.4,,,,40
2018,September,Saturday,Night,Light,Side to side collision,0.0,0.0,2.0,0.0,1.0,1.0,0.0,2.0,2.0,2.0,Not junction,Exact,,40.0,282.0,,,,40
2018,October,Saturday,Night,Light,Front to rear collision,0.0,0.0,6.0,0.0,3.0,3.0,0.0,6.0,2.0,2.0,Not junction,Exact,,40.0,285.1,,,,40
2018,April,Monday,Day,Severe,Pedestrian,0.0,1.0,0.0,1.0,0.0,1.0,0.0,1.0,1.0,1.0,Not junction,Exact,,40.0,266.3,,,,40
2018,December,Monday,Night,Light,Front to rear collision,0.0,0.0,1.0,0.0,0.0,1.0,0.0,1.0,2.0,2.0,Not junction,Exact,,40.0,265.2,,,,40
2018,February,Sunday,Night,Severe,Front to side collision,0.0,1.0,0.0,0.0,0.0,0.0,0.0,1.0,2.0,2.0,Not junction,Exact,,40.0,253.4,,,,40
2018,October,Saturday,Night,Light,Front to rear collision,0.0,0.0,2.0,0.0,0.0,2.0,0.0,2.0,3.0,3.0,Not junction,Exact,,40.0,213.0,,,,40
2018,October,Monday,Day,Light,Drive off road or on paveway,0.0,0.0,1.0,0.0,0.0,1.0,0.0,1.0,2.0,2.0,Not junction,Exact,,40.0,266.0,,,,40
2018,February,Wednesday,Day,Light,Front to side collision,0.0,0.0,3.0,0.0,1.0,2.0,0.0,3.0,2.0,2.0,Not junction,Exact,,40.0,226.2,,,,40
2018,April,Friday,Night,Light,Pedestrian,0.0,0.0,1.0,1.0,0.0,0.0,1.0,1.0,1.0,1.0,Not junction,Exact,,40.0,245.0,,,,40
2018,September,Sunday,Night,Light,Front to side collision,0.0,0.0,1.0,0.0,0.0,1.0,0.0,1.0,2.0,2.0,Not junction,Exact,,40.0,226.4,,,,40
2018,December,Monday,Day,Light,Front to rear collision,0.0,0.0,2.0,0.0,0.0,2.0,0.0,2.0,2.0,2.0,Not junction,Exact,,40.0,256.1,,,,40
2018,July,Friday,Night,Light,Roll over,0.0,0.0,1.0,0.0,0.0,1.0,0.0,1.0,1.0,1.0,Not junction,Exact,,40.0,182.0,,,,40
2018,December,Sunday,Day,Light,Front to side collision,0.0,0.0,3.0,0.0,1.0,2.0,0.0,3.0,2.0,2.0,Not junction,Exact,,40.0,266.9,,,,40
2018,September,Thursday,Night,Light,Side to side collision,0.0,0.0,5.0,0.0,2.0,3.0,0.0,5.0,2.0,2.0,Not junction,Exact,,40.0,279.1,,,,40
2018,July,Sunday,Day,Light,Front to side collision,0.0,0.0,1.0,0.0,0.0,1.0,0.0,1.0,2.0,2.0,Not junction,Exact,,40.0,98.0,,,,40
2018,July,Thursday,Day,Severe,Front to rear collision,0.0,1.0,4.0,0.0,1.0,4.0,0.0,5.0,2.0,2.0,Not junction,Exact,,40.0,228.0,,,,40
2018,October,Saturday,Night,Severe,Roll over,0.0,1.0,2.0,0.0,1.0,2.0,0.0,3.0,1.0,1.0,Not junction,Exact,,40.0,180.0,,,,40
2018,November,Thursday,Day,Fatal,Side to side collision,1.0,0.0,0.0,0.0,0.0,0.0,1.0,1.0,2.0,2.0,Not junction,Exact,,40.0,278.2,,,,40
2018,January,Tuesday,Day,Severe,Slip,0.0,1.0,0.0,0.0,0.0,1.0,0.0,1.0,2.0,2.0,Not junction,Exact,,40.0,286.4,,,,40
2018,April,Thursday,Night,Light,Side to side collision,0.0,0.0,1.0,0.0,0.0,1.0,0.0,1.0,2.0,2.0,Not junction,Exact,,40.0,5.0,,,,40
2018,June,Friday,Day,Light,Pedestrian,0.0,0.0,1.0,1.0,0.0,1.0,0.0,1.0,2.0,2.0,Not junction,Exact,,40.0,296.9,,,,40
2018,October,Sunday,Day,Light,Roll over,0.0,0.0,2.0,0.0,0.0,1.0,1.0,2.0,1.0,1.0,Not junction,Exact,,40.0,76.0,,,,40
2018,March,Sunday,Day,Severe,Front to side collision,0.0,1.0,1.0,0.0,0.0,2.0,0.0,2.0,2.0,2.0,Not junction,Exact,,40.0,287.0,,,,40
2018,August,Thursday,Day,Fatal,Front end collision,1.0,3.0,1.0,0.0,2.0,3.0,0.0,5.0,2.0,2.0,Not junction,Exact,,40.0,151.5,,,,40
2018,February,Friday,Day,Severe,Front to rear collision,0.0,1.0,0.0,0.0,0.0,0.0,1.0,1.0,2.0,2.0,Not junction,Exact,,40.0,271.0,,,,40
2018,September,Thursday,Night,Light,Front to side collision,0.0,0.0,1.0,0.0,0.0,1.0,0.0,1.0,2.0,2.0,Not junction,Exact,,40.0,289.1,,,,40
2018,August,Saturday,Night,Light,Hit an object,0.0,0.0,1.0,0.0,0.0,1.0,0.0,1.0,1.0,1.0,Not junction,Exact,,40.0,120.1,,,,40
2018,March,Monday,Night,Light,Front to side collision,0.0,0.0,1.0,0.0,0.0,1.0,0.0,1.0,2.0,2.0,Not junction,Exact,,40.0,251.0,,,,40
2018,May,Wednesday,Night,Severe,Front to rear collision,0.0,1.0,0.0,0.0,0.0,1.0,0.0,1.0,2.0,2.0,Not junction,Exact,,40.0,262.1,,,,40
2018,September,Sunday,Day,Fatal,Front to side collision,1.0,0.0,1.0,0.0,0.0,1.0,1.0,2.0,2.0,2.0,Not junction,Exact,,40.0,272.5,,,,40
2018,July,Monday,Day,Fatal,Pedestrian,1.0,0.0,0.0,1.0,1.0,0.0,0.0,1.0,1.0,1.0,Not junction,Exact,,40.0,167.9,,,,40
2018,February,Friday,Day,Light,Front to rear collision,0.0,0.0,3.0,0.0,0.0,3.0,0.0,3.0,2.0,2.0,Not junction,Exact,,40.0,180.5,,,,40
2018,April,Friday,Day,Light,Side to side collision,0.0,0.0,3.0,0.0,0.0,3.0,0.0,3.0,2.0,2.0,Not junction,Exact,,40.0,269.8,,,,40
2018,April,Tuesday,Night,Light,Front to rear collision,0.0,0.0,2.0,0.0,0.0,2.0,0.0,2.0,2.0,2.0,Not junction,Exact,,40.0,101.2,,,,40
2018,July,Tuesday,Night,Severe,Front to side collision,0.0,1.0,1.0,0.0,0.0,2.0,0.0,2.0,3.0,3.0,Not junction,Exact,,40.0,298.0,,,,40
2018,June,Saturday,Day,Severe,Slip,0.0,1.0,0.0,0.0,0.0,1.0,0.0,1.0,1.0,1.0,Not junction,Exact,,40.0,299.8,,,,40
2018,August,Friday,Day,Light,Front to rear collision,0.0,0.0,3.0,0.0,2.0,1.0,0.0,3.0,2.0,2.0,Not junction,Exact,,40.0,250.0,,,,40
2018,February,Wednesday,Day,Severe,Front end collision,0.0,1.0,3.0,0.0,0.0,2.0,2.0,4.0,2.0,2.0,Not junction,Exact,,40.0,284.1,,,,40
2018,August,Sunday,Day,Light,Front to side collision,0.0,0.0,2.0,0.0,0.0,2.0,0.0,2.0,2.0,2.0,Not junction,Exact,,40.0,279.3,,,,40
2018,December,Sunday,Night,Fatal,Pedestrian,1.0,0.0,0.0,1.0,1.0,0.0,0.0,1.0,1.0,1.0,Not junction,Exact,,40.0,181.5,,,,40
2018,October,Sunday,Night,Severe,Front to rear collision,0.0,1.0,1.0,0.0,0.0,2.0,0.0,2.0,2.0,2.0,Not junction,Exact,,40.0,284.5,,,,40
2018,May,Sunday,Day,Light,Front to side collision,0.0,0.0,4.0,0.0,0.0,4.0,0.0,4.0,2.0,2.0,Not junction,Exact,,40.0,149.2,,,,40
2018,July,Wednesday,Night,Severe,Front to rear collision,0.0,1.0,1.0,0.0,1.0,1.0,0.0,2.0,2.0,2.0,Not junction,Exact,,40.0,167.0,,,,40
2018,May,Friday,Night,Light,Front to rear collision,0.0,0.0,2.0,0.0,0.0,2.0,0.0,2.0,2.0,2.0,Not junction,Exact,,40.0,263.0,,,,40
2019,December,Saturday,Day,Light,Front to side collision,0.0,0.0,4.0,0.0,0.0,4.0,0.0,4.0,3.0,3.0,Junction,Exact,,25.0,,40.0,,,40
2019,January,Friday,Night,Light,Front to side collision,0.0,0.0,4.0,0.0,0.0,4.0,0.0,4.0,2.0,2.0,Junction,Exact,,5.0,,40.0,,,40
2019,March,Wednesday,Night,Light,Side to side collision,0.0,0.0,1.0,0.0,0.0,1.0,0.0,1.0,2.0,2.0,Junction,Exact,,40.0,,4623.0,,,40
2019,June,Tuesday,Day,Light,Front to rear collision,0.0,0.0,4.0,0.0,1.0,3.0,0.0,4.0,5.0,5.0,Junction,Exact,,40.0,,431.0,,,40
2019,July,Sunday,Night,Light,Side to side collision,0.0,0.0,2.0,0.0,2.0,0.0,0.0,2.0,2.0,2.0,Junction,Exact,,40.0,,46.0,453.0,,40
2019,November,Saturday,Day,Light,Side to side collision,0.0,0.0,1.0,0.0,0.0,1.0,0.0,1.0,2.0,2.0,Junction,Exact,,5.0,,40.0,,,40
2019,January,Friday,Night,Fatal,Pedestrian,1.0,0.0,0.0,1.0,0.0,1.0,0.0,1.0,2.0,2.0,Junction,Exact,,3.0,,40.0,3825.0,,40
2019,July,Sunday,Day,Light,Front to side collision,0.0,0.0,1.0,0.0,0.0,1.0,0.0,1.0,2.0,2.0,Junction,Exact,,40.0,,4613.0,,,40
2019,April,Tuesday,Night,Light,Side to side collision,0.0,0.0,7.0,0.0,5.0,2.0,0.0,7.0,2.0,2.0,Junction,Exact,,40.0,,431.0,,,40
2019,May,Saturday,Day,Light,Front to side collision,0.0,0.0,3.0,0.0,0.0,1.0,2.0,3.0,2.0,2.0,Junction,Exact,,5.0,,40.0,,,40
2019,July,Monday,Day,Light,Front to side collision,0.0,0.0,1.0,0.0,0.0,1.0,0.0,1.0,2.0,2.0,Junction,Exact,,40.0,,3619.0,,,40
2019,July,Monday,Day,Light,Front to side collision,0.0,0.0,1.0,0.0,0.0,1.0,0.0,1.0,2.0,2.0,Junction,Exact,,40.0,,4613.0,,,40
2019,January,Sunday,Day,Light,Front to side collision,0.0,0.0,2.0,0.0,0.0,2.0,0.0,2.0,2.0,2.0,Junction,Exact,,25.0,,40.0,,,40
2019,September,Sunday,Day,Light,Front to side collision,0.0,0.0,1.0,0.0,0.0,1.0,0.0,1.0,2.0,2.0,Junction,Exact,,40.0,,4613.0,,,40
2019,January,Wednesday,Day,Light,Front to side collision,0.0,0.0,2.0,0.0,0.0,0.0,2.0,2.0,2.0,2.0,Junction,Exact,,40.0,,,,,40
2019,June,Friday,Day,Light,Front to side collision,0.0,0.0,2.0,0.0,0.0,2.0,0.0,2.0,2.0,2.0,Junction,Exact,,40.0,,431.0,,,40
2019,April,Friday,Day,Light,Front to side collision,0.0,0.0,5.0,0.0,3.0,2.0,0.0,5.0,2.0,2.0,Junction,Exact,,3.0,,40.0,,,40
2019,January,Friday,Night,Light,Side to side collision,0.0,0.0,1.0,0.0,0.0,1.0,0.0,1.0,2.0,2.0,Junction,Exact,,3.0,,40.0,,,40
2019,March,Wednesday,Day,Light,Pedestrian,0.0,0.0,1.0,1.0,0.0,1.0,0.0,1.0,1.0,1.0,Junction,Exact,,40.0,,,,,40
2019,December,Sunday,Night,Severe,Pedestrian,0.0,1.0,1.0,2.0,0.0,2.0,0.0,2.0,1.0,1.0,Junction,Exact,,3.0,,40.0,,,40
2019,January,Tuesday,Night,Light,Front to side collision,0.0,0.0,3.0,0.0,0.0,3.0,0.0,3.0,2.0,2.0,Junction,Exact,,40.0,,,,,40
2019,March,Sunday,Night,Severe,Front to side collision,0.0,2.0,7.0,0.0,0.0,9.0,0.0,9.0,3.0,3.0,Junction,Exact,,3.0,,40.0,,,40
2019,March,Wednesday,Day,Light,Front to side collision,0.0,0.0,2.0,0.0,0.0,2.0,0.0,2.0,2.0,2.0,Junction,Exact,,25.0,,40.0,,,40
2019,May,Thursday,Day,Light,Front to side collision,0.0,0.0,2.0,0.0,0.0,1.0,1.0,2.0,2.0,2.0,Junction,Exact,,5.0,,40.0,,,40
2019,January,Wednesday,Night,Light,Front to side collision,0.0,0.0,1.0,0.0,0.0,1.0,0.0,1.0,2.0,2.0,Junction,Exact,,3.0,,40.0,,,40
2019,May,Thursday,Day,Light,Front to side collision,0.0,0.0,1.0,0.0,0.0,0.0,1.0,1.0,2.0,2.0,Junction,Exact,,40.0,,4503.0,,,40
2019,March,Saturday,Day,Light,Front to side collision,0.0,0.0,4.0,0.0,1.0,3.0,0.0,4.0,2.0,2.0,Junction,Exact,,40.0,,222.0,,,40
2019,January,Saturday,Night,Light,Front to side collision,0.0,0.0,2.0,0.0,0.0,2.0,0.0,2.0,2.0,2.0,Junction,Exact,,40.0,,44.0,,,40
2019,January,Thursday,Day,Light,Front to side collision,0.0,0.0,3.0,0.0,0.0,2.0,1.0,3.0,2.0,2.0,Junction,Exact,,3.0,,40.0,3825.0,,40
2019,May,Saturday,Night,Light,Front to side collision,0.0,0.0,3.0,0.0,0.0,3.0,0.0,3.0,2.0,2.0,Junction,Exact,,40.0,,411.0,,,40
2019,July,Saturday,Night,Light,Front to side collision,0.0,0.0,2.0,0.0,1.0,1.0,0.0,2.0,2.0,2.0,Junction,Exact,,40.0,,431.0,,,40
2019,June,Sunday,Day,Light,Side to side collision,0.0,0.0,1.0,0.0,0.0,1.0,0.0,1.0,2.0,2.0,Junction,Exact,,5.0,,40.0,,,40
2019,May,Saturday,Day,Light,Front to side collision,0.0,0.0,4.0,0.0,2.0,2.0,0.0,4.0,2.0,2.0,Junction,Exact,,40.0,,4301.0,,,40
2019,April,Sunday,Day,Severe,Front to side collision,0.0,1.0,2.0,0.0,0.0,1.0,2.0,3.0,3.0,3.0,Junction,Exact,,40.0,,411.0,,,40
2019,September,Monday,Night,Light,Front to side collision,0.0,0.0,3.0,0.0,0.0,3.0,0.0,3.0,2.0,2.0,Junction,Exact,,35.0,,40.0,,,40
2019,August,Wednesday,Night,Light,Front to side collision,0.0,0.0,4.0,0.0,0.0,4.0,0.0,4.0,3.0,3.0,Junction,Exact,,310.0,,40.0,,,40
2019,September,Wednesday,Night,Light,Front to side collision,0.0,0.0,1.0,0.0,1.0,0.0,0.0,1.0,3.0,3.0,Junction,Exact,,40.0,,60.0,4060.0,,40
2019,August,Wednesday,Night,Light,Front to side collision,0.0,0.0,1.0,0.0,0.0,1.0,0.0,1.0,2.0,2.0,Junction,Exact,,3.0,,40.0,,,40
2019,July,Wednesday,Day,Fatal,Front to side collision,2.0,0.0,0.0,0.0,1.0,1.0,0.0,2.0,2.0,2.0,Junction,Exact,,40.0,,2241.0,,,40
2019,October,Sunday,Night,Light,Front to side collision,0.0,0.0,2.0,0.0,0.0,2.0,0.0,2.0,2.0,2.0,Junction,Exact,,40.0,,,,,40
2019,April,Wednesday,Day,Light,Front to side collision,0.0,0.0,1.0,0.0,0.0,1.0,0.0,1.0,2.0,2.0,Junction,Exact,,25.0,,40.0,,,40
2019,July,Tuesday,Night,Light,Pedestrian,0.0,0.0,1.0,1.0,0.0,1.0,0.0,1.0,1.0,1.0,Junction,Exact,,40.0,,431.0,,,40
2019,August,Tuesday,Day,Light,Front to side collision,0.0,0.0,1.0,0.0,0.0,1.0,0.0,1.0,2.0,2.0,Junction,Exact,,40.0,,402.0,,,40
2019,October,Friday,Day,Severe,Slip,0.0,1.0,0.0,0.0,0.0,1.0,0.0,1.0,1.0,1.0,Junction,Exact,,5.0,,40.0,,,40
2019,March,Thursday,Night,Light,Front to side collision,0.0,0.0,2.0,0.0,0.0,1.0,1.0,2.0,2.0,2.0,Junction,Exact,,40.0,,434.0,,,40
2019,October,Friday,Day,Light,Front to side collision,0.0,0.0,3.0,0.0,0.0,3.0,0.0,3.0,2.0,2.0,Junction,Exact,,25.0,,40.0,,,40
2019,September,Thursday,Day,Severe,Other,0.0,1.0,0.0,0.0,1.0,0.0,0.0,1.0,2.0,2.0,Junction,Exact,,40.0,,,,,40
2019,February,Monday,Night,Light,Front to side collision,0.0,0.0,3.0,0.0,2.0,1.0,0.0,3.0,2.0,2.0,Junction,Exact,,3.0,,40.0,,,40
2019,February,Monday,Day,Light,Front to side collision,0.0,0.0,2.0,0.0,0.0,0.0,2.0,2.0,2.0,2.0,Junction,Exact,,40.0,,,,,40
2019,June,Friday,Night,Light,Pedestrian,0.0,0.0,1.0,1.0,0.0,1.0,0.0,1.0,1.0,1.0,Junction,Exact,,40.0,,,,,40
2019,December,Tuesday,Night,Light,Front to side collision,0.0,0.0,3.0,0.0,0.0,3.0,0.0,3.0,2.0,2.0,Junction,Exact,,40.0,,411.0,,,40
2019,June,Wednesday,Night,Severe,Front to side collision,0.0,1.0,0.0,0.0,0.0,1.0,0.0,1.0,2.0,2.0,Junction,Exact,,40.0,,412.0,,,40
2019,November,Wednesday,Day,Light,Front to side collision,0.0,0.0,2.0,0.0,0.0,2.0,0.0,2.0,2.0,2.0,Junction,Exact,,1.0,,40.0,,,40
2019,January,Sunday,Night,Light,Front to side collision,0.0,0.0,2.0,0.0,0.0,2.0,0.0,2.0,2.0,2.0,Junction,Exact,,40.0,,46.0,453.0,,40
2019,March,Wednesday,Night,Severe,Front to side collision,0.0,1.0,0.0,0.0,0.0,1.0,0.0,1.0,2.0,2.0,Junction,Exact,,310.0,,40.0,,,40
2019,March,Wednesday,Day,Light,Front to side collision,0.0,0.0,1.0,0.0,0.0,1.0,0.0,1.0,2.0,2.0,Junction,Exact,,40.0,,46.0,453.0,,40
2019,May,Tuesday,Day,Light,Side to side collision,0.0,0.0,2.0,0.0,0.0,2.0,0.0,2.0,2.0,2.0,Junction,Exact,,40.0,,411.0,,,40
2019,October,Sunday,Day,Light,Front to side collision,0.0,0.0,1.0,0.0,0.0,1.0,0.0,1.0,2.0,2.0,Junction,Exact,,40.0,,4613.0,,,40
2019,March,Friday,Night,Severe,Front to side collision,0.0,1.0,3.0,0.0,0.0,4.0,0.0,4.0,2.0,2.0,Junction,Exact,,40.0,,,,,40
2019,July,Monday,Day,Severe,Front to side collision,0.0,1.0,0.0,0.0,0.0,1.0,0.0,1.0,2.0,2.0,Junction,Exact,,40.0,,,,,40
2019,February,Monday,Night,Light,Front to side collision,0.0,0.0,1.0,0.0,0.0,1.0,0.0,1.0,2.0,2.0,Junction,Exact,,40.0,,353.0,3533.0,,40
2019,September,Saturday,Night,Light,Pedestrian,0.0,0.0,1.0,1.0,1.0,0.0,0.0,1.0,1.0,1.0,Junction,Exact,,40.0,,471.0,,,40
2019,March,Tuesday,Day,Light,Front to side collision,0.0,0.0,2.0,0.0,0.0,2.0,0.0,2.0,2.0,2.0,Junction,Exact,,5.0,,40.0,,,40
2019,March,Monday,Day,Severe,Front to rear collision,0.0,1.0,1.0,0.0,0.0,2.0,0.0,2.0,2.0,2.0,Junction,Exact,,40.0,,211.0,,,40
2019,March,Thursday,Day,Light,Front to side collision,0.0,0.0,4.0,0.0,1.0,3.0,0.0,4.0,3.0,3.0,Junction,Exact,,40.0,,,,,40
2019,December,Wednesday,Night,Severe,Front end collision,0.0,1.0,1.0,0.0,0.0,2.0,0.0,2.0,2.0,2.0,Junction,Exact,,1.0,,40.0,,,40
2019,August,Monday,Night,Light,Front to side collision,0.0,0.0,1.0,0.0,0.0,1.0,0.0,1.0,2.0,2.0,Junction,Exact,,40.0,,,,,40
2019,May,Sunday,Night,Light,Front to side collision,0.0,0.0,2.0,0.0,0.0,1.0,1.0,2.0,2.0,2.0,Junction,Exact,,1.0,,40.0,,,40
2019,May,Friday,Day,Light,Front to side collision,0.0,0.0,3.0,0.0,1.0,1.0,1.0,3.0,2.0,2.0,Junction,Exact,,40.0,,411.0,,,40
2019,January,Saturday,Night,Light,Front to side collision,0.0,0.0,3.0,0.0,1.0,2.0,0.0,3.0,2.0,2.0,Junction,Exact,,5.0,,40.0,,,40
2019,November,Saturday,Day,Light,Front to side collision,0.0,0.0,3.0,0.0,1.0,2.0,0.0,3.0,2.0,2.0,Junction,Exact,,5.0,,40.0,,,40
2019,March,Tuesday,Day,Light,Front to side collision,0.0,0.0,2.0,0.0,0.0,2.0,0.0,2.0,2.0,2.0,Junction,Exact,,40.0,,4105.0,,,40
2019,September,Sunday,Day,Light,Front to side collision,0.0,0.0,4.0,0.0,0.0,4.0,0.0,4.0,2.0,2.0,Junction,Exact,,40.0,,443.0,,,40