year,month,day_of_week,day_night,accident_severity,accident_type,killed,severly_injured,lightly_injured,injured_pedestrians,casualties_ages_0-19,casualties_ages_20-64,casualties_ages_65_plus,total_casualties,vehicle_count,drivers,road_type,localization_quality,settlement,road1,location,road2,road3,road4,source_road
2022,January,Tuesday,Day,Light,Front to side collision,0.0,0.0,1.0,0.0,1.0,0.0,0.0,1.0,2.0,2.0,Junction,Exact,,40.0,,5311.0,,,40
2022,March,Sunday,Night,Light,Front to side collision,0.0,0.0,1.0,0.0,0.0,1.0,0.0,1.0,2.0,2.0,Junction,Exact,,40.0,,,,,40
2022,March,Friday,Night,Light,Front to side collision,0.0,0.0,1.0,0.0,0.0,0.0,0.0,1.0,2.0,2.0,Junction,Exact,,310.0,,40.0,,,40
2022,January,Tuesday,Day,Light,Front to side collision,0.0,0.0,1.0,0.0,1.0,0.0,0.0,1.0,2.0,2.0,Junction,Exact,,40.0,,5311.0,,,40
2022,February,Wednesday,Night,Light,Front to side collision,0.0,0.0,1.0,0.0,1.0,0.0,0.0,1.0,2.0,2.0,Junction,Exact,,40.0,,4833.0,,,40
2022,February,Tuesday,Night,Severe,Front to side collision,0.0,1.0,0.0,0.0,0.0,1.0,0.0,1.0,2.0,2.0,Junction,Exact,,40.0,,471.0,,,40
2022,February,Friday,Night,Light,Front to side collision,0.0,0.0,1.0,0.0,0.0,1.0,0.0,1.0,2.0,2.0,Junction,Exact,,40.0,,,,,40
2022,January,Wednesday,Day,Severe,Front to side collision,0.0,1.0,1.0,0.0,0.0,2.0,0.0,2.0,2.0,2.0,Junction,Exact,,40.0,,4301.0,,,40
2022,March,Wednesday,Night,Light,Pedestrian,0.0,0.0,1.0,1.0,0.0,0.0,1.0,1.0,1.0,1.0,Junction,Exact,,40.0,,481.0,,,40
2022,January,Monday,Night,Light,Front to side collision,0.0,0.0,1.0,0.0,0.0,0.0,1.0,1.0,2.0,2.0,Junction,Exact,,40.0,,3553.0,,,40
2022,March,Thursday,Day,Severe,Side to side collision,0.0,1.0,0.0,0.0,0.0,0.0,1.0,1.0,2.0,2.0,Junction,Exact,,40.0,,3933.0,,,40
2022,March,Tuesday,Night,Light,Front to side collision,0.0,0.0,3.0,0.0,0.0,3.0,0.0,3.0,2.0,2.0,Junction,Exact,,40.0,,411.0,,,40
2022,January,Wednesday,Night,Light,Front end collision,0.0,0.0,6.0,0.0,4.0,2.0,0.0,6.0,2.0,2.0,Junction,Exact,,35.0,,40.0,,,40
2022,February,Tuesday,Day,Light,Front to side collision,0.0,0.0,5.0,0.0,1.0,3.0,1.0,5.0,2.0,2.0,Junction,Exact,,40.0,,,,,40
2022,January,Sunday,Day,Light,Front to side collision,0.0,0.0,2.0,0.0,0.0,1.0,1.0,2.0,2.0,2.0,Junction,Exact,,40.0,,4304.0,,,40
2022,March,Tuesday,Night,Light,Front to side collision,0.0,0.0,1.0,0.0,0.0,1.0,0.0,1.0,2.0,2.0,Junction,Exact,,310.0,,40.0,,,40
2022,February,Wednesday,Day,Light,Front to side collision,0.0,0.0,4.0,0.0,1.0,3.0,0.0,4.0,2.0,2.0,Junction,Exact,,25.0,,40.0,,,40
2022,February,Friday,Night,Light,Front to side collision,0.0,0.0,2.0,0.0,0.0,2.0,0.0,2.0,2.0,2.0,Junction,Exact,,40.0,,481.0,,,40
2022,March,Tuesday,Night,Fatal,Front to rear collision,1.0,0.0,3.0,0.0,1.0,2.0,1.0,4.0,4.0,4.0,Not junction,Exact,,40.0,296.0,,,,40
2022,January,Wednesday,Night,Light,Front to rear collision,0.0,0.0,1.0,0.0,0.0,1.0,0.0,1.0,2.0,2.0,Not junction,Exact,,40.0,250.5,,,,40
2022,January,Monday,Day,Severe,Front to rear collision,0.0,1.0,4.0,0.0,1.0,4.0,0.0,5.0,5.0,5.0,Not junction,Exact,,40.0,273.2,,,,40
2022,January,Wednesday,Night,Fatal,Front to rear collision,1.0,0.0,0.0,0.0,0.0,1.0,0.0,1.0,2.0,2.0,Not junction,Exact,,40.0,186.8,,,,40
2022,January,Friday,Day,Severe,Front to side collision,0.0,2.0,5.0,0.0,5.0,2.0,0.0,7.0,3.0,3.0,Not junction,Exact,,40.0,171.1,,,,40
2022,March,Tuesday,Day,Light,Front to side collision,0.0,0.0,1.0,0.0,0.0,1.0,0.0,1.0,2.0,2.0,Not junction,Exact,,40.0,285.4,,,,40
2022,March,Tuesday,Day,Severe,Side to side collision,0.0,1.0,0.0,0.0,0.0,1.0,0.0,1.0,2.0,2.0,Not junction,Exact,,40.0,279.5,,,,40
2022,January,Thursday,Day,Light,Other,0.0,0.0,1.0,0.0,0.0,1.0,0.0,1.0,1.0,1.0,Not junction,Exact,,40.0,300.0,,,,40
2022,February,Tuesday,Night,Fatal,Side to side collision,1.0,0.0,0.0,0.0,0.0,1.0,0.0,1.0,2.0,2.0,Not junction,Exact,,40.0,293.5,,,,40
2003,April,Monday,Night,Light,Front to rear collision,0.0,0.0,3.0,0.0,1.0,2.0,0.0,3.0,3.0,3.0,Junction,Exact,,90.0,,,,,90
2003,October,Thursday,Night,Light,Front to side collision,0.0,0.0,1.0,0.0,0.0,1.0,0.0,1.0,2.0,2.0,Junction,Exact,,90.0,,9119.0,,,90
2003,August,Wednesday,Night,Severe,Drive off road or on paveway,0.0,1.0,1.0,0.0,0.0,2.0,0.0,2.0,1.0,1.0,Junction,Exact,,90.0,,977.0,,,90
2003,June,Thursday,Night,Light,Front to side collision,0.0,0.0,5.0,0.0,3.0,2.0,0.0,5.0,2.0,2.0,Junction,Exact,,90.0,,,,,90
2003,August,Sunday,Night,Light,Front end collision,0.0,0.0,11.0,0.0,2.0,9.0,0.0,11.0,3.0,3.0,Junction,Exact,,90.0,,7579.0,,,90
2003,August,Thursday,Day,Light,Front to side collision,0.0,0.0,1.0,0.0,0.0,1.0,0.0,1.0,2.0,2.0,Junction,Exact,,90.0,,92.0,,,90
2003,July,Sunday,Day,Light,Front to side collision,0.0,0.0,3.0,0.0,1.0,2.0,0.0,3.0,2.0,2.0,Junction,Exact,,85.0,,90.0,,,90
2003,June,Monday,Day,Light,Front to side collision,0.0,0.0,1.0,0.0,0.0,1.0,0.0,1.0,2.0,2.0,Junction,Exact,,90.0,,8677.0,,,90
2003,October,Tuesday,Day,Light,Front to side collision,0.0,0.0,3.0,0.0,0.0,3.0,0.0,3.0,2.0,2.0,Junction,Exact,,90.0,,8677.0,,,90
2003,August,Wednesday,Day,Light,Front to side collision,0.0,0.0,6.0,0.0,4.0,2.0,0.0,6.0,2.0,2.0,Junction,Exact,,90.0,,899.0,,,90
2003,January,Sunday,Day,Light,Front to side collision,0.0,0.0,3.0,0.0,1.0,1.0,1.0,3.0,2.0,2.0,Junction,Exact,,90.0,,,,,90
2003,November,Wednesday,Day,Light,Front to side collision,0.0,0.0,1.0,0.0,0.0,1.0,0.0,1.0,2.0,2.0,Junction,Exact,,57.0,,90.0,,,90
2003,June,Tuesday,Day,Light,Front to side collision,0.0,0.0,3.0,0.0,0.0,3.0,0.0,3.0,2.0,2.0,Junction,Exact,,90.0,,91.0,,,90
2003,February,Tuesday,Day,Light,Front to side collision,0.0,0.0,2.0,0.0,0.0,1.0,1.0,2.0,2.0,2.0,Junction,Exact,,90.0,,,,,90
2003,July,Tuesday,Day,Light,Front to side collision,0.0,0.0,2.0,0.0,0.0,2.0,0.0,2.0,2.0,2.0,Junction,Exact,,90.0,,9119.0,,,90
2003,December,Tuesday,Day,Light,Front to side collision,0.0,0.0,7.0,0.0,1.0,6.0,0.0,7.0,3.0,3.0,Junction,Exact,,90.0,,8677.0,,,90
2003,January,Sunday,Day,Light,Front to side collision,0.0,0.0,4.0,0.0,1.0,3.0,0.0,4.0,2.0,2.0,Junction,Exact,,90.0,,,,,90
2003,March,Friday,Day,Light,Front to side collision,0.0,0.0,4.0,0.0,1.0,3.0,0.0,4.0,2.0,2.0,Junction,Exact,,90.0,,,,,90
2003,March,Wednesday,Day,Light,Front to side collision,0.0,0.0,3.0,0.0,0.0,0.0,3.0,3.0,2.0,2.0,Junction,Exact,,90.0,,,,,90
2003,January,Monday,Day,Light,Front to side collision,0.0,0.0,1.0,0.0,0.0,1.0,0.0,1.0,2.0,2.0,Junction,Exact,,90.0,,,,,90
2003,November,Sunday,Day,Light,Front end collision,0.0,0.0,4.0,0.0,0.0,4.0,0.0,4.0,2.0,2.0,Junction,Exact,,90.0,,9333.0,,,90
2003,July,Wednesday,Day,Light,Front to side collision,0.0,0.0,5.0,0.0,1.0,4.0,0.0,5.0,2.0,2.0,Junction,Exact,,90.0,,,,,90
2003,March,Friday,Day,Severe,Front to side collision,0.0,1.0,7.0,0.0,0.0,8.0,0.0,8.0,2.0,2.0,Junction,Exact,,90.0,,9119.0,,,90
2003,July,Tuesday,Day,Light,Other,0.0,0.0,1.0,0.0,0.0,1.0,0.0,1.0,1.0,1.0,Junction,Exact,,90.0,,977.0,,,90
2003,December,Sunday,Day,Light,Front to side collision,0.0,0.0,2.0,0.0,0.0,2.0,0.0,2.0,2.0,2.0,Junction,Exact,,89.0,,90.0,,,90
2003,March,Tuesday,Day,Light,Front to side collision,0.0,0.0,5.0,0.0,0.0,5.0,0.0,5.0,2.0,2.0,Junction,Exact,,90.0,,,,,90
2003,March,Sunday,Day,Light,Front to side collision,0.0,0.0,2.0,0.0,0.0,1.0,1.0,2.0,2.0,2.0,Junction,Exact,,90.0,,,,,90
2003,February,Tuesday,Day,Light,Front to side collision,0.0,0.0,5.0,0.0,1.0,4.0,0.0,5.0,2.0,2.0,Junction,Exact,,90.0,,8677.0,,,90
2003,July,Thursday,Day,Light,Front to side collision,0.0,0.0,4.0,0.0,0.0,3.0,1.0,4.0,2.0,2.0,Junction,Exact,,90.0,,,,,90
2003,November,Thursday,Day,Light,Front to side collision,0.0,0.0,1.0,0.0,0.0,1.0,0.0,1.0,2.0,2.0,Junction,Exact,,57.0,,90.0,,,90
2003,July,Monday,Day,Light,Side to side collision,0.0,0.0,1.0,0.0,0.0,1.0,0.0,1.0,3.0,3.0,Junction,Exact,,90.0,,9119.0,,,90
2003,October,Wednesday,Day,Light,Front to side collision,0.0,0.0,1.0,0.0,0.0,1.0,0.0,1.0,2.0,2.0,Junction,Exact,,90.0,,,,,90
2003,September,Friday,Day,Light,Front to rear collision,0.0,0.0,5.0,0.0,2.0,3.0,0.0,5.0,2.0,2.0,Junction,Exact,,90.0,,91.0,,,90
2003,July,Friday,Day,Light,Front to side collision,0.0,0.0,1.0,0.0,0.0,1.0,0.0,1.0,2.0,2.0,Junction,Exact,,90.0,,,,,90
2003,April,Monday,Day,Light,Front to side collision,0.0,0.0,6.0,0.0,0.0,6.0,0.0,6.0,2.0,2.0,Junction,Exact,,89.0,,90.0,,,90
2003,March,Monday,Day,Light,Front to side collision,0.0,0.0,1.0,0.0,0.0,1.0,0.0,1.0,2.0,2.0,Junction,Exact,,90.0,,99.0,,,90
2003,August,Monday,Day,Light,Front to side collision,0.0,0.0,1.0,0.0,0.0,0.0,1.0,1.0,2.0,2.0,Junction,Exact,,87.0,,90.0,,,90
2003,January,Sunday,Day,Light,Front to side collision,0.0,0.0,4.0,0.0,0.0,4.0,0.0,4.0,2.0,2.0,Junction,Exact,,90.0,,9119.0,,,90
2003,January,Thursday,Day,Light,Front to side collision,0.0,0.0,4.0,0.0,3.0,1.0,0.0,4.0,2.0,2.0,Junction,Exact,,90.0,,,,,90
2003,February,Thursday,Day,Light,Front to side collision,0.0,0.0,1.0,0.0,0.0,1.0,0.0,1.0,2.0,2.0,Junction,Exact,,90.0,,977.0,,,90
2003,August,Saturday,Day,Light,Front to side collision,0.0,0.0,8.0,0.0,2.0,5.0,1.0,8.0,2.0,2.0,Junction,Exact,,90.0,,8677.0,,,90
2003,August,Wednesday,Day,Light,Front to side collision,0.0,0.0,3.0,0.0,1.0,2.0,0.0,3.0,2.0,2.0,Junction,Exact,,90.0,,,,,90
2003,May,Friday,Day,Light,Front to side collision,0.0,0.0,6.0,0.0,1.0,5.0,0.0,6.0,2.0,2.0,Junction,Exact,,90.0,,,,,90
2003,January,Tuesday,Day,Light,Front to side collision,0.0,0.0,1.0,0.0,0.0,1.0,0.0,1.0,2.0,2.0,Junction,Exact,,89.0,,90.0,,,90
2003,February,Thursday,Day,Severe,Front to side collision,0.0,1.0,4.0,0.0,0.0,5.0,0.0,5.0,2.0,2.0,Junction,Exact,,90.0,,,,,90
2003,July,Tuesday,Day,Light,Front to side collision,0.0,0.0,2.0,0.0,0.0,2.0,0.0,2.0,2.0,2.0,Junction,Exact,,90.0,,,,,90
2003,November,Thursday,Night,Light,Front to side collision,0.0,0.0,1.0,0.0,0.0,1.0,0.0,1.0,2.0,2.0,Junction,Exact,,89.0,,90.0,,,90
2003,May,Thursday,Day,Severe,Side to side collision,0.0,2.0,17.0,0.0,4.0,14.0,1.0,19.0,3.0,3.0,Junction,Exact,,90.0,319.6,505.0,,,90
2003,July,Sunday,Day,Light,Front to side collision,0.0,0.0,2.0,0.0,0.0,2.0,0.0,2.0,2.0,2.0,Junction,Exact,,71.0,,90.0,,,90
2003,August,Tuesday,Day,Light,Front to side collision,0.0,0.0,1.0,0.0,0.0,1.0,0.0,1.0,2.0,2.0,Junction,Exact,,90.0,,,,,90
2003,April,Wednesday,Day,Light,Front end collision,0.0,0.0,4.0,0.0,1.0,3.0,0.0,4.0,2.0,2.0,Junction,Exact,,90.0,,8677.0,,,90
2003,September,Tuesday,Day,Light,Front to side collision,0.0,0.0,1.0,0.0,0.0,1.0,0.0,1.0,2.0,2.0,Junction,Exact,,90.0,,8677.0,,,90
2003,May,Wednesday,Day,Light,Front to side collision,0.0,0.0,1.0,0.0,0.0,1.0,0.0,1.0,2.0,2.0,Junction,Exact,,90.0,,,,,90
2003,February,Sunday,Night,Light,Front to side collision,0.0,0.0,3.0,0.0,1.0,2.0,0.0,3.0,2.0,2.0,Junction,Exact,,90.0,,8677.0,,,90
2003,October,Thursday,Night,Light,Front to side collision,0.0,0.0,4.0,0.0,0.0,4.0,0.0,4.0,2.0,2.0,Junction,Exact,,71.0,,90.0,,,90
2003,December,Sunday,Night,Light,Front to side collision,0.0,0.0,3.0,0.0,1.0,2.0,0.0,3.0,2.0,2.0,Junction,Exact,,90.0,,8677.0,,,90
2003,May,Tuesday,Day,Light,Front to side collision,0.0,0.0,2.0,0.0,0.0,2.0,0.0,2.0,2.0,2.0,Junction,Exact,,90.0,,,,,90
2003,August,Monday,Day,Light,Front end collision,0.0,0.0,6.0,0.0,4.0,2.0,0.0,6.0,2.0,2.0,Junction,Exact,,90.0,,807.0,,,90
2003,August,Thursday,Night,Light,Front to side collision,0.0,0.0,3.0,0.0,1.0,2.0,0.0,3.0,2.0,2.0,Junction,Exact,,90.0,,807.0,,,90
2003,February,Saturday,Night,Light,Front to side collision,0.0,0.0,5.0,0.0,0.0,5.0,0.0,5.0,2.0,2.0,Junction,Exact,,90.0,,,,,90
2003,January,Monday,Night,Light,Front to side collision,0.0,0.0,3.0,0.0,0.0,3.0,0.0,3.0,2.0,2.0,Junction,Exact,,90.0,,,,,90
2003,August,Monday,Night,Light,Front end collision,0.0,0.0,6.0,0.0,2.0,4.0,0.0,6.0,2.0,2.0,Junction,Exact,,90.0,,669.0,,,90
2003,June,Tuesday,Night,Light,Front to side collision,0.0,0.0,4.0,0.0,0.0,4.0,0.0,4.0,2.0,2.0,Junction,Exact,,90.0,,92.0,,,90
2003,August,Saturday,Night,Light,Pedestrian,0.0,0.0,1.0,1.0,1.0,0.0,0.0,1.0,1.0,1.0,Junction,Exact,,90.0,,7676.0,,,90
2003,October,Monday,Night,Light,Hit an object,0.0,0.0,1.0,0.0,1.0,0.0,0.0,1.0,1.0,1.0,Junction,Exact,,90.0,,91.0,,,90
2003,February,Sunday,Night,Light,Front to side collision,0.0,0.0,2.0,0.0,2.0,0.0,0.0,2.0,2.0,2.0,Junction,Exact,,90.0,,8677.0,,,90
2003,August,Saturday,Night,Light,Front to side collision,0.0,0.0,2.0,0.0,0.0,2.0,0.0,2.0,2.0,2.0,Junction,Exact,,90.0,,,,,90
2003,May,Friday,Night,Light,Front to side collision,0.0,0.0,3.0,0.0,0.0,3.0,0.0,3.0,2.0,2.0,Junction,Exact,,90.0,,92.0,,,90
2003,October,Tuesday,Night,Light,Hit an object,0.0,0.0,1.0,0.0,1.0,0.0,0.0,1.0,1.0,1.0,Junction,Exact,,90.0,,9977.0,,,90
2003,January,Saturday,Night,Light,Front end collision,0.0,0.0,5.0,0.0,1.0,4.0,0.0,5.0,2.0,2.0,Junction,Exact,,90.0,,,,,90
2003,April,Sunday,Night,Severe,Front to side collision,0.0,1.0,8.0,0.0,1.0,8.0,0.0,9.0,2.0,2.0,Not junction,Exact,,90.0,100.3,,,,90
2003,May,Friday,Night,Light,Roll over,0.0,0.0,1.0,0.0,1.0,0.0,0.0,1.0,1.0,1.0,Not junction,Exact,,90.0,230.5,,,,90
2003,September,Wednesday,Night,Light,Front to side collision,0.0,0.0,5.0,0.0,1.0,4.0,0.0,5.0,2.0,2.0,Not junction,Exact,,90.0,420.5,,,,90
2003,May,Monday,Night,Severe,Roll over,0.0,1.0,0.0,0.0,0.0,1.0,0.0,1.0,2.0,2.0,Not junction,Exact,,90.0,365.9,,,,90
2003,May,Friday,Night,Light,Roll over,0.0,0.0,3.0,0.0,1.0,2.0,0.0,3.0,1.0,1.0,Not junction,Exact,,90.0,75.1,,,,90
2003,September,Friday,Night,Light,Side to side collision,0.0,0.0,1.0,0.0,0.0,1.0,0.0,1.0,2.0,2.0,Not junction,Exact,,90.0,410.7,,,,90
2003,February,Wednesday,Night,Light,Roll over,0.0,0.0,1.0,0.0,0.0,1.0,0.0,1.0,1.0,1.0,Not junction,Exact,,90.0,464.1,,,,90
2003,July,Monday,Night,Light,Hit an object,0.0,0.0,1.0,0.0,0.0,1.0,0.0,1.0,1.0,1.0,Not junction,Exact,,90.0,426.1,,,,90
2003,November,Sunday,Night,Severe,Drive off road or on paveway,0.0,1.0,1.0,0.0,0.0,2.0,0.0,2.0,1.0,1.0,Not junction,Exact,,90.0,413.8,,,,90
2003,November,Saturday,Night,Light,Drive off road or on paveway,0.0,0.0,3.0,0.0,0.0,3.0,0.0,3.0,1.0,1.0,Not junction,Exact,,90.0,444.8,,,,90
2003,December,Friday,Night,Light,Roll over,0.0,0.0,1.0,0.0,0.0,1.0,0.0,1.0,1.0,1.0,Not junction,Exact,,90.0,462.1,,,,90
2003,March,Sunday,Night,Severe,Front to rear collision,0.0,1.0,4.0,0.0,0.0,5.0,0.0,5.0,3.0,3.0,Not junction,Exact,,90.0,250.1,,,,90
2003,February,Wednesday,Night,Light,Drive off road or on paveway,0.0,0.0,5.0,0.0,3.0,2.0,0.0,5.0,1.0,1.0,Not junction,Exact,,90.0,280.0,,,,90
2003,June,Sunday,Night,Fatal,Roll over,1.0,0.0,0.0,0.0,0.0,1.0,0.0,1.0,1.0,1.0,Not junction,Exact,,90.0,318.5,,,,90
2003,May,Saturday,Night,Light,Roll over,0.0,0.0,4.0,0.0,1.0,3.0,0.0,4.0,1.0,1.0,Not junction,Exact,,90.0,39.9,,,,90
2003,July,Saturday,Night,Severe,Front to side collision,0.0,1.0,2.0,0.0,1.0,2.0,0.0,3.0,2.0,2.0,Not junction,Exact,,90.0,466.4,,,,90
2003,June,Thursday,Night,Light,Front to rear collision,0.0,0.0,2.0,0.0,0.0,2.0,0.0,2.0,2.0,2.0,Not junction,Exact,,90.0,135.8,,,,90
2003,December,Sunday,Night,Severe,Roll over,0.0,1.0,2.0,0.0,1.0,2.0,0.0,3.0,1.0,1.0,Not junction,Exact,,90.0,345.0,,,,90
2003,March,Monday,Night,Fatal,Pedestrian,1.0,4.0,22.0,1.0,12.0,15.0,0.0,27.0,1.0,1.0,Not junction,Exact,,90.0,43.0,,,,90
2003,January,Saturday,Night,Light,Roll over,0.0,0.0,1.0,0.0,0.0,1.0,0.0,1.0,1.0,1.0,Not junction,Exact,,90.0,416.6,,,,90
2003,April,Wednesday,Night,Light,Roll over,0.0,0.0,4.0,0.0,2.0,2.0,0.0,4.0,1.0,1.0,Not junction,Exact,,90.0,47.5,,,,90
2003,August,Saturday,Night,Fatal,Roll over,1.0,0.0,1.0,0.0,0.0,2.0,0.0,2.0,1.0,1.0,Not junction,Exact,,90.0,45.1,,,,90
2003,September,Friday,Night,Light,Front to side collision,0.0,0.0,2.0,0.0,0.0,2.0,0.0,2.0,2.0,2.0,Not junction,Exact,,90.0,372.4,,,,90
2003,July,Thursday,Night,Light,Roll over,0.0,0.0,4.0,0.0,2.0,2.0,0.0,4.0,1.0,1.0,Not junction,Exact,,90.0,296.9,,,,90
2003,February,Tuesday,Night,Light,Front to side collision,0.0,0.0,2.0,0.0,0.0,2.0,0.0,2.0,4.0,4.0,Not junction,Exact,,90.0,437.1,,,,90
2003,August,Thursday,Night,Light,Front end collision,0.0,0.0,11.0,0.0,3.0,8.0,0.0,11.0,4.0,4.0,Not junction,Exact,,90.0,24.3,,,,90
2003,November,Thursday,Day,Severe,Hit an object,0.0,1.0,0.0,0.0,0.0,1.0,0.0,1.0,1.0,1.0,Not junction,Exact,,90.0,309.0,,,,90
2003,August,Sunday,Night,Severe,Front end collision,0.0,2.0,3.0,0.0,0.0,5.0,0.0,5.0,2.0,2.0,Not junction,Exact,,90.0,363.2,,,,90
2003,September,Thursday,Night,Light,Front to side collision,0.0,0.0,2.0,0.0,0.0,1.0,1.0,2.0,2.0,2.0,Not junction,Exact,,90.0,468.1,,,,90
2003,August,Wednesday,Day,Fatal,Hit an object,1.0,0.0,0.0,0.0,0.0,1.0,0.0,1.0,1.0,1.0,Not junction,Exact,,90.0,117.7,,,,90
2003,November,Monday,Day,Severe,Front end collision,0.0,1.0,2.0,0.0,0.0,3.0,0.0,3.0,2.0,2.0,Not junction,Exact,,90.0,356.4,,,,90
2003,April,Friday,Day,Light,Roll over,0.0,0.0,2.0,0.0,0.0,2.0,0.0,2.0,1.0,1.0,Not junction,Exact,,90.0,53.9,,,,90
2003,June,Thursday,Day,Light,Roll over,0.0,0.0,2.0,0.0,0.0,2.0,0.0,2.0,1.0,1.0,Not junction,Exact,,90.0,63.8,,,,90
2003,September,Sunday,Day,Light,Front to rear collision,0.0,0.0,1.0,0.0,1.0,0.0,0.0,1.0,3.0,3.0,Not junction,Exact,,90.0,406.0,,,,90
2003,October,Monday,Day,Light,Drive off road or on paveway,0.0,0.0,1.0,0.0,0.0,1.0,0.0,1.0,2.0,2.0,Not junction,Exact,,90.0,341.0,,,,90
2003,February,Thursday,Day,Light,Front to side collision,0.0,0.0,2.0,0.0,0.0,2.0,0.0,2.0,2.0,2.0,Not junction,Exact,,90.0,446.9,,,,90
2003,September,Friday,Day,Light,Side to side collision,0.0,0.0,1.0,0.0,1.0,0.0,0.0,1.0,2.0,2.0,Not junction,Exact,,90.0,320.4,,,,90
2003,October,Thursday,Day,Light,Front to rear collision,0.0,0.0,2.0,0.0,0.0,2.0,0.0,2.0,2.0,2.0,Not junction,Exact,,90.0,280.1,,,,90
2003,April,Sunday,Day,Light,Front end collision,0.0,0.0,5.0,0.0,1.0,3.0,1.0,5.0,2.0,2.0,Not junction,Exact,,90.0,287.1,,,,90
2003,September,Monday,Day,Light,Front end collision,0.0,0.0,1.0,0.0,0.0,1.0,0.0,1.0,2.0,2.0,Not junction,Exact,,90.0,341.0,,,,90
2003,January,Wednesday,Day,Light,Front to side collision,0.0,0.0,2.0,0.0,0.0,2.0,0.0,2.0,2.0,2.0,Not junction,Exact,,90.0,450.1,,,,90
2003,February,Sunday,Day,Light,Hit an object,0.0,0.0,3.0,0.0,1.0,2.0,0.0,3.0,1.0,1.0,Not junction,Exact,,90.0,332.0,,,,90
2003,December,Saturday,Day,Light,Roll over,0.0,0.0,2.0,0.0,0.0,2.0,0.0,2.0,1.0,1.0,Not junction,Exact,,90.0,345.0,,,,90
2003,August,Tuesday,Day,Severe,Pedestrian,0.0,1.0,0.0,1.0,1.0,0.0,0.0,1.0,1.0,1.0,Not junction,Exact,,90.0,322.0,,,,90
2003,April,Sunday,Day,Severe,Front to side collision,0.0,1.0,4.0,0.0,0.0,5.0,0.0,5.0,2.0,2.0,Not junction,Exact,,90.0,357.8,,,,90
2003,November,Friday,Day,Fatal,Front end collision,5.0,3.0,0.0,0.0,0.0,8.0,0.0,8.0,2.0,2.0,Not junction,Exact,,90.0,332.8,,,,90
2003,April,Tuesday,Day,Severe,Side to side collision,0.0,1.0,5.0,0.0,1.0,5.0,0.0,6.0,2.0,2.0,Not junction,Exact,,90.0,340.8,,,,90
2003,February,Thursday,Day,Light,Front to side collision,0.0,0.0,2.0,0.0,0.0,2.0,0.0,2.0,2.0,2.0,Not junction,Exact,,90.0,445.1,,,,90
2003,July,Friday,Day,Severe,Front to rear collision,0.0,2.0,19.0,0.0,7.0,14.0,0.0,21.0,2.0,2.0,Not junction,Exact,,90.0,206.7,,,,90
2003,September,Friday,Day,Fatal,Hit an object,1.0,0.0,0.0,0.0,0.0,1.0,0.0,1.0,1.0,1.0,Not junction,Exact,,90.0,242.1,,,,90
2003,February,Friday,Day,Severe,Front end collision,0.0,2.0,1.0,0.0,0.0,3.0,0.0,3.0,2.0,2.0,Not junction,Exact,,90.0,356.5,,,,90
2003,July,Sunday,Day,Severe,Front to side collision,0.0,1.0,4.0,0.0,2.0,3.0,0.0,5.0,3.0,3.0,Not junction,Exact,,90.0,52.3,,,,90
2003,September,Friday,Day,Light,Front to side collision,0.0,0.0,3.0,0.0,0.0,3.0,0.0,3.0,2.0,2.0,Not junction,Exact,,90.0,476.0,,,,90
2003,October,Thursday,Day,Light,Front to rear collision,0.0,0.0,3.0,0.0,0.0,3.0,0.0,3.0,2.0,2.0,Not junction,Exact,,90.0,288.0,,,,90
2003,December,Friday,Day,Light,Roll over,0.0,0.0,7.0,0.0,4.0,2.0,1.0,7.0,1.0,1.0,Not junction,Exact,,90.0,340.9,,,,90
2003,August,Wednesday,Day,Light,Front to side collision,0.0,0.0,5.0,0.0,2.0,3.0,0.0,5.0,2.0,2.0,Not junction,Exact,,90.0,216.1,,,,90
2003,February,Friday,Day,Light,Front to rear collision,0.0,0.0,1.0,0.0,0.0,1.0,0.0,1.0,3.0,3.0,Not junction,Exact,,90.0,458.1,,,,90
2003,February,Friday,Day,Light,Side to side collision,0.0,0.0,6.0,0.0,3.0,3.0,0.0,6.0,2.0,2.0,Not junction,Exact,,90.0,136.8,,,,90
2003,February,Thursday,Day,Severe,Roll over,0.0,1.0,0.0,0.0,0.0,1.0,0.0,1.0,1.0,1.0,Not junction,Exact,,90.0,180.1,,,,90
2003,December,Monday,Day,Severe,Drive off road or on paveway,0.0,3.0,3.0,0.0,2.0,3.0,1.0,6.0,1.0,1.0,Not junction,Exact,,90.0,400.5,,,,90
2003,September,Monday,Day,Light,Front to side collision,0.0,0.0,2.0,0.0,0.0,0.0,2.0,2.0,2.0,2.0,Not junction,Exact,,90.0,204.1,,,,90
2003,January,Tuesday,Day,Light,Front to side collision,0.0,0.0,8.0,0.0,1.0,5.0,2.0,8.0,2.0,2.0,Not junction,Centered,,90.0,191.0,,,,90
2003,April,Sunday,Day,Light,Front to side collision,0.0,0.0,8.0,0.0,3.0,2.0,3.0,8.0,2.0,2.0,Not junction,Exact,,90.0,440.6,,,,90