year,month,day_of_week,day_night,accident_severity,accident_type,killed,severly_injured,lightly_injured,injured_pedestrians,casualties_ages_0-19,casualties_ages_20-64,casualties_ages_65_plus,total_casualties,vehicle_count,drivers,road_type,localization_quality,settlement,road1,location,road2,road3,road4,source_road
2003,April,Friday,Day,Light,Front to rear collision,0.0,0.0,18.0,0.0,5.0,13.0,0.0,18.0,11.0,11.0,Not junction,Exact,,90.0,111.1,,,,90
2003,April,Thursday,Day,Light,Roll over,0.0,0.0,4.0,0.0,0.0,4.0,0.0,4.0,1.0,1.0,Not junction,Exact,,90.0,340.9,,,,90
2003,July,Thursday,Day,Light,Roll over,0.0,0.0,1.0,0.0,0.0,1.0,0.0,1.0,2.0,2.0,Not junction,Exact,,90.0,319.7,,,,90
2003,October,Tuesday,Day,Light,Front to side collision,0.0,0.0,4.0,0.0,0.0,4.0,0.0,4.0,2.0,2.0,Not junction,Exact,,90.0,379.9,,,,90
2003,May,Tuesday,Day,Light,Front to side collision,0.0,0.0,2.0,0.0,0.0,0.0,2.0,2.0,2.0,2.0,Not junction,Exact,,90.0,440.2,,,,90
2003,July,Saturday,Day,Light,Roll over,0.0,0.0,2.0,0.0,0.0,2.0,0.0,2.0,1.0,1.0,Not junction,Exact,,90.0,416.5,,,,90
2003,April,Saturday,Day,Light,Front to side collision,0.0,0.0,3.0,0.0,1.0,2.0,0.0,3.0,2.0,2.0,Not junction,Exact,,90.0,449.1,,,,90
2003,September,Thursday,Day,Severe,Roll over,0.0,1.0,2.0,0.0,1.0,2.0,0.0,3.0,1.0,1.0,Not junction,Exact,,90.0,163.6,,,,90
2003,December,Friday,Day,Light,Front to side collision,0.0,0.0,1.0,0.0,0.0,1.0,0.0,1.0,2.0,2.0,Not junction,Exact,,90.0,336.8,,,,90
2003,February,Friday,Day,Light,Roll over,0.0,0.0,2.0,0.0,0.0,2.0,0.0,2.0,1.0,1.0,Not junction,Exact,,90.0,353.1,,,,90
2003,March,Monday,Day,Light,Front to side collision,0.0,0.0,1.0,0.0,0.0,1.0,0.0,1.0,2.0,2.0,Not junction,Exact,,90.0,464.5,,,,90
2003,March,Wednesday,Day,Light,Roll over,0.0,0.0,2.0,0.0,2.0,0.0,0.0,2.0,1.0,1.0,Not junction,Exact,,90.0,467.2,,,,90
2003,April,Saturday,Day,Light,Roll over,0.0,0.0,4.0,0.0,0.0,4.0,0.0,4.0,1.0,1.0,Not junction,Exact,,90.0,48.7,,,,90
2003,September,Thursday,Day,Light,Front end collision,0.0,0.0,11.0,0.0,2.0,9.0,0.0,11.0,2.0,2.0,Not junction,Exact,,90.0,154.8,,,,90
2003,August,Sunday,Day,Light,Front to side collision,0.0,0.0,6.0,0.0,0.0,5.0,1.0,6.0,2.0,2.0,Not junction,Exact,,90.0,418.1,,,,90
2003,December,Sunday,Day,Light,Front to side collision,0.0,0.0,4.0,0.0,2.0,2.0,0.0,4.0,2.0,2.0,Not junction,Exact,,90.0,155.1,,,,90
2003,January,Tuesday,Day,Light,Front to side collision,0.0,0.0,1.0,0.0,0.0,1.0,0.0,1.0,2.0,2.0,Not junction,Exact,,90.0,440.0,,,,90
2003,September,Monday,Day,Light,Front to side collision,0.0,0.0,1.0,0.0,0.0,1.0,0.0,1.0,2.0,2.0,Not junction,Exact,,90.0,405.0,,,,90
2003,July,Tuesday,Day,Light,Roll over,0.0,0.0,4.0,0.0,0.0,4.0,0.0,4.0,1.0,1.0,Not junction,Centered,,90.0,140.0,,,,90
2003,February,Monday,Day,Severe,Pedestrian,0.0,1.0,0.0,1.0,1.0,0.0,0.0,1.0,1.0,1.0,Not junction,Exact,,90.0,441.5,,,,90
2003,September,Thursday,Day,Fatal,Front to side collision,2.0,0.0,1.0,0.0,0.0,3.0,0.0,3.0,2.0,2.0,Not junction,Exact,,90.0,147.1,,,,90
2003,July,Sunday,Day,Light,Front to rear collision,0.0,0.0,4.0,0.0,2.0,2.0,0.0,4.0,3.0,3.0,Not junction,Exact,,90.0,16.5,,,,90
2003,July,Saturday,Day,Severe,Front end collision,0.0,6.0,2.0,0.0,4.0,4.0,0.0,8.0,2.0,2.0,Not junction,Exact,,90.0,451.6,,,,90
2003,January,Saturday,Day,Light,Front to rear collision,0.0,0.0,4.0,0.0,1.0,3.0,0.0,4.0,2.0,2.0,Not junction,Exact,,90.0,440.0,,,,90
2003,August,Sunday,Day,Light,Front to rear collision,0.0,0.0,5.0,0.0,2.0,3.0,0.0,5.0,2.0,2.0,Not junction,Exact,,90.0,460.1,,,,90
2003,December,Tuesday,Day,Light,Drive off road or on paveway,0.0,0.0,1.0,0.0,0.0,1.0,0.0,1.0,1.0,1.0,Not junction,Exact,,90.0,345.0,,,,90
2003,February,Monday,Day,Severe,Side to side collision,0.0,1.0,28.0,0.0,26.0,3.0,0.0,29.0,2.0,2.0,Not junction,Exact,,90.0,445.9,,,,90
2003,November,Monday,Day,Severe,Front end collision,0.0,2.0,0.0,0.0,1.0,1.0,0.0,2.0,2.0,2.0,Not junction,Exact,,90.0,440.3,,,,90
2003,November,Tuesday,Day,Light,Front to side collision,0.0,0.0,1.0,0.0,0.0,0.0,0.0,1.0,2.0,2.0,Not junction,Exact,,90.0,244.1,,,,90
2003,June,Friday,Day,Light,Front to rear collision,0.0,0.0,1.0,0.0,0.0,1.0,0.0,1.0,2.0,2.0,Not junction,Exact,,90.0,451.6,,,,90
2003,March,Sunday,Day,Light,Front end collision,0.0,0.0,5.0,0.0,1.0,4.0,0.0,5.0,3.0,3.0,Not junction,Exact,,90.0,414.0,,,,90
2003,June,Saturday,Day,Severe,Roll over,0.0,1.0,3.0,0.0,1.0,3.0,0.0,4.0,1.0,1.0,Not junction,Exact,,90.0,390.7,,,,90
2003,July,Thursday,Day,Light,Front to rear collision,0.0,0.0,3.0,0.0,0.0,3.0,0.0,3.0,2.0,2.0,Not junction,Exact,,90.0,287.0,,,,90
2003,May,Monday,Day,Severe,Roll over,0.0,1.0,3.0,0.0,2.0,2.0,0.0,4.0,1.0,1.0,Not junction,Exact,,90.0,405.0,,,,90
2003,July,Monday,Day,Light,Front to side collision,0.0,0.0,6.0,0.0,2.0,4.0,0.0,6.0,2.0,2.0,Not junction,Exact,,90.0,440.1,,,,90
2003,April,Monday,Day,Light,Front to rear collision,0.0,0.0,7.0,0.0,3.0,3.0,1.0,7.0,2.0,2.0,Not junction,Exact,,90.0,230.1,,,,90
2003,April,Thursday,Day,Severe,Roll over,0.0,1.0,2.0,0.0,0.0,1.0,2.0,3.0,1.0,1.0,Not junction,Exact,,90.0,244.5,,,,90
2003,December,Wednesday,Day,Light,Front to rear collision,0.0,0.0,4.0,0.0,4.0,0.0,0.0,4.0,2.0,2.0,Not junction,Exact,,90.0,445.3,,,,90
2003,February,Friday,Day,Severe,Front end collision,0.0,1.0,1.0,0.0,0.0,2.0,0.0,2.0,3.0,3.0,Not junction,Exact,,90.0,345.0,,,,90
2003,May,Monday,Day,Severe,Front to side collision,0.0,1.0,1.0,0.0,0.0,2.0,0.0,2.0,2.0,2.0,Not junction,Exact,,90.0,447.2,,,,90
2003,January,Monday,Day,Light,Front to side collision,0.0,0.0,4.0,0.0,0.0,4.0,0.0,4.0,2.0,2.0,Not junction,Exact,,90.0,437.1,,,,90
2003,April,Saturday,Day,Light,Side to side collision,0.0,0.0,6.0,0.0,4.0,2.0,0.0,6.0,2.0,2.0,Not junction,Exact,,90.0,421.7,,,,90
2003,April,Friday,Day,Light,Front to side collision,0.0,0.0,3.0,0.0,0.0,3.0,0.0,3.0,2.0,2.0,Not junction,Exact,,90.0,411.1,,,,90
2003,May,Tuesday,Day,Light,Front to rear collision,0.0,0.0,1.0,0.0,0.0,1.0,0.0,1.0,2.0,2.0,Not junction,Exact,,90.0,445.5,,,,90
2003,November,Saturday,Day,Light,Front to rear collision,0.0,0.0,1.0,0.0,0.0,0.0,0.0,1.0,2.0,2.0,Not junction,Exact,,90.0,416.1,,,,90
2003,June,Thursday,Day,Light,Roll over,0.0,0.0,5.0,0.0,3.0,2.0,0.0,5.0,1.0,1.0,Not junction,Exact,,90.0,345.0,,,,90
2003,January,Wednesday,Day,Light,Roll over,0.0,0.0,1.0,0.0,0.0,1.0,0.0,1.0,1.0,1.0,Not junction,Exact,,90.0,341.3,,,,90
2003,April,Wednesday,Day,Light,Front to side collision,0.0,0.0,1.0,0.0,0.0,1.0,0.0,1.0,3.0,3.0,Not junction,Exact,,90.0,341.0,,,,90
2003,June,Monday,Day,Light,Side to side collision,0.0,0.0,2.0,0.0,1.0,1.0,0.0,2.0,2.0,2.0,Not junction,Exact,,90.0,287.1,,,,90
2003,April,Wednesday,Day,Light,Drive off road or on paveway,0.0,0.0,2.0,0.0,0.0,2.0,0.0,2.0,1.0,1.0,Not junction,Exact,,90.0,64.9,,,,90
2003,January,Monday,Night,Severe,Pedestrian,0.0,1.0,0.0,1.0,1.0,0.0,0.0,1.0,1.0,1.0,Not junction,Exact,,90.0,330.0,,,,90
2003,April,Sunday,Day,Light,Front to side collision,0.0,0.0,7.0,0.0,4.0,3.0,0.0,7.0,2.0,2.0,Not junction,Exact,,90.0,462.1,,,,90
2003,December,Saturday,Night,Fatal,Front to side collision,1.0,2.0,3.0,0.0,0.0,6.0,0.0,6.0,2.0,2.0,Not junction,Exact,,90.0,340.8,,,,90
2003,January,Sunday,Night,Light,Front to side collision,0.0,0.0,1.0,0.0,0.0,1.0,0.0,1.0,2.0,2.0,Not junction,Exact,,90.0,439.1,,,,90
2003,May,Saturday,Day,Severe,Front to side collision,0.0,1.0,4.0,0.0,1.0,4.0,0.0,5.0,2.0,2.0,Not junction,Exact,,90.0,400.3,,,,90
2003,June,Sunday,Day,Light,Front to side collision,0.0,0.0,2.0,0.0,0.0,2.0,0.0,2.0,2.0,2.0,Not junction,Exact,,90.0,434.5,,,,90
2003,April,Monday,Day,Light,Front to side collision,0.0,0.0,1.0,0.0,0.0,1.0,0.0,1.0,2.0,2.0,Not junction,Exact,,90.0,463.1,,,,90
2003,January,Wednesday,Night,Fatal,Front end collision,1.0,4.0,4.0,0.0,3.0,6.0,0.0,9.0,2.0,2.0,Not junction,Exact,,90.0,51.0,,,,90
2003,January,Tuesday,Night,Light,Front to side collision,0.0,0.0,5.0,0.0,3.0,2.0,0.0,5.0,2.0,2.0,Not junction,Exact,,90.0,440.0,,,,90
2003,August,Sunday,Day,Light,Front to rear collision,0.0,0.0,2.0,0.0,1.0,1.0,0.0,2.0,2.0,2.0,Not junction,Exact,,90.0,422.5,,,,90
2003,July,Thursday,Day,Light,Front to side collision,0.0,0.0,8.0,0.0,5.0,3.0,0.0,8.0,2.0,2.0,Not junction,Exact,,90.0,440.2,,,,90
2003,December,Thursday,Night,Severe,Roll over,0.0,1.0,0.0,0.0,0.0,1.0,0.0,1.0,1.0,1.0,Not junction,Exact,,90.0,368.2,,,,90
2003,March,Saturday,Night,Severe,Roll over,0.0,1.0,5.0,0.0,3.0,3.0,0.0,6.0,1.0,1.0,Not junction,Centered,,90.0,155.0,,,,90
2003,October,Monday,Night,Light,Side to side collision,0.0,0.0,4.0,0.0,0.0,4.0,0.0,4.0,2.0,2.0,Not junction,Exact,,90.0,337.0,,,,90
2003,January,Saturday,Night,Light,Other,0.0,0.0,4.0,0.0,2.0,2.0,0.0,4.0,2.0,2.0,Not junction,Centered,,90.0,191.0,,,,90
2003,November,Saturday,Night,Light,Side to side collision,0.0,0.0,5.0,0.0,3.0,2.0,0.0,5.0,2.0,2.0,Not junction,Exact,,90.0,58.0,,,,90
2003,August,Saturday,Night,Light,Front to side collision,0.0,0.0,6.0,0.0,2.0,4.0,0.0,6.0,2.0,2.0,Not junction,Exact,,90.0,284.1,,,,90
2003,April,Wednesday,Night,Severe,Front to side collision,0.0,1.0,4.0,0.0,1.0,4.0,0.0,5.0,2.0,2.0,Not junction,Exact,,90.0,440.0,,,,90
2003,June,Saturday,Day,Severe,Roll over,0.0,1.0,2.0,0.0,0.0,3.0,0.0,3.0,1.0,1.0,Not junction,Exact,,90.0,288.0,,,,90
2003,November,Thursday,Night,Severe,Front to side collision,0.0,1.0,1.0,0.0,0.0,2.0,0.0,2.0,2.0,2.0,Not junction,Exact,,90.0,452.5,,,,90
2003,January,Saturday,Night,Light,Front to side collision,0.0,0.0,1.0,0.0,1.0,0.0,0.0,1.0,2.0,2.0,Not junction,Exact,,90.0,418.9,,,,90
2003,September,Friday,Night,Light,Drive off road or on paveway,0.0,0.0,2.0,0.0,0.0,2.0,0.0,2.0,1.0,1.0,Not junction,Exact,,90.0,287.1,,,,90
2003,April,Tuesday,Night,Severe,Roll over,0.0,1.0,0.0,0.0,0.0,1.0,0.0,1.0,1.0,1.0,Not junction,Exact,,90.0,369.2,,,,90
2003,September,Friday,Night,Severe,Roll over,0.0,1.0,2.0,0.0,0.0,3.0,0.0,3.0,1.0,1.0,Not junction,Exact,,90.0,286.1,,,,90
2003,June,Sunday,Night,Light,Front end collision,0.0,0.0,6.0,0.0,2.0,4.0,0.0,6.0,2.0,2.0,Not junction,Exact,,90.0,409.4,,,,90
2003,June,Saturday,Night,Fatal,Front end collision,2.0,0.0,2.0,0.0,0.0,4.0,0.0,4.0,2.0,2.0,Not junction,Exact,,90.0,441.5,,,,90
2003,August,Tuesday,Night,Light,Front to side collision,0.0,0.0,2.0,0.0,0.0,1.0,1.0,2.0,2.0,2.0,Not junction,Exact,,90.0,411.0,,,,90
2003,September,Sunday,Night,Severe,Front end collision,0.0,2.0,2.0,0.0,1.0,3.0,0.0,4.0,3.0,3.0,Not junction,Exact,,90.0,87.2,,,,90
2003,February,Tuesday,Night,Fatal,Roll over,1.0,1.0,0.0,0.0,0.0,2.0,0.0,2.0,1.0,1.0,Not junction,Exact,,90.0,320.1,,,,90
2003,August,Saturday,Night,Severe,Front end collision,0.0,4.0,2.0,0.0,2.0,4.0,0.0,6.0,2.0,2.0,Not junction,Exact,,90.0,280.0,,,,90
2003,April,Monday,Night,Light,Front to rear collision,0.0,0.0,1.0,0.0,0.0,0.0,0.0,1.0,2.0,2.0,Not junction,Exact,,90.0,250.1,,,,90
2003,August,Friday,Night,Light,Side to side collision,0.0,0.0,29.0,0.0,18.0,11.0,0.0,29.0,2.0,2.0,Not junction,Exact,,90.0,341.5,,,,90
2003,January,Tuesday,Night,Light,Front to side collision,0.0,0.0,5.0,0.0,1.0,4.0,0.0,5.0,2.0,2.0,Not junction,Exact,,90.0,438.0,,,,90
2003,November,Monday,Night,Fatal,Front end collision,1.0,0.0,0.0,0.0,0.0,1.0,0.0,1.0,3.0,3.0,Not junction,Exact,,90.0,340.8,,,,90
2003,February,Thursday,Night,Light,Drive off road or on paveway,0.0,0.0,2.0,0.0,0.0,2.0,0.0,2.0,1.0,1.0,Not junction,Exact,,90.0,446.9,,,,90
2003,August,Saturday,Night,Severe,Front end collision,0.0,1.0,5.0,0.0,2.0,4.0,0.0,6.0,2.0,2.0,Not junction,Exact,,90.0,98.5,,,,90
2003,April,Sunday,Night,Light,Drive off road or on paveway,0.0,0.0,1.0,0.0,1.0,0.0,0.0,1.0,1.0,1.0,Not junction,Exact,,90.0,355.8,,,,90
2003,April,Thursday,Night,Light,Roll over,0.0,0.0,2.0,0.0,0.0,2.0,0.0,2.0,1.0,1.0,Not junction,Exact,,90.0,280.1,,,,90
2003,December,Saturday,Night,Light,Slip,0.0,0.0,1.0,0.0,1.0,0.0,0.0,1.0,2.0,2.0,Not junction,Exact,,90.0,445.0,,,,90
2004,June,Wednesday,Night,Light,Roll over,0.0,0.0,3.0,0.0,3.0,0.0,0.0,3.0,1.0,1.0,Junction,Exact,,90.0,,3696.0,,,90
2004,May,Friday,Night,Light,Front to side collision,0.0,0.0,2.0,0.0,0.0,2.0,0.0,2.0,2.0,2.0,Junction,Exact,,90.0,,99.0,,,90
2004,June,Saturday,Night,Light,Front end collision,0.0,0.0,2.0,0.0,1.0,1.0,0.0,2.0,2.0,2.0,Junction,Exact,,90.0,,,,,90
2004,September,Wednesday,Night,Light,Front to side collision,0.0,0.0,6.0,0.0,0.0,4.0,2.0,6.0,2.0,2.0,Junction,Exact,,90.0,,8677.0,,,90
2004,August,Tuesday,Night,Light,Front to side collision,0.0,0.0,4.0,0.0,2.0,2.0,0.0,4.0,2.0,2.0,Junction,Exact,,71.0,,90.0,,,90
2004,September,Thursday,Day,Light,Drive off road or on paveway,0.0,0.0,1.0,0.0,0.0,1.0,0.0,1.0,2.0,2.0,Junction,Exact,,90.0,,8651.0,,,90
2004,July,Monday,Day,Light,Front to side collision,0.0,0.0,1.0,0.0,0.0,1.0,0.0,1.0,2.0,2.0,Junction,Exact,,90.0,,8677.0,,,90
2004,February,Tuesday,Day,Light,Front to side collision,0.0,0.0,1.0,0.0,0.0,1.0,0.0,1.0,2.0,2.0,Junction,Exact,,90.0,,9119.0,,,90
2004,November,Sunday,Day,Severe,Front to side collision,0.0,1.0,1.0,0.0,0.0,2.0,0.0,2.0,2.0,2.0,Junction,Exact,,90.0,,899.0,,,90
2004,April,Monday,Day,Light,Front to side collision,0.0,0.0,5.0,0.0,1.0,4.0,0.0,5.0,2.0,2.0,Junction,Exact,,87.0,,90.0,,,90
2004,December,Tuesday,Day,Light,Front to side collision,0.0,0.0,1.0,0.0,0.0,1.0,0.0,1.0,2.0,2.0,Junction,Exact,,90.0,,6678.0,,,90
2004,May,Monday,Day,Severe,Front to side collision,0.0,1.0,0.0,0.0,0.0,1.0,0.0,1.0,2.0,2.0,Junction,Exact,,85.0,,90.0,,,90
2004,June,Tuesday,Day,Light,Front to side collision,0.0,0.0,3.0,0.0,0.0,2.0,1.0,3.0,2.0,2.0,Junction,Exact,,90.0,,,,,90
2004,July,Tuesday,Day,Light,Front to side collision,0.0,0.0,3.0,0.0,1.0,2.0,0.0,3.0,2.0,2.0,Junction,Exact,,90.0,,,,,90
2004,November,Tuesday,Day,Light,Front to side collision,0.0,0.0,1.0,0.0,0.0,1.0,0.0,1.0,2.0,2.0,Junction,Exact,,90.0,,667.0,,,90
2004,August,Sunday,Day,Light,Front to side collision,0.0,0.0,4.0,0.0,1.0,3.0,0.0,4.0,2.0,2.0,Junction,Exact,,89.0,,90.0,,,90
2004,September,Thursday,Day,Light,Front to side collision,0.0,0.0,2.0,0.0,0.0,2.0,0.0,2.0,4.0,4.0,Junction,Exact,,90.0,,91.0,,,90
2004,December,Monday,Day,Light,Front to side collision,0.0,0.0,1.0,0.0,1.0,0.0,0.0,1.0,2.0,2.0,Junction,Exact,,90.0,,91.0,,,90
2004,April,Wednesday,Day,Light,Front to side collision,0.0,0.0,7.0,0.0,5.0,2.0,0.0,7.0,2.0,2.0,Junction,Exact,,87.0,,90.0,,,90
2004,March,Tuesday,Day,Light,Front to side collision,0.0,0.0,2.0,0.0,0.0,2.0,0.0,2.0,2.0,2.0,Junction,Exact,,90.0,,669.0,,,90
2004,April,Thursday,Day,Light,Front to side collision,0.0,0.0,5.0,0.0,2.0,3.0,0.0,5.0,2.0,2.0,Junction,Exact,,90.0,,9119.0,,,90
2004,August,Tuesday,Day,Light,Front to side collision,0.0,0.0,4.0,0.0,1.0,3.0,0.0,4.0,2.0,2.0,Junction,Exact,,90.0,,,,,90
2004,June,Wednesday,Day,Light,Front to side collision,0.0,0.0,1.0,0.0,0.0,1.0,0.0,1.0,2.0,2.0,Junction,Exact,,71.0,,90.0,,,90
2004,February,Tuesday,Day,Light,Front to side collision,0.0,0.0,5.0,0.0,0.0,5.0,0.0,5.0,2.0,2.0,Junction,Exact,,90.0,,8677.0,,,90
2004,May,Friday,Day,Light,Front end collision,0.0,0.0,3.0,0.0,0.0,3.0,0.0,3.0,2.0,2.0,Junction,Exact,,90.0,,6678.0,,,90
2004,October,Thursday,Day,Light,Front to side collision,0.0,0.0,2.0,0.0,1.0,1.0,0.0,2.0,2.0,2.0,Junction,Exact,,90.0,54.0,1123.0,,,90
2004,June,Saturday,Day,Light,Front to side collision,0.0,0.0,5.0,0.0,1.0,2.0,2.0,5.0,2.0,2.0,Junction,Exact,,71.0,,90.0,,,90
2004,November,Saturday,Day,Light,Front to side collision,0.0,0.0,1.0,0.0,0.0,1.0,0.0,1.0,3.0,3.0,Junction,Exact,,90.0,,9119.0,,,90
2004,August,Tuesday,Day,Light,Front to side collision,0.0,0.0,3.0,0.0,2.0,1.0,0.0,3.0,2.0,2.0,Junction,Exact,,71.0,,90.0,,,90
2004,April,Wednesday,Day,Light,Front to side collision,0.0,0.0,1.0,0.0,0.0,1.0,0.0,1.0,2.0,2.0,Junction,Exact,,90.0,,8677.0,,,90
2004,July,Friday,Day,Light,Front to rear collision,0.0,0.0,3.0,0.0,0.0,3.0,0.0,3.0,2.0,2.0,Junction,Exact,,90.0,,99.0,,,90
2004,February,Wednesday,Day,Light,Front to side collision,0.0,0.0,2.0,0.0,0.0,2.0,0.0,2.0,2.0,2.0,Junction,Exact,,90.0,,807.0,,,90
2004,March,Sunday,Day,Light,Front to side collision,0.0,0.0,1.0,0.0,0.0,1.0,0.0,1.0,2.0,2.0,Junction,Exact,,90.0,,9119.0,,,90
2004,September,Saturday,Day,Light,Front to side collision,0.0,0.0,6.0,0.0,1.0,5.0,0.0,6.0,3.0,3.0,Junction,Exact,,90.0,,9333.0,,,90
2004,November,Sunday,Day,Light,Pedestrian,0.0,0.0,1.0,1.0,1.0,0.0,0.0,1.0,2.0,2.0,Junction,Exact,,85.0,,90.0,,,90
2004,December,Sunday,Day,Light,Front to side collision,0.0,0.0,3.0,0.0,0.0,2.0,1.0,3.0,2.0,2.0,Junction,Exact,,90.0,,91.0,,,90
2004,July,Tuesday,Day,Severe,Front to side collision,0.0,1.0,4.0,0.0,0.0,5.0,0.0,5.0,2.0,2.0,Junction,Exact,,71.0,,90.0,,,90
2004,July,Tuesday,Day,Light,Front to rear collision,0.0,0.0,2.0,0.0,0.0,2.0,0.0,2.0,2.0,2.0,Junction,Exact,,90.0,,8677.0,,,90
2004,June,Tuesday,Day,Light,Front to side collision,0.0,0.0,2.0,0.0,0.0,2.0,0.0,2.0,2.0,2.0,Junction,Exact,,90.0,,92.0,,,90
2004,March,Monday,Day,Fatal,Front to side collision,1.0,0.0,0.0,0.0,0.0,1.0,0.0,1.0,2.0,2.0,Junction,Exact,,90.0,,8652.0,,,90
2004,August,Tuesday,Day,Light,Front to side collision,0.0,0.0,1.0,0.0,0.0,1.0,0.0,1.0,2.0,2.0,Junction,Exact,,90.0,,8676.0,,,90
2004,September,Sunday,Day,Light,Front to side collision,0.0,0.0,2.0,0.0,0.0,2.0,0.0,2.0,2.0,2.0,Junction,Exact,,90.0,,899.0,,,90
2004,October,Wednesday,Night,Severe,Pedestrian,0.0,1.0,0.0,1.0,0.0,1.0,0.0,1.0,1.0,1.0,Junction,Exact,,90.0,,,,,90
2004,March,Tuesday,Night,Light,Front to side collision,0.0,0.0,2.0,0.0,0.0,2.0,0.0,2.0,2.0,2.0,Junction,Exact,,90.0,,,,,90
2004,August,Saturday,Day,Light,Front to side collision,0.0,0.0,4.0,0.0,0.0,2.0,2.0,4.0,2.0,2.0,Junction,Exact,,71.0,,90.0,,,90
2004,September,Monday,Day,Light,Front to side collision,0.0,0.0,1.0,0.0,0.0,1.0,0.0,1.0,2.0,2.0,Junction,Exact,,90.0,,899.0,,,90
2004,October,Wednesday,Night,Light,Front to side collision,0.0,0.0,4.0,0.0,1.0,3.0,0.0,4.0,2.0,2.0,Junction,Exact,,90.0,,669.0,,,90
2004,August,Wednesday,Night,Light,Front to side collision,0.0,0.0,4.0,0.0,2.0,2.0,0.0,4.0,3.0,3.0,Junction,Exact,,90.0,,977.0,,,90
2004,August,Tuesday,Night,Light,Front to rear collision,0.0,0.0,6.0,0.0,3.0,3.0,0.0,6.0,2.0,2.0,Junction,Exact,,90.0,,91.0,,,90
2004,February,Thursday,Night,Light,Front to side collision,0.0,0.0,3.0,0.0,1.0,2.0,0.0,3.0,2.0,2.0,Junction,Exact,,90.0,,9977.0,,,90
2004,April,Monday,Night,Light,Front to side collision,0.0,0.0,5.0,0.0,1.0,4.0,0.0,5.0,2.0,2.0,Junction,Exact,,87.0,,90.0,,,90
2004,February,Thursday,Night,Light,Front to side collision,0.0,0.0,2.0,0.0,1.0,1.0,0.0,2.0,2.0,2.0,Junction,Exact,,90.0,,,,,90
2004,February,Friday,Night,Light,Front to side collision,0.0,0.0,1.0,0.0,0.0,1.0,0.0,1.0,2.0,2.0,Junction,Exact,,90.0,,977.0,,,90
2004,April,Monday,Night,Severe,Front end collision,0.0,1.0,2.0,0.0,0.0,3.0,0.0,3.0,2.0,2.0,Junction,Exact,,90.0,,92.0,,,90
2004,December,Saturday,Night,Light,Front to rear collision,0.0,0.0,1.0,0.0,0.0,1.0,0.0,1.0,2.0,2.0,Junction,Exact,,90.0,,91.0,,,90
2004,July,Thursday,Night,Light,Front end collision,0.0,0.0,5.0,0.0,4.0,1.0,0.0,5.0,2.0,2.0,Junction,Exact,,90.0,,,,,90
2004,July,Wednesday,Night,Light,Front to side collision,0.0,0.0,6.0,0.0,2.0,4.0,0.0,6.0,2.0,2.0,Junction,Exact,,90.0,,669.0,,,90
2004,August,Wednesday,Night,Light,Front to side collision,0.0,0.0,2.0,0.0,1.0,1.0,0.0,2.0,2.0,2.0,Not junction,Exact,,90.0,444.0,,,,90
2004,January,Friday,Night,Fatal,Roll over,1.0,0.0,0.0,0.0,0.0,1.0,0.0,1.0,1.0,1.0,Not junction,Exact,,90.0,143.1,,,,90
2004,June,Friday,Night,Severe,Drive off road or on paveway,0.0,1.0,0.0,0.0,0.0,1.0,0.0,1.0,1.0,1.0,Not junction,Exact,,90.0,389.1,,,,90
2004,November,Saturday,Night,Severe,Roll over,0.0,1.0,2.0,0.0,1.0,1.0,0.0,3.0,1.0,1.0,Not junction,Exact,,90.0,221.7,,,,90
2004,December,Saturday,Night,Severe,Roll over,0.0,1.0,0.0,0.0,0.0,0.0,1.0,1.0,1.0,1.0,Not junction,Centered,,90.0,212.0,,,,90
2004,December,Saturday,Night,Light,Roll over,0.0,0.0,2.0,0.0,1.0,1.0,0.0,2.0,1.0,1.0,Not junction,Exact,,90.0,407.1,,,,90
2004,January,Sunday,Night,Light,Roll over,0.0,0.0,2.0,0.0,0.0,2.0,0.0,2.0,1.0,1.0,Not junction,Exact,,90.0,405.0,,,,90
2004,August,Friday,Night,Severe,Hit an object,0.0,1.0,1.0,0.0,2.0,0.0,0.0,2.0,1.0,1.0,Not junction,Exact,,90.0,404.1,,,,90
2004,January,Friday,Night,Fatal,Front to side collision,2.0,0.0,0.0,0.0,0.0,2.0,0.0,2.0,3.0,3.0,Not junction,Exact,,90.0,45.0,,,,90
2004,October,Sunday,Night,Severe,Hit an object,0.0,1.0,1.0,0.0,0.0,2.0,0.0,2.0,1.0,1.0,Not junction,Exact,,90.0,467.1,,,,90
2004,December,Wednesday,Night,Severe,Slip,0.0,1.0,2.0,0.0,3.0,0.0,0.0,3.0,1.0,1.0,Not junction,Exact,,90.0,181.8,,,,90
2004,December,Tuesday,Night,Light,Roll over,0.0,0.0,1.0,0.0,0.0,1.0,0.0,1.0,2.0,2.0,Not junction,Exact,,90.0,342.1,,,,90
2004,February,Wednesday,Night,Light,Roll over,0.0,0.0,3.0,0.0,0.0,3.0,0.0,3.0,1.0,1.0,Not junction,Exact,,90.0,49.5,,,,90
2004,January,Thursday,Night,Severe,Front end collision,0.0,2.0,2.0,0.0,0.0,4.0,0.0,4.0,2.0,2.0,Not junction,Exact,,90.0,400.0,,,,90