year,month,day_of_week,day_night,accident_severity,accident_type,killed,severly_injured,lightly_injured,injured_pedestrians,casualties_ages_0-19,casualties_ages_20-64,casualties_ages_65_plus,total_casualties,vehicle_count,drivers,road_type,localization_quality,settlement,road1,location,road2,road3,road4,source_road
2004,April,Friday,Day,Severe,Front end collision,0.0,1.0,1.0,0.0,0.0,2.0,0.0,2.0,2.0,2.0,Not junction,Exact,,90.0,401.5,,,,90
2004,June,Monday,Day,Light,Hit an object,0.0,0.0,3.0,0.0,1.0,2.0,0.0,3.0,1.0,1.0,Not junction,Exact,,90.0,255.1,,,,90
2004,June,Monday,Day,Severe,Drive off road or on paveway,0.0,1.0,0.0,0.0,0.0,1.0,0.0,1.0,1.0,1.0,Not junction,Exact,,90.0,58.9,,,,90
2004,March,Friday,Day,Light,Roll over,0.0,0.0,4.0,0.0,0.0,4.0,0.0,4.0,1.0,1.0,Not junction,Exact,,90.0,407.9,,,,90
2004,February,Saturday,Night,Light,Roll over,0.0,0.0,1.0,0.0,0.0,1.0,0.0,1.0,1.0,1.0,Not junction,Exact,,90.0,97.9,,,,90
2004,January,Saturday,Night,Light,Hit an object,0.0,0.0,1.0,0.0,0.0,1.0,0.0,1.0,1.0,1.0,Not junction,Exact,,90.0,464.4,,,,90
2004,August,Tuesday,Day,Light,Roll over,0.0,0.0,1.0,0.0,1.0,0.0,0.0,1.0,1.0,1.0,Not junction,Exact,,90.0,421.8,,,,90
2004,May,Sunday,Day,Light,Roll over,0.0,0.0,2.0,0.0,0.0,2.0,0.0,2.0,2.0,2.0,Not junction,Exact,,90.0,42.9,,,,90
2004,September,Friday,Day,Severe,Front to rear collision,0.0,2.0,3.0,0.0,0.0,5.0,0.0,5.0,2.0,2.0,Not junction,Exact,,90.0,112.4,,,,90
2004,December,Friday,Day,Severe,Hit an object,0.0,1.0,0.0,0.0,0.0,1.0,0.0,1.0,1.0,1.0,Not junction,Exact,,90.0,404.3,,,,90
2004,September,Wednesday,Day,Severe,Side to side collision,0.0,3.0,8.0,0.0,5.0,5.0,1.0,11.0,3.0,3.0,Not junction,Exact,,90.0,176.5,,,,90
2004,April,Wednesday,Day,Light,Hit an object,0.0,0.0,6.0,0.0,4.0,2.0,0.0,6.0,1.0,1.0,Not junction,Centered,,90.0,8.0,,,,90
2004,January,Wednesday,Day,Light,Front end collision,0.0,0.0,1.0,0.0,0.0,1.0,0.0,1.0,2.0,2.0,Not junction,Exact,,90.0,340.9,,,,90
2004,January,Tuesday,Day,Light,Front to side collision,0.0,0.0,2.0,0.0,0.0,2.0,0.0,2.0,2.0,2.0,Not junction,Exact,,90.0,362.1,,,,90
2004,February,Tuesday,Day,Fatal,Roll over,2.0,0.0,7.0,0.0,6.0,3.0,0.0,9.0,1.0,1.0,Not junction,Exact,,90.0,129.0,,,,90
2004,January,Thursday,Day,Fatal,Other,1.0,1.0,4.0,0.0,0.0,6.0,0.0,6.0,2.0,2.0,Not junction,Exact,,90.0,329.0,,,,90
2004,February,Sunday,Day,Light,Front to side collision,0.0,0.0,4.0,0.0,1.0,3.0,0.0,4.0,2.0,2.0,Not junction,Exact,,90.0,337.2,,,,90
2004,November,Monday,Day,Light,Front to rear collision,0.0,0.0,2.0,0.0,0.0,2.0,0.0,2.0,2.0,2.0,Not junction,Exact,,90.0,442.2,,,,90
2004,March,Saturday,Day,Light,Roll over,0.0,0.0,3.0,0.0,1.0,2.0,0.0,3.0,1.0,1.0,Not junction,Exact,,90.0,345.1,,,,90
2004,January,Friday,Day,Severe,Front to side collision,0.0,2.0,0.0,0.0,0.0,2.0,0.0,2.0,2.0,2.0,Not junction,Exact,,90.0,313.8,,,,90
2004,November,Monday,Day,Light,Front to side collision,0.0,0.0,2.0,0.0,0.0,2.0,0.0,2.0,2.0,2.0,Not junction,Exact,,90.0,421.2,,,,90
2004,July,Wednesday,Day,Severe,Hit an object,0.0,1.0,0.0,0.0,0.0,1.0,0.0,1.0,1.0,1.0,Not junction,Exact,,90.0,454.5,,,,90
2004,September,Thursday,Day,Severe,Drive off road or on paveway,0.0,1.0,0.0,0.0,0.0,1.0,0.0,1.0,1.0,1.0,Not junction,Exact,,90.0,406.2,,,,90
2004,May,Tuesday,Day,Severe,Side to side collision,0.0,1.0,1.0,0.0,0.0,2.0,0.0,2.0,5.0,5.0,Not junction,Exact,,90.0,45.1,,,,90
2004,February,Sunday,Day,Light,Slip,0.0,0.0,1.0,0.0,0.0,1.0,0.0,1.0,2.0,2.0,Not junction,Exact,,90.0,361.3,,,,90
2004,February,Tuesday,Day,Severe,Front end collision,0.0,1.0,0.0,0.0,0.0,1.0,0.0,1.0,2.0,2.0,Not junction,Exact,,90.0,388.7,,,,90
2004,October,Friday,Day,Light,Slip,0.0,0.0,1.0,0.0,0.0,1.0,0.0,1.0,1.0,1.0,Not junction,Exact,,90.0,360.0,,,,90
2004,May,Wednesday,Day,Light,Front end collision,0.0,0.0,9.0,0.0,3.0,6.0,0.0,9.0,2.0,2.0,Not junction,Exact,,90.0,83.3,,,,90
2004,March,Saturday,Day,Light,Hit an object,0.0,0.0,2.0,0.0,2.0,0.0,0.0,2.0,1.0,1.0,Not junction,Exact,,90.0,450.6,,,,90
2004,September,Wednesday,Day,Light,Roll over,0.0,0.0,1.0,0.0,0.0,1.0,0.0,1.0,1.0,1.0,Not junction,Exact,,90.0,292.0,,,,90
2004,April,Friday,Day,Fatal,Front to side collision,1.0,0.0,4.0,0.0,1.0,4.0,0.0,5.0,2.0,2.0,Not junction,Exact,,90.0,318.1,,,,90
2004,October,Monday,Day,Light,Drive off road or on paveway,0.0,0.0,1.0,0.0,0.0,1.0,0.0,1.0,1.0,1.0,Not junction,Exact,,90.0,344.1,,,,90
2004,September,Wednesday,Day,Severe,Pedestrian,0.0,1.0,0.0,1.0,0.0,0.0,1.0,1.0,1.0,1.0,Not junction,Exact,,90.0,405.1,,,,90
2004,April,Tuesday,Day,Light,Front to rear collision,0.0,0.0,7.0,0.0,3.0,4.0,0.0,7.0,3.0,3.0,Not junction,Exact,,90.0,412.1,,,,90
2004,February,Thursday,Day,Light,Front to side collision,0.0,0.0,6.0,0.0,1.0,5.0,0.0,6.0,2.0,2.0,Not junction,Exact,,90.0,320.2,,,,90
2004,October,Friday,Day,Light,Front to side collision,0.0,0.0,2.0,0.0,0.0,1.0,1.0,2.0,2.0,2.0,Not junction,Exact,,90.0,389.9,,,,90
2004,October,Sunday,Day,Light,Drive off road or on paveway,0.0,0.0,2.0,0.0,0.0,2.0,0.0,2.0,1.0,1.0,Not junction,Exact,,90.0,329.0,,,,90
2004,January,Tuesday,Day,Light,Front to side collision,0.0,0.0,1.0,0.0,0.0,1.0,0.0,1.0,2.0,2.0,Not junction,Exact,,90.0,435.5,,,,90
2004,April,Thursday,Day,Fatal,Front to side collision,1.0,1.0,5.0,0.0,1.0,6.0,0.0,7.0,2.0,2.0,Not junction,Exact,,90.0,266.0,,,,90
2004,August,Thursday,Day,Light,Front to rear collision,0.0,0.0,5.0,0.0,2.0,3.0,0.0,5.0,2.0,2.0,Not junction,Centered,,90.0,31.0,,,,90
2004,September,Saturday,Day,Light,Roll over,0.0,0.0,2.0,0.0,0.0,2.0,0.0,2.0,1.0,1.0,Not junction,Exact,,90.0,94.5,,,,90
2004,January,Friday,Day,Light,Front to side collision,0.0,0.0,1.0,0.0,0.0,1.0,0.0,1.0,2.0,2.0,Not junction,Exact,,90.0,461.6,,,,90
2004,November,Tuesday,Day,Severe,Drive off road or on paveway,0.0,1.0,0.0,0.0,0.0,1.0,0.0,1.0,1.0,1.0,Not junction,Exact,,90.0,80.4,,,,90
2004,May,Saturday,Day,Severe,Roll over,0.0,1.0,0.0,0.0,0.0,1.0,0.0,1.0,1.0,1.0,Not junction,Centered,,90.0,140.0,,,,90
2004,September,Sunday,Day,Severe,Front end collision,0.0,1.0,4.0,0.0,2.0,3.0,0.0,5.0,2.0,2.0,Not junction,Exact,,90.0,417.3,,,,90
2004,November,Friday,Day,Light,Front to side collision,0.0,0.0,1.0,0.0,0.0,1.0,0.0,1.0,2.0,2.0,Not junction,Exact,,90.0,472.0,,,,90
2004,October,Friday,Day,Light,Hit a passenger within the vehicle,0.0,0.0,2.0,0.0,0.0,2.0,0.0,2.0,2.0,2.0,Not junction,Exact,,90.0,318.1,,,,90
2004,January,Tuesday,Day,Light,Front to rear collision,0.0,0.0,6.0,0.0,0.0,5.0,1.0,6.0,4.0,4.0,Not junction,Exact,,90.0,455.6,,,,90
2004,February,Sunday,Day,Fatal,Front end collision,1.0,2.0,2.0,0.0,0.0,5.0,0.0,5.0,3.0,3.0,Not junction,Exact,,90.0,390.6,,,,90
2004,March,Thursday,Day,Severe,Front to side collision,0.0,1.0,4.0,0.0,2.0,3.0,0.0,5.0,2.0,2.0,Not junction,Exact,,90.0,125.1,,,,90
2004,April,Saturday,Day,Light,Front end collision,0.0,0.0,5.0,0.0,2.0,3.0,0.0,5.0,2.0,2.0,Not junction,Exact,,90.0,281.1,,,,90
2004,May,Friday,Day,Severe,Drive off road or on paveway,0.0,1.0,4.0,0.0,2.0,2.0,1.0,5.0,1.0,1.0,Not junction,Exact,,90.0,408.1,,,,90
2004,January,Saturday,Day,Light,Drive off road or on paveway,0.0,0.0,2.0,0.0,0.0,0.0,2.0,2.0,1.0,1.0,Not junction,Exact,,90.0,413.8,,,,90
2004,October,Saturday,Day,Severe,Hit an object,0.0,1.0,0.0,0.0,0.0,1.0,0.0,1.0,1.0,1.0,Not junction,Exact,,90.0,431.9,,,,90
2004,November,Saturday,Day,Light,Front to side collision,0.0,0.0,2.0,0.0,0.0,2.0,0.0,2.0,2.0,2.0,Not junction,Exact,,90.0,449.9,,,,90
2004,March,Saturday,Day,Light,Roll over,0.0,0.0,3.0,0.0,0.0,3.0,0.0,3.0,1.0,1.0,Not junction,Exact,,90.0,320.0,,,,90
2004,April,Tuesday,Day,Light,Front end collision,0.0,0.0,4.0,0.0,0.0,4.0,0.0,4.0,2.0,2.0,Not junction,Exact,,90.0,207.0,,,,90
2004,March,Wednesday,Day,Light,Hit an object,0.0,0.0,1.0,0.0,0.0,0.0,1.0,1.0,1.0,1.0,Not junction,Exact,,90.0,318.2,,,,90
2004,October,Saturday,Day,Severe,Hit an object,0.0,1.0,1.0,0.0,0.0,2.0,0.0,2.0,1.0,1.0,Not junction,Exact,,90.0,153.1,,,,90
2004,June,Friday,Day,Light,Front end collision,0.0,0.0,2.0,0.0,0.0,2.0,0.0,2.0,2.0,2.0,Not junction,Exact,,90.0,416.9,,,,90
2004,October,Wednesday,Day,Severe,Front end collision,0.0,2.0,3.0,0.0,2.0,3.0,0.0,5.0,2.0,2.0,Not junction,Exact,,90.0,324.5,,,,90
2004,August,Sunday,Day,Light,Drive off road or on paveway,0.0,0.0,4.0,0.0,2.0,2.0,0.0,4.0,1.0,1.0,Not junction,Exact,,90.0,383.8,,,,90
2004,March,Saturday,Day,Severe,Roll over,0.0,2.0,0.0,0.0,0.0,2.0,0.0,2.0,1.0,1.0,Not junction,Exact,,90.0,332.9,,,,90
2004,June,Sunday,Day,Light,Front to side collision,0.0,0.0,6.0,0.0,2.0,4.0,0.0,6.0,2.0,2.0,Not junction,Exact,,90.0,411.2,,,,90
2004,December,Monday,Day,Light,Front end collision,0.0,0.0,2.0,0.0,0.0,2.0,0.0,2.0,2.0,2.0,Not junction,Exact,,90.0,409.5,,,,90
2004,April,Saturday,Day,Fatal,Front end collision,1.0,2.0,3.0,0.0,0.0,6.0,0.0,6.0,2.0,2.0,Not junction,Exact,,90.0,368.3,,,,90
2004,January,Friday,Day,Light,Hit an object,0.0,0.0,4.0,0.0,1.0,2.0,1.0,4.0,1.0,1.0,Not junction,Exact,,90.0,287.1,,,,90
2004,February,Wednesday,Day,Light,Roll over,0.0,0.0,8.0,0.0,7.0,1.0,0.0,8.0,1.0,1.0,Not junction,Centered,,90.0,29.0,,,,90
2004,October,Sunday,Day,Severe,Roll over,0.0,1.0,0.0,0.0,0.0,1.0,0.0,1.0,1.0,1.0,Not junction,Centered,,90.0,240.0,,,,90
2004,February,Sunday,Day,Severe,Front end collision,0.0,5.0,1.0,0.0,0.0,6.0,0.0,6.0,2.0,2.0,Not junction,Exact,,90.0,416.6,,,,90
2004,January,Thursday,Day,Fatal,Front to side collision,1.0,2.0,4.0,0.0,1.0,6.0,0.0,7.0,2.0,2.0,Not junction,Exact,,90.0,287.1,,,,90
2004,August,Saturday,Day,Light,Drive off road or on paveway,0.0,0.0,5.0,0.0,0.0,5.0,0.0,5.0,1.0,1.0,Not junction,Centered,,90.0,316.0,,,,90
2004,August,Wednesday,Day,Light,Front to side collision,0.0,0.0,1.0,0.0,0.0,1.0,0.0,1.0,2.0,2.0,Not junction,Exact,,90.0,416.0,,,,90
2004,January,Thursday,Night,Light,Side to side collision,0.0,0.0,1.0,0.0,0.0,1.0,0.0,1.0,2.0,2.0,Not junction,Exact,,90.0,29.8,,,,90
2004,April,Saturday,Day,Light,Front to side collision,0.0,0.0,3.0,0.0,1.0,2.0,0.0,3.0,2.0,2.0,Not junction,Exact,,90.0,445.9,,,,90
2004,August,Friday,Day,Light,Front to side collision,0.0,0.0,4.0,0.0,2.0,2.0,0.0,4.0,2.0,2.0,Not junction,Exact,,90.0,382.2,,,,90
2004,August,Saturday,Day,Light,Drive off road or on paveway,0.0,0.0,4.0,0.0,1.0,3.0,0.0,4.0,1.0,1.0,Not junction,Exact,,90.0,31.8,,,,90
2004,May,Monday,Day,Severe,Front end collision,0.0,2.0,2.0,0.0,1.0,3.0,0.0,4.0,2.0,2.0,Not junction,Exact,,90.0,345.0,,,,90
2004,September,Friday,Day,Light,Front to rear collision,0.0,0.0,3.0,0.0,0.0,3.0,0.0,3.0,2.0,2.0,Not junction,Exact,,90.0,441.0,,,,90
2004,November,Thursday,Night,Fatal,Front to rear collision,1.0,0.0,0.0,0.0,0.0,1.0,0.0,1.0,2.0,2.0,Not junction,Exact,,90.0,331.0,,,,90
2004,January,Saturday,Night,Light,Front to side collision,0.0,0.0,3.0,0.0,1.0,2.0,0.0,3.0,2.0,2.0,Not junction,Exact,,90.0,437.0,,,,90
2004,July,Sunday,Day,Light,Front to side collision,0.0,0.0,1.0,0.0,0.0,1.0,0.0,1.0,2.0,2.0,Not junction,Exact,,90.0,244.5,,,,90
2004,October,Saturday,Night,Light,Front to side collision,0.0,0.0,7.0,0.0,3.0,4.0,0.0,7.0,2.0,2.0,Not junction,Exact,,90.0,153.1,,,,90
2004,January,Sunday,Night,Fatal,Front end collision,1.0,1.0,8.0,0.0,6.0,2.0,2.0,10.0,2.0,2.0,Not junction,Exact,,90.0,362.1,,,,90
2004,February,Sunday,Night,Light,Roll over,0.0,0.0,1.0,0.0,1.0,0.0,0.0,1.0,1.0,1.0,Not junction,Exact,,90.0,411.9,,,,90
2004,October,Thursday,Night,Light,Roll over,0.0,0.0,1.0,0.0,0.0,1.0,0.0,1.0,2.0,2.0,Not junction,Exact,,90.0,67.1,,,,90
2004,September,Saturday,Night,Light,Side to side collision,0.0,0.0,1.0,0.0,0.0,1.0,0.0,1.0,2.0,2.0,Not junction,Exact,,90.0,35.5,,,,90
2004,April,Tuesday,Night,Light,Hit an object,0.0,0.0,1.0,0.0,0.0,1.0,0.0,1.0,1.0,1.0,Not junction,Exact,,90.0,435.2,,,,90
2004,June,Friday,Night,Fatal,Front end collision,1.0,0.0,0.0,0.0,0.0,1.0,0.0,1.0,2.0,2.0,Not junction,Exact,,90.0,30.6,,,,90
2004,April,Sunday,Night,Severe,Hit an object,0.0,1.0,0.0,0.0,0.0,1.0,0.0,1.0,1.0,1.0,Not junction,Exact,,90.0,383.4,,,,90
2004,August,Thursday,Night,Light,Front to side collision,0.0,0.0,4.0,0.0,0.0,4.0,0.0,4.0,2.0,2.0,Not junction,Exact,,90.0,211.1,,,,90
2004,January,Monday,Night,Light,Pedestrian,0.0,0.0,2.0,2.0,0.0,0.0,2.0,2.0,1.0,1.0,Not junction,Exact,,90.0,212.1,,,,90
2004,August,Monday,Night,Severe,Front end collision,0.0,1.0,5.0,0.0,0.0,6.0,0.0,6.0,3.0,3.0,Not junction,Exact,,90.0,409.5,,,,90
2004,August,Saturday,Night,Light,Front to side collision,0.0,0.0,3.0,0.0,2.0,1.0,0.0,3.0,2.0,2.0,Not junction,Exact,,90.0,385.9,,,,90
2004,June,Wednesday,Night,Light,Front to side collision,0.0,0.0,4.0,0.0,1.0,3.0,0.0,4.0,2.0,2.0,Not junction,Exact,,90.0,453.2,,,,90
2004,July,Thursday,Night,Light,Front to side collision,0.0,0.0,5.0,0.0,2.0,3.0,0.0,5.0,2.0,2.0,Not junction,Exact,,90.0,368.8,,,,90
2004,June,Monday,Night,Severe,Front to rear collision,0.0,1.0,0.0,0.0,1.0,0.0,0.0,1.0,2.0,2.0,Not junction,Exact,,90.0,451.9,,,,90
2004,November,Tuesday,Night,Light,Roll over,0.0,0.0,3.0,0.0,3.0,0.0,0.0,3.0,1.0,1.0,Not junction,Exact,,90.0,224.5,,,,90
2004,July,Friday,Night,Fatal,Roll over,1.0,0.0,2.0,0.0,2.0,1.0,0.0,3.0,1.0,1.0,Not junction,Exact,,90.0,28.0,,,,90
2004,August,Tuesday,Night,Fatal,Front end collision,1.0,0.0,0.0,0.0,0.0,1.0,0.0,1.0,2.0,2.0,Not junction,Exact,,90.0,163.4,,,,90
2005,April,Tuesday,Night,Severe,Front to side collision,0.0,1.0,0.0,0.0,0.0,1.0,0.0,1.0,2.0,2.0,Junction,Exact,,90.0,,8676.0,,,90
2005,April,Sunday,Night,Light,Front to side collision,0.0,0.0,1.0,0.0,0.0,1.0,0.0,1.0,2.0,2.0,Junction,Exact,,90.0,,8676.0,,,90
2005,November,Thursday,Night,Light,Front to rear collision,0.0,0.0,7.0,0.0,0.0,7.0,0.0,7.0,3.0,3.0,Junction,Exact,,90.0,,92.0,,,90
2005,May,Sunday,Day,Severe,Front to side collision,0.0,1.0,0.0,0.0,0.0,0.0,1.0,1.0,2.0,2.0,Junction,Exact,,90.0,,7676.0,,,90
2005,July,Sunday,Day,Light,Front to rear collision,0.0,0.0,10.0,0.0,4.0,6.0,0.0,10.0,2.0,2.0,Junction,Exact,,90.0,,91.0,,,90
2005,June,Monday,Day,Light,Front to side collision,0.0,0.0,2.0,0.0,0.0,2.0,0.0,2.0,2.0,2.0,Junction,Exact,,90.0,,8651.0,,,90
2005,May,Wednesday,Day,Light,Front to side collision,0.0,0.0,2.0,0.0,0.0,2.0,0.0,2.0,2.0,2.0,Junction,Exact,,90.0,,,,,90
2005,April,Friday,Day,Light,Front to side collision,0.0,0.0,1.0,0.0,0.0,1.0,0.0,1.0,2.0,2.0,Junction,Exact,,90.0,,807.0,,,90
2005,September,Thursday,Day,Fatal,Pedestrian,1.0,0.0,0.0,1.0,0.0,1.0,0.0,1.0,1.0,1.0,Junction,Exact,,90.0,,,,,90
2005,May,Friday,Day,Severe,Pedestrian,0.0,1.0,1.0,2.0,0.0,2.0,0.0,2.0,1.0,1.0,Junction,Exact,,90.0,,807.0,,,90
2005,August,Thursday,Day,Light,Front to side collision,0.0,0.0,4.0,0.0,0.0,2.0,2.0,4.0,2.0,2.0,Junction,Exact,,90.0,,9119.0,,,90
2005,June,Thursday,Day,Light,Front to side collision,0.0,0.0,3.0,0.0,2.0,1.0,0.0,3.0,2.0,2.0,Junction,Exact,,90.0,,767.0,,,90
2005,April,Tuesday,Day,Light,Front to side collision,0.0,0.0,2.0,0.0,0.0,2.0,0.0,2.0,2.0,2.0,Junction,Exact,,90.0,,8652.0,,,90
2005,May,Thursday,Day,Severe,Hit an object,0.0,1.0,3.0,0.0,2.0,0.0,2.0,4.0,1.0,1.0,Junction,Exact,,90.0,,,,,90
2005,March,Thursday,Day,Light,Side to side collision,0.0,0.0,1.0,0.0,0.0,1.0,0.0,1.0,2.0,2.0,Junction,Exact,,90.0,,,,,90
2005,March,Wednesday,Day,Light,Front to side collision,0.0,0.0,2.0,0.0,0.0,2.0,0.0,2.0,2.0,2.0,Junction,Exact,,71.0,,90.0,,,90
2005,October,Saturday,Day,Fatal,Front to side collision,1.0,1.0,0.0,0.0,0.0,2.0,0.0,2.0,2.0,2.0,Junction,Exact,,90.0,,8651.0,,,90
2005,August,Tuesday,Day,Light,Front to rear collision,0.0,0.0,4.0,0.0,2.0,2.0,0.0,4.0,3.0,3.0,Junction,Exact,,90.0,,,,,90
2005,August,Saturday,Day,Light,Front to side collision,0.0,0.0,2.0,0.0,0.0,1.0,1.0,2.0,2.0,2.0,Junction,Exact,,87.0,,90.0,,,90
2005,April,Tuesday,Day,Light,Front to side collision,0.0,0.0,5.0,0.0,0.0,5.0,0.0,5.0,2.0,2.0,Junction,Exact,,90.0,,899.0,,,90
2005,October,Saturday,Day,Light,Front to side collision,0.0,0.0,3.0,0.0,0.0,3.0,0.0,3.0,2.0,2.0,Junction,Exact,,90.0,,,,,90
2005,February,Monday,Day,Light,Front to side collision,0.0,0.0,2.0,0.0,0.0,1.0,1.0,2.0,2.0,2.0,Junction,Exact,,90.0,,9974.0,,,90
2005,February,Monday,Day,Light,Front to side collision,0.0,0.0,3.0,0.0,1.0,2.0,0.0,3.0,2.0,2.0,Junction,Exact,,71.0,,90.0,,,90
2005,July,Sunday,Day,Light,Front to side collision,0.0,0.0,4.0,0.0,0.0,3.0,1.0,4.0,2.0,2.0,Junction,Exact,,90.0,,807.0,,,90
2005,November,Wednesday,Day,Light,Front to side collision,0.0,0.0,5.0,0.0,3.0,2.0,0.0,5.0,2.0,2.0,Junction,Exact,,71.0,,90.0,,,90
2005,August,Saturday,Day,Light,Front to side collision,0.0,0.0,8.0,0.0,2.0,6.0,0.0,8.0,2.0,2.0,Junction,Exact,,90.0,,977.0,,,90
2005,November,Sunday,Night,Light,Front to rear collision,0.0,0.0,7.0,0.0,2.0,5.0,0.0,7.0,3.0,3.0,Junction,Exact,,90.0,,92.0,,,90
2005,November,Sunday,Night,Light,Front to side collision,0.0,0.0,4.0,0.0,0.0,4.0,0.0,4.0,2.0,2.0,Junction,Exact,,90.0,,8677.0,,,90
2005,August,Saturday,Day,Light,Front to rear collision,0.0,0.0,5.0,0.0,3.0,2.0,0.0,5.0,2.0,2.0,Junction,Exact,,90.0,,977.0,,,90
2005,September,Sunday,Day,Light,Front to side collision,0.0,0.0,2.0,0.0,0.0,1.0,1.0,2.0,2.0,2.0,Junction,Exact,,90.0,,99.0,,,90
2005,July,Thursday,Day,Light,Front to side collision,0.0,0.0,4.0,0.0,0.0,4.0,0.0,4.0,3.0,3.0,Junction,Exact,,90.0,,8677.0,,,90
2005,March,Thursday,Night,Light,Front to side collision,0.0,0.0,1.0,0.0,0.0,1.0,0.0,1.0,2.0,2.0,Junction,Exact,,89.0,,90.0,,,90
2005,July,Sunday,Day,Light,Front to rear collision,0.0,0.0,1.0,0.0,0.0,1.0,0.0,1.0,2.0,2.0,Junction,Exact,,85.0,,90.0,,,90
2005,June,Monday,Day,Light,Front to side collision,0.0,0.0,3.0,0.0,1.0,2.0,0.0,3.0,2.0,2.0,Junction,Exact,,90.0,,8652.0,,,90
2005,December,Thursday,Night,Light,Drive off road or on paveway,0.0,0.0,6.0,0.0,1.0,5.0,0.0,6.0,2.0,2.0,Junction,Exact,,90.0,,717.0,,,90
2005,September,Monday,Day,Light,Front to side collision,0.0,0.0,3.0,0.0,0.0,3.0,0.0,3.0,3.0,3.0,Junction,Exact,,90.0,,,,,90
2005,June,Monday,Day,Light,Front to side collision,0.0,0.0,6.0,0.0,2.0,4.0,0.0,6.0,2.0,2.0,Junction,Exact,,90.0,,8677.0,,,90
2005,December,Tuesday,Night,Light,Front to side collision,0.0,0.0,3.0,0.0,0.0,3.0,0.0,3.0,2.0,2.0,Junction,Exact,,90.0,,807.0,,,90
2005,July,Thursday,Night,Light,Front to side collision,0.0,0.0,5.0,0.0,0.0,4.0,1.0,5.0,2.0,2.0,Junction,Exact,,87.0,,90.0,,,90
2005,April,Wednesday,Night,Light,Front to side collision,0.0,0.0,7.0,0.0,2.0,5.0,0.0,7.0,2.0,2.0,Junction,Exact,,90.0,,9119.0,,,90
2005,June,Saturday,Night,Light,Front to side collision,0.0,0.0,7.0,0.0,3.0,4.0,0.0,7.0,2.0,2.0,Junction,Exact,,90.0,,977.0,,,90
2005,December,Sunday,Night,Light,Front to side collision,0.0,0.0,4.0,0.0,2.0,2.0,0.0,4.0,2.0,2.0,Junction,Exact,,90.0,,,,,90
2005,October,Monday,Night,Severe,Front end collision,0.0,1.0,4.0,0.0,4.0,1.0,0.0,5.0,4.0,4.0,Not junction,Exact,,90.0,400.1,,,,90
2005,December,Saturday,Night,Light,Roll over,0.0,0.0,5.0,0.0,0.0,5.0,0.0,5.0,1.0,1.0,Not junction,Exact,,90.0,363.1,,,,90
2005,April,Wednesday,Night,Light,Front end collision,0.0,0.0,2.0,0.0,0.0,2.0,0.0,2.0,2.0,2.0,Not junction,Exact,,90.0,379.5,,,,90
2005,January,Friday,Night,Light,Drive off road or on paveway,0.0,0.0,1.0,0.0,0.0,1.0,0.0,1.0,1.0,1.0,Not junction,Exact,,90.0,448.2,,,,90
2005,February,Saturday,Night,Fatal,Roll over,1.0,0.0,0.0,0.0,0.0,1.0,0.0,1.0,1.0,1.0,Not junction,Exact,,90.0,164.0,,,,90
2005,November,Friday,Night,Light,Pedestrian,0.0,0.0,1.0,1.0,0.0,0.0,0.0,1.0,1.0,1.0,Not junction,Exact,,90.0,210.1,,,,90
2005,June,Sunday,Night,Severe,Roll over,0.0,1.0,3.0,0.0,1.0,3.0,0.0,4.0,1.0,1.0,Not junction,Exact,,90.0,77.1,,,,90
2005,February,Saturday,Night,Light,Front to side collision,0.0,0.0,5.0,0.0,0.0,5.0,0.0,5.0,2.0,2.0,Not junction,Exact,,90.0,469.0,,,,90
2005,September,Friday,Night,Light,Roll over,0.0,0.0,3.0,0.0,0.0,3.0,0.0,3.0,1.0,1.0,Not junction,Exact,,90.0,298.1,,,,90
2005,June,Sunday,Night,Light,Hit an object,0.0,0.0,4.0,0.0,3.0,1.0,0.0,4.0,1.0,1.0,Not junction,Exact,,90.0,406.2,,,,90
2005,April,Monday,Night,Fatal,Front end collision,1.0,0.0,1.0,0.0,0.0,2.0,0.0,2.0,2.0,2.0,Not junction,Exact,,90.0,103.7,,,,90
2005,March,Friday,Night,Fatal,Front to rear collision,1.0,1.0,0.0,0.0,0.0,2.0,0.0,2.0,3.0,3.0,Not junction,Exact,,90.0,437.0,,,,90
2005,October,Saturday,Night,Severe,Side to side collision,0.0,1.0,7.0,0.0,0.0,8.0,0.0,8.0,3.0,3.0,Not junction,Exact,,90.0,411.2,,,,90
2005,July,Tuesday,Night,Light,Drive off road or on paveway,0.0,0.0,5.0,0.0,3.0,2.0,0.0,5.0,1.0,1.0,Not junction,Exact,,90.0,441.5,,,,90
2005,September,Saturday,Night,Fatal,Drive off road or on paveway,1.0,1.0,0.0,0.0,2.0,0.0,0.0,2.0,1.0,1.0,Not junction,Exact,,90.0,382.0,,,,90
2005,February,Saturday,Night,Light,Front to side collision,0.0,0.0,4.0,0.0,0.0,4.0,0.0,4.0,2.0,2.0,Not junction,Exact,,90.0,453.3,,,,90
2005,November,Saturday,Night,Light,Hit an object,0.0,0.0,2.0,0.0,2.0,0.0,0.0,2.0,1.0,1.0,Not junction,Exact,,90.0,398.5,,,,90