year,month,day_of_week,day_night,accident_severity,accident_type,killed,severly_injured,lightly_injured,injured_pedestrians,casualties_ages_0-19,casualties_ages_20-64,casualties_ages_65_plus,total_casualties,vehicle_count,drivers,road_type,localization_quality,settlement,road1,location,road2,road3,road4,source_road
2005,January,Saturday,Night,Light,Drive off road or on paveway,0.0,0.0,2.0,0.0,0.0,2.0,0.0,2.0,1.0,1.0,Not junction,Exact,,90.0,475.5,,,,90
2005,October,Wednesday,Day,Fatal,Front end collision,1.0,2.0,2.0,0.0,0.0,5.0,0.0,5.0,2.0,2.0,Not junction,Exact,,90.0,444.9,,,,90
2005,July,Sunday,Day,Severe,Front end collision,0.0,8.0,1.0,0.0,6.0,3.0,0.0,9.0,2.0,2.0,Not junction,Exact,,90.0,280.0,,,,90
2005,February,Saturday,Night,Fatal,Drive off road or on paveway,1.0,0.0,1.0,0.0,0.0,2.0,0.0,2.0,1.0,1.0,Not junction,Exact,,90.0,393.8,,,,90
2005,August,Sunday,Day,Severe,Side to side collision,0.0,1.0,0.0,0.0,0.0,1.0,0.0,1.0,2.0,2.0,Not junction,Exact,,90.0,422.3,,,,90
2005,February,Sunday,Day,Light,Side to side collision,0.0,0.0,3.0,0.0,0.0,3.0,0.0,3.0,2.0,2.0,Not junction,Exact,,90.0,388.9,,,,90
2005,August,Tuesday,Day,Light,Roll over,0.0,0.0,2.0,0.0,0.0,2.0,0.0,2.0,1.0,1.0,Not junction,Exact,,90.0,76.8,,,,90
2005,January,Friday,Day,Fatal,Front end collision,2.0,0.0,0.0,0.0,0.0,2.0,0.0,2.0,2.0,2.0,Not junction,Exact,,90.0,149.5,,,,90
2005,September,Wednesday,Day,Severe,Side to side collision,0.0,1.0,3.0,0.0,1.0,3.0,0.0,4.0,2.0,2.0,Not junction,Exact,,90.0,318.5,,,,90
2005,August,Thursday,Day,Light,Front to side collision,0.0,0.0,2.0,0.0,1.0,1.0,0.0,2.0,2.0,2.0,Not junction,Exact,,90.0,475.7,,,,90
2005,April,Wednesday,Day,Light,Front to rear collision,0.0,0.0,4.0,0.0,0.0,4.0,0.0,4.0,5.0,5.0,Not junction,Exact,,90.0,444.8,,,,90
2005,October,Saturday,Day,Light,Front end collision,0.0,0.0,6.0,0.0,0.0,6.0,0.0,6.0,2.0,2.0,Not junction,Exact,,90.0,341.0,,,,90
2005,January,Tuesday,Day,Light,Front to side collision,0.0,0.0,1.0,0.0,1.0,0.0,0.0,1.0,2.0,2.0,Not junction,Exact,,90.0,405.1,,,,90
2005,October,Sunday,Day,Light,Front to rear collision,0.0,0.0,4.0,0.0,3.0,1.0,0.0,4.0,2.0,2.0,Not junction,Exact,,90.0,450.1,,,,90
2005,April,Tuesday,Day,Severe,Front to side collision,0.0,1.0,4.0,0.0,0.0,5.0,0.0,5.0,2.0,2.0,Not junction,Exact,,90.0,452.7,,,,90
2005,April,Saturday,Day,Light,Front to side collision,0.0,0.0,3.0,0.0,2.0,0.0,1.0,3.0,2.0,2.0,Not junction,Exact,,90.0,469.0,,,,90
2005,March,Thursday,Day,Light,Front to side collision,0.0,0.0,1.0,0.0,0.0,0.0,1.0,1.0,2.0,2.0,Not junction,Exact,,90.0,417.2,,,,90
2005,September,Tuesday,Day,Light,Front to side collision,0.0,0.0,1.0,0.0,0.0,1.0,0.0,1.0,2.0,2.0,Not junction,Exact,,90.0,340.9,,,,90
2005,May,Friday,Day,Light,Front to side collision,0.0,0.0,3.0,0.0,0.0,3.0,0.0,3.0,2.0,2.0,Not junction,Exact,,90.0,401.0,,,,90
2005,June,Tuesday,Day,Light,Front to rear collision,0.0,0.0,4.0,0.0,0.0,2.0,2.0,4.0,3.0,3.0,Not junction,Exact,,90.0,461.1,,,,90
2005,February,Wednesday,Day,Light,Drive off road or on paveway,0.0,0.0,1.0,0.0,0.0,1.0,0.0,1.0,1.0,1.0,Not junction,Exact,,90.0,454.8,,,,90
2005,March,Sunday,Day,Light,Front to side collision,0.0,0.0,1.0,0.0,0.0,1.0,0.0,1.0,2.0,2.0,Not junction,Exact,,90.0,453.1,,,,90
2005,June,Saturday,Day,Severe,Front to side collision,0.0,6.0,2.0,0.0,3.0,5.0,0.0,8.0,2.0,2.0,Not junction,Exact,,90.0,340.9,,,,90
2005,July,Wednesday,Day,Light,Front to side collision,0.0,0.0,2.0,0.0,0.0,2.0,0.0,2.0,2.0,2.0,Not junction,Exact,,90.0,280.1,,,,90
2005,April,Friday,Day,Severe,Roll over,0.0,2.0,3.0,0.0,3.0,2.0,0.0,5.0,1.0,1.0,Not junction,Exact,,90.0,270.0,,,,90
2005,July,Saturday,Day,Light,Front end collision,0.0,0.0,2.0,0.0,0.0,2.0,0.0,2.0,2.0,2.0,Not junction,Exact,,90.0,404.0,,,,90
2005,July,Wednesday,Day,Light,Roll over,0.0,0.0,2.0,0.0,2.0,0.0,0.0,2.0,1.0,1.0,Not junction,Exact,,90.0,340.8,,,,90
2005,September,Wednesday,Day,Light,Roll over,0.0,0.0,1.0,0.0,0.0,1.0,0.0,1.0,1.0,1.0,Not junction,Exact,,90.0,36.9,,,,90
2005,October,Wednesday,Day,Severe,Pedestrian,0.0,1.0,0.0,1.0,1.0,0.0,0.0,1.0,2.0,2.0,Not junction,Exact,,90.0,311.8,,,,90
2005,April,Monday,Day,Light,Front to side collision,0.0,0.0,3.0,0.0,0.0,3.0,0.0,3.0,2.0,2.0,Not junction,Exact,,90.0,440.0,,,,90
2005,January,Monday,Day,Light,Roll over,0.0,0.0,2.0,0.0,0.0,2.0,0.0,2.0,1.0,1.0,Not junction,Exact,,90.0,222.5,,,,90
2005,June,Sunday,Day,Fatal,Front to rear collision,1.0,5.0,11.0,0.0,7.0,10.0,0.0,17.0,8.0,8.0,Not junction,Exact,,90.0,16.3,,,,90
2005,April,Sunday,Day,Light,Front to side collision,0.0,0.0,1.0,0.0,0.0,1.0,0.0,1.0,2.0,2.0,Not junction,Exact,,90.0,210.1,,,,90
2005,May,Tuesday,Day,Light,Drive off road or on paveway,0.0,0.0,1.0,0.0,0.0,1.0,0.0,1.0,1.0,1.0,Not junction,Exact,,90.0,474.0,,,,90
2005,March,Thursday,Day,Light,Front to side collision,0.0,0.0,2.0,0.0,1.0,1.0,0.0,2.0,2.0,2.0,Not junction,Exact,,90.0,405.0,,,,90
2005,December,Friday,Day,Light,Front to side collision,0.0,0.0,2.0,0.0,0.0,2.0,0.0,2.0,2.0,2.0,Not junction,Exact,,90.0,352.0,,,,90
2005,September,Saturday,Day,Severe,Roll over,0.0,1.0,1.0,0.0,1.0,1.0,0.0,2.0,1.0,1.0,Not junction,Exact,,90.0,106.5,,,,90
2005,August,Thursday,Day,Light,Front to side collision,0.0,0.0,2.0,0.0,0.0,2.0,0.0,2.0,2.0,2.0,Not junction,Exact,,90.0,417.6,,,,90
2005,August,Thursday,Day,Light,Front to rear collision,0.0,0.0,7.0,0.0,4.0,3.0,0.0,7.0,2.0,2.0,Not junction,Exact,,90.0,445.0,,,,90
2005,August,Sunday,Day,Light,Roll over,0.0,0.0,1.0,0.0,0.0,1.0,0.0,1.0,1.0,1.0,Not junction,Exact,,90.0,41.9,,,,90
2005,December,Friday,Day,Light,Front to side collision,0.0,0.0,7.0,0.0,3.0,2.0,2.0,7.0,2.0,2.0,Not junction,Exact,,90.0,406.1,,,,90
2005,August,Thursday,Day,Light,Roll over,0.0,0.0,1.0,0.0,0.0,1.0,0.0,1.0,1.0,1.0,Not junction,Exact,,90.0,285.0,,,,90
2005,July,Friday,Day,Light,Front to side collision,0.0,0.0,7.0,0.0,4.0,3.0,0.0,7.0,2.0,2.0,Not junction,Exact,,90.0,410.2,,,,90
2005,December,Friday,Day,Severe,Side to side collision,0.0,1.0,10.0,0.0,6.0,5.0,0.0,11.0,2.0,2.0,Not junction,Exact,,90.0,267.1,,,,90
2005,July,Thursday,Day,Severe,Roll over,0.0,2.0,4.0,0.0,4.0,2.0,0.0,6.0,1.0,1.0,Not junction,Exact,,90.0,152.1,,,,90
2005,July,Monday,Day,Light,Roll over,0.0,0.0,1.0,0.0,0.0,1.0,0.0,1.0,1.0,1.0,Not junction,Exact,,90.0,124.5,,,,90
2005,August,Saturday,Day,Light,Roll over,0.0,0.0,1.0,0.0,0.0,0.0,1.0,1.0,1.0,1.0,Not junction,Exact,,90.0,320.6,,,,90
2005,December,Thursday,Day,Severe,Side to side collision,0.0,2.0,10.0,0.0,0.0,12.0,0.0,12.0,2.0,2.0,Not junction,Exact,,90.0,34.9,,,,90
2005,January,Monday,Day,Light,Roll over,0.0,0.0,2.0,0.0,0.0,2.0,0.0,2.0,1.0,1.0,Not junction,Exact,,90.0,340.8,,,,90
2005,April,Wednesday,Day,Severe,Front end collision,0.0,2.0,1.0,0.0,0.0,2.0,1.0,3.0,2.0,2.0,Not junction,Exact,,90.0,417.9,,,,90
2005,January,Sunday,Day,Light,Roll over,0.0,0.0,4.0,0.0,0.0,4.0,0.0,4.0,1.0,1.0,Not junction,Exact,,90.0,171.1,,,,90
2005,March,Thursday,Day,Light,Front to side collision,0.0,0.0,1.0,0.0,0.0,1.0,0.0,1.0,2.0,2.0,Not junction,Exact,,90.0,445.8,,,,90
2005,April,Tuesday,Day,Light,Drive off road or on paveway,0.0,0.0,1.0,0.0,0.0,1.0,0.0,1.0,1.0,1.0,Not junction,Exact,,90.0,31.6,,,,90
2005,April,Friday,Day,Light,Front to side collision,0.0,0.0,1.0,0.0,0.0,1.0,0.0,1.0,2.0,2.0,Not junction,Exact,,90.0,448.1,,,,90
2005,January,Thursday,Day,Light,Front to side collision,0.0,0.0,12.0,0.0,8.0,4.0,0.0,12.0,2.0,2.0,Not junction,Exact,,90.0,49.5,,,,90
2005,April,Thursday,Day,Light,Side to side collision,0.0,0.0,3.0,0.0,2.0,1.0,0.0,3.0,2.0,2.0,Not junction,Exact,,90.0,340.9,,,,90
2005,June,Tuesday,Day,Severe,Front to rear collision,0.0,1.0,3.0,0.0,0.0,4.0,0.0,4.0,2.0,2.0,Not junction,Exact,,90.0,305.3,,,,90
2005,April,Saturday,Day,Severe,Front to side collision,0.0,1.0,4.0,0.0,3.0,1.0,1.0,5.0,2.0,2.0,Not junction,Exact,,90.0,411.5,,,,90
2005,August,Friday,Day,Fatal,Side to side collision,2.0,1.0,1.0,0.0,0.0,4.0,0.0,4.0,2.0,2.0,Not junction,Exact,,90.0,143.1,,,,90
2005,August,Sunday,Day,Light,Front to rear collision,0.0,0.0,6.0,0.0,2.0,4.0,0.0,6.0,2.0,2.0,Not junction,Exact,,90.0,447.7,,,,90
2005,August,Sunday,Day,Light,Side to side collision,0.0,0.0,7.0,0.0,3.0,4.0,0.0,7.0,3.0,3.0,Not junction,Exact,,90.0,416.8,,,,90
2005,February,Tuesday,Day,Light,Front to side collision,0.0,0.0,2.0,0.0,0.0,2.0,0.0,2.0,2.0,2.0,Not junction,Exact,,90.0,437.2,,,,90
2005,February,Tuesday,Day,Light,Front to side collision,0.0,0.0,3.0,0.0,1.0,2.0,0.0,3.0,2.0,2.0,Not junction,Exact,,90.0,443.0,,,,90
2005,June,Friday,Day,Light,Front to side collision,0.0,0.0,5.0,0.0,0.0,4.0,1.0,5.0,2.0,2.0,Not junction,Exact,,90.0,380.1,,,,90
2005,February,Monday,Day,Light,Hit an object,0.0,0.0,5.0,0.0,0.0,5.0,0.0,5.0,1.0,1.0,Not junction,Exact,,90.0,454.4,,,,90
2005,May,Tuesday,Day,Light,Roll over,0.0,0.0,6.0,0.0,4.0,2.0,0.0,6.0,1.0,1.0,Not junction,Exact,,90.0,330.0,,,,90
2005,September,Wednesday,Day,Light,Side to side collision,0.0,0.0,5.0,0.0,1.0,4.0,0.0,5.0,2.0,2.0,Not junction,Exact,,90.0,25.2,,,,90
2005,July,Saturday,Day,Light,Side to side collision,0.0,0.0,5.0,0.0,1.0,4.0,0.0,5.0,3.0,3.0,Not junction,Exact,,90.0,422.0,,,,90
2005,December,Friday,Night,Light,Side to side collision,0.0,0.0,4.0,0.0,0.0,4.0,0.0,4.0,2.0,2.0,Not junction,Exact,,90.0,41.1,,,,90
2005,November,Friday,Night,Fatal,Front to side collision,1.0,0.0,0.0,0.0,0.0,1.0,0.0,1.0,2.0,2.0,Not junction,Exact,,90.0,385.0,,,,90
2005,July,Thursday,Day,Light,Side to side collision,0.0,0.0,4.0,0.0,1.0,3.0,0.0,4.0,2.0,2.0,Not junction,Exact,,90.0,50.8,,,,90
2005,June,Saturday,Day,Light,Drive off road or on paveway,0.0,0.0,2.0,0.0,0.0,2.0,0.0,2.0,1.0,1.0,Not junction,Centered,,90.0,311.0,,,,90
2005,December,Saturday,Night,Light,Front end collision,0.0,0.0,2.0,0.0,0.0,2.0,0.0,2.0,2.0,2.0,Not junction,Exact,,90.0,445.0,,,,90
2005,June,Monday,Day,Light,Roll over,0.0,0.0,2.0,0.0,2.0,0.0,0.0,2.0,1.0,1.0,Not junction,Centered,,90.0,140.0,,,,90
2005,November,Monday,Night,Severe,Side to side collision,0.0,1.0,5.0,0.0,2.0,3.0,1.0,6.0,2.0,2.0,Not junction,Exact,,90.0,449.0,,,,90
2005,April,Sunday,Day,Light,Front to side collision,0.0,0.0,3.0,0.0,1.0,2.0,0.0,3.0,2.0,2.0,Not junction,Centered,,90.0,473.0,,,,90
2005,April,Thursday,Day,Fatal,Front to side collision,1.0,0.0,0.0,0.0,1.0,0.0,0.0,1.0,2.0,2.0,Not junction,Exact,,90.0,337.0,,,,90
2005,January,Thursday,Night,Light,Front to side collision,0.0,0.0,3.0,0.0,1.0,2.0,0.0,3.0,2.0,2.0,Not junction,Exact,,90.0,291.0,,,,90
2005,October,Sunday,Night,Light,Hit an object,0.0,0.0,2.0,0.0,2.0,0.0,0.0,2.0,1.0,1.0,Not junction,Exact,,90.0,286.1,,,,90
2005,August,Wednesday,Day,Light,Front to rear collision,0.0,0.0,4.0,0.0,1.0,2.0,1.0,4.0,3.0,3.0,Not junction,Exact,,90.0,447.0,,,,90
2005,February,Saturday,Night,Light,Front end collision,0.0,0.0,7.0,0.0,3.0,3.0,1.0,7.0,2.0,2.0,Not junction,Exact,,90.0,384.9,,,,90
2005,June,Friday,Day,Light,Roll over,0.0,0.0,2.0,0.0,0.0,2.0,0.0,2.0,2.0,2.0,Not junction,Exact,,90.0,143.5,,,,90
2005,December,Thursday,Night,Light,Front to rear collision,0.0,0.0,2.0,0.0,0.0,2.0,0.0,2.0,2.0,2.0,Not junction,Exact,,90.0,88.2,,,,90
2005,April,Friday,Night,Light,Front to side collision,0.0,0.0,4.0,0.0,1.0,3.0,0.0,4.0,2.0,2.0,Not junction,Exact,,90.0,318.1,,,,90
2005,February,Wednesday,Night,Light,Front to side collision,0.0,0.0,1.0,0.0,0.0,1.0,0.0,1.0,2.0,2.0,Not junction,Exact,,90.0,298.1,,,,90
2005,April,Tuesday,Night,Fatal,Pedestrian,1.0,0.0,1.0,1.0,0.0,2.0,0.0,2.0,1.0,1.0,Not junction,Exact,,90.0,190.5,,,,90
2005,October,Monday,Night,Light,Front to side collision,0.0,0.0,3.0,0.0,0.0,2.0,1.0,3.0,2.0,2.0,Not junction,Exact,,90.0,443.0,,,,90
2005,April,Tuesday,Night,Light,Drive off road or on paveway,0.0,0.0,1.0,0.0,0.0,1.0,0.0,1.0,1.0,1.0,Not junction,Exact,,90.0,436.7,,,,90
2005,July,Monday,Night,Light,Front to rear collision,0.0,0.0,5.0,0.0,1.0,4.0,0.0,5.0,2.0,2.0,Not junction,Exact,,90.0,316.0,,,,90
2005,May,Friday,Night,Fatal,Front end collision,3.0,0.0,0.0,0.0,0.0,3.0,0.0,3.0,2.0,2.0,Not junction,Exact,,90.0,18.9,,,,90
2005,April,Tuesday,Night,Light,Other,0.0,0.0,13.0,0.0,0.0,13.0,0.0,13.0,3.0,3.0,Not junction,Exact,,90.0,94.7,,,,90
2005,September,Sunday,Night,Fatal,Roll over,1.0,0.0,0.0,0.0,0.0,1.0,0.0,1.0,1.0,1.0,Not junction,Exact,,90.0,176.5,,,,90
2005,August,Sunday,Night,Fatal,Roll over,1.0,0.0,0.0,0.0,0.0,1.0,0.0,1.0,1.0,1.0,Not junction,Exact,,90.0,307.3,,,,90
2005,December,Monday,Night,Severe,Other,0.0,1.0,0.0,0.0,0.0,1.0,0.0,1.0,1.0,1.0,Not junction,Exact,,90.0,425.9,,,,90
2005,August,Wednesday,Night,Light,Front to rear collision,0.0,0.0,7.0,0.0,0.0,7.0,0.0,7.0,2.0,2.0,Not junction,Exact,,90.0,309.4,,,,90
2005,June,Wednesday,Night,Light,Front to side collision,0.0,0.0,2.0,0.0,0.0,2.0,0.0,2.0,2.0,2.0,Not junction,Exact,,90.0,459.0,,,,90
2005,June,Friday,Night,Light,Front to side collision,0.0,0.0,2.0,0.0,1.0,1.0,0.0,2.0,2.0,2.0,Not junction,Centered,,90.0,120.0,,,,90
2005,February,Friday,Night,Fatal,Front end collision,1.0,4.0,1.0,0.0,0.0,6.0,0.0,6.0,2.0,2.0,Not junction,Exact,,90.0,340.8,,,,90
2005,July,Sunday,Night,Severe,Pedestrian,0.0,1.0,0.0,1.0,1.0,0.0,0.0,1.0,1.0,1.0,Not junction,Exact,,90.0,415.2,,,,90
2005,October,Sunday,Night,Light,Front end collision,0.0,0.0,4.0,0.0,0.0,4.0,0.0,4.0,2.0,2.0,Not junction,Exact,,90.0,458.6,,,,90
2005,May,Monday,Night,Light,Front end collision,0.0,0.0,1.0,0.0,0.0,1.0,0.0,1.0,2.0,2.0,Not junction,Exact,,90.0,56.2,,,,90
2005,August,Monday,Night,Light,Hit an object,0.0,0.0,4.0,0.0,3.0,1.0,0.0,4.0,1.0,1.0,Not junction,Exact,,90.0,369.4,,,,90
2005,October,Sunday,Night,Light,Side to side collision,0.0,0.0,5.0,0.0,4.0,1.0,0.0,5.0,2.0,2.0,Not junction,Exact,,90.0,100.4,,,,90
2006,March,Friday,Night,Light,Drive off road or on paveway,0.0,0.0,1.0,0.0,0.0,1.0,0.0,1.0,1.0,1.0,Junction,Exact,,71.0,,90.0,,,90
2006,June,Friday,Day,Light,Front to side collision,0.0,0.0,1.0,0.0,0.0,1.0,0.0,1.0,3.0,3.0,Junction,Exact,,90.0,,5087.0,,,90
2006,May,Tuesday,Day,Light,Front to side collision,0.0,0.0,1.0,0.0,0.0,1.0,0.0,1.0,2.0,2.0,Junction,Exact,,90.0,,899.0,,,90
2006,August,Wednesday,Day,Light,Front to side collision,0.0,0.0,5.0,0.0,0.0,5.0,0.0,5.0,3.0,3.0,Junction,Exact,,90.0,,807.0,,,90
2006,September,Wednesday,Day,Light,Front to side collision,0.0,0.0,2.0,0.0,0.0,2.0,0.0,2.0,2.0,2.0,Junction,Exact,,90.0,,8677.0,,,90
2006,January,Friday,Day,Light,Front to side collision,0.0,0.0,5.0,0.0,1.0,3.0,1.0,5.0,2.0,2.0,Junction,Exact,,90.0,,9119.0,,,90
2006,November,Sunday,Day,Light,Front to side collision,0.0,0.0,2.0,0.0,0.0,2.0,0.0,2.0,2.0,2.0,Junction,Exact,,90.0,,9977.0,,,90
2006,December,Thursday,Day,Light,Front to side collision,0.0,0.0,2.0,0.0,0.0,1.0,1.0,2.0,2.0,2.0,Junction,Exact,,90.0,,6678.0,,,90
2006,January,Thursday,Day,Light,Front to rear collision,0.0,0.0,1.0,0.0,0.0,1.0,0.0,1.0,3.0,3.0,Junction,Exact,,90.0,,,,,90
2006,October,Wednesday,Day,Light,Front to side collision,0.0,0.0,1.0,0.0,0.0,1.0,0.0,1.0,2.0,2.0,Junction,Exact,,90.0,,9977.0,,,90
2006,April,Wednesday,Day,Light,Front to side collision,0.0,0.0,1.0,0.0,0.0,1.0,0.0,1.0,2.0,2.0,Junction,Exact,,90.0,,8677.0,,,90
2006,March,Wednesday,Day,Light,Front to side collision,0.0,0.0,1.0,0.0,0.0,1.0,0.0,1.0,2.0,2.0,Junction,Exact,,85.0,,90.0,,,90
2006,August,Tuesday,Day,Light,Front to side collision,0.0,0.0,1.0,0.0,0.0,1.0,0.0,1.0,2.0,2.0,Junction,Exact,,90.0,,,,,90
2006,June,Tuesday,Day,Light,Front to side collision,0.0,0.0,1.0,0.0,0.0,1.0,0.0,1.0,2.0,2.0,Junction,Exact,,90.0,,8676.0,,,90
2006,August,Tuesday,Day,Light,Front to side collision,0.0,0.0,3.0,0.0,1.0,1.0,1.0,3.0,2.0,2.0,Junction,Exact,,89.0,,90.0,,,90
2006,May,Thursday,Day,Light,Front to rear collision,0.0,0.0,1.0,0.0,0.0,1.0,0.0,1.0,2.0,2.0,Junction,Exact,,85.0,,90.0,,,90
2006,December,Thursday,Day,Light,Front to rear collision,0.0,0.0,6.0,0.0,6.0,0.0,0.0,6.0,2.0,2.0,Junction,Exact,,90.0,,92.0,,,90
2006,May,Wednesday,Day,Light,Front to rear collision,0.0,0.0,6.0,0.0,0.0,6.0,0.0,6.0,4.0,4.0,Junction,Exact,,85.0,,90.0,,,90
2006,November,Wednesday,Day,Light,Front to side collision,0.0,0.0,4.0,0.0,1.0,3.0,0.0,4.0,2.0,2.0,Junction,Exact,,89.0,,90.0,,,90
2006,May,Tuesday,Day,Light,Front to side collision,0.0,0.0,1.0,0.0,0.0,1.0,0.0,1.0,2.0,2.0,Junction,Exact,,90.0,,3695.0,,,90
2006,October,Friday,Day,Light,Front end collision,0.0,0.0,3.0,0.0,1.0,2.0,0.0,3.0,2.0,2.0,Junction,Exact,,71.0,,90.0,,,90
2006,March,Friday,Day,Light,Front to side collision,0.0,0.0,1.0,0.0,0.0,1.0,0.0,1.0,2.0,2.0,Junction,Exact,,90.0,,9119.0,,,90
2006,August,Saturday,Day,Severe,Front to side collision,0.0,1.0,0.0,0.0,0.0,1.0,0.0,1.0,3.0,3.0,Junction,Exact,,89.0,,90.0,,,90
2006,March,Tuesday,Day,Light,Front to side collision,0.0,0.0,7.0,0.0,2.0,5.0,0.0,7.0,2.0,2.0,Junction,Exact,,85.0,,90.0,,,90
2006,October,Thursday,Day,Light,Front to side collision,0.0,0.0,1.0,0.0,0.0,1.0,0.0,1.0,2.0,2.0,Junction,Exact,,89.0,,90.0,,,90
2006,May,Saturday,Day,Light,Front to side collision,0.0,0.0,2.0,0.0,0.0,2.0,0.0,2.0,2.0,2.0,Junction,Exact,,90.0,,,,,90
2006,June,Thursday,Day,Severe,Front to side collision,0.0,1.0,0.0,0.0,1.0,0.0,0.0,1.0,2.0,2.0,Junction,Exact,,90.0,,9119.0,,,90
2006,July,Friday,Day,Light,Front to rear collision,0.0,0.0,5.0,0.0,2.0,3.0,0.0,5.0,2.0,2.0,Junction,Exact,,85.0,,90.0,,,90
2006,February,Sunday,Day,Light,Front to side collision,0.0,0.0,5.0,0.0,3.0,2.0,0.0,5.0,2.0,2.0,Junction,Exact,,90.0,,91.0,,,90
2006,February,Friday,Day,Light,Front to side collision,0.0,0.0,3.0,0.0,0.0,2.0,1.0,3.0,2.0,2.0,Junction,Exact,,90.0,,9119.0,,,90
2006,September,Friday,Day,Light,Front to side collision,0.0,0.0,5.0,0.0,1.0,4.0,0.0,5.0,2.0,2.0,Junction,Exact,,90.0,,899.0,,,90
2006,September,Thursday,Day,Light,Front to rear collision,0.0,0.0,7.0,0.0,2.0,5.0,0.0,7.0,4.0,4.0,Junction,Exact,,85.0,,90.0,,,90
2006,April,Monday,Day,Light,Front to side collision,0.0,0.0,1.0,0.0,0.0,1.0,0.0,1.0,2.0,2.0,Junction,Exact,,90.0,,,,,90
2006,May,Monday,Day,Light,Front to side collision,0.0,0.0,3.0,0.0,0.0,3.0,0.0,3.0,2.0,2.0,Junction,Exact,,90.0,,8677.0,,,90
2006,May,Thursday,Day,Light,Front to side collision,0.0,0.0,5.0,0.0,1.0,4.0,0.0,5.0,2.0,2.0,Junction,Exact,,71.0,,90.0,,,90
2006,January,Wednesday,Day,Severe,Front to side collision,0.0,2.0,4.0,0.0,3.0,2.0,1.0,6.0,2.0,2.0,Junction,Exact,,90.0,,899.0,,,90
2006,December,Saturday,Night,Light,Front to side collision,0.0,0.0,2.0,0.0,0.0,2.0,0.0,2.0,2.0,2.0,Junction,Exact,,90.0,,9119.0,,,90
2006,August,Thursday,Day,Light,Front to side collision,0.0,0.0,8.0,0.0,2.0,6.0,0.0,8.0,3.0,3.0,Junction,Exact,,90.0,,91.0,,,90
2006,April,Monday,Day,Light,Front to side collision,0.0,0.0,1.0,0.0,0.0,1.0,0.0,1.0,2.0,2.0,Junction,Exact,,90.0,,,,,90
2006,June,Tuesday,Day,Light,Front to side collision,0.0,0.0,3.0,0.0,0.0,3.0,0.0,3.0,2.0,2.0,Junction,Exact,,89.0,,90.0,,,90
2006,September,Wednesday,Day,Light,Front to side collision,0.0,0.0,4.0,0.0,0.0,4.0,0.0,4.0,2.0,2.0,Junction,Exact,,71.0,,90.0,,,90
2006,December,Saturday,Night,Light,Front to side collision,0.0,0.0,5.0,0.0,1.0,4.0,0.0,5.0,2.0,2.0,Junction,Exact,,90.0,,899.0,,,90
2006,November,Monday,Night,Light,Front to side collision,0.0,0.0,3.0,0.0,0.0,3.0,0.0,3.0,2.0,2.0,Junction,Exact,,90.0,,,,,90
2006,December,Thursday,Night,Light,Front to side collision,0.0,0.0,3.0,0.0,0.0,3.0,0.0,3.0,2.0,2.0,Junction,Exact,,90.0,,,,,90
2006,August,Wednesday,Day,Light,Front to side collision,0.0,0.0,4.0,0.0,0.0,3.0,1.0,4.0,2.0,2.0,Junction,Exact,,90.0,,8677.0,,,90
2006,February,Sunday,Night,Light,Front to side collision,0.0,0.0,1.0,0.0,0.0,1.0,0.0,1.0,2.0,2.0,Junction,Exact,,85.0,,90.0,,,90
2006,December,Saturday,Night,Light,Front to rear collision,0.0,0.0,1.0,0.0,0.0,1.0,0.0,1.0,2.0,2.0,Junction,Exact,,90.0,,8676.0,,,90
2006,July,Monday,Night,Light,Front to side collision,0.0,0.0,7.0,0.0,4.0,3.0,0.0,7.0,2.0,2.0,Junction,Exact,,89.0,,90.0,,,90
2006,September,Sunday,Night,Light,Front end collision,0.0,0.0,3.0,0.0,1.0,2.0,0.0,3.0,2.0,2.0,Not junction,Exact,,90.0,410.1,,,,90
2006,October,Wednesday,Night,Light,Hit an object,0.0,0.0,1.0,0.0,0.0,1.0,0.0,1.0,1.0,1.0,Not junction,Exact,,90.0,447.1,,,,90
2006,July,Tuesday,Night,Light,Side to side collision,0.0,0.0,2.0,0.0,0.0,2.0,0.0,2.0,2.0,2.0,Not junction,Exact,,90.0,442.5,,,,90
2006,June,Friday,Night,Light,Roll over,0.0,0.0,4.0,0.0,4.0,0.0,0.0,4.0,1.0,1.0,Not junction,Exact,,90.0,290.0,,,,90
2006,October,Friday,Night,Light,Roll over,0.0,0.0,1.0,0.0,0.0,1.0,0.0,1.0,1.0,1.0,Not junction,Exact,,90.0,52.2,,,,90
2006,August,Tuesday,Night,Light,Front to side collision,0.0,0.0,1.0,0.0,0.0,1.0,0.0,1.0,2.0,2.0,Not junction,Exact,,90.0,126.1,,,,90
2006,September,Friday,Night,Light,Roll over,0.0,0.0,5.0,0.0,4.0,1.0,0.0,5.0,1.0,1.0,Not junction,Exact,,90.0,387.6,,,,90
2006,October,Wednesday,Night,Severe,Front end collision,0.0,2.0,1.0,0.0,1.0,2.0,0.0,3.0,2.0,2.0,Not junction,Exact,,90.0,286.1,,,,90