year,month,day_of_week,day_night,accident_severity,accident_type,killed,severly_injured,lightly_injured,injured_pedestrians,casualties_ages_0-19,casualties_ages_20-64,casualties_ages_65_plus,total_casualties,vehicle_count,drivers,road_type,localization_quality,settlement,road1,location,road2,road3,road4,source_road
2006,November,Friday,Night,Light,Hit an object,0.0,0.0,1.0,0.0,1.0,0.0,0.0,1.0,1.0,1.0,Not junction,Exact,,90.0,448.1,,,,90
2006,October,Thursday,Night,Severe,Hit an object,0.0,1.0,0.0,0.0,0.0,1.0,0.0,1.0,1.0,1.0,Not junction,Exact,,90.0,142.8,,,,90
2006,November,Thursday,Night,Severe,Drive off road or on paveway,0.0,7.0,1.0,0.0,5.0,3.0,0.0,8.0,1.0,1.0,Not junction,Exact,,90.0,392.2,,,,90
2006,January,Wednesday,Night,Light,Hit an object,0.0,0.0,3.0,0.0,0.0,3.0,0.0,3.0,1.0,1.0,Not junction,Exact,,90.0,287.1,,,,90
2006,May,Saturday,Night,Light,Hit an object,0.0,0.0,4.0,0.0,1.0,3.0,0.0,4.0,1.0,1.0,Not junction,Exact,,90.0,407.0,,,,90
2006,August,Wednesday,Night,Light,Drive off road or on paveway,0.0,0.0,3.0,0.0,3.0,0.0,0.0,3.0,1.0,1.0,Not junction,Exact,,90.0,399.6,,,,90
2006,January,Wednesday,Night,Light,Front to rear collision,0.0,0.0,7.0,0.0,5.0,2.0,0.0,7.0,2.0,2.0,Not junction,Exact,,90.0,288.0,,,,90
2006,September,Sunday,Night,Light,Roll over,0.0,0.0,3.0,0.0,0.0,3.0,0.0,3.0,1.0,1.0,Not junction,Exact,,90.0,457.1,,,,90
2006,May,Wednesday,Night,Severe,Front end collision,0.0,1.0,6.0,0.0,0.0,6.0,1.0,7.0,3.0,3.0,Not junction,Exact,,90.0,446.4,,,,90
2006,February,Saturday,Night,Severe,Roll over,0.0,2.0,3.0,0.0,2.0,3.0,0.0,5.0,1.0,1.0,Not junction,Exact,,90.0,402.5,,,,90
2006,October,Sunday,Night,Light,Front to side collision,0.0,0.0,2.0,0.0,0.0,2.0,0.0,2.0,2.0,2.0,Not junction,Exact,,90.0,82.6,,,,90
2006,November,Tuesday,Night,Light,Front to side collision,0.0,0.0,1.0,0.0,0.0,1.0,0.0,1.0,2.0,2.0,Not junction,Exact,,90.0,400.5,,,,90
2006,January,Monday,Night,Severe,Front end collision,0.0,1.0,5.0,0.0,0.0,6.0,0.0,6.0,2.0,2.0,Not junction,Exact,,90.0,361.4,,,,90
2006,July,Tuesday,Day,Light,Front to side collision,0.0,0.0,17.0,0.0,6.0,11.0,0.0,17.0,2.0,2.0,Not junction,Exact,,90.0,457.6,,,,90
2006,March,Sunday,Day,Severe,Roll over,0.0,1.0,1.0,0.0,0.0,2.0,0.0,2.0,1.0,1.0,Not junction,Exact,,90.0,312.6,,,,90
2006,October,Tuesday,Day,Severe,Roll over,0.0,1.0,0.0,0.0,0.0,1.0,0.0,1.0,1.0,1.0,Not junction,Exact,,90.0,311.7,,,,90
2006,October,Thursday,Day,Light,Roll over,0.0,0.0,3.0,0.0,1.0,2.0,0.0,3.0,1.0,1.0,Not junction,Exact,,90.0,286.1,,,,90
2006,June,Friday,Day,Fatal,Roll over,1.0,1.0,2.0,0.0,3.0,1.0,0.0,4.0,1.0,1.0,Not junction,Exact,,90.0,73.4,,,,90
2006,February,Saturday,Day,Fatal,Front to side collision,1.0,4.0,0.0,0.0,1.0,4.0,0.0,5.0,2.0,2.0,Not junction,Exact,,90.0,71.9,,,,90
2006,May,Sunday,Day,Light,Roll over,0.0,0.0,2.0,0.0,0.0,2.0,0.0,2.0,1.0,1.0,Not junction,Exact,,90.0,365.0,,,,90
2006,November,Friday,Day,Light,Front to side collision,0.0,0.0,2.0,0.0,1.0,1.0,0.0,2.0,2.0,2.0,Not junction,Exact,,90.0,360.9,,,,90
2006,October,Tuesday,Day,Light,Side to side collision,0.0,0.0,2.0,0.0,0.0,2.0,0.0,2.0,2.0,2.0,Not junction,Exact,,90.0,318.1,,,,90
2006,February,Monday,Day,Light,Drive off road or on paveway,0.0,0.0,2.0,0.0,0.0,2.0,0.0,2.0,1.0,1.0,Not junction,Exact,,90.0,45.1,,,,90
2006,August,Tuesday,Day,Light,Hit an object,0.0,0.0,1.0,0.0,1.0,0.0,0.0,1.0,1.0,1.0,Not junction,Exact,,90.0,404.1,,,,90
2006,June,Saturday,Day,Light,Hit an object,0.0,0.0,1.0,0.0,0.0,1.0,0.0,1.0,1.0,1.0,Not junction,Exact,,90.0,408.2,,,,90
2006,June,Saturday,Day,Fatal,Hit an object,1.0,2.0,1.0,0.0,2.0,2.0,0.0,4.0,1.0,1.0,Not junction,Exact,,90.0,435.7,,,,90
2006,January,Thursday,Day,Fatal,Drive off road or on paveway,1.0,0.0,0.0,0.0,0.0,1.0,0.0,1.0,1.0,1.0,Not junction,Exact,,90.0,398.4,,,,90
2006,February,Sunday,Day,Light,Drive off road or on paveway,0.0,0.0,7.0,0.0,6.0,1.0,0.0,7.0,1.0,1.0,Not junction,Exact,,90.0,419.6,,,,90
2006,September,Saturday,Day,Light,Roll over,0.0,0.0,3.0,0.0,0.0,3.0,0.0,3.0,1.0,1.0,Not junction,Exact,,90.0,340.9,,,,90
2006,January,Wednesday,Day,Severe,Roll over,0.0,1.0,3.0,0.0,0.0,4.0,0.0,4.0,1.0,1.0,Not junction,Exact,,90.0,348.0,,,,90
2006,March,Thursday,Day,Light,Front to rear collision,0.0,0.0,5.0,0.0,0.0,4.0,1.0,5.0,3.0,3.0,Not junction,Exact,,90.0,444.1,,,,90
2006,June,Sunday,Day,Severe,Roll over,0.0,2.0,0.0,0.0,0.0,2.0,0.0,2.0,1.0,1.0,Not junction,Exact,,90.0,146.1,,,,90
2006,September,Friday,Day,Light,Roll over,0.0,0.0,3.0,0.0,1.0,2.0,0.0,3.0,1.0,1.0,Not junction,Exact,,90.0,341.0,,,,90
2006,January,Sunday,Day,Fatal,Front end collision,1.0,0.0,0.0,0.0,0.0,1.0,0.0,1.0,2.0,2.0,Not junction,Exact,,90.0,289.0,,,,90
2006,May,Wednesday,Day,Light,Drive off road or on paveway,0.0,0.0,5.0,0.0,3.0,2.0,0.0,5.0,1.0,1.0,Not junction,Exact,,90.0,406.5,,,,90
2006,April,Sunday,Day,Severe,Front to rear collision,0.0,1.0,8.0,0.0,4.0,4.0,1.0,9.0,2.0,2.0,Not junction,Exact,,90.0,455.0,,,,90
2006,October,Wednesday,Day,Light,Hit an object,0.0,0.0,1.0,0.0,0.0,1.0,0.0,1.0,1.0,1.0,Not junction,Exact,,90.0,445.1,,,,90
2006,July,Thursday,Day,Light,Front to side collision,0.0,0.0,7.0,0.0,2.0,5.0,0.0,7.0,2.0,2.0,Not junction,Exact,,90.0,14.5,,,,90
2006,January,Tuesday,Day,Severe,Side to side collision,0.0,1.0,0.0,0.0,0.0,1.0,0.0,1.0,2.0,2.0,Not junction,Exact,,90.0,416.3,,,,90
2006,September,Friday,Day,Severe,Roll over,0.0,1.0,0.0,0.0,0.0,1.0,0.0,1.0,1.0,1.0,Not junction,Exact,,90.0,340.9,,,,90
2006,September,Friday,Day,Severe,Roll over,0.0,1.0,0.0,0.0,0.0,1.0,0.0,1.0,1.0,1.0,Not junction,Exact,,90.0,340.9,,,,90
2006,March,Sunday,Day,Severe,Front to rear collision,0.0,1.0,1.0,0.0,0.0,2.0,0.0,2.0,3.0,3.0,Not junction,Exact,,90.0,440.2,,,,90
2006,February,Friday,Day,Light,Front to side collision,0.0,0.0,3.0,0.0,0.0,3.0,0.0,3.0,2.0,2.0,Not junction,Exact,,90.0,446.7,,,,90
2006,January,Saturday,Day,Light,Front to rear collision,0.0,0.0,6.0,0.0,2.0,4.0,0.0,6.0,2.0,2.0,Not junction,Exact,,90.0,465.2,,,,90
2006,January,Saturday,Day,Fatal,Front to side collision,2.0,0.0,1.0,0.0,0.0,3.0,0.0,3.0,2.0,2.0,Not junction,Exact,,90.0,84.9,,,,90
2006,August,Wednesday,Day,Light,Front to side collision,0.0,0.0,2.0,0.0,0.0,2.0,0.0,2.0,2.0,2.0,Not junction,Exact,,90.0,398.7,,,,90
2006,December,Saturday,Day,Light,Side to side collision,0.0,0.0,1.0,0.0,0.0,1.0,0.0,1.0,2.0,2.0,Not junction,Exact,,90.0,447.5,,,,90
2006,December,Thursday,Day,Light,Front to rear collision,0.0,0.0,10.0,0.0,1.0,9.0,0.0,10.0,3.0,3.0,Not junction,Exact,,90.0,445.7,,,,90
2006,March,Thursday,Day,Light,Hit an object,0.0,0.0,3.0,0.0,0.0,3.0,0.0,3.0,1.0,1.0,Not junction,Exact,,90.0,291.1,,,,90
2006,June,Sunday,Day,Light,Front end collision,0.0,0.0,2.0,0.0,0.0,2.0,0.0,2.0,2.0,2.0,Not junction,Exact,,90.0,446.1,,,,90
2006,April,Monday,Day,Severe,Roll over,0.0,1.0,3.0,0.0,2.0,2.0,0.0,4.0,1.0,1.0,Not junction,Exact,,90.0,118.5,,,,90
2006,November,Sunday,Day,Light,Roll over,0.0,0.0,1.0,0.0,0.0,1.0,0.0,1.0,1.0,1.0,Not junction,Exact,,90.0,310.0,,,,90
2006,January,Monday,Day,Severe,Roll over,0.0,2.0,1.0,0.0,0.0,3.0,0.0,3.0,1.0,1.0,Not junction,Exact,,90.0,344.0,,,,90
2006,April,Sunday,Day,Severe,Front to side collision,0.0,2.0,8.0,0.0,3.0,7.0,0.0,10.0,3.0,3.0,Not junction,Exact,,90.0,348.2,,,,90
2006,August,Thursday,Day,Severe,Front end collision,0.0,1.0,11.0,0.0,5.0,6.0,1.0,12.0,3.0,3.0,Not junction,Exact,,90.0,156.4,,,,90
2006,February,Thursday,Day,Severe,Roll over,0.0,1.0,4.0,0.0,2.0,3.0,0.0,5.0,1.0,1.0,Not junction,Exact,,90.0,184.1,,,,90
2006,November,Saturday,Day,Severe,Roll over,0.0,1.0,0.0,0.0,0.0,1.0,0.0,1.0,1.0,1.0,Not junction,Exact,,90.0,210.1,,,,90
2006,June,Tuesday,Day,Light,Front to rear collision,0.0,0.0,5.0,0.0,0.0,5.0,0.0,5.0,6.0,6.0,Not junction,Exact,,90.0,448.4,,,,90
2006,January,Sunday,Day,Fatal,Front end collision,1.0,0.0,1.0,0.0,0.0,2.0,0.0,2.0,3.0,3.0,Not junction,Exact,,90.0,454.1,,,,90
2006,April,Thursday,Day,Light,Front to side collision,0.0,0.0,1.0,0.0,0.0,1.0,0.0,1.0,2.0,2.0,Not junction,Exact,,90.0,16.6,,,,90
2006,August,Thursday,Day,Light,Front to side collision,0.0,0.0,5.0,0.0,4.0,1.0,0.0,5.0,2.0,2.0,Not junction,Exact,,90.0,132.1,,,,90
2006,May,Tuesday,Day,Light,Side to side collision,0.0,0.0,4.0,0.0,1.0,3.0,0.0,4.0,2.0,2.0,Not junction,Exact,,90.0,326.1,,,,90
2006,June,Sunday,Day,Fatal,Hit an object,1.0,0.0,0.0,0.0,0.0,1.0,0.0,1.0,1.0,1.0,Not junction,Exact,,90.0,271.5,,,,90
2006,July,Friday,Day,Light,Front end collision,0.0,0.0,4.0,0.0,2.0,2.0,0.0,4.0,2.0,2.0,Not junction,Exact,,90.0,340.9,,,,90
2006,May,Friday,Day,Light,Side to side collision,0.0,0.0,8.0,0.0,3.0,5.0,0.0,8.0,2.0,2.0,Not junction,Exact,,90.0,403.6,,,,90
2006,January,Sunday,Day,Severe,Roll over,0.0,1.0,0.0,0.0,0.0,1.0,0.0,1.0,1.0,1.0,Not junction,Exact,,90.0,177.6,,,,90
2006,May,Friday,Day,Light,Hit an object,0.0,0.0,5.0,0.0,1.0,4.0,0.0,5.0,1.0,1.0,Not junction,Exact,,90.0,428.1,,,,90
2006,September,Thursday,Day,Light,Other,0.0,0.0,3.0,0.0,0.0,1.0,2.0,3.0,2.0,2.0,Not junction,Centered,,90.0,242.0,,,,90
2006,October,Wednesday,Day,Light,Front to rear collision,0.0,0.0,6.0,0.0,3.0,3.0,0.0,6.0,4.0,4.0,Not junction,Exact,,90.0,458.2,,,,90
2006,May,Monday,Day,Light,Front to rear collision,0.0,0.0,4.0,0.0,3.0,1.0,0.0,4.0,2.0,2.0,Not junction,Exact,,90.0,312.7,,,,90
2006,June,Sunday,Day,Light,Side to side collision,0.0,0.0,8.0,0.0,3.0,5.0,0.0,8.0,2.0,2.0,Not junction,Exact,,90.0,106.0,,,,90
2006,October,Saturday,Day,Light,Side to side collision,0.0,0.0,6.0,0.0,1.0,4.0,1.0,6.0,2.0,2.0,Not junction,Exact,,90.0,461.3,,,,90
2006,December,Monday,Day,Severe,Roll over,0.0,2.0,2.0,0.0,0.0,1.0,3.0,4.0,1.0,1.0,Not junction,Exact,,90.0,351.8,,,,90
2006,May,Saturday,Day,Light,Front to side collision,0.0,0.0,8.0,0.0,3.0,5.0,0.0,8.0,4.0,4.0,Not junction,Exact,,90.0,412.4,,,,90
2006,February,Thursday,Day,Severe,Pedestrian,0.0,1.0,0.0,1.0,1.0,0.0,0.0,1.0,1.0,1.0,Not junction,Exact,,90.0,330.6,,,,90
2006,September,Saturday,Day,Light,Front to side collision,0.0,0.0,1.0,0.0,0.0,1.0,0.0,1.0,2.0,2.0,Not junction,Exact,,90.0,404.0,,,,90
2006,September,Friday,Day,Light,Side to side collision,0.0,0.0,5.0,0.0,2.0,3.0,0.0,5.0,2.0,2.0,Not junction,Exact,,90.0,434.4,,,,90
2006,April,Sunday,Day,Fatal,Front to side collision,3.0,2.0,0.0,0.0,0.0,3.0,2.0,5.0,2.0,2.0,Not junction,Exact,,90.0,319.1,,,,90
2006,January,Monday,Day,Fatal,Roll over,1.0,0.0,2.0,0.0,0.0,3.0,0.0,3.0,1.0,1.0,Not junction,Exact,,90.0,32.0,,,,90
2006,April,Sunday,Day,Light,Front to side collision,0.0,0.0,7.0,0.0,2.0,5.0,0.0,7.0,3.0,3.0,Not junction,Exact,,90.0,119.1,,,,90
2006,December,Sunday,Day,Light,Slip,0.0,0.0,3.0,0.0,1.0,2.0,0.0,3.0,1.0,1.0,Not junction,Exact,,90.0,287.0,,,,90
2006,September,Friday,Day,Fatal,Pedestrian,1.0,0.0,0.0,1.0,1.0,0.0,0.0,1.0,1.0,1.0,Not junction,Exact,,90.0,338.0,,,,90
2006,April,Wednesday,Day,Light,Front to side collision,0.0,0.0,4.0,0.0,2.0,2.0,0.0,4.0,2.0,2.0,Not junction,Exact,,90.0,410.9,,,,90
2006,November,Thursday,Day,Light,Side to side collision,0.0,0.0,1.0,0.0,0.0,0.0,1.0,1.0,2.0,2.0,Not junction,Exact,,90.0,454.4,,,,90
2006,May,Sunday,Day,Light,Other,0.0,0.0,4.0,0.0,0.0,4.0,0.0,4.0,3.0,3.0,Not junction,Exact,,90.0,98.8,,,,90
2006,April,Friday,Day,Light,Front end collision,0.0,0.0,5.0,0.0,0.0,5.0,0.0,5.0,2.0,2.0,Not junction,Exact,,90.0,242.1,,,,90
2006,September,Sunday,Day,Light,Hit an object,0.0,0.0,1.0,0.0,0.0,1.0,0.0,1.0,1.0,1.0,Not junction,Exact,,90.0,275.5,,,,90
2006,March,Thursday,Day,Light,Roll over,0.0,0.0,2.0,0.0,0.0,2.0,0.0,2.0,1.0,1.0,Not junction,Exact,,90.0,348.0,,,,90
2006,June,Saturday,Day,Light,Side to side collision,0.0,0.0,6.0,0.0,2.0,4.0,0.0,6.0,2.0,2.0,Not junction,Exact,,90.0,450.4,,,,90
2006,January,Monday,Day,Light,Side to side collision,0.0,0.0,4.0,0.0,0.0,4.0,0.0,4.0,2.0,2.0,Not junction,Exact,,90.0,30.6,,,,90
2006,January,Saturday,Day,Severe,Front to side collision,0.0,1.0,4.0,0.0,1.0,4.0,0.0,5.0,3.0,3.0,Not junction,Exact,,90.0,461.0,,,,90
2006,September,Thursday,Day,Severe,Roll over,0.0,1.0,3.0,0.0,3.0,1.0,0.0,4.0,1.0,1.0,Not junction,Exact,,90.0,222.0,,,,90
2006,July,Tuesday,Day,Severe,Front to side collision,0.0,1.0,2.0,0.0,0.0,2.0,1.0,3.0,3.0,3.0,Not junction,Exact,,90.0,418.5,,,,90
2006,November,Saturday,Night,Severe,Front to side collision,0.0,1.0,3.0,0.0,2.0,2.0,0.0,4.0,2.0,2.0,Not junction,Exact,,90.0,291.5,,,,90
2006,May,Saturday,Day,Light,Roll over,0.0,0.0,2.0,0.0,0.0,2.0,0.0,2.0,1.0,1.0,Not junction,Exact,,90.0,345.0,,,,90
2006,March,Wednesday,Day,Severe,Roll over,0.0,1.0,3.0,0.0,0.0,4.0,0.0,4.0,1.0,1.0,Not junction,Exact,,90.0,249.9,,,,90
2006,February,Monday,Night,Light,Roll over,0.0,0.0,1.0,0.0,0.0,1.0,0.0,1.0,1.0,1.0,Not junction,Exact,,90.0,300.1,,,,90
2006,March,Tuesday,Night,Light,Slip,0.0,0.0,1.0,0.0,0.0,1.0,0.0,1.0,1.0,1.0,Not junction,Exact,,90.0,67.1,,,,90
2006,May,Wednesday,Day,Light,Front to side collision,0.0,0.0,1.0,0.0,0.0,0.0,1.0,1.0,2.0,2.0,Not junction,Exact,,90.0,291.0,,,,90
2006,December,Monday,Night,Light,Front end collision,0.0,0.0,1.0,0.0,0.0,1.0,0.0,1.0,2.0,2.0,Not junction,Exact,,90.0,287.1,,,,90
2006,January,Saturday,Night,Light,Front to rear collision,0.0,0.0,9.0,0.0,4.0,4.0,1.0,9.0,4.0,4.0,Not junction,Exact,,90.0,257.0,,,,90
2006,February,Tuesday,Night,Fatal,Pedestrian,1.0,0.0,0.0,1.0,0.0,1.0,0.0,1.0,1.0,1.0,Not junction,Exact,,90.0,308.0,,,,90
2006,March,Thursday,Night,Light,Front to rear collision,0.0,0.0,1.0,0.0,0.0,1.0,0.0,1.0,2.0,2.0,Not junction,Exact,,90.0,466.1,,,,90
2006,May,Wednesday,Night,Severe,Front to rear collision,0.0,1.0,4.0,0.0,2.0,3.0,0.0,5.0,2.0,2.0,Not junction,Exact,,90.0,322.5,,,,90
2006,January,Sunday,Night,Severe,Roll over,0.0,1.0,2.0,0.0,1.0,2.0,0.0,3.0,1.0,1.0,Not junction,Exact,,90.0,277.1,,,,90
2006,April,Wednesday,Night,Light,Pedestrian,0.0,0.0,1.0,1.0,1.0,0.0,0.0,1.0,1.0,1.0,Not junction,Exact,,90.0,447.1,,,,90
2006,August,Friday,Night,Severe,Hit an object,0.0,1.0,4.0,0.0,2.0,3.0,0.0,5.0,1.0,1.0,Not junction,Exact,,90.0,457.8,,,,90
2006,April,Tuesday,Night,Light,Roll over,0.0,0.0,3.0,0.0,2.0,1.0,0.0,3.0,1.0,1.0,Not junction,Exact,,90.0,42.6,,,,90
2006,May,Wednesday,Night,Light,Front to side collision,0.0,0.0,6.0,0.0,4.0,2.0,0.0,6.0,2.0,2.0,Not junction,Exact,,90.0,321.8,,,,90
2006,October,Friday,Night,Severe,Roll over,0.0,1.0,6.0,0.0,5.0,2.0,0.0,7.0,1.0,1.0,Not junction,Exact,,90.0,348.0,,,,90
2006,July,Saturday,Night,Severe,Front to side collision,0.0,1.0,2.0,0.0,0.0,3.0,0.0,3.0,2.0,2.0,Not junction,Exact,,90.0,407.0,,,,90
2006,April,Thursday,Night,Light,Front to rear collision,0.0,0.0,2.0,0.0,0.0,2.0,0.0,2.0,2.0,2.0,Not junction,Exact,,90.0,413.7,,,,90
2006,May,Wednesday,Night,Severe,Front to rear collision,0.0,1.0,1.0,0.0,0.0,2.0,0.0,2.0,2.0,2.0,Not junction,Exact,,90.0,441.5,,,,90
2006,July,Thursday,Night,Severe,Side to side collision,0.0,1.0,0.0,0.0,0.0,1.0,0.0,1.0,2.0,2.0,Not junction,Exact,,90.0,269.2,,,,90
2006,April,Tuesday,Night,Severe,Hit an object,0.0,2.0,2.0,0.0,0.0,4.0,0.0,4.0,1.0,1.0,Not junction,Exact,,90.0,130.2,,,,90
2006,October,Wednesday,Night,Severe,Pedestrian,0.0,1.0,0.0,1.0,0.0,1.0,0.0,1.0,1.0,1.0,Not junction,Exact,,90.0,413.0,,,,90
2006,January,Tuesday,Night,Light,Roll over,0.0,0.0,2.0,0.0,0.0,2.0,0.0,2.0,1.0,1.0,Not junction,Exact,,90.0,27.1,,,,90
2006,July,Thursday,Night,Light,Side to side collision,0.0,0.0,1.0,0.0,0.0,1.0,0.0,1.0,2.0,2.0,Not junction,Exact,,90.0,437.5,,,,90
2006,July,Wednesday,Night,Severe,Roll over,0.0,1.0,3.0,0.0,2.0,2.0,0.0,4.0,1.0,1.0,Not junction,Exact,,90.0,98.1,,,,90
2006,March,Thursday,Night,Light,Front to rear collision,0.0,0.0,2.0,0.0,0.0,2.0,0.0,2.0,2.0,2.0,Not junction,Exact,,90.0,379.8,,,,90
2006,June,Saturday,Night,Fatal,Roll over,1.0,3.0,0.0,0.0,1.0,3.0,0.0,4.0,1.0,1.0,Not junction,Exact,,90.0,86.9,,,,90
2006,August,Wednesday,Night,Light,Front to rear collision,0.0,0.0,1.0,0.0,0.0,1.0,0.0,1.0,2.0,2.0,Not junction,Exact,,90.0,438.5,,,,90
2007,June,Wednesday,Night,Light,Drive off road or on paveway,0.0,0.0,2.0,0.0,1.0,1.0,0.0,2.0,1.0,1.0,Junction,Exact,,85.0,,90.0,,,90
2007,May,Saturday,Night,Light,Hit an object,0.0,0.0,2.0,0.0,0.0,2.0,0.0,2.0,1.0,1.0,Junction,Exact,,90.0,,8677.0,,,90
2007,November,Friday,Night,Light,Front to side collision,0.0,0.0,4.0,0.0,0.0,4.0,0.0,4.0,2.0,2.0,Junction,Exact,,90.0,,7579.0,,,90
2007,May,Friday,Night,Light,Front end collision,0.0,0.0,1.0,0.0,0.0,1.0,0.0,1.0,2.0,2.0,Junction,Exact,,71.0,,90.0,,,90
2007,June,Friday,Day,Light,Front to side collision,0.0,0.0,3.0,0.0,0.0,3.0,0.0,3.0,4.0,4.0,Junction,Exact,,90.0,,6678.0,,,90
2007,October,Wednesday,Day,Light,Front to side collision,0.0,0.0,7.0,0.0,1.0,6.0,0.0,7.0,2.0,2.0,Junction,Exact,,90.0,,9977.0,,,90
2007,August,Wednesday,Day,Light,Front end collision,0.0,0.0,2.0,0.0,0.0,2.0,0.0,2.0,2.0,2.0,Junction,Exact,,90.0,,767.0,,,90
2007,March,Sunday,Day,Light,Front to side collision,0.0,0.0,2.0,0.0,0.0,2.0,0.0,2.0,2.0,2.0,Junction,Exact,,71.0,,90.0,,,90
2007,June,Monday,Day,Light,Front to side collision,0.0,0.0,1.0,0.0,0.0,1.0,0.0,1.0,2.0,2.0,Junction,Exact,,90.0,,,,,90
2007,September,Thursday,Day,Light,Front to side collision,0.0,0.0,1.0,0.0,0.0,1.0,0.0,1.0,2.0,2.0,Junction,Exact,,90.0,,767.0,,,90
2007,September,Monday,Day,Severe,Pedestrian,0.0,1.0,0.0,1.0,0.0,0.0,1.0,1.0,1.0,1.0,Junction,Exact,,90.0,,,,,90
2007,November,Saturday,Day,Light,Front to side collision,0.0,0.0,1.0,0.0,0.0,1.0,0.0,1.0,2.0,2.0,Junction,Exact,,90.0,,977.0,,,90
2007,May,Tuesday,Day,Light,Front to rear collision,0.0,0.0,4.0,0.0,1.0,3.0,0.0,4.0,2.0,2.0,Junction,Exact,,90.0,,7175.0,,,90
2007,November,Friday,Day,Light,Front to side collision,0.0,0.0,3.0,0.0,0.0,3.0,0.0,3.0,2.0,2.0,Junction,Exact,,90.0,,99.0,,,90
2007,May,Thursday,Day,Light,Front to side collision,0.0,0.0,1.0,0.0,0.0,1.0,0.0,1.0,2.0,2.0,Junction,Exact,,90.0,,,,,90
2007,January,Thursday,Day,Light,Front to side collision,0.0,0.0,2.0,0.0,0.0,2.0,0.0,2.0,2.0,2.0,Junction,Exact,,90.0,,,,,90
2007,October,Tuesday,Day,Light,Front to side collision,0.0,0.0,1.0,0.0,0.0,1.0,0.0,1.0,2.0,2.0,Junction,Exact,,57.0,,90.0,,,90
2007,August,Thursday,Day,Light,Front to side collision,0.0,0.0,1.0,0.0,1.0,0.0,0.0,1.0,2.0,2.0,Junction,Exact,,89.0,,90.0,,,90
2007,October,Sunday,Day,Light,Roll over,0.0,0.0,4.0,0.0,2.0,2.0,0.0,4.0,1.0,1.0,Junction,Exact,,90.0,,8073.0,,,90
2007,August,Thursday,Day,Severe,Front to side collision,0.0,2.0,0.0,0.0,0.0,2.0,0.0,2.0,2.0,2.0,Junction,Exact,,89.0,,90.0,,,90
2007,December,Friday,Day,Light,Front to side collision,0.0,0.0,1.0,0.0,0.0,1.0,0.0,1.0,2.0,2.0,Junction,Exact,,85.0,,90.0,,,90
2007,January,Thursday,Day,Light,Front end collision,0.0,0.0,3.0,0.0,0.0,3.0,0.0,3.0,2.0,2.0,Junction,Exact,,90.0,,9977.0,,,90
2007,December,Sunday,Day,Light,Front end collision,0.0,0.0,2.0,0.0,0.0,2.0,0.0,2.0,2.0,2.0,Junction,Exact,,90.0,,7589.0,,,90
2007,June,Friday,Day,Light,Front to side collision,0.0,0.0,3.0,0.0,2.0,1.0,0.0,3.0,2.0,2.0,Junction,Exact,,90.0,,91.0,,,90
2007,May,Sunday,Day,Light,Front to side collision,0.0,0.0,2.0,0.0,0.0,1.0,1.0,2.0,2.0,2.0,Junction,Exact,,90.0,,8651.0,,,90
2007,September,Wednesday,Day,Light,Front to side collision,0.0,0.0,3.0,0.0,0.0,3.0,0.0,3.0,3.0,3.0,Junction,Exact,,90.0,,,,,90
2007,May,Monday,Day,Light,Front to side collision,0.0,0.0,1.0,0.0,0.0,1.0,0.0,1.0,2.0,2.0,Junction,Exact,,90.0,,92.0,,,90
2007,June,Monday,Day,Light,Front to side collision,0.0,0.0,2.0,0.0,0.0,2.0,0.0,2.0,2.0,2.0,Junction,Exact,,90.0,,807.0,,,90
2007,June,Wednesday,Day,Light,Front to side collision,0.0,0.0,1.0,0.0,0.0,1.0,0.0,1.0,2.0,2.0,Junction,Exact,,89.0,,90.0,,,90
2007,January,Tuesday,Day,Light,Front to side collision,0.0,0.0,5.0,0.0,1.0,4.0,0.0,5.0,2.0,2.0,Junction,Exact,,89.0,,90.0,,,90
2007,September,Sunday,Day,Light,Front end collision,0.0,0.0,1.0,0.0,0.0,1.0,0.0,1.0,2.0,2.0,Junction,Exact,,71.0,,90.0,,,90
2007,August,Thursday,Day,Light,Front to side collision,0.0,0.0,2.0,0.0,0.0,2.0,0.0,2.0,2.0,2.0,Junction,Exact,,90.0,,9977.0,,,90
2007,June,Monday,Day,Light,Front to side collision,0.0,0.0,4.0,0.0,3.0,1.0,0.0,4.0,2.0,2.0,Junction,Exact,,90.0,,,,,90
2007,August,Sunday,Day,Light,Front end collision,0.0,0.0,6.0,0.0,2.0,4.0,0.0,6.0,2.0,2.0,Junction,Exact,,90.0,,9119.0,,,90
2007,November,Wednesday,Day,Light,Front to side collision,0.0,0.0,4.0,0.0,3.0,1.0,0.0,4.0,2.0,2.0,Junction,Exact,,57.0,,90.0,,,90
2007,March,Sunday,Day,Light,Pedestrian,0.0,0.0,2.0,1.0,0.0,2.0,0.0,2.0,1.0,1.0,Junction,Exact,,90.0,,92.0,,,90
2007,October,Monday,Day,Light,Front to side collision,0.0,0.0,1.0,0.0,0.0,1.0,0.0,1.0,2.0,2.0,Junction,Exact,,90.0,,899.0,,,90
2007,November,Thursday,Day,Light,Front to side collision,0.0,0.0,5.0,0.0,0.0,5.0,0.0,5.0,2.0,2.0,Junction,Exact,,90.0,,,,,90
2007,October,Tuesday,Day,Light,Front to rear collision,0.0,0.0,1.0,0.0,0.0,1.0,0.0,1.0,2.0,2.0,Junction,Exact,,90.0,,8677.0,,,90
2007,November,Thursday,Day,Light,Front end collision,0.0,0.0,4.0,0.0,0.0,3.0,1.0,4.0,2.0,2.0,Junction,Exact,,90.0,,99.0,,,90