year,month,day_of_week,day_night,accident_severity,accident_type,killed,severly_injured,lightly_injured,injured_pedestrians,casualties_ages_0-19,casualties_ages_20-64,casualties_ages_65_plus,total_casualties,vehicle_count,drivers,road_type,localization_quality,settlement,road1,location,road2,road3,road4,source_road
2007,February,Wednesday,Day,Light,Front to side collision,0.0,0.0,3.0,0.0,0.0,3.0,0.0,3.0,2.0,2.0,Junction,Exact,,89.0,,90.0,,,90
2007,August,Tuesday,Day,Severe,Front to rear collision,0.0,1.0,0.0,0.0,0.0,1.0,0.0,1.0,2.0,2.0,Junction,Exact,,89.0,,90.0,,,90
2007,December,Saturday,Day,Light,Front to side collision,0.0,0.0,8.0,0.0,4.0,4.0,0.0,8.0,2.0,2.0,Junction,Exact,,90.0,,7589.0,,,90
2007,April,Thursday,Day,Light,Front to side collision,0.0,0.0,3.0,0.0,1.0,2.0,0.0,3.0,2.0,2.0,Junction,Exact,,89.0,,90.0,,,90
2007,March,Monday,Day,Light,Front to side collision,0.0,0.0,3.0,0.0,0.0,1.0,2.0,3.0,3.0,3.0,Junction,Exact,,90.0,,9119.0,,,90
2007,November,Tuesday,Night,Light,Front to side collision,0.0,0.0,6.0,0.0,2.0,4.0,0.0,6.0,2.0,2.0,Junction,Exact,,90.0,,,,,90
2007,June,Thursday,Day,Light,Front to side collision,0.0,0.0,2.0,0.0,0.0,2.0,0.0,2.0,2.0,2.0,Junction,Exact,,71.0,,90.0,,,90
2007,July,Wednesday,Day,Light,Front to side collision,0.0,0.0,3.0,0.0,3.0,0.0,0.0,3.0,2.0,2.0,Junction,Exact,,71.0,,90.0,,,90
2007,May,Saturday,Day,Light,Front to side collision,0.0,0.0,8.0,0.0,3.0,5.0,0.0,8.0,2.0,2.0,Junction,Exact,,1.0,287.1,90.0,,,90
2007,January,Wednesday,Night,Severe,Front to side collision,0.0,4.0,9.0,0.0,4.0,9.0,0.0,13.0,2.0,2.0,Junction,Exact,,90.0,,977.0,,,90
2007,October,Wednesday,Night,Light,Front to side collision,0.0,0.0,2.0,0.0,0.0,2.0,0.0,2.0,2.0,2.0,Junction,Exact,,89.0,,90.0,,,90
2007,June,Sunday,Day,Light,Front to side collision,0.0,0.0,3.0,0.0,0.0,3.0,0.0,3.0,2.0,2.0,Junction,Exact,,90.0,,807.0,,,90
2007,March,Thursday,Night,Light,Front to rear collision,0.0,0.0,7.0,0.0,2.0,5.0,0.0,7.0,3.0,3.0,Junction,Exact,,90.0,,899.0,,,90
2007,January,Saturday,Night,Light,Front to rear collision,0.0,0.0,6.0,0.0,3.0,3.0,0.0,6.0,2.0,2.0,Junction,Exact,,85.0,,90.0,,,90
2007,May,Thursday,Day,Light,Front to side collision,0.0,0.0,4.0,0.0,0.0,2.0,2.0,4.0,2.0,2.0,Junction,Exact,,85.0,,90.0,,,90
2007,May,Thursday,Day,Light,Front to side collision,0.0,0.0,3.0,0.0,0.0,3.0,0.0,3.0,2.0,2.0,Junction,Exact,,90.0,,,,,90
2007,December,Thursday,Night,Light,Side to side collision,0.0,0.0,5.0,0.0,1.0,4.0,0.0,5.0,2.0,2.0,Junction,Exact,,57.0,,90.0,,,90
2007,September,Monday,Night,Light,Front to side collision,0.0,0.0,1.0,0.0,0.0,1.0,0.0,1.0,2.0,2.0,Junction,Exact,,90.0,,9977.0,,,90
2007,June,Thursday,Night,Light,Front to side collision,0.0,0.0,3.0,0.0,0.0,3.0,0.0,3.0,2.0,2.0,Junction,Exact,,90.0,,8651.0,,,90
2007,April,Wednesday,Night,Light,Front to side collision,0.0,0.0,2.0,0.0,0.0,2.0,0.0,2.0,2.0,2.0,Junction,Exact,,90.0,,,,,90
2007,May,Friday,Night,Light,Front to side collision,0.0,0.0,2.0,0.0,1.0,1.0,0.0,2.0,2.0,2.0,Junction,Exact,,90.0,,,,,90
2007,November,Thursday,Night,Light,Front to side collision,0.0,0.0,1.0,0.0,0.0,1.0,0.0,1.0,2.0,2.0,Junction,Exact,,90.0,,,,,90
2007,February,Sunday,Night,Light,Front to side collision,0.0,0.0,6.0,0.0,0.0,6.0,0.0,6.0,2.0,2.0,Junction,Exact,,90.0,,,,,90
2007,March,Friday,Night,Light,Front to rear collision,0.0,0.0,14.0,0.0,12.0,2.0,0.0,14.0,2.0,2.0,Not junction,Exact,,90.0,416.6,,,,90
2007,May,Sunday,Night,Light,Roll over,0.0,0.0,1.0,0.0,0.0,1.0,0.0,1.0,1.0,1.0,Not junction,Exact,,90.0,316.0,,,,90
2007,August,Thursday,Night,Light,Roll over,0.0,0.0,1.0,0.0,0.0,1.0,0.0,1.0,1.0,1.0,Not junction,Exact,,90.0,266.0,,,,90
2007,October,Monday,Night,Severe,Pedestrian,0.0,1.0,0.0,1.0,1.0,0.0,0.0,1.0,1.0,1.0,Not junction,Exact,,90.0,220.1,,,,90
2007,December,Thursday,Night,Light,Hit an object,0.0,0.0,1.0,0.0,0.0,1.0,0.0,1.0,1.0,1.0,Not junction,Exact,,90.0,250.1,,,,90
2007,March,Saturday,Night,Severe,Hit an object,0.0,2.0,0.0,0.0,1.0,1.0,0.0,2.0,1.0,1.0,Not junction,Exact,,90.0,410.0,,,,90
2007,July,Sunday,Night,Light,Roll over,0.0,0.0,4.0,0.0,3.0,1.0,0.0,4.0,1.0,1.0,Not junction,Exact,,90.0,345.7,,,,90
2007,July,Wednesday,Night,Light,Front end collision,0.0,0.0,7.0,0.0,4.0,3.0,0.0,7.0,2.0,2.0,Not junction,Exact,,90.0,333.0,,,,90
2007,September,Wednesday,Night,Fatal,Front to side collision,1.0,1.0,1.0,0.0,0.0,3.0,0.0,3.0,2.0,2.0,Not junction,Exact,,90.0,84.4,,,,90
2007,January,Tuesday,Night,Light,Roll over,0.0,0.0,1.0,0.0,0.0,1.0,0.0,1.0,1.0,1.0,Not junction,Exact,,90.0,51.6,,,,90
2007,January,Sunday,Night,Light,Side to side collision,0.0,0.0,1.0,0.0,0.0,1.0,0.0,1.0,2.0,2.0,Not junction,Exact,,90.0,445.1,,,,90
2007,May,Saturday,Night,Light,Front end collision,0.0,0.0,4.0,0.0,1.0,3.0,0.0,4.0,2.0,2.0,Not junction,Exact,,90.0,414.1,,,,90
2007,August,Friday,Night,Light,Hit an object,0.0,0.0,1.0,0.0,0.0,1.0,0.0,1.0,1.0,1.0,Not junction,Exact,,90.0,440.1,,,,90
2007,August,Sunday,Night,Fatal,Pedestrian,1.0,0.0,0.0,1.0,0.0,1.0,0.0,1.0,1.0,1.0,Not junction,Exact,,90.0,318.6,,,,90
2007,December,Thursday,Night,Severe,Roll over,0.0,1.0,0.0,0.0,0.0,1.0,0.0,1.0,1.0,1.0,Not junction,Exact,,90.0,410.0,,,,90
2007,June,Monday,Night,Light,Roll over,0.0,0.0,1.0,0.0,0.0,1.0,0.0,1.0,1.0,1.0,Not junction,Exact,,90.0,382.5,,,,90
2007,December,Tuesday,Night,Light,Side to side collision,0.0,0.0,5.0,0.0,1.0,4.0,0.0,5.0,3.0,3.0,Not junction,Exact,,90.0,54.3,,,,90
2007,February,Friday,Night,Light,Roll over,0.0,0.0,1.0,0.0,0.0,1.0,0.0,1.0,1.0,1.0,Not junction,Exact,,90.0,318.0,,,,90
2007,July,Thursday,Day,Light,Hit an object,0.0,0.0,4.0,0.0,2.0,2.0,0.0,4.0,1.0,1.0,Not junction,Exact,,90.0,72.1,,,,90
2007,September,Thursday,Night,Light,Roll over,0.0,0.0,3.0,0.0,0.0,3.0,0.0,3.0,1.0,1.0,Not junction,Exact,,90.0,74.0,,,,90
2007,January,Monday,Night,Light,Drive off road or on paveway,0.0,0.0,1.0,0.0,0.0,1.0,0.0,1.0,1.0,1.0,Not junction,Exact,,90.0,347.0,,,,90
2007,October,Wednesday,Day,Severe,Roll over,0.0,1.0,0.0,0.0,0.0,1.0,0.0,1.0,1.0,1.0,Not junction,Exact,,90.0,123.6,,,,90
2007,June,Sunday,Day,Severe,Roll over,0.0,1.0,3.0,0.0,2.0,2.0,0.0,4.0,1.0,1.0,Not junction,Exact,,90.0,84.6,,,,90
2007,May,Thursday,Day,Light,Front to side collision,0.0,0.0,2.0,0.0,0.0,1.0,1.0,2.0,2.0,2.0,Not junction,Exact,,90.0,337.9,,,,90
2007,December,Wednesday,Night,Light,Roll over,0.0,0.0,1.0,0.0,0.0,1.0,0.0,1.0,1.0,1.0,Not junction,Exact,,90.0,356.1,,,,90
2007,August,Tuesday,Day,Light,Side to side collision,0.0,0.0,2.0,0.0,0.0,2.0,0.0,2.0,3.0,3.0,Not junction,Exact,,90.0,386.9,,,,90
2007,September,Tuesday,Day,Light,Roll over,0.0,0.0,1.0,0.0,0.0,1.0,0.0,1.0,2.0,2.0,Not junction,Exact,,90.0,345.2,,,,90
2007,August,Monday,Day,Severe,Side to side collision,0.0,1.0,3.0,0.0,0.0,3.0,1.0,4.0,3.0,3.0,Not junction,Exact,,90.0,460.3,,,,90
2007,September,Sunday,Day,Fatal,Front end collision,4.0,2.0,1.0,0.0,3.0,4.0,0.0,7.0,2.0,2.0,Not junction,Exact,,90.0,68.0,,,,90
2007,March,Friday,Day,Light,Roll over,0.0,0.0,2.0,0.0,0.0,2.0,0.0,2.0,2.0,2.0,Not junction,Exact,,90.0,180.5,,,,90
2007,January,Wednesday,Day,Light,Front to rear collision,0.0,0.0,7.0,0.0,1.0,6.0,0.0,7.0,2.0,2.0,Not junction,Exact,,90.0,451.5,,,,90
2007,January,Monday,Day,Light,Front to side collision,0.0,0.0,2.0,0.0,0.0,2.0,0.0,2.0,2.0,2.0,Not junction,Exact,,90.0,468.8,,,,90
2007,November,Thursday,Day,Light,Side to side collision,0.0,0.0,2.0,0.0,0.0,2.0,0.0,2.0,2.0,2.0,Not junction,Exact,,90.0,459.1,,,,90
2007,May,Sunday,Day,Light,Front end collision,0.0,0.0,4.0,0.0,1.0,3.0,0.0,4.0,2.0,2.0,Not junction,Exact,,90.0,417.1,,,,90
2007,September,Sunday,Day,Light,Side to side collision,0.0,0.0,1.0,0.0,0.0,0.0,1.0,1.0,2.0,2.0,Not junction,Exact,,90.0,152.3,,,,90
2007,June,Saturday,Day,Severe,Pedestrian,0.0,1.0,0.0,1.0,0.0,1.0,0.0,1.0,1.0,1.0,Not junction,Exact,,90.0,407.3,,,,90
2007,October,Friday,Day,Light,Roll over,0.0,0.0,2.0,0.0,0.0,2.0,0.0,2.0,1.0,1.0,Not junction,Exact,,90.0,320.7,,,,90
2007,March,Thursday,Day,Light,Front to rear collision,0.0,0.0,2.0,0.0,0.0,2.0,0.0,2.0,3.0,3.0,Not junction,Exact,,90.0,312.8,,,,90
2007,April,Wednesday,Day,Fatal,Front end collision,1.0,0.0,0.0,0.0,0.0,1.0,0.0,1.0,2.0,2.0,Not junction,Exact,,90.0,403.2,,,,90
2007,April,Friday,Day,Light,Front to side collision,0.0,0.0,2.0,0.0,0.0,2.0,0.0,2.0,2.0,2.0,Not junction,Exact,,90.0,58.1,,,,90
2007,February,Sunday,Day,Fatal,Front to rear collision,1.0,1.0,0.0,0.0,0.0,1.0,1.0,2.0,2.0,2.0,Not junction,Exact,,90.0,458.8,,,,90
2007,December,Friday,Day,Light,Front to rear collision,0.0,0.0,1.0,0.0,0.0,1.0,0.0,1.0,2.0,2.0,Not junction,Exact,,90.0,442.4,,,,90
2007,November,Monday,Day,Severe,Roll over,0.0,1.0,1.0,0.0,0.0,2.0,0.0,2.0,1.0,1.0,Not junction,Exact,,90.0,400.0,,,,90
2007,January,Friday,Day,Light,Front to side collision,0.0,0.0,3.0,0.0,0.0,3.0,0.0,3.0,2.0,2.0,Not junction,Exact,,90.0,339.2,,,,90
2007,March,Friday,Day,Fatal,Drive off road or on paveway,1.0,0.0,0.0,0.0,0.0,1.0,0.0,1.0,1.0,1.0,Not junction,Exact,,90.0,423.5,,,,90
2007,April,Thursday,Day,Light,Side to side collision,0.0,0.0,1.0,0.0,0.0,1.0,0.0,1.0,2.0,2.0,Not junction,Exact,,90.0,453.0,,,,90
2007,May,Saturday,Day,Light,Hit an object,0.0,0.0,5.0,0.0,1.0,4.0,0.0,5.0,1.0,1.0,Not junction,Exact,,90.0,435.5,,,,90
2007,September,Sunday,Day,Severe,Roll over,0.0,1.0,0.0,0.0,0.0,1.0,0.0,1.0,1.0,1.0,Not junction,Exact,,90.0,287.0,,,,90
2007,November,Friday,Day,Light,Side to side collision,0.0,0.0,2.0,0.0,0.0,2.0,0.0,2.0,2.0,2.0,Not junction,Exact,,90.0,28.5,,,,90
2007,October,Tuesday,Day,Fatal,Front end collision,3.0,2.0,2.0,0.0,3.0,4.0,0.0,7.0,2.0,2.0,Not junction,Exact,,90.0,345.2,,,,90
2007,July,Sunday,Day,Severe,Collision with stopped vehicle,0.0,1.0,1.0,0.0,0.0,0.0,2.0,2.0,2.0,2.0,Not junction,Exact,,90.0,247.1,,,,90
2007,June,Tuesday,Day,Light,Roll over,0.0,0.0,4.0,0.0,4.0,0.0,0.0,4.0,1.0,1.0,Not junction,Exact,,90.0,281.0,,,,90
2007,December,Monday,Day,Severe,Side to side collision,0.0,1.0,1.0,0.0,0.0,2.0,0.0,2.0,2.0,2.0,Not junction,Exact,,90.0,346.8,,,,90
2007,July,Monday,Day,Light,Roll over,0.0,0.0,1.0,0.0,0.0,1.0,0.0,1.0,1.0,1.0,Not junction,Exact,,90.0,381.9,,,,90
2007,December,Thursday,Day,Light,Front to rear collision,0.0,0.0,7.0,0.0,2.0,5.0,0.0,7.0,3.0,3.0,Not junction,Exact,,90.0,440.4,,,,90
2007,April,Wednesday,Day,Severe,Roll over,0.0,1.0,0.0,0.0,0.0,0.0,1.0,1.0,1.0,1.0,Not junction,Exact,,90.0,327.0,,,,90
2007,May,Wednesday,Day,Severe,Roll over,0.0,1.0,0.0,0.0,0.0,1.0,0.0,1.0,1.0,1.0,Not junction,Exact,,90.0,388.5,,,,90
2007,April,Wednesday,Day,Light,Slip,0.0,0.0,2.0,0.0,0.0,2.0,0.0,2.0,1.0,1.0,Not junction,Exact,,90.0,260.0,,,,90
2007,August,Saturday,Day,Light,Front to side collision,0.0,0.0,6.0,0.0,3.0,3.0,0.0,6.0,2.0,2.0,Not junction,Exact,,90.0,298.0,,,,90
2007,May,Thursday,Day,Light,Side to side collision,0.0,0.0,7.0,0.0,1.0,6.0,0.0,7.0,4.0,4.0,Not junction,Exact,,90.0,450.1,,,,90
2007,February,Thursday,Day,Light,Front end collision,0.0,0.0,7.0,0.0,3.0,4.0,0.0,7.0,2.0,2.0,Not junction,Exact,,90.0,243.8,,,,90
2007,April,Monday,Day,Light,Front to side collision,0.0,0.0,8.0,0.0,5.0,3.0,0.0,8.0,2.0,2.0,Not junction,Exact,,90.0,382.0,,,,90
2007,April,Thursday,Day,Severe,Side to side collision,0.0,2.0,8.0,0.0,6.0,4.0,0.0,10.0,4.0,4.0,Not junction,Exact,,90.0,458.8,,,,90
2007,July,Sunday,Day,Severe,Front end collision,0.0,1.0,23.0,0.0,13.0,11.0,0.0,24.0,2.0,2.0,Not junction,Exact,,90.0,309.2,,,,90
2007,May,Monday,Day,Light,Front end collision,0.0,0.0,8.0,0.0,1.0,7.0,0.0,8.0,2.0,2.0,Not junction,Exact,,90.0,340.9,,,,90
2007,February,Sunday,Day,Light,Hit an object,0.0,0.0,2.0,0.0,0.0,2.0,0.0,2.0,1.0,1.0,Not junction,Exact,,90.0,352.0,,,,90
2007,September,Monday,Day,Light,Side to side collision,0.0,0.0,2.0,0.0,0.0,2.0,0.0,2.0,2.0,2.0,Not junction,Exact,,90.0,451.2,,,,90
2007,August,Monday,Day,Fatal,Front end collision,2.0,1.0,1.0,0.0,2.0,2.0,0.0,4.0,2.0,2.0,Not junction,Exact,,90.0,89.7,,,,90
2007,June,Saturday,Day,Severe,Hit an object,0.0,2.0,0.0,0.0,0.0,2.0,0.0,2.0,1.0,1.0,Not junction,Exact,,90.0,394.1,,,,90
2007,October,Tuesday,Day,Light,Front to rear collision,0.0,0.0,89.0,0.0,81.0,8.0,0.0,89.0,4.0,4.0,Not junction,Exact,,90.0,164.2,,,,90
2007,August,Thursday,Day,Light,Roll over,0.0,0.0,5.0,0.0,3.0,2.0,0.0,5.0,1.0,1.0,Not junction,Exact,,90.0,337.7,,,,90
2007,June,Thursday,Day,Light,Front to rear collision,0.0,0.0,11.0,0.0,3.0,8.0,0.0,11.0,2.0,2.0,Not junction,Exact,,90.0,414.1,,,,90
2007,January,Friday,Day,Light,Side to side collision,0.0,0.0,1.0,0.0,0.0,1.0,0.0,1.0,2.0,2.0,Not junction,Exact,,90.0,445.1,,,,90
2007,May,Thursday,Day,Light,Hit an object,0.0,0.0,1.0,0.0,0.0,1.0,0.0,1.0,1.0,1.0,Not junction,Exact,,90.0,429.1,,,,90
2007,June,Friday,Day,Light,Roll over,0.0,0.0,1.0,0.0,0.0,1.0,0.0,1.0,1.0,1.0,Not junction,Centered,,90.0,30.0,,,,90
2007,April,Monday,Day,Severe,Front to side collision,0.0,1.0,6.0,0.0,1.0,4.0,2.0,7.0,3.0,3.0,Not junction,Exact,,90.0,414.4,,,,90
2007,December,Sunday,Night,Severe,Front to side collision,0.0,1.0,0.0,0.0,0.0,1.0,0.0,1.0,3.0,3.0,Not junction,Exact,,90.0,354.8,,,,90
2007,July,Wednesday,Day,Light,Front to side collision,0.0,0.0,2.0,0.0,0.0,2.0,0.0,2.0,2.0,2.0,Not junction,Exact,,90.0,414.3,,,,90
2007,September,Wednesday,Day,Light,Front end collision,0.0,0.0,4.0,0.0,2.0,2.0,0.0,4.0,2.0,2.0,Not junction,Exact,,90.0,413.0,,,,90
2007,September,Thursday,Day,Fatal,Hit an object,4.0,0.0,0.0,0.0,0.0,2.0,2.0,4.0,1.0,1.0,Not junction,Exact,,90.0,423.5,,,,90
2007,April,Sunday,Day,Light,Drive off road or on paveway,0.0,0.0,1.0,0.0,0.0,1.0,0.0,1.0,1.0,1.0,Not junction,Exact,,90.0,347.5,,,,90
2007,June,Saturday,Day,Light,Front to side collision,0.0,0.0,5.0,0.0,2.0,3.0,0.0,5.0,2.0,2.0,Not junction,Exact,,90.0,416.6,,,,90
2007,September,Thursday,Day,Severe,Front to side collision,0.0,1.0,1.0,0.0,0.0,2.0,0.0,2.0,2.0,2.0,Not junction,Exact,,90.0,456.9,,,,90
2007,May,Thursday,Day,Severe,Front end collision,0.0,1.0,5.0,0.0,2.0,4.0,0.0,6.0,2.0,2.0,Not junction,Exact,,90.0,35.2,,,,90
2007,December,Thursday,Night,Fatal,Roll over,2.0,0.0,0.0,0.0,0.0,2.0,0.0,2.0,1.0,1.0,Not junction,Exact,,90.0,195.0,,,,90
2007,August,Sunday,Day,Severe,Front to side collision,0.0,2.0,4.0,0.0,1.0,5.0,0.0,6.0,2.0,2.0,Not junction,Exact,,90.0,323.2,,,,90
2007,December,Saturday,Night,Fatal,Front to rear collision,1.0,0.0,11.0,0.0,6.0,5.0,1.0,12.0,4.0,4.0,Not junction,Exact,,90.0,436.1,,,,90
2007,November,Wednesday,Night,Light,Side to side collision,0.0,0.0,3.0,0.0,0.0,3.0,0.0,3.0,3.0,3.0,Not junction,Exact,,90.0,460.3,,,,90
2007,December,Sunday,Night,Light,Side to side collision,0.0,0.0,7.0,0.0,2.0,5.0,0.0,7.0,3.0,3.0,Not junction,Exact,,90.0,30.1,,,,90
2007,April,Thursday,Day,Severe,Roll over,0.0,1.0,2.0,0.0,0.0,3.0,0.0,3.0,1.0,1.0,Not junction,Exact,,90.0,28.3,,,,90
2007,March,Monday,Night,Light,Front to side collision,0.0,0.0,2.0,0.0,0.0,2.0,0.0,2.0,2.0,2.0,Not junction,Exact,,90.0,435.8,,,,90
2007,June,Sunday,Day,Light,Front to rear collision,0.0,0.0,1.0,0.0,0.0,1.0,0.0,1.0,2.0,2.0,Not junction,Exact,,90.0,464.6,,,,90
2007,August,Sunday,Day,Light,Front to side collision,0.0,0.0,5.0,0.0,3.0,2.0,0.0,5.0,3.0,3.0,Not junction,Exact,,90.0,418.1,,,,90
2007,October,Saturday,Night,Light,Drive off road or on paveway,0.0,0.0,3.0,0.0,0.0,3.0,0.0,3.0,2.0,2.0,Not junction,Exact,,90.0,435.8,,,,90
2007,December,Sunday,Night,Severe,Front end collision,0.0,4.0,1.0,0.0,2.0,3.0,0.0,5.0,2.0,2.0,Not junction,Exact,,90.0,314.1,,,,90
2007,September,Saturday,Night,Light,Front to side collision,0.0,0.0,5.0,0.0,3.0,2.0,0.0,5.0,2.0,2.0,Not junction,Exact,,90.0,320.8,,,,90
2007,December,Thursday,Night,Light,Front end collision,0.0,0.0,8.0,0.0,4.0,4.0,0.0,8.0,2.0,2.0,Not junction,Exact,,90.0,354.9,,,,90
2007,September,Wednesday,Night,Light,Front to side collision,0.0,0.0,2.0,0.0,0.0,2.0,0.0,2.0,2.0,2.0,Not junction,Exact,,90.0,411.2,,,,90
2007,June,Monday,Night,Light,Roll over,0.0,0.0,2.0,0.0,0.0,2.0,0.0,2.0,1.0,1.0,Not junction,Exact,,90.0,345.0,,,,90
2007,September,Saturday,Night,Light,Roll over,0.0,0.0,2.0,0.0,0.0,2.0,0.0,2.0,1.0,1.0,Not junction,Exact,,90.0,69.8,,,,90
2007,March,Saturday,Night,Severe,Front to side collision,0.0,2.0,3.0,0.0,0.0,5.0,0.0,5.0,2.0,2.0,Not junction,Exact,,90.0,458.8,,,,90
2007,January,Sunday,Night,Fatal,Hit an object,1.0,1.0,1.0,0.0,3.0,0.0,0.0,3.0,1.0,1.0,Not junction,Exact,,90.0,445.1,,,,90
2007,June,Wednesday,Night,Light,Side to side collision,0.0,0.0,4.0,0.0,4.0,0.0,0.0,4.0,2.0,2.0,Not junction,Exact,,90.0,266.2,,,,90
2007,October,Sunday,Night,Light,Front end collision,0.0,0.0,1.0,0.0,0.0,0.0,1.0,1.0,2.0,2.0,Not junction,Exact,,90.0,445.1,,,,90
2007,January,Wednesday,Night,Fatal,Front end collision,2.0,4.0,1.0,0.0,3.0,4.0,0.0,7.0,2.0,2.0,Not junction,Exact,,90.0,56.8,,,,90
2007,August,Sunday,Night,Light,Roll over,0.0,0.0,3.0,0.0,3.0,0.0,0.0,3.0,1.0,1.0,Not junction,Exact,,90.0,316.2,,,,90
2007,September,Friday,Night,Severe,Roll over,0.0,1.0,3.0,0.0,0.0,4.0,0.0,4.0,1.0,1.0,Not junction,Exact,,90.0,95.7,,,,90
2007,April,Thursday,Night,Severe,Roll over,0.0,1.0,4.0,0.0,3.0,2.0,0.0,5.0,1.0,1.0,Not junction,Exact,,90.0,316.2,,,,90
2007,August,Monday,Night,Light,Hit an object,0.0,0.0,3.0,0.0,0.0,3.0,0.0,3.0,1.0,1.0,Not junction,Centered,,90.0,242.0,,,,90
2007,October,Saturday,Night,Fatal,Front end collision,1.0,0.0,2.0,0.0,1.0,2.0,0.0,3.0,2.0,2.0,Not junction,Exact,,90.0,170.1,,,,90
2007,August,Tuesday,Night,Light,Side to side collision,0.0,0.0,2.0,0.0,1.0,1.0,0.0,2.0,2.0,2.0,Not junction,Exact,,90.0,415.5,,,,90
2007,April,Tuesday,Night,Light,Hit an object,0.0,0.0,1.0,0.0,0.0,1.0,0.0,1.0,1.0,1.0,Not junction,Exact,,90.0,434.2,,,,90
2007,January,Saturday,Night,Severe,Hit an object,0.0,1.0,1.0,0.0,0.0,2.0,0.0,2.0,1.0,1.0,Not junction,Exact,,90.0,445.5,,,,90
2007,June,Thursday,Night,Severe,Roll over,0.0,1.0,2.0,0.0,1.0,2.0,0.0,3.0,1.0,1.0,Not junction,Exact,,90.0,384.8,,,,90
2007,January,Monday,Night,Light,Hit an object,0.0,0.0,1.0,0.0,0.0,1.0,0.0,1.0,1.0,1.0,Not junction,Exact,,90.0,429.5,,,,90
2007,July,Thursday,Night,Light,Front to side collision,0.0,0.0,5.0,0.0,0.0,5.0,0.0,5.0,2.0,2.0,Not junction,Exact,,90.0,352.5,,,,90
2007,July,Monday,Night,Fatal,Front end collision,1.0,2.0,3.0,0.0,2.0,4.0,0.0,6.0,2.0,2.0,Not junction,Exact,,90.0,293.6,,,,90
2007,July,Friday,Night,Light,Front to side collision,0.0,0.0,5.0,0.0,2.0,3.0,0.0,5.0,3.0,3.0,Not junction,Exact,,90.0,412.2,,,,90
2007,January,Tuesday,Night,Severe,Front to side collision,0.0,2.0,5.0,0.0,1.0,6.0,0.0,7.0,2.0,2.0,Not junction,Exact,,90.0,401.4,,,,90
2007,December,Sunday,Night,Light,Hit an object,0.0,0.0,3.0,0.0,3.0,0.0,0.0,3.0,1.0,1.0,Not junction,Exact,,90.0,321.2,,,,90
2008,June,Saturday,Night,Light,Front to side collision,0.0,0.0,5.0,0.0,0.0,4.0,1.0,5.0,2.0,2.0,Junction,Exact,,90.0,,9115.0,,,90
2008,January,Sunday,Night,Light,Front end collision,0.0,0.0,4.0,0.0,1.0,3.0,0.0,4.0,2.0,2.0,Junction,Exact,,71.0,,90.0,,,90
2008,September,Saturday,Night,Light,Front to side collision,0.0,0.0,5.0,0.0,2.0,3.0,0.0,5.0,2.0,2.0,Junction,Exact,,90.0,,,,,90
2008,July,Tuesday,Day,Light,Front to side collision,0.0,0.0,1.0,0.0,0.0,1.0,0.0,1.0,2.0,2.0,Junction,Exact,,85.0,,90.0,,,90
2008,July,Tuesday,Day,Light,Front to side collision,0.0,0.0,2.0,0.0,0.0,2.0,0.0,2.0,2.0,2.0,Junction,Exact,,57.0,,90.0,,,90
2008,September,Sunday,Day,Light,Front to rear collision,0.0,0.0,4.0,0.0,3.0,1.0,0.0,4.0,2.0,2.0,Junction,Exact,,90.0,,91.0,,,90
2008,August,Friday,Day,Light,Front to side collision,0.0,0.0,2.0,0.0,0.0,2.0,0.0,2.0,2.0,2.0,Junction,Exact,,90.0,,1302.0,,,90
2008,November,Friday,Day,Light,Front to side collision,0.0,0.0,2.0,0.0,0.0,2.0,0.0,2.0,2.0,2.0,Junction,Exact,,89.0,,90.0,,,90
2008,November,Monday,Day,Light,Front to side collision,0.0,0.0,2.0,0.0,0.0,2.0,0.0,2.0,2.0,2.0,Junction,Exact,,90.0,,8677.0,,,90
2008,November,Thursday,Day,Light,Front to side collision,0.0,0.0,1.0,0.0,0.0,1.0,0.0,1.0,2.0,2.0,Junction,Exact,,90.0,,977.0,,,90
2008,March,Wednesday,Day,Light,Front to side collision,0.0,0.0,3.0,0.0,0.0,2.0,1.0,3.0,2.0,2.0,Junction,Exact,,71.0,,90.0,,,90
2008,July,Wednesday,Day,Light,Front to side collision,0.0,0.0,1.0,0.0,0.0,1.0,0.0,1.0,2.0,2.0,Junction,Exact,,90.0,,9977.0,,,90
2008,March,Thursday,Day,Light,Front to side collision,0.0,0.0,1.0,0.0,0.0,0.0,1.0,1.0,2.0,2.0,Junction,Exact,,90.0,,6678.0,,,90
2008,June,Thursday,Day,Light,Front to side collision,0.0,0.0,1.0,0.0,0.0,1.0,0.0,1.0,2.0,2.0,Junction,Exact,,71.0,,90.0,,,90
2008,July,Monday,Day,Light,Front to side collision,0.0,0.0,3.0,0.0,0.0,3.0,0.0,3.0,2.0,2.0,Junction,Exact,,90.0,,9119.0,,,90
2008,February,Sunday,Day,Light,Front to side collision,0.0,0.0,2.0,0.0,0.0,2.0,0.0,2.0,3.0,3.0,Junction,Exact,,90.0,,91.0,,,90
2008,June,Tuesday,Day,Severe,Front to side collision,0.0,1.0,3.0,0.0,0.0,4.0,0.0,4.0,2.0,2.0,Junction,Exact,,89.0,,90.0,,,90