year,month,day_of_week,day_night,accident_severity,accident_type,killed,severly_injured,lightly_injured,injured_pedestrians,casualties_ages_0-19,casualties_ages_20-64,casualties_ages_65_plus,total_casualties,vehicle_count,drivers,road_type,localization_quality,settlement,road1,location,road2,road3,road4,source_road
2008,April,Monday,Day,Light,Front to side collision,0.0,0.0,4.0,0.0,0.0,4.0,0.0,4.0,2.0,2.0,Junction,Exact,,90.0,319.6,505.0,,,90
2008,July,Sunday,Day,Light,Front to side collision,0.0,0.0,5.0,0.0,0.0,5.0,0.0,5.0,3.0,3.0,Junction,Exact,,90.0,,9977.0,,,90
2008,July,Friday,Day,Light,Front to side collision,0.0,0.0,4.0,0.0,1.0,3.0,0.0,4.0,3.0,3.0,Junction,Exact,,90.0,,,,,90
2008,March,Sunday,Day,Light,Side to side collision,0.0,0.0,3.0,0.0,1.0,2.0,0.0,3.0,2.0,2.0,Junction,Exact,,89.0,,90.0,,,90
2008,October,Wednesday,Day,Light,Drive off road or on paveway,0.0,0.0,2.0,0.0,0.0,2.0,0.0,2.0,2.0,2.0,Junction,Exact,,85.0,,90.0,,,90
2008,April,Sunday,Day,Light,Front to side collision,0.0,0.0,7.0,0.0,5.0,2.0,0.0,7.0,2.0,2.0,Junction,Exact,,90.0,,91.0,,,90
2008,April,Friday,Day,Light,Front end collision,0.0,0.0,4.0,0.0,1.0,3.0,0.0,4.0,2.0,2.0,Junction,Exact,,90.0,,6661.0,,,90
2008,September,Thursday,Day,Light,Front to side collision,0.0,0.0,1.0,0.0,0.0,1.0,0.0,1.0,2.0,2.0,Junction,Exact,,71.0,,90.0,,,90
2008,January,Tuesday,Day,Light,Front to side collision,0.0,0.0,3.0,0.0,1.0,2.0,0.0,3.0,2.0,2.0,Junction,Exact,,71.0,,90.0,,,90
2008,March,Sunday,Day,Light,Front to side collision,0.0,0.0,3.0,0.0,0.0,3.0,0.0,3.0,3.0,3.0,Junction,Exact,,90.0,,807.0,,,90
2008,June,Sunday,Day,Light,Front to side collision,0.0,0.0,5.0,0.0,0.0,4.0,1.0,5.0,2.0,2.0,Junction,Exact,,89.0,,90.0,,,90
2008,July,Thursday,Day,Severe,Front to side collision,0.0,3.0,2.0,0.0,0.0,3.0,2.0,5.0,2.0,2.0,Junction,Exact,,90.0,,977.0,,,90
2008,May,Friday,Day,Light,Front to side collision,0.0,0.0,2.0,0.0,1.0,1.0,0.0,2.0,2.0,2.0,Junction,Exact,,90.0,,807.0,,,90
2008,July,Monday,Day,Light,Front to rear collision,0.0,0.0,2.0,0.0,0.0,2.0,0.0,2.0,2.0,2.0,Junction,Exact,,90.0,,9119.0,,,90
2008,July,Saturday,Day,Severe,Front to side collision,0.0,1.0,3.0,0.0,0.0,4.0,0.0,4.0,2.0,2.0,Junction,Exact,,71.0,,90.0,,,90
2008,May,Friday,Day,Light,Front to side collision,0.0,0.0,3.0,0.0,2.0,1.0,0.0,3.0,2.0,2.0,Junction,Exact,,71.0,,90.0,,,90
2008,February,Friday,Day,Light,Front to rear collision,0.0,0.0,9.0,0.0,4.0,5.0,0.0,9.0,2.0,2.0,Junction,Exact,,90.0,,91.0,,,90
2008,April,Friday,Day,Light,Hit an object,0.0,0.0,1.0,0.0,0.0,1.0,0.0,1.0,1.0,1.0,Junction,Exact,,90.0,,91.0,,,90
2008,November,Wednesday,Day,Light,Front to side collision,0.0,0.0,2.0,0.0,1.0,1.0,0.0,2.0,2.0,2.0,Junction,Exact,,71.0,,90.0,,,90
2008,April,Sunday,Day,Severe,Front to side collision,0.0,2.0,1.0,0.0,0.0,1.0,2.0,3.0,2.0,2.0,Junction,Exact,,90.0,,8651.0,,,90
2008,May,Thursday,Day,Light,Pedestrian,0.0,0.0,1.0,1.0,1.0,0.0,0.0,1.0,1.0,1.0,Junction,Exact,,90.0,,92.0,,,90
2008,June,Sunday,Day,Light,Front to side collision,0.0,0.0,4.0,0.0,1.0,3.0,0.0,4.0,2.0,2.0,Junction,Exact,,90.0,,8677.0,,,90
2008,August,Sunday,Day,Light,Front to side collision,0.0,0.0,3.0,0.0,1.0,2.0,0.0,3.0,2.0,2.0,Junction,Exact,,90.0,,7579.0,,,90
2008,June,Tuesday,Day,Light,Front to side collision,0.0,0.0,1.0,0.0,0.0,1.0,0.0,1.0,2.0,2.0,Junction,Exact,,90.0,54.0,1123.0,,,90
2008,September,Monday,Day,Light,Front to side collision,0.0,0.0,3.0,0.0,1.0,2.0,0.0,3.0,2.0,2.0,Junction,Exact,,71.0,,90.0,,,90
2008,December,Monday,Day,Light,Front to side collision,0.0,0.0,3.0,0.0,1.0,2.0,0.0,3.0,2.0,2.0,Junction,Exact,,90.0,,7591.0,,,90
2008,July,Thursday,Day,Severe,Front to side collision,0.0,1.0,7.0,0.0,4.0,4.0,0.0,8.0,2.0,2.0,Junction,Exact,,85.0,,90.0,,,90
2008,July,Friday,Day,Light,Front to side collision,0.0,0.0,1.0,0.0,0.0,1.0,0.0,1.0,2.0,2.0,Junction,Exact,,1.0,287.1,90.0,,,90
2008,July,Tuesday,Day,Light,Front end collision,0.0,0.0,1.0,0.0,0.0,1.0,0.0,1.0,2.0,2.0,Junction,Exact,,90.0,,99.0,,,90
2008,July,Wednesday,Day,Light,Front to side collision,0.0,0.0,2.0,0.0,0.0,2.0,0.0,2.0,2.0,2.0,Junction,Exact,,89.0,,90.0,,,90
2008,May,Monday,Day,Light,Front to side collision,0.0,0.0,7.0,0.0,1.0,3.0,3.0,7.0,2.0,2.0,Junction,Exact,,89.0,,90.0,,,90
2008,February,Saturday,Night,Light,Side to side collision,0.0,0.0,2.0,0.0,0.0,2.0,0.0,2.0,2.0,2.0,Junction,Exact,,90.0,,8651.0,,,90
2008,March,Wednesday,Night,Light,Front to side collision,0.0,0.0,1.0,0.0,0.0,1.0,0.0,1.0,2.0,2.0,Junction,Exact,,90.0,,,,,90
2008,October,Wednesday,Night,Light,Front end collision,0.0,0.0,3.0,0.0,1.0,2.0,0.0,3.0,2.0,2.0,Junction,Exact,,90.0,,,,,90
2008,October,Sunday,Night,Light,Front to side collision,0.0,0.0,1.0,0.0,0.0,1.0,0.0,1.0,2.0,2.0,Junction,Exact,,90.0,,807.0,,,90
2008,January,Tuesday,Night,Fatal,Front to side collision,1.0,0.0,1.0,0.0,0.0,2.0,0.0,2.0,2.0,2.0,Junction,Exact,,90.0,,8651.0,,,90
2008,September,Thursday,Night,Light,Front to side collision,0.0,0.0,3.0,0.0,1.0,2.0,0.0,3.0,3.0,3.0,Junction,Exact,,71.0,,90.0,,,90
2008,January,Tuesday,Night,Severe,Front to side collision,0.0,1.0,1.0,0.0,0.0,2.0,0.0,2.0,3.0,3.0,Junction,Exact,,90.0,,99.0,,,90
2008,August,Friday,Night,Light,Front to side collision,0.0,0.0,5.0,0.0,2.0,3.0,0.0,5.0,2.0,2.0,Junction,Exact,,90.0,,92.0,,,90
2008,February,Friday,Night,Light,Front to side collision,0.0,0.0,3.0,0.0,0.0,3.0,0.0,3.0,2.0,2.0,Junction,Exact,,90.0,,578.0,,,90
2008,January,Thursday,Night,Light,Front to side collision,0.0,0.0,7.0,0.0,4.0,3.0,0.0,7.0,2.0,2.0,Junction,Exact,,90.0,,6661.0,,,90
2008,December,Thursday,Night,Light,Front end collision,0.0,0.0,6.0,0.0,2.0,4.0,0.0,6.0,3.0,3.0,Junction,Exact,,85.0,,90.0,,,90
2008,May,Monday,Night,Light,Front to side collision,0.0,0.0,2.0,0.0,0.0,2.0,0.0,2.0,2.0,2.0,Junction,Exact,,89.0,,90.0,,,90
2008,December,Tuesday,Night,Light,Front to side collision,0.0,0.0,3.0,0.0,2.0,1.0,0.0,3.0,2.0,2.0,Junction,Exact,,1.0,287.1,90.0,,,90
2008,November,Friday,Night,Fatal,Drive off road or on paveway,1.0,1.0,0.0,0.0,0.0,2.0,0.0,2.0,1.0,1.0,Not junction,Exact,,90.0,457.5,,,,90
2008,August,Friday,Night,Light,Front to side collision,0.0,0.0,7.0,0.0,5.0,2.0,0.0,7.0,2.0,2.0,Not junction,Exact,,90.0,409.9,,,,90
2008,August,Saturday,Night,Fatal,Pedestrian,1.0,0.0,0.0,1.0,0.0,1.0,0.0,1.0,1.0,1.0,Not junction,Exact,,90.0,411.2,,,,90
2008,February,Saturday,Night,Light,Hit an object,0.0,0.0,1.0,0.0,0.0,1.0,0.0,1.0,1.0,1.0,Not junction,Exact,,90.0,457.9,,,,90
2008,August,Saturday,Night,Light,Drive off road or on paveway,0.0,0.0,3.0,0.0,1.0,2.0,0.0,3.0,1.0,1.0,Not junction,Exact,,90.0,428.8,,,,90
2008,August,Saturday,Night,Light,Drive off road or on paveway,0.0,0.0,1.0,0.0,0.0,1.0,0.0,1.0,1.0,1.0,Not junction,Exact,,90.0,446.3,,,,90
2008,July,Saturday,Night,Light,Side to side collision,0.0,0.0,3.0,0.0,0.0,3.0,0.0,3.0,3.0,3.0,Not junction,Exact,,90.0,455.5,,,,90
2008,November,Friday,Night,Light,Drive off road or on paveway,0.0,0.0,1.0,0.0,1.0,0.0,0.0,1.0,1.0,1.0,Not junction,Exact,,90.0,444.9,,,,90
2008,December,Monday,Night,Light,Front to rear collision,0.0,0.0,6.0,0.0,2.0,4.0,0.0,6.0,2.0,2.0,Not junction,Exact,,90.0,326.9,,,,90
2008,April,Monday,Night,Severe,Roll over,0.0,2.0,1.0,0.0,3.0,0.0,0.0,3.0,1.0,1.0,Not junction,Exact,,90.0,361.1,,,,90
2008,February,Tuesday,Night,Severe,Roll over,0.0,1.0,0.0,0.0,0.0,1.0,0.0,1.0,1.0,1.0,Not junction,Exact,,90.0,387.0,,,,90
2008,March,Friday,Day,Light,Front end collision,0.0,0.0,2.0,0.0,0.0,2.0,0.0,2.0,2.0,2.0,Not junction,Exact,,90.0,127.1,,,,90
2008,December,Thursday,Night,Light,Front end collision,0.0,0.0,3.0,0.0,0.0,3.0,0.0,3.0,2.0,2.0,Not junction,Exact,,90.0,473.3,,,,90
2008,September,Sunday,Day,Severe,Roll over,0.0,2.0,0.0,0.0,0.0,2.0,0.0,2.0,1.0,1.0,Not junction,Exact,,90.0,411.0,,,,90
2008,March,Thursday,Day,Fatal,Roll over,1.0,2.0,2.0,0.0,3.0,2.0,0.0,5.0,1.0,1.0,Not junction,Exact,,90.0,50.7,,,,90
2008,August,Sunday,Day,Fatal,Roll over,1.0,0.0,0.0,0.0,0.0,1.0,0.0,1.0,1.0,1.0,Not junction,Exact,,90.0,316.1,,,,90
2008,April,Sunday,Day,Light,Roll over,0.0,0.0,1.0,0.0,0.0,1.0,0.0,1.0,1.0,1.0,Not junction,Exact,,90.0,307.4,,,,90
2008,March,Sunday,Day,Light,Front to side collision,0.0,0.0,1.0,0.0,0.0,1.0,0.0,1.0,2.0,2.0,Not junction,Exact,,90.0,364.1,,,,90
2008,December,Saturday,Day,Severe,Hit an object,0.0,1.0,0.0,1.0,0.0,1.0,0.0,1.0,1.0,1.0,Not junction,Exact,,90.0,408.0,,,,90
2008,September,Thursday,Day,Severe,Roll over,0.0,1.0,0.0,0.0,0.0,1.0,0.0,1.0,1.0,1.0,Not junction,Exact,,90.0,119.2,,,,90
2008,March,Monday,Day,Light,Side to side collision,0.0,0.0,2.0,0.0,0.0,2.0,0.0,2.0,2.0,2.0,Not junction,Exact,,90.0,419.8,,,,90
2008,February,Sunday,Day,Light,Front to rear collision,0.0,0.0,9.0,0.0,0.0,7.0,2.0,9.0,2.0,2.0,Not junction,Exact,,90.0,351.6,,,,90
2008,April,Tuesday,Day,Light,Front to side collision,0.0,0.0,11.0,0.0,0.0,11.0,0.0,11.0,2.0,2.0,Not junction,Exact,,90.0,164.1,,,,90
2008,December,Friday,Day,Severe,Other,0.0,1.0,0.0,0.0,0.0,1.0,0.0,1.0,1.0,1.0,Not junction,Exact,,90.0,434.1,,,,90
2008,January,Sunday,Day,Light,Front to side collision,0.0,0.0,3.0,0.0,0.0,3.0,0.0,3.0,2.0,2.0,Not junction,Exact,,90.0,460.6,,,,90
2008,October,Thursday,Day,Light,Side to side collision,0.0,0.0,1.0,0.0,0.0,1.0,0.0,1.0,2.0,2.0,Not junction,Exact,,90.0,452.2,,,,90
2008,January,Monday,Day,Severe,Front to side collision,0.0,1.0,5.0,0.0,1.0,3.0,2.0,6.0,2.0,2.0,Not junction,Exact,,90.0,422.6,,,,90
2008,January,Tuesday,Day,Light,Roll over,0.0,0.0,5.0,0.0,0.0,5.0,0.0,5.0,1.0,1.0,Not junction,Exact,,90.0,358.4,,,,90
2008,November,Saturday,Day,Light,Front to side collision,0.0,0.0,3.0,0.0,0.0,1.0,2.0,3.0,2.0,2.0,Not junction,Exact,,90.0,454.1,,,,90
2008,September,Sunday,Day,Light,Roll over,0.0,0.0,2.0,0.0,0.0,2.0,0.0,2.0,1.0,1.0,Not junction,Exact,,90.0,48.3,,,,90
2008,October,Monday,Day,Light,Front to side collision,0.0,0.0,1.0,0.0,0.0,1.0,0.0,1.0,2.0,2.0,Not junction,Exact,,90.0,407.2,,,,90
2008,January,Wednesday,Day,Light,Front to rear collision,0.0,0.0,10.0,0.0,4.0,6.0,0.0,10.0,2.0,2.0,Not junction,Exact,,90.0,454.5,,,,90
2008,March,Wednesday,Day,Severe,Front to side collision,0.0,1.0,2.0,0.0,0.0,3.0,0.0,3.0,2.0,2.0,Not junction,Exact,,90.0,131.1,,,,90
2008,October,Wednesday,Day,Fatal,Front end collision,1.0,3.0,2.0,0.0,3.0,1.0,2.0,6.0,2.0,2.0,Not junction,Exact,,90.0,345.1,,,,90
2008,July,Thursday,Day,Light,Side to side collision,0.0,0.0,1.0,0.0,0.0,0.0,1.0,1.0,3.0,3.0,Not junction,Exact,,90.0,73.0,,,,90
2008,April,Saturday,Day,Fatal,Front to side collision,1.0,0.0,1.0,0.0,0.0,2.0,0.0,2.0,2.0,2.0,Not junction,Exact,,90.0,108.9,,,,90
2008,July,Monday,Day,Light,Roll over,0.0,0.0,1.0,0.0,0.0,1.0,0.0,1.0,1.0,1.0,Not junction,Exact,,90.0,316.3,,,,90
2008,May,Monday,Day,Light,Front to rear collision,0.0,0.0,9.0,0.0,1.0,8.0,0.0,9.0,2.0,2.0,Not junction,Exact,,90.0,379.5,,,,90
2008,December,Thursday,Day,Severe,Front to side collision,0.0,1.0,4.0,0.0,2.0,2.0,1.0,5.0,2.0,2.0,Not junction,Exact,,90.0,348.0,,,,90
2008,August,Thursday,Day,Light,Front to rear collision,0.0,0.0,2.0,0.0,1.0,1.0,0.0,2.0,2.0,2.0,Not junction,Exact,,90.0,412.3,,,,90
2008,June,Thursday,Day,Light,Front to rear collision,0.0,0.0,3.0,0.0,0.0,3.0,0.0,3.0,3.0,3.0,Not junction,Exact,,90.0,17.2,,,,90
2008,April,Tuesday,Day,Severe,Front to rear collision,0.0,1.0,14.0,0.0,8.0,7.0,0.0,15.0,5.0,5.0,Not junction,Exact,,90.0,453.1,,,,90
2008,May,Sunday,Day,Light,Front end collision,0.0,0.0,2.0,0.0,0.0,2.0,0.0,2.0,2.0,2.0,Not junction,Exact,,90.0,182.2,,,,90
2008,March,Friday,Day,Light,Side to side collision,0.0,0.0,5.0,0.0,2.0,2.0,0.0,5.0,2.0,2.0,Not junction,Exact,,90.0,309.6,,,,90
2008,November,Monday,Day,Severe,Front end collision,0.0,1.0,0.0,0.0,0.0,1.0,0.0,1.0,3.0,3.0,Not junction,Exact,,90.0,386.7,,,,90
2008,May,Saturday,Day,Severe,Hit an object,0.0,1.0,0.0,0.0,0.0,0.0,1.0,1.0,1.0,1.0,Not junction,Exact,,90.0,414.2,,,,90
2008,January,Monday,Day,Light,Front to side collision,0.0,0.0,3.0,0.0,0.0,3.0,0.0,3.0,2.0,2.0,Not junction,Exact,,90.0,404.2,,,,90
2008,August,Thursday,Day,Light,Front to side collision,0.0,0.0,7.0,0.0,3.0,4.0,0.0,7.0,2.0,2.0,Not junction,Exact,,90.0,24.9,,,,90
2008,July,Thursday,Day,Light,Front end collision,0.0,0.0,3.0,0.0,0.0,3.0,0.0,3.0,4.0,4.0,Not junction,Exact,,90.0,409.8,,,,90
2008,May,Sunday,Day,Severe,Front end collision,0.0,1.0,13.0,0.0,3.0,11.0,0.0,14.0,2.0,2.0,Not junction,Exact,,90.0,460.5,,,,90
2008,August,Thursday,Day,Light,Side to side collision,0.0,0.0,2.0,0.0,1.0,1.0,0.0,2.0,2.0,2.0,Not junction,Exact,,90.0,460.4,,,,90
2008,December,Sunday,Day,Light,Side to side collision,0.0,0.0,1.0,0.0,0.0,0.0,0.0,1.0,3.0,3.0,Not junction,Exact,,90.0,116.5,,,,90
2008,March,Monday,Day,Light,Side to side collision,0.0,0.0,1.0,0.0,0.0,1.0,0.0,1.0,2.0,2.0,Not junction,Exact,,90.0,53.1,,,,90
2008,June,Thursday,Day,Light,Roll over,0.0,0.0,2.0,0.0,0.0,2.0,0.0,2.0,1.0,1.0,Not junction,Exact,,90.0,64.9,,,,90
2008,August,Tuesday,Day,Light,Front end collision,0.0,0.0,5.0,0.0,0.0,5.0,0.0,5.0,2.0,2.0,Not junction,Exact,,90.0,309.0,,,,90
2008,September,Sunday,Day,Fatal,Front end collision,1.0,1.0,4.0,0.0,2.0,4.0,0.0,6.0,2.0,2.0,Not junction,Exact,,90.0,64.9,,,,90
2008,August,Tuesday,Day,Light,Roll over,0.0,0.0,2.0,0.0,0.0,2.0,0.0,2.0,1.0,1.0,Not junction,Exact,,90.0,175.4,,,,90
2008,September,Wednesday,Day,Light,Other,0.0,0.0,6.0,0.0,1.0,5.0,0.0,6.0,2.0,2.0,Not junction,Exact,,90.0,42.7,,,,90
2008,June,Thursday,Day,Light,Front to rear collision,0.0,0.0,8.0,0.0,2.0,6.0,0.0,8.0,5.0,5.0,Not junction,Exact,,90.0,16.3,,,,90
2008,September,Monday,Day,Light,Hit an object,0.0,0.0,2.0,0.0,0.0,2.0,0.0,2.0,2.0,2.0,Not junction,Exact,,90.0,61.1,,,,90
2008,February,Wednesday,Day,Severe,Hit an object,0.0,1.0,0.0,0.0,0.0,1.0,0.0,1.0,1.0,1.0,Not junction,Exact,,90.0,416.3,,,,90
2008,September,Friday,Day,Light,Front to side collision,0.0,0.0,5.0,0.0,3.0,2.0,0.0,5.0,2.0,2.0,Not junction,Exact,,90.0,417.0,,,,90
2008,July,Thursday,Day,Light,Front to side collision,0.0,0.0,1.0,0.0,0.0,1.0,0.0,1.0,2.0,2.0,Not junction,Exact,,90.0,350.1,,,,90
2008,February,Thursday,Day,Light,Roll over,0.0,0.0,1.0,0.0,0.0,1.0,0.0,1.0,1.0,1.0,Not junction,Exact,,90.0,352.0,,,,90
2008,January,Tuesday,Day,Light,Front to rear collision,0.0,0.0,4.0,0.0,1.0,3.0,0.0,4.0,2.0,2.0,Not junction,Exact,,90.0,442.6,,,,90
2008,February,Thursday,Day,Light,Front to rear collision,0.0,0.0,6.0,0.0,0.0,6.0,0.0,6.0,2.0,2.0,Not junction,Exact,,90.0,352.0,,,,90
2008,May,Tuesday,Day,Light,Front to side collision,0.0,0.0,5.0,0.0,1.0,4.0,0.0,5.0,2.0,2.0,Not junction,Exact,,90.0,406.9,,,,90
2008,October,Saturday,Day,Severe,Roll over,0.0,1.0,3.0,0.0,0.0,4.0,0.0,4.0,1.0,1.0,Not junction,Exact,,90.0,313.6,,,,90
2008,July,Sunday,Day,Light,Front to side collision,0.0,0.0,2.0,0.0,0.0,2.0,0.0,2.0,2.0,2.0,Not junction,Exact,,90.0,410.5,,,,90
2008,November,Saturday,Night,Severe,Front end collision,0.0,2.0,0.0,0.0,0.0,2.0,0.0,2.0,2.0,2.0,Not junction,Exact,,90.0,382.0,,,,90
2008,January,Sunday,Night,Severe,Front to rear collision,0.0,1.0,0.0,0.0,0.0,1.0,0.0,1.0,2.0,2.0,Not junction,Exact,,90.0,345.0,,,,90
2008,May,Thursday,Day,Severe,Hit an object,0.0,1.0,1.0,0.0,2.0,0.0,0.0,2.0,1.0,1.0,Not junction,Exact,,90.0,374.2,,,,90
2008,October,Thursday,Night,Light,Roll over,0.0,0.0,1.0,0.0,0.0,1.0,0.0,1.0,1.0,1.0,Not junction,Exact,,90.0,305.2,,,,90
2008,April,Thursday,Day,Severe,Roll over,0.0,1.0,7.0,0.0,0.0,8.0,0.0,8.0,1.0,1.0,Not junction,Exact,,90.0,305.2,,,,90
2008,June,Tuesday,Day,Light,Front end collision,0.0,0.0,3.0,0.0,0.0,3.0,0.0,3.0,2.0,2.0,Not junction,Exact,,90.0,323.0,,,,90
2008,October,Monday,Night,Light,Front to side collision,0.0,0.0,3.0,0.0,0.0,3.0,0.0,3.0,2.0,2.0,Not junction,Exact,,90.0,461.5,,,,90
2008,September,Thursday,Day,Light,Roll over,0.0,0.0,5.0,0.0,3.0,2.0,0.0,5.0,1.0,1.0,Not junction,Exact,,90.0,318.0,,,,90
2008,July,Friday,Day,Light,Side to side collision,0.0,0.0,2.0,0.0,0.0,2.0,0.0,2.0,2.0,2.0,Not junction,Exact,,90.0,371.3,,,,90
2008,April,Saturday,Day,Light,Front to side collision,0.0,0.0,1.0,0.0,0.0,1.0,0.0,1.0,3.0,3.0,Not junction,Exact,,90.0,315.5,,,,90
2008,June,Sunday,Day,Severe,Roll over,0.0,1.0,4.0,0.0,1.0,4.0,0.0,5.0,1.0,1.0,Not junction,Exact,,90.0,384.0,,,,90
2008,September,Saturday,Day,Fatal,Front end collision,2.0,4.0,1.0,0.0,2.0,5.0,0.0,7.0,2.0,2.0,Not junction,Exact,,90.0,382.5,,,,90
2008,January,Thursday,Night,Light,Pedestrian,0.0,0.0,1.0,1.0,1.0,0.0,0.0,1.0,1.0,1.0,Not junction,Exact,,90.0,365.0,,,,90
2008,July,Thursday,Day,Light,Roll over,0.0,0.0,2.0,0.0,0.0,2.0,0.0,2.0,1.0,1.0,Not junction,Exact,,90.0,317.0,,,,90
2008,February,Sunday,Night,Severe,Pedestrian,0.0,1.0,0.0,1.0,0.0,1.0,0.0,1.0,1.0,1.0,Not junction,Exact,,90.0,403.9,,,,90
2008,August,Saturday,Day,Light,Side to side collision,0.0,0.0,4.0,0.0,0.0,4.0,0.0,4.0,2.0,2.0,Not junction,Exact,,90.0,382.8,,,,90
2008,July,Thursday,Day,Severe,Slip,0.0,1.0,1.0,0.0,2.0,0.0,0.0,2.0,1.0,1.0,Not junction,Centered,,90.0,296.0,,,,90
2008,July,Monday,Day,Light,Pedestrian,0.0,0.0,1.0,1.0,0.0,1.0,0.0,1.0,1.0,1.0,Not junction,Exact,,90.0,419.0,,,,90
2008,May,Monday,Night,Light,Front to side collision,0.0,0.0,5.0,0.0,3.0,2.0,0.0,5.0,2.0,2.0,Not junction,Exact,,90.0,310.1,,,,90
2008,April,Saturday,Night,Light,Front to side collision,0.0,0.0,2.0,0.0,1.0,1.0,0.0,2.0,2.0,2.0,Not junction,Exact,,90.0,425.3,,,,90
2008,March,Monday,Night,Light,Other,0.0,0.0,4.0,0.0,1.0,3.0,0.0,4.0,2.0,2.0,Not junction,Exact,,90.0,327.0,,,,90
2008,August,Wednesday,Night,Light,Front to side collision,0.0,0.0,1.0,0.0,0.0,1.0,0.0,1.0,2.0,2.0,Not junction,Exact,,90.0,363.2,,,,90
2008,April,Saturday,Night,Fatal,Roll over,1.0,0.0,2.0,0.0,1.0,2.0,0.0,3.0,1.0,1.0,Not junction,Exact,,90.0,240.4,,,,90
2008,March,Sunday,Night,Light,Side to side collision,0.0,0.0,4.0,0.0,1.0,3.0,0.0,4.0,2.0,2.0,Not junction,Exact,,90.0,180.1,,,,90
2008,January,Sunday,Night,Light,Roll over,0.0,0.0,1.0,0.0,0.0,1.0,0.0,1.0,1.0,1.0,Not junction,Exact,,90.0,47.7,,,,90
2008,October,Tuesday,Night,Severe,Front to side collision,0.0,1.0,4.0,0.0,0.0,5.0,0.0,5.0,2.0,2.0,Not junction,Exact,,90.0,171.1,,,,90
2008,March,Friday,Night,Light,Drive off road or on paveway,0.0,0.0,1.0,0.0,0.0,1.0,0.0,1.0,1.0,1.0,Not junction,Exact,,90.0,50.5,,,,90
2008,January,Friday,Night,Severe,Roll over,0.0,1.0,0.0,0.0,0.0,1.0,0.0,1.0,1.0,1.0,Not junction,Exact,,90.0,403.3,,,,90
2008,June,Thursday,Night,Severe,Front end collision,0.0,1.0,2.0,0.0,0.0,3.0,0.0,3.0,2.0,2.0,Not junction,Exact,,90.0,63.7,,,,90
2008,June,Sunday,Night,Severe,Roll over,0.0,1.0,0.0,0.0,0.0,1.0,0.0,1.0,1.0,1.0,Not junction,Exact,,90.0,225.3,,,,90
2008,June,Wednesday,Night,Light,Roll over,0.0,0.0,1.0,0.0,1.0,0.0,0.0,1.0,1.0,1.0,Not junction,Exact,,90.0,49.3,,,,90
2008,August,Tuesday,Night,Light,Hit an object,0.0,0.0,2.0,0.0,1.0,1.0,0.0,2.0,1.0,1.0,Not junction,Exact,,90.0,321.0,,,,90
2008,March,Wednesday,Night,Light,Roll over,0.0,0.0,2.0,0.0,2.0,0.0,0.0,2.0,1.0,1.0,Not junction,Centered,,90.0,55.0,,,,90
2009,February,Thursday,Night,Light,Hit an object,0.0,0.0,3.0,0.0,3.0,0.0,0.0,3.0,1.0,1.0,Junction,Exact,,90.0,,767.0,,,90
2009,June,Sunday,Night,Light,Hit an object,0.0,0.0,3.0,0.0,3.0,0.0,0.0,3.0,1.0,1.0,Junction,Exact,,90.0,,669.0,,,90
2009,May,Wednesday,Day,Light,Front to side collision,0.0,0.0,1.0,0.0,0.0,1.0,0.0,1.0,2.0,2.0,Junction,Exact,,90.0,,667.0,,,90
2009,August,Monday,Day,Light,Front to side collision,0.0,0.0,2.0,0.0,0.0,1.0,1.0,2.0,2.0,2.0,Junction,Exact,,71.0,,90.0,,,90
2009,October,Friday,Day,Light,Front to side collision,0.0,0.0,2.0,0.0,0.0,1.0,1.0,2.0,2.0,2.0,Junction,Exact,,90.0,,9119.0,,,90
2009,April,Wednesday,Day,Light,Front to side collision,0.0,0.0,3.0,0.0,0.0,3.0,0.0,3.0,2.0,2.0,Junction,Exact,,90.0,,99.0,,,90
2009,February,Thursday,Day,Light,Front to side collision,0.0,0.0,1.0,0.0,0.0,1.0,0.0,1.0,2.0,2.0,Junction,Exact,,90.0,,7677.0,,,90
2009,March,Monday,Day,Light,Front to side collision,0.0,0.0,5.0,0.0,0.0,5.0,0.0,5.0,2.0,2.0,Junction,Exact,,87.0,,90.0,,,90
2009,March,Tuesday,Day,Light,Front to side collision,0.0,0.0,3.0,0.0,0.0,3.0,0.0,3.0,3.0,3.0,Junction,Exact,,90.0,,9977.0,,,90
2009,September,Tuesday,Day,Light,Front to side collision,0.0,0.0,1.0,0.0,0.0,1.0,0.0,1.0,2.0,2.0,Junction,Exact,,90.0,,899.0,,,90
2009,July,Wednesday,Day,Light,Front to side collision,0.0,0.0,1.0,0.0,0.0,1.0,0.0,1.0,2.0,2.0,Junction,Exact,,71.0,,90.0,,,90
2009,November,Friday,Day,Light,Front to side collision,0.0,0.0,4.0,0.0,2.0,2.0,0.0,4.0,2.0,2.0,Junction,Exact,,90.0,,,,,90
2009,November,Monday,Day,Light,Front to side collision,0.0,0.0,1.0,0.0,0.0,1.0,0.0,1.0,2.0,2.0,Junction,Exact,,90.0,,9974.0,,,90
2009,August,Thursday,Day,Light,Front to side collision,0.0,0.0,1.0,0.0,0.0,1.0,0.0,1.0,2.0,2.0,Junction,Exact,,90.0,,91.0,,,90
2009,August,Sunday,Day,Light,Front to side collision,0.0,0.0,4.0,0.0,2.0,2.0,0.0,4.0,2.0,2.0,Junction,Exact,,90.0,,92.0,,,90