year,month,day_of_week,day_night,accident_severity,accident_type,killed,severly_injured,lightly_injured,injured_pedestrians,casualties_ages_0-19,casualties_ages_20-64,casualties_ages_65_plus,total_casualties,vehicle_count,drivers,road_type,localization_quality,settlement,road1,location,road2,road3,road4,source_road
2010,July,Thursday,Day,Light,Front to side collision,0.0,0.0,2.0,0.0,0.0,2.0,0.0,2.0,2.0,2.0,Junction,Exact,,71.0,,90.0,,,90
2010,November,Friday,Day,Light,Front to side collision,0.0,0.0,3.0,0.0,0.0,3.0,0.0,3.0,2.0,2.0,Junction,Exact,,90.0,,977.0,,,90
2010,February,Sunday,Day,Light,Front to side collision,0.0,0.0,1.0,0.0,0.0,1.0,0.0,1.0,2.0,2.0,Junction,Exact,,71.0,,90.0,,,90
2010,February,Saturday,Day,Severe,Roll over,0.0,1.0,0.0,0.0,0.0,1.0,0.0,1.0,1.0,1.0,Junction,Exact,,90.0,,767.0,,,90
2010,March,Monday,Day,Light,Front to side collision,0.0,0.0,2.0,0.0,0.0,2.0,0.0,2.0,2.0,2.0,Junction,Exact,,90.0,,9115.0,,,90
2010,June,Sunday,Day,Light,Front to side collision,0.0,0.0,4.0,0.0,2.0,2.0,0.0,4.0,2.0,2.0,Junction,Exact,,90.0,,8677.0,,,90
2010,July,Thursday,Day,Light,Front to side collision,0.0,0.0,2.0,0.0,0.0,2.0,0.0,2.0,2.0,2.0,Junction,Exact,,90.0,,807.0,,,90
2010,March,Sunday,Day,Light,Front to side collision,0.0,0.0,3.0,0.0,0.0,3.0,0.0,3.0,2.0,2.0,Junction,Exact,,90.0,,899.0,,,90
2010,August,Sunday,Day,Light,Front to side collision,0.0,0.0,1.0,0.0,0.0,0.0,0.0,1.0,2.0,2.0,Junction,Exact,,87.0,,90.0,,,90
2010,August,Thursday,Day,Light,Front to side collision,0.0,0.0,4.0,0.0,0.0,4.0,0.0,4.0,2.0,2.0,Junction,Exact,,90.0,,977.0,,,90
2010,August,Sunday,Day,Light,Front to side collision,0.0,0.0,8.0,0.0,5.0,3.0,0.0,8.0,2.0,2.0,Junction,Exact,,87.0,,90.0,,,90
2010,December,Thursday,Night,Light,Front to rear collision,0.0,0.0,8.0,0.0,3.0,5.0,0.0,8.0,2.0,2.0,Junction,Exact,,90.0,,899.0,,,90
2010,August,Sunday,Day,Severe,Front to side collision,0.0,1.0,6.0,0.0,4.0,3.0,0.0,7.0,2.0,2.0,Junction,Exact,,57.0,,90.0,,,90
2010,September,Sunday,Day,Light,Front to side collision,0.0,0.0,2.0,0.0,0.0,2.0,0.0,2.0,2.0,2.0,Junction,Exact,,90.0,,9977.0,,,90
2010,October,Tuesday,Night,Light,Front to side collision,0.0,0.0,2.0,0.0,0.0,2.0,0.0,2.0,2.0,2.0,Junction,Exact,,90.0,,92.0,,,90
2010,May,Monday,Day,Light,Front to side collision,0.0,0.0,6.0,0.0,0.0,5.0,1.0,6.0,2.0,2.0,Junction,Exact,,90.0,,,,,90
2010,March,Saturday,Night,Light,Front to side collision,0.0,0.0,5.0,0.0,1.0,4.0,0.0,5.0,3.0,3.0,Junction,Exact,,90.0,,8677.0,,,90
2010,September,Monday,Night,Light,Front to side collision,0.0,0.0,2.0,0.0,0.0,2.0,0.0,2.0,2.0,2.0,Junction,Exact,,90.0,,,,,90
2010,March,Saturday,Night,Light,Front to side collision,0.0,0.0,3.0,0.0,0.0,3.0,0.0,3.0,2.0,2.0,Junction,Exact,,90.0,,767.0,,,90
2010,June,Saturday,Night,Light,Side to side collision,0.0,0.0,1.0,0.0,0.0,1.0,0.0,1.0,2.0,2.0,Junction,Exact,,40.0,60.4,90.0,,,90
2010,April,Saturday,Night,Light,Front to side collision,0.0,0.0,1.0,0.0,0.0,1.0,0.0,1.0,2.0,2.0,Junction,Exact,,71.0,,90.0,,,90
2010,February,Thursday,Night,Light,Front to side collision,0.0,0.0,1.0,0.0,0.0,1.0,0.0,1.0,2.0,2.0,Junction,Exact,,90.0,,,,,90
2010,April,Saturday,Night,Light,Front to side collision,0.0,0.0,3.0,0.0,1.0,2.0,0.0,3.0,2.0,2.0,Junction,Exact,,90.0,,669.0,,,90
2010,March,Wednesday,Night,Severe,Pedestrian,0.0,1.0,3.0,1.0,1.0,3.0,0.0,4.0,1.0,1.0,Junction,Exact,,90.0,,977.0,,,90
2010,August,Sunday,Night,Light,Front to rear collision,0.0,0.0,1.0,0.0,0.0,1.0,0.0,1.0,2.0,2.0,Junction,Exact,,90.0,,8677.0,,,90
2010,August,Thursday,Night,Light,Drive off road or on paveway,0.0,0.0,2.0,0.0,1.0,1.0,0.0,2.0,1.0,1.0,Not junction,Exact,,90.0,95.4,,,,90
2010,June,Sunday,Night,Severe,Roll over,0.0,1.0,1.0,0.0,1.0,1.0,0.0,2.0,1.0,1.0,Not junction,Exact,,90.0,93.5,,,,90
2010,April,Saturday,Night,Light,Pedestrian,0.0,0.0,4.0,4.0,2.0,2.0,0.0,4.0,1.0,1.0,Not junction,Exact,,90.0,411.9,,,,90
2010,August,Thursday,Night,Light,Front end collision,0.0,0.0,6.0,0.0,2.0,4.0,0.0,6.0,2.0,2.0,Not junction,Exact,,90.0,374.7,,,,90
2010,May,Monday,Night,Light,Side to side collision,0.0,0.0,5.0,0.0,2.0,3.0,0.0,5.0,2.0,2.0,Not junction,Exact,,90.0,452.2,,,,90
2010,August,Thursday,Night,Light,Roll over,0.0,0.0,5.0,0.0,3.0,2.0,0.0,5.0,1.0,1.0,Not junction,Centered,,90.0,284.0,,,,90
2010,January,Saturday,Night,Light,Drive off road or on paveway,0.0,0.0,2.0,0.0,2.0,0.0,0.0,2.0,1.0,1.0,Not junction,Exact,,90.0,398.0,,,,90
2010,May,Friday,Night,Light,Front to side collision,0.0,0.0,1.0,0.0,0.0,1.0,0.0,1.0,2.0,2.0,Not junction,Exact,,90.0,318.0,,,,90
2010,August,Wednesday,Night,Light,Front to rear collision,0.0,0.0,1.0,0.0,0.0,1.0,0.0,1.0,2.0,2.0,Not junction,Exact,,90.0,320.5,,,,90
2010,March,Saturday,Night,Light,Hit an object,0.0,0.0,2.0,0.0,0.0,2.0,0.0,2.0,1.0,1.0,Not junction,Exact,,90.0,444.1,,,,90
2010,January,Sunday,Night,Fatal,Front to rear collision,1.0,2.0,2.0,0.0,2.0,3.0,0.0,5.0,2.0,2.0,Not junction,Exact,,90.0,312.8,,,,90
2010,August,Friday,Day,Severe,Roll over,0.0,1.0,3.0,0.0,0.0,4.0,0.0,4.0,1.0,1.0,Not junction,Exact,,90.0,380.0,,,,90
2010,March,Wednesday,Day,Light,Side to side collision,0.0,0.0,1.0,0.0,0.0,1.0,0.0,1.0,2.0,2.0,Not junction,Exact,,90.0,370.0,,,,90
2010,September,Wednesday,Day,Severe,Roll over,0.0,1.0,2.0,0.0,1.0,2.0,0.0,3.0,1.0,1.0,Not junction,Exact,,90.0,59.8,,,,90
2010,March,Monday,Day,Light,Other,0.0,0.0,4.0,0.0,0.0,4.0,0.0,4.0,2.0,2.0,Not junction,Exact,,90.0,132.0,,,,90
2010,June,Friday,Day,Light,Roll over,0.0,0.0,3.0,0.0,1.0,2.0,0.0,3.0,1.0,1.0,Not junction,Exact,,90.0,343.8,,,,90
2010,June,Friday,Day,Severe,Roll over,0.0,1.0,6.0,0.0,4.0,3.0,0.0,7.0,1.0,1.0,Not junction,Exact,,90.0,342.8,,,,90
2010,May,Saturday,Day,Light,Front to rear collision,0.0,0.0,1.0,0.0,0.0,1.0,0.0,1.0,2.0,2.0,Not junction,Exact,,90.0,308.6,,,,90
2010,March,Wednesday,Day,Light,Side to side collision,0.0,0.0,6.0,0.0,2.0,4.0,0.0,6.0,4.0,4.0,Not junction,Exact,,90.0,422.5,,,,90
2010,November,Friday,Day,Light,Hit an object,0.0,0.0,2.0,0.0,1.0,1.0,0.0,2.0,1.0,1.0,Not junction,Centered,,90.0,256.0,,,,90
2010,January,Monday,Day,Light,Front end collision,0.0,0.0,3.0,0.0,1.0,2.0,0.0,3.0,2.0,2.0,Not junction,Exact,,90.0,347.9,,,,90
2010,April,Saturday,Day,Severe,Front to rear collision,0.0,1.0,1.0,0.0,0.0,2.0,0.0,2.0,3.0,3.0,Not junction,Exact,,90.0,420.9,,,,90
2010,June,Sunday,Day,Light,Pedestrian,0.0,0.0,1.0,1.0,0.0,1.0,0.0,1.0,1.0,1.0,Not junction,Exact,,90.0,337.1,,,,90
2010,December,Tuesday,Day,Light,Front to side collision,0.0,0.0,1.0,0.0,0.0,1.0,0.0,1.0,2.0,2.0,Not junction,Exact,,90.0,297.0,,,,90
2010,August,Sunday,Day,Fatal,Front end collision,1.0,0.0,8.0,0.0,5.0,4.0,0.0,9.0,2.0,2.0,Not junction,Exact,,90.0,335.9,,,,90
2010,June,Monday,Day,Light,Front to side collision,0.0,0.0,1.0,0.0,0.0,1.0,0.0,1.0,2.0,2.0,Not junction,Exact,,90.0,402.0,,,,90
2010,August,Thursday,Day,Light,Front to side collision,0.0,0.0,5.0,0.0,3.0,2.0,0.0,5.0,2.0,2.0,Not junction,Centered,,90.0,14.0,,,,90
2010,November,Thursday,Day,Light,Front to side collision,0.0,0.0,1.0,0.0,0.0,1.0,0.0,1.0,2.0,2.0,Not junction,Exact,,90.0,468.0,,,,90
2010,February,Thursday,Day,Light,Front to side collision,0.0,0.0,3.0,0.0,0.0,3.0,0.0,3.0,2.0,2.0,Not junction,Exact,,90.0,180.0,,,,90
2010,July,Wednesday,Day,Severe,Front end collision,0.0,2.0,0.0,0.0,1.0,1.0,0.0,2.0,3.0,3.0,Not junction,Exact,,90.0,382.2,,,,90
2010,January,Monday,Day,Severe,Roll over,0.0,1.0,1.0,0.0,0.0,2.0,0.0,2.0,1.0,1.0,Not junction,Exact,,90.0,94.7,,,,90
2010,February,Tuesday,Day,Severe,Front to side collision,0.0,3.0,3.0,0.0,0.0,6.0,0.0,6.0,2.0,2.0,Not junction,Exact,,90.0,344.1,,,,90
2010,April,Wednesday,Day,Severe,Pedestrian,0.0,1.0,0.0,1.0,1.0,0.0,0.0,1.0,1.0,1.0,Not junction,Exact,,90.0,331.9,,,,90
2010,September,Tuesday,Day,Light,Front to side collision,0.0,0.0,4.0,0.0,1.0,3.0,0.0,4.0,2.0,2.0,Not junction,Exact,,90.0,426.5,,,,90
2010,July,Monday,Day,Light,Side to side collision,0.0,0.0,2.0,0.0,0.0,2.0,0.0,2.0,3.0,3.0,Not junction,Exact,,90.0,49.3,,,,90
2010,December,Friday,Day,Fatal,Hit an object,3.0,0.0,0.0,0.0,0.0,0.0,0.0,3.0,1.0,1.0,Not junction,Exact,,90.0,386.8,,,,90
2010,April,Tuesday,Day,Light,Front to side collision,0.0,0.0,6.0,0.0,0.0,6.0,0.0,6.0,2.0,2.0,Not junction,Exact,,90.0,471.5,,,,90
2010,February,Tuesday,Day,Light,Roll over,0.0,0.0,5.0,0.0,2.0,2.0,1.0,5.0,1.0,1.0,Not junction,Exact,,90.0,64.3,,,,90
2010,August,Monday,Day,Light,Drive off road or on paveway,0.0,0.0,14.0,0.0,3.0,11.0,0.0,14.0,2.0,2.0,Not junction,Exact,,90.0,419.0,,,,90
2010,May,Sunday,Day,Light,Drive off road or on paveway,0.0,0.0,4.0,0.0,3.0,1.0,0.0,4.0,1.0,1.0,Not junction,Exact,,90.0,325.7,,,,90
2010,December,Sunday,Day,Light,Front to side collision,0.0,0.0,1.0,0.0,0.0,1.0,0.0,1.0,2.0,2.0,Not junction,Exact,,90.0,209.0,,,,90
2010,February,Monday,Day,Fatal,Front end collision,1.0,2.0,2.0,0.0,1.0,3.0,1.0,5.0,2.0,2.0,Not junction,Exact,,90.0,409.8,,,,90
2010,February,Friday,Day,Light,Roll over,0.0,0.0,2.0,0.0,0.0,2.0,0.0,2.0,2.0,2.0,Not junction,Exact,,90.0,324.0,,,,90
2010,June,Monday,Day,Light,Front to side collision,0.0,0.0,5.0,0.0,2.0,3.0,0.0,5.0,2.0,2.0,Not junction,Exact,,90.0,411.4,,,,90
2010,April,Thursday,Day,Light,Front to rear collision,0.0,0.0,1.0,0.0,0.0,1.0,0.0,1.0,2.0,2.0,Not junction,Exact,,90.0,414.0,,,,90
2010,July,Thursday,Day,Light,Front end collision,0.0,0.0,1.0,0.0,0.0,1.0,0.0,1.0,2.0,2.0,Not junction,Exact,,90.0,185.0,,,,90
2010,February,Thursday,Day,Light,Roll over,0.0,0.0,2.0,0.0,0.0,2.0,0.0,2.0,2.0,2.0,Not junction,Exact,,90.0,240.0,,,,90
2010,January,Thursday,Day,Light,Roll over,0.0,0.0,3.0,0.0,1.0,2.0,0.0,3.0,1.0,1.0,Not junction,Exact,,90.0,279.3,,,,90
2010,October,Wednesday,Day,Light,Front to rear collision,0.0,0.0,10.0,0.0,0.0,10.0,0.0,10.0,4.0,4.0,Not junction,Exact,,90.0,42.0,,,,90
2010,December,Thursday,Day,Light,Front to rear collision,0.0,0.0,3.0,0.0,0.0,1.0,2.0,3.0,2.0,2.0,Not junction,Exact,,90.0,436.3,,,,90
2010,November,Sunday,Day,Light,Front end collision,0.0,0.0,6.0,0.0,1.0,5.0,0.0,6.0,2.0,2.0,Not junction,Exact,,90.0,320.1,,,,90
2010,March,Thursday,Day,Light,Roll over,0.0,0.0,5.0,0.0,3.0,2.0,0.0,5.0,1.0,1.0,Not junction,Exact,,90.0,143.0,,,,90
2010,July,Wednesday,Day,Fatal,Front to rear collision,1.0,2.0,2.0,0.0,1.0,4.0,0.0,5.0,2.0,2.0,Not junction,Exact,,90.0,113.0,,,,90
2010,December,Thursday,Night,Severe,Roll over,0.0,1.0,2.0,0.0,0.0,3.0,0.0,3.0,1.0,1.0,Not junction,Exact,,90.0,49.5,,,,90
2010,April,Tuesday,Day,Light,Side to side collision,0.0,0.0,4.0,0.0,1.0,3.0,0.0,4.0,2.0,2.0,Not junction,Exact,,90.0,410.4,,,,90
2010,April,Monday,Day,Light,Side to side collision,0.0,0.0,3.0,0.0,0.0,3.0,0.0,3.0,2.0,2.0,Not junction,Exact,,90.0,270.2,,,,90
2010,October,Wednesday,Night,Light,Front to rear collision,0.0,0.0,1.0,0.0,0.0,1.0,0.0,1.0,3.0,3.0,Not junction,Exact,,90.0,323.7,,,,90
2010,February,Friday,Night,Light,Slip,0.0,0.0,1.0,0.0,0.0,1.0,0.0,1.0,1.0,1.0,Not junction,Exact,,90.0,290.0,,,,90
2010,December,Thursday,Night,Light,Front to side collision,0.0,0.0,7.0,0.0,4.0,3.0,0.0,7.0,2.0,2.0,Not junction,Exact,,90.0,310.2,,,,90
2010,October,Wednesday,Night,Fatal,Front end collision,1.0,0.0,1.0,0.0,0.0,2.0,0.0,2.0,5.0,5.0,Not junction,Exact,,90.0,341.8,,,,90
2010,August,Monday,Day,Fatal,Front end collision,1.0,1.0,0.0,0.0,0.0,2.0,0.0,2.0,2.0,2.0,Not junction,Exact,,90.0,155.0,,,,90
2010,January,Thursday,Night,Severe,Pedestrian,0.0,1.0,0.0,1.0,0.0,1.0,0.0,1.0,1.0,1.0,Not junction,Exact,,90.0,420.4,,,,90
2010,December,Thursday,Night,Light,Front to rear collision,0.0,0.0,2.0,0.0,0.0,2.0,0.0,2.0,2.0,2.0,Not junction,Exact,,90.0,422.6,,,,90
2010,January,Wednesday,Night,Light,Side to side collision,0.0,0.0,1.0,0.0,0.0,1.0,0.0,1.0,2.0,2.0,Not junction,Exact,,90.0,136.1,,,,90
2010,August,Sunday,Night,Light,Front to side collision,0.0,0.0,5.0,0.0,2.0,2.0,1.0,5.0,2.0,2.0,Not junction,Exact,,90.0,374.5,,,,90
2010,April,Friday,Night,Light,Side to side collision,0.0,0.0,3.0,0.0,0.0,3.0,0.0,3.0,2.0,2.0,Not junction,Exact,,90.0,67.9,,,,90
2010,December,Sunday,Night,Light,Roll over,0.0,0.0,9.0,0.0,0.0,9.0,0.0,9.0,1.0,1.0,Not junction,Exact,,90.0,287.0,,,,90
2010,November,Saturday,Night,Light,Drive off road or on paveway,0.0,0.0,1.0,0.0,0.0,1.0,0.0,1.0,1.0,1.0,Not junction,Exact,,90.0,284.3,,,,90
2010,May,Saturday,Night,Light,Pedestrian,0.0,0.0,5.0,1.0,4.0,1.0,0.0,5.0,1.0,1.0,Not junction,Exact,,90.0,404.7,,,,90
2010,August,Thursday,Night,Light,Roll over,0.0,0.0,5.0,0.0,0.0,5.0,0.0,5.0,1.0,1.0,Not junction,Exact,,90.0,349.1,,,,90
2010,May,Friday,Night,Light,Drive off road or on paveway,0.0,0.0,1.0,0.0,0.0,1.0,0.0,1.0,1.0,1.0,Not junction,Exact,,90.0,45.1,,,,90
2010,August,Sunday,Night,Light,Front to side collision,0.0,0.0,2.0,0.0,0.0,1.0,1.0,2.0,2.0,2.0,Not junction,Exact,,90.0,309.7,,,,90
2010,May,Sunday,Night,Severe,Roll over,0.0,4.0,33.0,0.0,9.0,28.0,0.0,37.0,1.0,1.0,Not junction,Exact,,90.0,287.0,,,,90
2010,March,Saturday,Night,Fatal,Roll over,3.0,0.0,0.0,0.0,0.0,3.0,0.0,3.0,1.0,1.0,Not junction,Exact,,90.0,213.0,,,,90
2011,December,Wednesday,Night,Light,Front end collision,0.0,0.0,1.0,0.0,0.0,1.0,0.0,1.0,2.0,2.0,Junction,Exact,,90.0,,8277.0,,,90
2011,August,Tuesday,Night,Light,Front to side collision,0.0,0.0,1.0,0.0,0.0,1.0,0.0,1.0,2.0,2.0,Junction,Exact,,90.0,,9115.0,,,90
2011,July,Friday,Night,Light,Front to rear collision,0.0,0.0,7.0,0.0,1.0,6.0,0.0,7.0,2.0,2.0,Junction,Exact,,90.0,,91.0,,,90
2011,January,Monday,Day,Severe,Front to side collision,0.0,1.0,1.0,0.0,0.0,2.0,0.0,2.0,2.0,2.0,Junction,Exact,,90.0,,7589.0,,,90
2011,August,Friday,Day,Light,Front to side collision,0.0,0.0,1.0,0.0,0.0,0.0,1.0,1.0,2.0,2.0,Junction,Exact,,90.0,,9977.0,,,90
2011,May,Tuesday,Day,Severe,Drive off road or on paveway,0.0,1.0,0.0,0.0,0.0,1.0,0.0,1.0,1.0,1.0,Junction,Exact,,90.0,,717.0,,,90
2011,December,Monday,Day,Light,Front to rear collision,0.0,0.0,5.0,0.0,4.0,1.0,0.0,5.0,3.0,3.0,Junction,Exact,,90.0,,91.0,,,90
2011,April,Wednesday,Day,Light,Front to side collision,0.0,0.0,2.0,0.0,0.0,1.0,1.0,2.0,2.0,2.0,Junction,Exact,,87.0,,90.0,,,90
2011,December,Friday,Day,Light,Front to side collision,0.0,0.0,2.0,0.0,0.0,2.0,0.0,2.0,2.0,2.0,Junction,Exact,,90.0,,667.0,,,90
2011,November,Thursday,Day,Light,Front to side collision,0.0,0.0,3.0,0.0,0.0,1.0,2.0,3.0,3.0,3.0,Junction,Exact,,85.0,,90.0,,,90
2011,February,Monday,Day,Light,Front to side collision,0.0,0.0,1.0,0.0,0.0,1.0,0.0,1.0,2.0,2.0,Junction,Exact,,90.0,,,,,90
2011,June,Thursday,Day,Light,Front to side collision,0.0,0.0,2.0,0.0,0.0,2.0,0.0,2.0,2.0,2.0,Junction,Exact,,1.0,287.1,90.0,,,90
2011,January,Saturday,Day,Light,Drive off road or on paveway,0.0,0.0,5.0,0.0,3.0,2.0,0.0,5.0,1.0,1.0,Junction,Exact,,1.0,287.1,90.0,,,90
2011,July,Friday,Day,Light,Front to side collision,0.0,0.0,3.0,0.0,1.0,1.0,1.0,3.0,2.0,2.0,Junction,Exact,,90.0,,8677.0,,,90
2011,October,Tuesday,Day,Light,Front to side collision,0.0,0.0,2.0,0.0,0.0,2.0,0.0,2.0,2.0,2.0,Junction,Exact,,90.0,,977.0,,,90
2011,August,Sunday,Day,Fatal,Front to side collision,1.0,0.0,4.0,0.0,0.0,5.0,0.0,5.0,6.0,6.0,Junction,Exact,,90.0,,977.0,,,90
2011,June,Tuesday,Day,Light,Front to side collision,0.0,0.0,2.0,0.0,0.0,2.0,0.0,2.0,2.0,2.0,Junction,Exact,,90.0,,9119.0,,,90
2011,January,Friday,Day,Light,Front to side collision,0.0,0.0,2.0,0.0,0.0,1.0,1.0,2.0,2.0,2.0,Junction,Exact,,90.0,,91.0,,,90
2011,December,Wednesday,Day,Light,Front to side collision,0.0,0.0,1.0,0.0,0.0,1.0,0.0,1.0,2.0,2.0,Junction,Exact,,90.0,,,,,90
2011,December,Sunday,Day,Light,Front to side collision,0.0,0.0,2.0,0.0,0.0,2.0,0.0,2.0,3.0,3.0,Junction,Exact,,90.0,,977.0,,,90
2011,October,Monday,Day,Light,Front to side collision,0.0,0.0,3.0,0.0,1.0,2.0,0.0,3.0,2.0,2.0,Junction,Exact,,90.0,,8677.0,,,90
2011,October,Saturday,Day,Light,Front to side collision,0.0,0.0,1.0,0.0,0.0,1.0,0.0,1.0,2.0,2.0,Junction,Exact,,31.0,205.3,90.0,,,90
2011,March,Sunday,Day,Light,Front to side collision,0.0,0.0,10.0,0.0,4.0,6.0,0.0,10.0,2.0,2.0,Junction,Exact,,90.0,,977.0,,,90
2011,May,Wednesday,Day,Light,Front to side collision,0.0,0.0,1.0,0.0,0.0,1.0,0.0,1.0,2.0,2.0,Junction,Exact,,90.0,,669.0,,,90
2011,October,Monday,Night,Light,Front to side collision,0.0,0.0,1.0,0.0,0.0,1.0,0.0,1.0,2.0,2.0,Junction,Exact,,90.0,,91.0,,,90
2011,October,Thursday,Night,Light,Front to side collision,0.0,0.0,1.0,0.0,0.0,1.0,0.0,1.0,3.0,3.0,Junction,Exact,,1.0,287.1,90.0,,,90
2011,May,Monday,Day,Light,Front to rear collision,0.0,0.0,15.0,0.0,4.0,11.0,0.0,15.0,5.0,5.0,Junction,Exact,,89.0,,90.0,,,90
2011,March,Wednesday,Night,Light,Front end collision,0.0,0.0,2.0,0.0,0.0,2.0,0.0,2.0,2.0,2.0,Junction,Exact,,90.0,,8677.0,,,90
2011,August,Friday,Night,Light,Side to side collision,0.0,0.0,2.0,0.0,0.0,2.0,0.0,2.0,2.0,2.0,Junction,Exact,,90.0,,92.0,,,90
2011,September,Tuesday,Night,Light,Front to side collision,0.0,0.0,1.0,0.0,0.0,1.0,0.0,1.0,3.0,3.0,Junction,Exact,,90.0,,8676.0,,,90
2011,July,Thursday,Night,Light,Front to side collision,0.0,0.0,1.0,0.0,0.0,1.0,0.0,1.0,2.0,2.0,Junction,Exact,,90.0,,977.0,,,90
2011,July,Wednesday,Night,Light,Front to side collision,0.0,0.0,4.0,0.0,0.0,3.0,1.0,4.0,2.0,2.0,Junction,Exact,,90.0,,8677.0,,,90
2011,April,Monday,Night,Light,Front to side collision,0.0,0.0,2.0,0.0,0.0,2.0,0.0,2.0,2.0,2.0,Junction,Exact,,90.0,,91.0,,,90
2011,January,Friday,Night,Light,Front to side collision,0.0,0.0,2.0,0.0,0.0,2.0,0.0,2.0,2.0,2.0,Junction,Exact,,90.0,,977.0,,,90
2011,February,Monday,Night,Light,Front to side collision,0.0,0.0,3.0,0.0,0.0,3.0,0.0,3.0,2.0,2.0,Junction,Exact,,90.0,,,,,90
2011,September,Friday,Night,Light,Hit an object,0.0,0.0,1.0,0.0,0.0,1.0,0.0,1.0,1.0,1.0,Not junction,Exact,,90.0,22.0,,,,90
2011,April,Tuesday,Night,Severe,Front end collision,0.0,1.0,6.0,0.0,2.0,5.0,0.0,7.0,3.0,3.0,Not junction,Exact,,90.0,216.0,,,,90
2011,July,Friday,Night,Light,Hit an object,0.0,0.0,3.0,0.0,1.0,2.0,0.0,3.0,1.0,1.0,Not junction,Exact,,90.0,253.0,,,,90
2011,November,Saturday,Night,Light,Roll over,0.0,0.0,2.0,0.0,1.0,1.0,0.0,2.0,1.0,1.0,Not junction,Exact,,90.0,373.5,,,,90
2011,November,Sunday,Night,Light,Roll over,0.0,0.0,1.0,0.0,0.0,1.0,0.0,1.0,1.0,1.0,Not junction,Exact,,90.0,181.6,,,,90
2011,January,Sunday,Night,Light,Roll over,0.0,0.0,2.0,0.0,0.0,2.0,0.0,2.0,1.0,1.0,Not junction,Exact,,90.0,397.9,,,,90
2011,March,Saturday,Night,Fatal,Hit an object,1.0,0.0,0.0,0.0,0.0,1.0,0.0,1.0,1.0,1.0,Not junction,Exact,,90.0,211.0,,,,90
2011,December,Friday,Night,Light,Front to side collision,0.0,0.0,4.0,0.0,2.0,2.0,0.0,4.0,2.0,2.0,Not junction,Exact,,90.0,331.0,,,,90
2011,May,Saturday,Night,Light,Drive off road or on paveway,0.0,0.0,2.0,0.0,0.0,2.0,0.0,2.0,1.0,1.0,Not junction,Exact,,90.0,325.5,,,,90
2011,September,Thursday,Night,Severe,Front to rear collision,0.0,3.0,3.0,0.0,2.0,4.0,0.0,6.0,3.0,3.0,Not junction,Exact,,90.0,319.9,,,,90
2011,January,Thursday,Night,Light,Front end collision,0.0,0.0,2.0,0.0,0.0,2.0,0.0,2.0,2.0,2.0,Not junction,Centered,,90.0,312.0,,,,90
2011,May,Friday,Day,Fatal,Front end collision,4.0,0.0,1.0,0.0,0.0,5.0,0.0,5.0,2.0,2.0,Not junction,Exact,,90.0,277.2,,,,90
2011,December,Sunday,Day,Light,Side to side collision,0.0,0.0,4.0,0.0,0.0,4.0,0.0,4.0,2.0,2.0,Not junction,Exact,,90.0,336.0,,,,90
2011,April,Sunday,Day,Light,Front to side collision,0.0,0.0,6.0,0.0,3.0,2.0,1.0,6.0,2.0,2.0,Not junction,Exact,,90.0,250.0,,,,90
2011,November,Monday,Day,Light,Side to side collision,0.0,0.0,5.0,0.0,3.0,2.0,0.0,5.0,2.0,2.0,Not junction,Exact,,90.0,424.9,,,,90
2011,January,Wednesday,Day,Light,Front to side collision,0.0,0.0,3.0,0.0,0.0,1.0,2.0,3.0,2.0,2.0,Not junction,Exact,,90.0,407.0,,,,90
2011,February,Friday,Day,Light,Front to side collision,0.0,0.0,2.0,0.0,0.0,2.0,0.0,2.0,2.0,2.0,Not junction,Exact,,90.0,458.0,,,,90
2011,October,Monday,Day,Light,Front to side collision,0.0,0.0,3.0,0.0,1.0,2.0,0.0,3.0,2.0,2.0,Not junction,Exact,,90.0,471.0,,,,90
2011,December,Sunday,Day,Light,Front to side collision,0.0,0.0,1.0,0.0,0.0,1.0,0.0,1.0,2.0,2.0,Not junction,Exact,,90.0,424.0,,,,90
2011,December,Sunday,Day,Light,Front to side collision,0.0,0.0,1.0,0.0,0.0,0.0,0.0,1.0,2.0,2.0,Not junction,Exact,,90.0,424.0,,,,90
2011,July,Monday,Day,Light,Front to side collision,0.0,0.0,4.0,0.0,2.0,2.0,0.0,4.0,2.0,2.0,Not junction,Exact,,90.0,295.0,,,,90
2011,December,Thursday,Day,Light,Front to rear collision,0.0,0.0,1.0,0.0,0.0,1.0,0.0,1.0,2.0,2.0,Not junction,Exact,,90.0,336.0,,,,90
2011,September,Thursday,Day,Severe,Front end collision,0.0,4.0,0.0,0.0,3.0,1.0,0.0,4.0,2.0,2.0,Not junction,Exact,,90.0,314.9,,,,90
2011,May,Saturday,Day,Light,Other,0.0,0.0,4.0,0.0,0.0,3.0,1.0,4.0,2.0,2.0,Not junction,Exact,,90.0,344.1,,,,90
2011,March,Saturday,Day,Light,Front to side collision,0.0,0.0,4.0,0.0,3.0,1.0,0.0,4.0,2.0,2.0,Not junction,Exact,,90.0,315.0,,,,90
2011,December,Sunday,Day,Light,Front end collision,0.0,0.0,1.0,0.0,0.0,1.0,0.0,1.0,2.0,2.0,Not junction,Exact,,90.0,345.0,,,,90