year,month,day_of_week,day_night,accident_severity,accident_type,killed,severly_injured,lightly_injured,injured_pedestrians,casualties_ages_0-19,casualties_ages_20-64,casualties_ages_65_plus,total_casualties,vehicle_count,drivers,road_type,localization_quality,settlement,road1,location,road2,road3,road4,source_road
2011,August,Thursday,Day,Light,Side to side collision,0.0,0.0,7.0,0.0,5.0,2.0,0.0,7.0,2.0,2.0,Not junction,Exact,,90.0,81.6,,,,90
2011,June,Sunday,Day,Light,Front to side collision,0.0,0.0,4.0,0.0,0.0,2.0,2.0,4.0,2.0,2.0,Not junction,Exact,,90.0,131.0,,,,90
2011,May,Friday,Day,Light,Front to side collision,0.0,0.0,1.0,0.0,0.0,1.0,0.0,1.0,2.0,2.0,Not junction,Exact,,90.0,315.0,,,,90
2011,January,Sunday,Day,Light,Front end collision,0.0,0.0,11.0,0.0,5.0,6.0,0.0,11.0,3.0,3.0,Not junction,Exact,,90.0,309.7,,,,90
2011,August,Thursday,Day,Light,Hit an object,0.0,0.0,2.0,0.0,1.0,1.0,0.0,2.0,1.0,1.0,Not junction,Exact,,90.0,306.0,,,,90
2011,May,Tuesday,Day,Severe,Front to side collision,0.0,1.0,0.0,0.0,0.0,1.0,0.0,1.0,2.0,2.0,Not junction,Exact,,90.0,135.0,,,,90
2011,June,Wednesday,Day,Light,Front to side collision,0.0,0.0,1.0,0.0,0.0,1.0,0.0,1.0,2.0,2.0,Not junction,Exact,,90.0,300.0,,,,90
2011,January,Friday,Day,Fatal,Front end collision,2.0,0.0,1.0,0.0,2.0,1.0,0.0,3.0,2.0,2.0,Not junction,Exact,,90.0,369.9,,,,90
2011,August,Monday,Day,Light,Roll over,0.0,0.0,2.0,0.0,0.0,2.0,0.0,2.0,1.0,1.0,Not junction,Exact,,90.0,275.0,,,,90
2011,April,Monday,Day,Light,Roll over,0.0,0.0,2.0,0.0,0.0,2.0,0.0,2.0,1.0,1.0,Not junction,Exact,,90.0,350.0,,,,90
2011,July,Tuesday,Day,Fatal,Front to side collision,1.0,1.0,1.0,0.0,0.0,3.0,0.0,3.0,5.0,5.0,Not junction,Exact,,90.0,345.3,,,,90
2011,December,Sunday,Day,Severe,Roll over,0.0,1.0,0.0,0.0,0.0,1.0,0.0,1.0,2.0,2.0,Not junction,Exact,,90.0,394.0,,,,90
2011,March,Monday,Day,Light,Side to side collision,0.0,0.0,1.0,0.0,0.0,1.0,0.0,1.0,3.0,3.0,Not junction,Exact,,90.0,18.0,,,,90
2011,March,Monday,Day,Light,Side to side collision,0.0,0.0,1.0,0.0,0.0,1.0,0.0,1.0,3.0,3.0,Not junction,Exact,,90.0,18.0,,,,90
2011,February,Friday,Day,Fatal,Front to side collision,1.0,0.0,0.0,0.0,0.0,1.0,0.0,1.0,2.0,2.0,Not junction,Exact,,90.0,415.9,,,,90
2011,May,Sunday,Day,Light,Front end collision,0.0,0.0,8.0,0.0,1.0,4.0,3.0,8.0,3.0,3.0,Not junction,Exact,,90.0,410.0,,,,90
2011,October,Friday,Day,Severe,Front end collision,0.0,1.0,0.0,0.0,0.0,1.0,0.0,1.0,2.0,2.0,Not junction,Exact,,90.0,328.0,,,,90
2011,May,Thursday,Day,Fatal,Front to side collision,4.0,1.0,29.0,0.0,4.0,28.0,2.0,34.0,3.0,3.0,Not junction,Exact,,90.0,57.5,,,,90
2011,July,Sunday,Day,Light,Front to side collision,0.0,0.0,1.0,0.0,0.0,1.0,0.0,1.0,2.0,2.0,Not junction,Exact,,90.0,14.9,,,,90
2011,July,Tuesday,Day,Light,Hit an object,0.0,0.0,1.0,0.0,0.0,1.0,0.0,1.0,1.0,1.0,Not junction,Exact,,90.0,250.0,,,,90
2011,July,Saturday,Day,Severe,Side to side collision,0.0,1.0,0.0,0.0,1.0,0.0,0.0,1.0,2.0,2.0,Not junction,Exact,,90.0,378.0,,,,90
2011,November,Sunday,Day,Fatal,Pedestrian,1.0,0.0,0.0,1.0,1.0,0.0,0.0,1.0,1.0,1.0,Not junction,Exact,,90.0,307.0,,,,90
2011,April,Monday,Day,Light,Side to side collision,0.0,0.0,1.0,0.0,0.0,1.0,0.0,1.0,2.0,2.0,Not junction,Exact,,90.0,14.0,,,,90
2011,December,Wednesday,Day,Light,Front to side collision,0.0,0.0,1.0,0.0,0.0,1.0,0.0,1.0,2.0,2.0,Not junction,Exact,,90.0,368.0,,,,90
2011,October,Monday,Day,Severe,Front to side collision,0.0,2.0,2.0,0.0,0.0,2.0,2.0,4.0,3.0,3.0,Not junction,Exact,,90.0,374.2,,,,90
2011,October,Sunday,Day,Light,Other,0.0,0.0,9.0,0.0,1.0,7.0,1.0,9.0,3.0,3.0,Not junction,Exact,,90.0,324.5,,,,90
2011,September,Monday,Day,Light,Roll over,0.0,0.0,1.0,0.0,0.0,0.0,1.0,1.0,1.0,1.0,Not junction,Exact,,90.0,65.5,,,,90
2011,February,Friday,Day,Fatal,Roll over,1.0,0.0,8.0,0.0,7.0,2.0,0.0,9.0,1.0,1.0,Not junction,Exact,,90.0,352.0,,,,90
2011,October,Friday,Day,Light,Roll over,0.0,0.0,1.0,0.0,0.0,1.0,0.0,1.0,1.0,1.0,Not junction,Exact,,90.0,476.0,,,,90
2011,August,Sunday,Day,Light,Front end collision,0.0,0.0,6.0,0.0,4.0,2.0,0.0,6.0,2.0,2.0,Not junction,Exact,,90.0,352.7,,,,90
2011,June,Tuesday,Day,Light,Roll over,0.0,0.0,1.0,0.0,0.0,1.0,0.0,1.0,1.0,1.0,Not junction,Exact,,90.0,21.8,,,,90
2011,November,Friday,Night,Severe,Front to side collision,0.0,1.0,3.0,0.0,0.0,3.0,1.0,4.0,2.0,2.0,Not junction,Exact,,90.0,338.0,,,,90
2011,April,Monday,Day,Severe,Hit an object,0.0,1.0,0.0,0.0,0.0,1.0,0.0,1.0,1.0,1.0,Not junction,Exact,,90.0,107.0,,,,90
2011,April,Friday,Day,Light,Drive off road or on paveway,0.0,0.0,5.0,0.0,3.0,2.0,0.0,5.0,1.0,1.0,Not junction,Exact,,90.0,392.1,,,,90
2011,November,Thursday,Night,Light,Front end collision,0.0,0.0,1.0,0.0,0.0,1.0,0.0,1.0,2.0,2.0,Not junction,Exact,,90.0,316.0,,,,90
2011,April,Tuesday,Day,Light,Front to side collision,0.0,0.0,3.0,0.0,1.0,2.0,0.0,3.0,4.0,4.0,Not junction,Exact,,90.0,355.7,,,,90
2011,December,Sunday,Night,Light,Front end collision,0.0,0.0,3.0,0.0,0.0,3.0,0.0,3.0,2.0,2.0,Not junction,Exact,,90.0,406.4,,,,90
2011,January,Thursday,Night,Fatal,Roll over,1.0,0.0,3.0,0.0,0.0,0.0,2.0,4.0,1.0,1.0,Not junction,Exact,,90.0,35.3,,,,90
2011,January,Thursday,Night,Light,Roll over,0.0,0.0,2.0,0.0,0.0,0.0,2.0,2.0,1.0,1.0,Not junction,Exact,,90.0,35.3,,,,90
2011,September,Thursday,Night,Light,Front to rear collision,0.0,0.0,1.0,0.0,0.0,1.0,0.0,1.0,7.0,7.0,Not junction,Exact,,90.0,417.2,,,,90
2011,December,Wednesday,Night,Light,Front end collision,0.0,0.0,1.0,0.0,0.0,1.0,0.0,1.0,2.0,2.0,Not junction,Exact,,90.0,184.8,,,,90
2011,March,Wednesday,Night,Light,Front to side collision,0.0,0.0,2.0,0.0,0.0,2.0,0.0,2.0,2.0,2.0,Not junction,Exact,,90.0,472.1,,,,90
2011,February,Monday,Night,Severe,Hit an object,0.0,1.0,0.0,0.0,0.0,1.0,0.0,1.0,1.0,1.0,Not junction,Exact,,90.0,443.8,,,,90
2011,April,Friday,Night,Light,Roll over,0.0,0.0,1.0,0.0,0.0,1.0,0.0,1.0,1.0,1.0,Not junction,Exact,,90.0,316.0,,,,90
2011,July,Thursday,Night,Light,Front to side collision,0.0,0.0,4.0,0.0,2.0,2.0,0.0,4.0,2.0,2.0,Not junction,Exact,,90.0,402.0,,,,90
2011,July,Saturday,Night,Light,Front end collision,0.0,0.0,5.0,0.0,2.0,3.0,0.0,5.0,2.0,2.0,Not junction,Exact,,90.0,180.0,,,,90
2011,November,Friday,Night,Light,Roll over,0.0,0.0,1.0,0.0,0.0,1.0,0.0,1.0,1.0,1.0,Not junction,Exact,,90.0,253.0,,,,90
2012,October,Thursday,Night,Light,Front to side collision,0.0,0.0,2.0,0.0,0.0,2.0,0.0,2.0,2.0,2.0,Junction,Exact,,85.0,,90.0,,,90
2012,June,Sunday,Night,Severe,Front to side collision,0.0,1.0,2.0,0.0,0.0,3.0,0.0,3.0,2.0,2.0,Junction,Exact,,90.0,,6678.0,,,90
2012,January,Sunday,Night,Severe,Front to side collision,0.0,1.0,2.0,0.0,0.0,3.0,0.0,3.0,3.0,3.0,Junction,Exact,,90.0,,669.0,,,90
2012,January,Thursday,Day,Light,Pedestrian,0.0,0.0,1.0,1.0,0.0,1.0,0.0,1.0,1.0,1.0,Junction,Exact,,90.0,,92.0,,,90
2012,November,Thursday,Day,Severe,Pedestrian,0.0,1.0,0.0,1.0,0.0,0.0,1.0,1.0,1.0,1.0,Junction,Exact,,90.0,,767.0,,,90
2012,June,Thursday,Day,Light,Roll over,0.0,0.0,1.0,0.0,0.0,1.0,0.0,1.0,2.0,2.0,Junction,Exact,,1.0,287.1,90.0,,,90
2012,March,Wednesday,Day,Light,Front to side collision,0.0,0.0,2.0,0.0,0.0,2.0,0.0,2.0,2.0,2.0,Junction,Exact,,90.0,,977.0,,,90
2012,September,Friday,Day,Light,Front end collision,0.0,0.0,1.0,0.0,0.0,1.0,0.0,1.0,2.0,2.0,Junction,Exact,,90.0,,977.0,,,90
2012,November,Sunday,Day,Light,Front to side collision,0.0,0.0,2.0,0.0,0.0,2.0,0.0,2.0,2.0,2.0,Junction,Exact,,90.0,,92.0,,,90
2012,October,Tuesday,Day,Light,Other,0.0,0.0,3.0,0.0,1.0,1.0,1.0,3.0,2.0,2.0,Junction,Exact,,1.0,287.1,90.0,,,90
2012,March,Sunday,Day,Light,Front to side collision,0.0,0.0,6.0,0.0,2.0,4.0,0.0,6.0,3.0,3.0,Junction,Exact,,90.0,,8677.0,,,90
2012,March,Sunday,Day,Light,Front to side collision,0.0,0.0,4.0,0.0,3.0,1.0,0.0,4.0,2.0,2.0,Junction,Exact,,90.0,,899.0,,,90
2012,April,Thursday,Day,Severe,Front to side collision,0.0,1.0,5.0,0.0,0.0,5.0,1.0,6.0,3.0,3.0,Junction,Exact,,90.0,,8677.0,,,90
2012,December,Sunday,Day,Light,Side to side collision,0.0,0.0,1.0,0.0,0.0,1.0,0.0,1.0,6.0,6.0,Junction,Exact,,90.0,,91.0,,,90
2012,October,Friday,Day,Light,Hit an object,0.0,0.0,2.0,0.0,1.0,1.0,0.0,2.0,1.0,1.0,Junction,Exact,,90.0,,8677.0,,,90
2012,June,Saturday,Day,Light,Front to side collision,0.0,0.0,4.0,0.0,0.0,4.0,0.0,4.0,2.0,2.0,Junction,Exact,,90.0,,977.0,,,90
2012,May,Sunday,Day,Light,Front to side collision,0.0,0.0,3.0,0.0,1.0,2.0,0.0,3.0,3.0,3.0,Junction,Exact,,90.0,,767.0,,,90
2012,April,Friday,Day,Light,Front to side collision,0.0,0.0,3.0,0.0,0.0,2.0,1.0,3.0,2.0,2.0,Junction,Exact,,90.0,,9119.0,,,90
2012,July,Monday,Day,Light,Front to side collision,0.0,0.0,8.0,0.0,1.0,7.0,0.0,8.0,4.0,4.0,Junction,Exact,,90.0,,8677.0,,,90
2012,August,Wednesday,Day,Light,Front to side collision,0.0,0.0,6.0,0.0,3.0,3.0,0.0,6.0,2.0,2.0,Junction,Exact,,71.0,,90.0,,,90
2012,November,Wednesday,Night,Light,Front to side collision,0.0,0.0,3.0,0.0,0.0,3.0,0.0,3.0,2.0,2.0,Junction,Exact,,90.0,,,,,90
2012,March,Monday,Night,Fatal,Front end collision,2.0,4.0,2.0,0.0,4.0,4.0,0.0,8.0,2.0,2.0,Not junction,Exact,,90.0,306.0,,,,90
2012,October,Wednesday,Night,Light,Front end collision,0.0,0.0,5.0,0.0,0.0,5.0,0.0,5.0,2.0,2.0,Not junction,Exact,,90.0,265.0,,,,90
2012,July,Sunday,Night,Light,Roll over,0.0,0.0,4.0,0.0,3.0,1.0,0.0,4.0,1.0,1.0,Not junction,Exact,,90.0,298.8,,,,90
2012,December,Friday,Night,Light,Hit an object,0.0,0.0,1.0,0.0,0.0,1.0,0.0,1.0,1.0,1.0,Not junction,Exact,,90.0,447.9,,,,90
2012,April,Sunday,Night,Light,Roll over,0.0,0.0,1.0,0.0,0.0,1.0,0.0,1.0,1.0,1.0,Not junction,Exact,,90.0,49.5,,,,90
2012,February,Friday,Night,Light,Roll over,0.0,0.0,3.0,0.0,0.0,3.0,0.0,3.0,1.0,1.0,Not junction,Exact,,90.0,23.0,,,,90
2012,January,Wednesday,Night,Light,Slip,0.0,0.0,3.0,0.0,1.0,2.0,0.0,3.0,1.0,1.0,Not junction,Exact,,90.0,405.0,,,,90
2012,December,Wednesday,Night,Severe,Roll over,0.0,2.0,2.0,0.0,1.0,3.0,0.0,4.0,1.0,1.0,Not junction,Exact,,90.0,283.2,,,,90
2012,January,Sunday,Night,Light,Front to rear collision,0.0,0.0,2.0,0.0,0.0,2.0,0.0,2.0,2.0,2.0,Not junction,Exact,,90.0,464.0,,,,90
2012,August,Monday,Night,Light,Hit an object,0.0,0.0,2.0,0.0,0.0,2.0,0.0,2.0,1.0,1.0,Not junction,Exact,,90.0,38.9,,,,90
2012,March,Friday,Night,Light,Hit an object,0.0,0.0,1.0,0.0,0.0,1.0,0.0,1.0,2.0,2.0,Not junction,Exact,,90.0,260.5,,,,90
2012,July,Tuesday,Night,Light,Front to rear collision,0.0,0.0,1.0,0.0,0.0,1.0,0.0,1.0,2.0,2.0,Not junction,Exact,,90.0,306.0,,,,90
2012,August,Sunday,Night,Light,Hit an object,0.0,0.0,5.0,0.0,4.0,1.0,0.0,5.0,1.0,1.0,Not junction,Exact,,90.0,307.3,,,,90
2012,October,Friday,Night,Fatal,Roll over,2.0,0.0,2.0,0.0,0.0,1.0,0.0,4.0,1.0,1.0,Not junction,Exact,,90.0,121.0,,,,90
2012,January,Monday,Night,Severe,Hit an object,0.0,1.0,0.0,0.0,0.0,1.0,0.0,1.0,1.0,1.0,Not junction,Exact,,90.0,47.0,,,,90
2012,August,Tuesday,Day,Light,Front to rear collision,0.0,0.0,1.0,0.0,0.0,1.0,0.0,1.0,2.0,2.0,Not junction,Exact,,90.0,15.9,,,,90
2012,December,Tuesday,Day,Light,Front to side collision,0.0,0.0,4.0,0.0,0.0,4.0,0.0,4.0,2.0,2.0,Not junction,Exact,,90.0,421.6,,,,90
2012,September,Tuesday,Day,Light,Drive off road or on paveway,0.0,0.0,1.0,0.0,0.0,1.0,0.0,1.0,2.0,2.0,Not junction,Exact,,90.0,333.0,,,,90
2012,March,Friday,Day,Light,Front to side collision,0.0,0.0,1.0,0.0,0.0,1.0,0.0,1.0,2.0,2.0,Not junction,Exact,,90.0,465.5,,,,90
2012,January,Thursday,Day,Severe,Front to side collision,0.0,1.0,0.0,0.0,0.0,1.0,0.0,1.0,2.0,2.0,Not junction,Exact,,90.0,317.8,,,,90
2012,December,Sunday,Day,Light,Slip,0.0,0.0,1.0,0.0,0.0,1.0,0.0,1.0,1.0,1.0,Not junction,Exact,,90.0,357.0,,,,90
2012,June,Friday,Day,Light,Roll over,0.0,0.0,4.0,0.0,1.0,2.0,0.0,4.0,1.0,1.0,Not junction,Exact,,90.0,259.6,,,,90
2012,March,Sunday,Day,Light,Front to side collision,0.0,0.0,2.0,0.0,0.0,2.0,0.0,2.0,2.0,2.0,Not junction,Exact,,90.0,398.0,,,,90
2012,December,Monday,Day,Light,Front to side collision,0.0,0.0,2.0,0.0,0.0,2.0,0.0,2.0,2.0,2.0,Not junction,Exact,,90.0,453.0,,,,90
2012,November,Thursday,Day,Light,Front to side collision,0.0,0.0,3.0,0.0,0.0,3.0,0.0,3.0,2.0,2.0,Not junction,Exact,,90.0,171.0,,,,90
2012,March,Tuesday,Day,Light,Front to side collision,0.0,0.0,5.0,0.0,0.0,5.0,0.0,5.0,4.0,4.0,Not junction,Exact,,90.0,436.0,,,,90
2012,March,Friday,Day,Light,Front to side collision,0.0,0.0,1.0,0.0,0.0,1.0,0.0,1.0,2.0,2.0,Not junction,Exact,,90.0,472.0,,,,90
2012,July,Monday,Day,Light,Front to rear collision,0.0,0.0,2.0,0.0,0.0,1.0,1.0,2.0,2.0,2.0,Not junction,Exact,,90.0,457.1,,,,90
2012,February,Thursday,Day,Light,Roll over,0.0,0.0,5.0,0.0,3.0,2.0,0.0,5.0,1.0,1.0,Not junction,Exact,,90.0,287.0,,,,90
2012,February,Tuesday,Day,Fatal,Roll over,1.0,0.0,0.0,0.0,0.0,1.0,0.0,1.0,1.0,1.0,Not junction,Exact,,90.0,52.5,,,,90
2012,May,Wednesday,Day,Severe,Front to side collision,0.0,1.0,0.0,0.0,0.0,1.0,0.0,1.0,2.0,2.0,Not junction,Exact,,90.0,413.6,,,,90
2012,March,Friday,Day,Light,Front to rear collision,0.0,0.0,6.0,0.0,0.0,6.0,0.0,6.0,3.0,3.0,Not junction,Exact,,90.0,388.7,,,,90
2012,May,Thursday,Day,Light,Front to side collision,0.0,0.0,2.0,0.0,1.0,1.0,0.0,2.0,2.0,2.0,Not junction,Exact,,90.0,16.0,,,,90
2012,August,Tuesday,Day,Light,Front to side collision,0.0,0.0,2.0,0.0,0.0,2.0,0.0,2.0,3.0,3.0,Not junction,Exact,,90.0,467.0,,,,90
2012,June,Tuesday,Day,Severe,Hit an object,0.0,1.0,0.0,0.0,0.0,1.0,0.0,1.0,1.0,1.0,Not junction,Exact,,90.0,436.0,,,,90
2012,December,Friday,Day,Light,Front to side collision,0.0,0.0,4.0,0.0,0.0,4.0,0.0,4.0,2.0,2.0,Not junction,Exact,,90.0,442.0,,,,90
2012,July,Thursday,Day,Light,Hit an object,0.0,0.0,3.0,0.0,2.0,1.0,0.0,3.0,1.0,1.0,Not junction,Exact,,90.0,437.5,,,,90
2012,October,Friday,Day,Light,Hit an object,0.0,0.0,1.0,0.0,0.0,1.0,0.0,1.0,1.0,1.0,Not junction,Exact,,90.0,357.0,,,,90
2012,October,Wednesday,Day,Light,Front to side collision,0.0,0.0,5.0,0.0,1.0,3.0,1.0,5.0,5.0,5.0,Not junction,Exact,,90.0,105.0,,,,90
2012,January,Friday,Day,Light,Drive off road or on paveway,0.0,0.0,2.0,0.0,1.0,0.0,1.0,2.0,1.0,1.0,Not junction,Exact,,90.0,389.0,,,,90
2012,May,Friday,Day,Light,Front to side collision,0.0,0.0,4.0,0.0,0.0,4.0,0.0,4.0,3.0,3.0,Not junction,Exact,,90.0,443.0,,,,90
2012,December,Monday,Day,Severe,Front to side collision,0.0,1.0,1.0,0.0,0.0,1.0,1.0,2.0,2.0,2.0,Not junction,Exact,,90.0,368.8,,,,90
2012,March,Friday,Day,Light,Drive off road or on paveway,0.0,0.0,2.0,0.0,1.0,1.0,0.0,2.0,1.0,1.0,Not junction,Exact,,90.0,305.2,,,,90
2012,September,Tuesday,Day,Light,Front to rear collision,0.0,0.0,13.0,0.0,0.0,12.0,1.0,13.0,6.0,6.0,Not junction,Exact,,90.0,477.1,,,,90
2012,July,Thursday,Day,Light,Front to side collision,0.0,0.0,4.0,0.0,1.0,3.0,0.0,4.0,2.0,2.0,Not junction,Exact,,90.0,436.0,,,,90
2012,October,Friday,Day,Light,Roll over,0.0,0.0,6.0,0.0,4.0,2.0,0.0,6.0,1.0,1.0,Not junction,Exact,,90.0,360.0,,,,90
2012,June,Saturday,Day,Light,Roll over,0.0,0.0,2.0,0.0,0.0,2.0,0.0,2.0,1.0,1.0,Not junction,Exact,,90.0,283.2,,,,90
2012,November,Friday,Day,Light,Side to side collision,0.0,0.0,3.0,0.0,2.0,0.0,1.0,3.0,2.0,2.0,Not junction,Exact,,90.0,380.3,,,,90
2012,April,Wednesday,Day,Light,Front to rear collision,0.0,0.0,1.0,0.0,0.0,1.0,0.0,1.0,3.0,3.0,Not junction,Exact,,90.0,328.0,,,,90
2012,February,Saturday,Day,Light,Side to side collision,0.0,0.0,2.0,0.0,0.0,2.0,0.0,2.0,2.0,2.0,Not junction,Exact,,90.0,307.0,,,,90
2012,April,Sunday,Day,Light,Front to side collision,0.0,0.0,7.0,0.0,3.0,3.0,1.0,7.0,3.0,3.0,Not junction,Exact,,90.0,15.0,,,,90
2012,December,Wednesday,Day,Light,Front to rear collision,0.0,0.0,3.0,0.0,0.0,3.0,0.0,3.0,3.0,3.0,Not junction,Exact,,90.0,118.0,,,,90
2012,May,Friday,Day,Light,Front to rear collision,0.0,0.0,5.0,0.0,2.0,3.0,0.0,5.0,3.0,3.0,Not junction,Exact,,90.0,403.4,,,,90
2012,March,Friday,Day,Severe,Roll over,0.0,1.0,0.0,0.0,0.0,1.0,0.0,1.0,1.0,1.0,Not junction,Exact,,90.0,222.0,,,,90
2012,January,Friday,Day,Light,Front end collision,0.0,0.0,2.0,0.0,0.0,1.0,1.0,2.0,2.0,2.0,Not junction,Exact,,90.0,291.0,,,,90
2012,August,Friday,Day,Light,Roll over,0.0,0.0,1.0,0.0,0.0,1.0,0.0,1.0,1.0,1.0,Not junction,Exact,,90.0,363.0,,,,90
2012,July,Wednesday,Day,Light,Front to rear collision,0.0,0.0,6.0,0.0,2.0,4.0,0.0,6.0,3.0,3.0,Not junction,Exact,,90.0,405.3,,,,90
2012,June,Monday,Day,Light,Roll over,0.0,0.0,1.0,0.0,0.0,1.0,0.0,1.0,1.0,1.0,Not junction,Exact,,90.0,335.0,,,,90
2012,January,Tuesday,Day,Light,Side to side collision,0.0,0.0,1.0,0.0,1.0,0.0,0.0,1.0,2.0,2.0,Not junction,Exact,,90.0,419.1,,,,90
2012,July,Sunday,Day,Light,Side to side collision,0.0,0.0,1.0,0.0,0.0,0.0,1.0,1.0,2.0,2.0,Not junction,Exact,,90.0,416.0,,,,90
2012,August,Thursday,Day,Severe,Front end collision,0.0,2.0,1.0,0.0,0.0,3.0,0.0,3.0,2.0,2.0,Not junction,Exact,,90.0,410.2,,,,90
2012,August,Thursday,Day,Light,Front end collision,0.0,0.0,5.0,0.0,1.0,4.0,0.0,5.0,2.0,2.0,Not junction,Exact,,90.0,345.0,,,,90
2012,August,Sunday,Day,Light,Front end collision,0.0,0.0,2.0,0.0,0.0,1.0,1.0,2.0,2.0,2.0,Not junction,Exact,,90.0,360.0,,,,90
2012,June,Monday,Day,Light,Roll over,0.0,0.0,2.0,0.0,0.0,2.0,0.0,2.0,1.0,1.0,Not junction,Exact,,90.0,283.2,,,,90
2012,July,Monday,Day,Light,Pedestrian,0.0,0.0,1.0,1.0,0.0,1.0,0.0,1.0,1.0,1.0,Not junction,Exact,,90.0,50.5,,,,90
2012,August,Thursday,Day,Light,Side to side collision,0.0,0.0,1.0,0.0,0.0,1.0,0.0,1.0,2.0,2.0,Not junction,Exact,,90.0,433.6,,,,90
2012,December,Monday,Night,Fatal,Pedestrian,1.0,0.0,0.0,1.0,1.0,0.0,0.0,1.0,1.0,1.0,Not junction,Exact,,90.0,92.0,,,,90
2012,August,Wednesday,Day,Light,Side to side collision,0.0,0.0,1.0,0.0,0.0,1.0,0.0,1.0,2.0,2.0,Not junction,Exact,,90.0,417.0,,,,90
2012,July,Monday,Day,Severe,Roll over,0.0,1.0,0.0,0.0,0.0,1.0,0.0,1.0,1.0,1.0,Not junction,Exact,,90.0,45.0,,,,90
2012,August,Tuesday,Day,Light,Front to side collision,0.0,0.0,1.0,0.0,0.0,1.0,0.0,1.0,2.0,2.0,Not junction,Exact,,90.0,405.5,,,,90
2012,July,Thursday,Day,Light,Drive off road or on paveway,0.0,0.0,2.0,0.0,0.0,2.0,0.0,2.0,2.0,2.0,Not junction,Exact,,90.0,179.0,,,,90
2012,April,Tuesday,Day,Light,Other,0.0,0.0,5.0,0.0,4.0,1.0,0.0,5.0,1.0,1.0,Not junction,Exact,,90.0,270.0,,,,90
2012,April,Wednesday,Day,Light,Front to side collision,0.0,0.0,4.0,0.0,0.0,4.0,0.0,4.0,2.0,2.0,Not junction,Exact,,90.0,309.0,,,,90
2012,March,Friday,Day,Light,Drive off road or on paveway,0.0,0.0,1.0,0.0,0.0,1.0,0.0,1.0,1.0,1.0,Not junction,Exact,,90.0,392.0,,,,90
2012,April,Thursday,Day,Light,Front to side collision,0.0,0.0,6.0,0.0,1.0,5.0,0.0,6.0,2.0,2.0,Not junction,Exact,,90.0,236.0,,,,90
2012,June,Saturday,Day,Light,Front to side collision,0.0,0.0,5.0,0.0,1.0,2.0,2.0,5.0,2.0,2.0,Not junction,Exact,,90.0,418.0,,,,90
2012,April,Friday,Night,Light,Front end collision,0.0,0.0,9.0,0.0,5.0,4.0,0.0,9.0,3.0,3.0,Not junction,Exact,,90.0,285.0,,,,90
2012,June,Friday,Day,Severe,Pedestrian,0.0,1.0,0.0,1.0,0.0,1.0,0.0,1.0,1.0,1.0,Not junction,Exact,,90.0,421.0,,,,90
2012,April,Sunday,Night,Severe,Front end collision,0.0,1.0,1.0,0.0,0.0,2.0,0.0,2.0,2.0,2.0,Not junction,Exact,,90.0,406.5,,,,90
2012,August,Wednesday,Night,Severe,Drive off road or on paveway,0.0,1.0,1.0,0.0,0.0,2.0,0.0,2.0,1.0,1.0,Not junction,Exact,,90.0,437.5,,,,90
2012,January,Tuesday,Night,Light,Side to side collision,0.0,0.0,10.0,0.0,1.0,9.0,0.0,10.0,3.0,3.0,Not junction,Exact,,90.0,435.8,,,,90
2012,May,Sunday,Night,Light,Front to rear collision,0.0,0.0,3.0,0.0,1.0,1.0,1.0,3.0,3.0,3.0,Not junction,Exact,,90.0,336.5,,,,90
2012,November,Thursday,Night,Light,Front to side collision,0.0,0.0,4.0,0.0,0.0,3.0,0.0,4.0,2.0,2.0,Not junction,Exact,,90.0,441.0,,,,90
2012,April,Monday,Night,Light,Front to side collision,0.0,0.0,3.0,0.0,0.0,3.0,0.0,3.0,2.0,2.0,Not junction,Exact,,90.0,293.0,,,,90
2012,September,Sunday,Night,Light,Roll over,0.0,0.0,1.0,0.0,0.0,1.0,0.0,1.0,1.0,1.0,Not junction,Exact,,90.0,218.0,,,,90
2012,October,Thursday,Night,Light,Roll over,0.0,0.0,1.0,0.0,1.0,0.0,0.0,1.0,1.0,1.0,Not junction,Exact,,90.0,317.7,,,,90
2012,April,Sunday,Night,Light,Slip,0.0,0.0,1.0,0.0,0.0,1.0,0.0,1.0,1.0,1.0,Not junction,Exact,,90.0,431.0,,,,90
2013,June,Sunday,Night,Fatal,Front to side collision,1.0,0.0,3.0,0.0,0.0,4.0,0.0,4.0,2.0,2.0,Junction,Exact,,90.0,,977.0,,,90
2013,May,Tuesday,Day,Light,Front to side collision,0.0,0.0,1.0,0.0,0.0,1.0,0.0,1.0,2.0,2.0,Junction,Exact,,71.0,,90.0,,,90
2013,September,Friday,Day,Light,Front to side collision,0.0,0.0,4.0,0.0,2.0,2.0,0.0,4.0,2.0,2.0,Junction,Exact,,90.0,,8677.0,,,90
2013,February,Tuesday,Day,Light,Front to side collision,0.0,0.0,2.0,0.0,0.0,2.0,0.0,2.0,3.0,3.0,Junction,Exact,,89.0,,90.0,,,90
2013,June,Monday,Day,Light,Front to side collision,0.0,0.0,2.0,0.0,0.0,1.0,1.0,2.0,2.0,2.0,Junction,Exact,,90.0,,977.0,,,90
2013,November,Sunday,Day,Light,Front to side collision,0.0,0.0,2.0,0.0,0.0,2.0,0.0,2.0,2.0,2.0,Junction,Exact,,90.0,,8677.0,,,90