year,month,day_of_week,day_night,accident_severity,accident_type,killed,severly_injured,lightly_injured,injured_pedestrians,casualties_ages_0-19,casualties_ages_20-64,casualties_ages_65_plus,total_casualties,vehicle_count,drivers,road_type,localization_quality,settlement,road1,location,road2,road3,road4,source_road
2014,April,Thursday,Day,Light,Front to side collision,0.0,0.0,6.0,0.0,0.0,5.0,1.0,6.0,2.0,2.0,Not junction,Exact,,90.0,271.0,,,,90
2014,April,Sunday,Day,Light,Front to side collision,0.0,0.0,3.0,0.0,1.0,2.0,0.0,3.0,2.0,2.0,Not junction,Exact,,90.0,445.0,,,,90
2014,March,Friday,Day,Light,Front end collision,0.0,0.0,4.0,0.0,2.0,2.0,0.0,4.0,2.0,2.0,Not junction,Exact,,90.0,356.0,,,,90
2014,January,Sunday,Day,Fatal,Front end collision,2.0,2.0,2.0,0.0,0.0,6.0,0.0,6.0,2.0,2.0,Not junction,Exact,,90.0,296.5,,,,90
2014,March,Sunday,Day,Light,Drive off road or on paveway,0.0,0.0,2.0,0.0,0.0,1.0,1.0,2.0,1.0,1.0,Not junction,Exact,,90.0,336.0,,,,90
2014,January,Thursday,Day,Light,Roll over,0.0,0.0,2.0,0.0,1.0,1.0,0.0,2.0,1.0,1.0,Not junction,Exact,,90.0,132.0,,,,90
2014,February,Saturday,Day,Light,Roll over,0.0,0.0,1.0,0.0,0.0,1.0,0.0,1.0,1.0,1.0,Not junction,Exact,,90.0,345.0,,,,90
2014,April,Sunday,Day,Light,Front to rear collision,0.0,0.0,8.0,0.0,2.0,6.0,0.0,8.0,2.0,2.0,Not junction,Exact,,90.0,435.9,,,,90
2014,February,Sunday,Day,Fatal,Roll over,1.0,0.0,0.0,0.0,0.0,1.0,0.0,1.0,1.0,1.0,Not junction,Exact,,90.0,290.2,,,,90
2014,April,Sunday,Day,Light,Front to rear collision,0.0,0.0,7.0,0.0,0.0,7.0,0.0,7.0,2.0,2.0,Not junction,Exact,,90.0,322.7,,,,90
2014,January,Saturday,Night,Light,Front to side collision,0.0,0.0,2.0,0.0,0.0,2.0,0.0,2.0,2.0,2.0,Not junction,Exact,,90.0,241.0,,,,90
2014,January,Monday,Night,Light,Front to side collision,0.0,0.0,5.0,0.0,3.0,2.0,0.0,5.0,2.0,2.0,Not junction,Exact,,90.0,436.0,,,,90
2014,February,Thursday,Night,Light,Roll over,0.0,0.0,1.0,0.0,1.0,0.0,0.0,1.0,1.0,1.0,Not junction,Exact,,90.0,356.5,,,,90
2014,April,Saturday,Day,Light,Front end collision,0.0,0.0,5.0,0.0,3.0,2.0,0.0,5.0,2.0,2.0,Not junction,Exact,,90.0,281.0,,,,90
2014,February,Monday,Night,Light,Roll over,0.0,0.0,1.0,0.0,0.0,1.0,0.0,1.0,1.0,1.0,Not junction,Exact,,90.0,354.5,,,,90
2014,January,Saturday,Night,Severe,Front end collision,0.0,1.0,0.0,0.0,0.0,1.0,0.0,1.0,2.0,2.0,Not junction,Exact,,90.0,356.0,,,,90
2014,February,Tuesday,Night,Fatal,Hit an object,1.0,0.0,0.0,0.0,0.0,1.0,0.0,1.0,1.0,1.0,Not junction,Exact,,90.0,471.4,,,,90
2014,January,Monday,Night,Light,Front to side collision,0.0,0.0,3.0,0.0,0.0,2.0,1.0,3.0,2.0,2.0,Not junction,Exact,,90.0,378.3,,,,90
2014,April,Saturday,Night,Fatal,Front end collision,1.0,1.0,7.0,0.0,2.0,7.0,0.0,9.0,3.0,3.0,Not junction,Exact,,90.0,307.9,,,,90
2014,July,Sunday,Day,Severe,Front to rear collision,0.0,1.0,1.0,0.0,0.0,2.0,0.0,2.0,2.0,2.0,Not junction,Exact,,90.0,316.7,,,,90
2014,December,Sunday,Night,Fatal,Front to side collision,2.0,3.0,0.0,0.0,1.0,4.0,0.0,5.0,2.0,2.0,Not junction,Exact,,90.0,344.2,,,,90
2014,October,Friday,Day,Severe,Hit an object,0.0,1.0,0.0,0.0,0.0,1.0,0.0,1.0,1.0,1.0,Not junction,Exact,,90.0,246.0,,,,90
2014,October,Wednesday,Day,Light,Front to rear collision,0.0,0.0,8.0,0.0,3.0,5.0,0.0,8.0,4.0,4.0,Not junction,Exact,,90.0,18.5,,,,90
2014,May,Wednesday,Day,Light,Front to side collision,0.0,0.0,6.0,0.0,0.0,6.0,0.0,6.0,2.0,2.0,Not junction,Exact,,90.0,320.0,,,,90
2014,December,Saturday,Night,Light,Other,0.0,0.0,2.0,0.0,0.0,2.0,0.0,2.0,1.0,1.0,Not junction,Exact,,90.0,451.0,,,,90
2014,October,Wednesday,Day,Fatal,Front to side collision,1.0,2.0,5.0,0.0,3.0,5.0,0.0,8.0,2.0,2.0,Not junction,Exact,,90.0,158.2,,,,90
2014,July,Friday,Day,Fatal,Roll over,1.0,0.0,0.0,0.0,0.0,1.0,0.0,1.0,1.0,1.0,Not junction,Exact,,90.0,311.0,,,,90
2014,December,Sunday,Day,Severe,Hit an object,0.0,1.0,1.0,0.0,0.0,0.0,2.0,2.0,1.0,1.0,Not junction,Exact,,90.0,250.7,,,,90
2014,June,Wednesday,Day,Light,Drive off road or on paveway,0.0,0.0,2.0,0.0,0.0,2.0,0.0,2.0,2.0,2.0,Not junction,Exact,,90.0,329.0,,,,90
2014,May,Wednesday,Day,Severe,Pedestrian,0.0,1.0,0.0,1.0,1.0,0.0,0.0,1.0,1.0,1.0,Not junction,Exact,,90.0,309.0,,,,90
2014,June,Wednesday,Night,Light,Side to side collision,0.0,0.0,1.0,0.0,0.0,1.0,0.0,1.0,2.0,2.0,Not junction,Exact,,90.0,88.2,,,,90
2014,May,Friday,Day,Severe,Front end collision,0.0,1.0,1.0,0.0,0.0,2.0,0.0,2.0,2.0,2.0,Not junction,Exact,,90.0,303.2,,,,90
2014,July,Monday,Day,Severe,Roll over,0.0,1.0,0.0,0.0,0.0,1.0,0.0,1.0,1.0,1.0,Not junction,Exact,,90.0,184.0,,,,90
2014,August,Saturday,Night,Fatal,Roll over,1.0,2.0,2.0,0.0,0.0,5.0,0.0,5.0,1.0,1.0,Not junction,Exact,,90.0,332.7,,,,90
2014,October,Friday,Day,Light,Other,0.0,0.0,1.0,0.0,0.0,1.0,0.0,1.0,1.0,1.0,Not junction,Exact,,90.0,459.0,,,,90
2014,December,Thursday,Night,Light,Side to side collision,0.0,0.0,2.0,0.0,0.0,2.0,0.0,2.0,2.0,2.0,Not junction,Exact,,90.0,331.0,,,,90
2014,August,Thursday,Night,Severe,Roll over,0.0,2.0,2.0,0.0,0.0,4.0,0.0,4.0,1.0,1.0,Not junction,Exact,,90.0,239.6,,,,90
2014,May,Sunday,Night,Light,Roll over,0.0,0.0,1.0,0.0,0.0,1.0,0.0,1.0,1.0,1.0,Not junction,Exact,,90.0,348.0,,,,90
2014,October,Monday,Day,Severe,Front to side collision,0.0,2.0,5.0,0.0,3.0,3.0,0.0,7.0,3.0,3.0,Not junction,Exact,,90.0,86.6,,,,90
2014,November,Monday,Day,Light,Side to side collision,0.0,0.0,1.0,0.0,0.0,1.0,0.0,1.0,3.0,3.0,Not junction,Exact,,90.0,372.0,,,,90
2014,October,Wednesday,Day,Severe,Hit a passenger within the vehicle,0.0,1.0,0.0,0.0,0.0,0.0,1.0,1.0,1.0,1.0,Not junction,Exact,,90.0,200.0,,,,90
2014,June,Friday,Day,Light,Front to side collision,0.0,0.0,5.0,0.0,4.0,1.0,0.0,5.0,2.0,2.0,Not junction,Exact,,90.0,379.0,,,,90
2014,July,Monday,Day,Light,Roll over,0.0,0.0,3.0,0.0,0.0,3.0,0.0,3.0,1.0,1.0,Not junction,Exact,,90.0,276.2,,,,90
2014,December,Thursday,Day,Light,Front end collision,0.0,0.0,4.0,0.0,0.0,4.0,0.0,4.0,2.0,2.0,Not junction,Exact,,90.0,111.0,,,,90
2014,July,Sunday,Day,Light,Side to side collision,0.0,0.0,4.0,0.0,2.0,2.0,0.0,4.0,3.0,3.0,Not junction,Exact,,90.0,340.5,,,,90
2014,July,Sunday,Day,Light,Front to side collision,0.0,0.0,1.0,0.0,0.0,1.0,0.0,1.0,2.0,2.0,Not junction,Exact,,90.0,416.0,,,,90
2014,September,Saturday,Day,Fatal,Front end collision,1.0,3.0,0.0,0.0,0.0,3.0,1.0,4.0,2.0,2.0,Not junction,Exact,,90.0,340.5,,,,90
2014,July,Friday,Day,Light,Hit an object,0.0,0.0,2.0,0.0,0.0,2.0,0.0,2.0,1.0,1.0,Not junction,Exact,,90.0,20.0,,,,90
2014,November,Tuesday,Day,Light,Front to side collision,0.0,0.0,2.0,0.0,0.0,2.0,0.0,2.0,2.0,2.0,Not junction,Exact,,90.0,472.0,,,,90
2014,May,Friday,Day,Light,Hit an object,0.0,0.0,2.0,0.0,0.0,1.0,1.0,2.0,1.0,1.0,Not junction,Exact,,90.0,330.0,,,,90
2014,October,Wednesday,Night,Light,Drive off road or on paveway,0.0,0.0,1.0,0.0,0.0,1.0,0.0,1.0,1.0,1.0,Not junction,Exact,,90.0,296.4,,,,90
2014,May,Wednesday,Day,Light,Front end collision,0.0,0.0,5.0,0.0,0.0,0.0,1.0,5.0,2.0,2.0,Not junction,Exact,,90.0,250.5,,,,90
2014,July,Tuesday,Day,Light,Front to rear collision,0.0,0.0,5.0,0.0,2.0,3.0,0.0,5.0,2.0,2.0,Not junction,Exact,,90.0,458.9,,,,90
2014,October,Thursday,Day,Severe,Front end collision,0.0,3.0,13.0,0.0,12.0,4.0,0.0,16.0,4.0,4.0,Not junction,Exact,,90.0,410.5,,,,90
2014,October,Wednesday,Day,Light,Front to side collision,0.0,0.0,4.0,0.0,0.0,4.0,0.0,4.0,2.0,2.0,Not junction,Exact,,90.0,402.0,,,,90
2014,October,Tuesday,Day,Light,Front end collision,0.0,0.0,8.0,0.0,4.0,4.0,0.0,8.0,3.0,3.0,Not junction,Exact,,90.0,275.0,,,,90
2014,July,Sunday,Day,Light,Front to side collision,0.0,0.0,3.0,0.0,1.0,2.0,0.0,3.0,2.0,2.0,Not junction,Exact,,90.0,437.0,,,,90
2014,June,Sunday,Day,Light,Drive off road or on paveway,0.0,0.0,1.0,0.0,1.0,0.0,0.0,1.0,1.0,1.0,Not junction,Exact,,90.0,316.4,,,,90
2014,May,Sunday,Day,Light,Drive off road or on paveway,0.0,0.0,4.0,0.0,2.0,1.0,0.0,4.0,1.0,1.0,Not junction,Exact,,90.0,337.7,,,,90
2014,June,Wednesday,Day,Light,Front to side collision,0.0,0.0,2.0,0.0,0.0,2.0,0.0,2.0,2.0,2.0,Not junction,Exact,,90.0,402.0,,,,90
2014,May,Wednesday,Night,Fatal,Roll over,1.0,1.0,1.0,0.0,0.0,3.0,0.0,3.0,1.0,1.0,Not junction,Exact,,90.0,315.2,,,,90
2014,May,Saturday,Day,Light,Drive off road or on paveway,0.0,0.0,5.0,0.0,3.0,2.0,0.0,5.0,1.0,1.0,Not junction,Exact,,90.0,120.0,,,,90
2014,May,Wednesday,Night,Light,Front to rear collision,0.0,0.0,1.0,0.0,0.0,1.0,0.0,1.0,2.0,2.0,Not junction,Exact,,90.0,414.0,,,,90
2014,June,Friday,Night,Light,Front end collision,0.0,0.0,1.0,0.0,0.0,1.0,0.0,1.0,2.0,2.0,Not junction,Exact,,90.0,294.5,,,,90
2014,May,Thursday,Night,Severe,Pedestrian,0.0,1.0,0.0,1.0,1.0,0.0,0.0,1.0,1.0,1.0,Not junction,Exact,,90.0,309.0,,,,90
2014,December,Sunday,Day,Light,Front to side collision,0.0,0.0,1.0,0.0,0.0,0.0,1.0,1.0,2.0,2.0,Not junction,Exact,,90.0,467.5,,,,90
2014,December,Saturday,Night,Light,Front to side collision,0.0,0.0,1.0,0.0,1.0,0.0,0.0,1.0,2.0,2.0,Not junction,Exact,,90.0,423.1,,,,90
2014,October,Wednesday,Day,Light,Front to side collision,0.0,0.0,2.0,0.0,0.0,2.0,0.0,2.0,2.0,2.0,Not junction,Exact,,90.0,472.0,,,,90
2014,May,Friday,Day,Light,Hit an object,0.0,0.0,1.0,0.0,1.0,0.0,0.0,1.0,1.0,1.0,Not junction,Exact,,90.0,336.0,,,,90
2014,December,Monday,Night,Severe,Front to side collision,0.0,1.0,0.0,0.0,0.0,1.0,0.0,1.0,2.0,2.0,Not junction,Exact,,90.0,228.0,,,,90
2014,July,Wednesday,Day,Light,Front end collision,0.0,0.0,1.0,0.0,0.0,1.0,0.0,1.0,2.0,2.0,Not junction,Exact,,90.0,394.1,,,,90
2014,July,Sunday,Day,Light,Front to side collision,0.0,0.0,1.0,0.0,0.0,0.0,1.0,1.0,2.0,2.0,Not junction,Exact,,90.0,404.7,,,,90
2014,November,Thursday,Night,Light,Slip,0.0,0.0,1.0,0.0,0.0,1.0,0.0,1.0,2.0,2.0,Not junction,Exact,,90.0,406.0,,,,90
2014,August,Sunday,Day,Light,Front to side collision,0.0,0.0,1.0,0.0,0.0,1.0,0.0,1.0,2.0,2.0,Not junction,Exact,,90.0,375.0,,,,90
2014,November,Friday,Day,Light,Roll over,0.0,0.0,2.0,0.0,0.0,2.0,0.0,2.0,1.0,1.0,Not junction,Exact,,90.0,45.0,,,,90
2014,May,Wednesday,Night,Light,Roll over,0.0,0.0,3.0,0.0,1.0,2.0,0.0,3.0,1.0,1.0,Not junction,Exact,,90.0,55.0,,,,90
2014,July,Wednesday,Day,Light,Hit an object,0.0,0.0,5.0,0.0,3.0,2.0,0.0,5.0,1.0,1.0,Not junction,Exact,,90.0,269.6,,,,90
2014,September,Sunday,Day,Light,Roll over,0.0,0.0,7.0,0.0,4.0,3.0,0.0,7.0,1.0,1.0,Not junction,Exact,,90.0,41.8,,,,90
2014,August,Friday,Day,Severe,Front end collision,0.0,2.0,5.0,0.0,2.0,4.0,1.0,7.0,2.0,2.0,Not junction,Exact,,90.0,336.4,,,,90
2014,September,Sunday,Day,Light,Front to side collision,0.0,0.0,7.0,0.0,3.0,3.0,1.0,7.0,2.0,2.0,Not junction,Exact,,90.0,137.0,,,,90
2014,June,Wednesday,Day,Light,Front to side collision,0.0,0.0,3.0,0.0,0.0,3.0,0.0,3.0,2.0,2.0,Not junction,Exact,,90.0,400.9,,,,90
2014,August,Thursday,Day,Light,Front to rear collision,0.0,0.0,4.0,0.0,2.0,2.0,0.0,4.0,2.0,2.0,Not junction,Exact,,90.0,422.0,,,,90
2014,December,Thursday,Day,Light,Front to side collision,0.0,0.0,1.0,0.0,0.0,1.0,0.0,1.0,2.0,2.0,Not junction,Exact,,90.0,417.0,,,,90
2014,July,Wednesday,Day,Light,Side to side collision,0.0,0.0,1.0,0.0,0.0,1.0,0.0,1.0,2.0,2.0,Not junction,Exact,,90.0,336.5,,,,90
2014,May,Thursday,Night,Fatal,Front end collision,1.0,0.0,1.0,0.0,0.0,2.0,0.0,2.0,2.0,2.0,Not junction,Exact,,90.0,135.0,,,,90
2014,September,Sunday,Day,Light,Front to side collision,0.0,0.0,2.0,0.0,0.0,2.0,0.0,2.0,2.0,2.0,Not junction,Exact,,90.0,437.5,,,,90
2014,May,Friday,Day,Light,Front to rear collision,0.0,0.0,1.0,0.0,0.0,1.0,0.0,1.0,2.0,2.0,Not junction,Exact,,90.0,403.0,,,,90
2015,July,Thursday,Night,Light,Front to side collision,0.0,0.0,3.0,0.0,1.0,2.0,0.0,3.0,2.0,2.0,Junction,Exact,,90.0,,9119.0,,,90
2015,December,Thursday,Day,Light,Front to side collision,0.0,0.0,4.0,0.0,0.0,3.0,1.0,4.0,2.0,2.0,Junction,Exact,,1.0,287.1,90.0,,,90
2015,June,Tuesday,Day,Light,Front to side collision,0.0,0.0,3.0,0.0,1.0,2.0,0.0,3.0,2.0,2.0,Junction,Exact,,90.0,,807.0,,,90
2015,June,Monday,Day,Light,Front to side collision,0.0,0.0,2.0,0.0,0.0,2.0,0.0,2.0,2.0,2.0,Junction,Exact,,90.0,,7589.0,,,90
2015,April,Wednesday,Day,Light,Roll over,0.0,0.0,1.0,0.0,0.0,1.0,0.0,1.0,2.0,2.0,Junction,Exact,,90.0,,,,,90
2015,August,Tuesday,Day,Light,Front to side collision,0.0,0.0,5.0,0.0,0.0,5.0,0.0,5.0,2.0,2.0,Junction,Exact,,1.0,287.1,90.0,,,90
2015,April,Thursday,Day,Light,Front to side collision,0.0,0.0,5.0,0.0,2.0,3.0,0.0,5.0,2.0,2.0,Junction,Exact,,40.0,60.4,90.0,,,90
2015,May,Thursday,Day,Light,Front to side collision,0.0,0.0,4.0,0.0,0.0,4.0,0.0,4.0,2.0,2.0,Junction,Exact,,57.0,,90.0,,,90
2015,September,Tuesday,Night,Light,Front to side collision,0.0,0.0,3.0,0.0,1.0,2.0,0.0,3.0,2.0,2.0,Junction,Exact,,1.0,287.1,90.0,,,90
2015,September,Wednesday,Day,Light,Front to side collision,0.0,0.0,2.0,0.0,0.0,2.0,0.0,2.0,2.0,2.0,Junction,Exact,,90.0,,6678.0,,,90
2015,November,Monday,Day,Light,Front to side collision,0.0,0.0,1.0,0.0,0.0,1.0,0.0,1.0,2.0,2.0,Junction,Exact,,1.0,287.1,90.0,,,90
2015,January,Tuesday,Day,Light,Hit an object,0.0,0.0,3.0,0.0,0.0,3.0,0.0,3.0,2.0,2.0,Junction,Exact,,90.0,,669.0,,,90
2015,March,Wednesday,Night,Light,Front to side collision,0.0,0.0,3.0,0.0,3.0,0.0,0.0,3.0,2.0,2.0,Junction,Exact,,90.0,,578.0,,,90
2015,October,Friday,Day,Light,Front to side collision,0.0,0.0,2.0,0.0,0.0,2.0,0.0,2.0,2.0,2.0,Junction,Exact,,90.0,,669.0,,,90
2015,April,Monday,Day,Light,Front end collision,0.0,0.0,5.0,0.0,3.0,2.0,0.0,5.0,2.0,2.0,Junction,Exact,,90.0,,767.0,,,90
2015,March,Monday,Night,Light,Front to side collision,0.0,0.0,2.0,0.0,0.0,2.0,0.0,2.0,2.0,2.0,Junction,Exact,,90.0,,977.0,,,90
2015,April,Monday,Day,Severe,Front to side collision,0.0,1.0,1.0,0.0,0.0,1.0,1.0,2.0,2.0,2.0,Junction,Exact,,90.0,,91.0,,,90
2015,November,Sunday,Day,Light,Front to side collision,0.0,0.0,4.0,0.0,1.0,3.0,0.0,4.0,2.0,2.0,Junction,Exact,,90.0,,91.0,,,90
2015,July,Thursday,Day,Light,Front to side collision,0.0,0.0,3.0,0.0,0.0,3.0,0.0,3.0,2.0,2.0,Junction,Exact,,90.0,,669.0,,,90
2015,November,Thursday,Night,Light,Front to side collision,0.0,0.0,5.0,0.0,3.0,2.0,0.0,5.0,2.0,2.0,Junction,Exact,,90.0,,9119.0,,,90
2015,May,Thursday,Night,Light,Front to side collision,0.0,0.0,3.0,0.0,0.0,3.0,0.0,3.0,2.0,2.0,Junction,Exact,,90.0,,,,,90
2015,October,Thursday,Day,Light,Front to side collision,0.0,0.0,1.0,0.0,0.0,1.0,0.0,1.0,2.0,2.0,Junction,Exact,,90.0,,91.0,,,90
2015,October,Sunday,Day,Light,Front to side collision,0.0,0.0,3.0,0.0,0.0,3.0,0.0,3.0,2.0,2.0,Junction,Exact,,90.0,,8677.0,,,90
2015,May,Thursday,Day,Light,Front to side collision,0.0,0.0,3.0,0.0,0.0,3.0,0.0,3.0,2.0,2.0,Junction,Exact,,87.0,,90.0,,,90
2015,June,Sunday,Day,Light,Front to side collision,0.0,0.0,2.0,0.0,0.0,1.0,1.0,2.0,2.0,2.0,Junction,Exact,,90.0,,9977.0,,,90
2015,December,Thursday,Day,Light,Front to side collision,0.0,0.0,3.0,0.0,1.0,2.0,0.0,3.0,2.0,2.0,Junction,Exact,,90.0,,807.0,,,90
2015,November,Wednesday,Day,Light,Front to rear collision,0.0,0.0,1.0,0.0,0.0,1.0,0.0,1.0,2.0,2.0,Junction,Exact,,89.0,,90.0,,,90
2015,April,Friday,Day,Light,Front to side collision,0.0,0.0,3.0,0.0,2.0,1.0,0.0,3.0,2.0,2.0,Junction,Exact,,90.0,,91.0,,,90
2015,December,Sunday,Day,Light,Front to side collision,0.0,0.0,3.0,0.0,0.0,3.0,0.0,3.0,2.0,2.0,Junction,Exact,,90.0,,6678.0,,,90
2015,May,Monday,Day,Severe,Slip,0.0,1.0,0.0,0.0,0.0,1.0,0.0,1.0,1.0,1.0,Junction,Exact,,71.0,,90.0,,,90
2015,August,Sunday,Day,Light,Drive off road or on paveway,0.0,0.0,2.0,0.0,0.0,2.0,0.0,2.0,1.0,1.0,Not junction,Exact,,90.0,78.0,,,,90
2015,July,Monday,Night,Light,Front to rear collision,0.0,0.0,21.0,0.0,11.0,10.0,0.0,21.0,3.0,3.0,Not junction,Exact,,90.0,311.3,,,,90
2015,October,Thursday,Day,Light,Drive off road or on paveway,0.0,0.0,4.0,0.0,0.0,4.0,0.0,4.0,1.0,1.0,Not junction,Exact,,90.0,262.9,,,,90
2015,September,Wednesday,Day,Severe,Collision with stopped vehicle,0.0,1.0,2.0,0.0,0.0,1.0,1.0,3.0,3.0,3.0,Not junction,Exact,,90.0,448.9,,,,90
2015,July,Monday,Day,Severe,Roll over,0.0,1.0,4.0,0.0,3.0,2.0,0.0,5.0,1.0,1.0,Not junction,Exact,,90.0,305.0,,,,90
2015,October,Sunday,Day,Severe,Roll over,0.0,1.0,0.0,0.0,0.0,1.0,0.0,1.0,1.0,1.0,Not junction,Exact,,90.0,187.0,,,,90
2015,June,Sunday,Day,Fatal,Pedestrian,1.0,0.0,0.0,1.0,0.0,0.0,1.0,1.0,1.0,1.0,Not junction,Exact,,90.0,426.5,,,,90
2015,April,Sunday,Night,Light,Roll over,0.0,0.0,2.0,0.0,0.0,2.0,0.0,2.0,1.0,1.0,Not junction,Exact,,90.0,293.4,,,,90
2015,January,Saturday,Day,Light,Roll over,0.0,0.0,5.0,0.0,3.0,2.0,0.0,5.0,1.0,1.0,Not junction,Exact,,90.0,350.0,,,,90
2015,July,Tuesday,Day,Light,Drive off road or on paveway,0.0,0.0,1.0,0.0,0.0,1.0,0.0,1.0,1.0,1.0,Not junction,Exact,,90.0,32.8,,,,90
2015,June,Sunday,Day,Light,Front to side collision,0.0,0.0,4.0,0.0,0.0,3.0,1.0,4.0,2.0,2.0,Not junction,Exact,,90.0,308.3,,,,90
2015,October,Friday,Day,Light,Side to side collision,0.0,0.0,1.0,0.0,1.0,0.0,0.0,1.0,2.0,2.0,Not junction,Exact,,90.0,364.0,,,,90
2015,August,Sunday,Day,Light,Front to side collision,0.0,0.0,5.0,0.0,1.0,4.0,0.0,5.0,2.0,2.0,Not junction,Exact,,90.0,400.8,,,,90
2015,May,Thursday,Day,Severe,Front to rear collision,0.0,1.0,0.0,0.0,0.0,1.0,0.0,1.0,2.0,2.0,Not junction,Exact,,90.0,454.1,,,,90
2015,December,Friday,Day,Light,Hit an object,0.0,0.0,5.0,0.0,1.0,2.0,2.0,5.0,1.0,1.0,Not junction,Exact,,90.0,254.5,,,,90
2015,June,Wednesday,Day,Fatal,Front end collision,1.0,1.0,2.0,0.0,1.0,3.0,0.0,4.0,2.0,2.0,Not junction,Exact,,90.0,389.3,,,,90
2015,November,Tuesday,Day,Light,Front to side collision,0.0,0.0,1.0,0.0,0.0,1.0,0.0,1.0,2.0,2.0,Not junction,Exact,,90.0,329.0,,,,90
2015,July,Thursday,Day,Severe,Roll over,0.0,1.0,3.0,0.0,0.0,4.0,0.0,4.0,1.0,1.0,Not junction,Exact,,90.0,304.9,,,,90
2015,April,Wednesday,Day,Light,Front to side collision,0.0,0.0,9.0,0.0,8.0,1.0,0.0,9.0,2.0,2.0,Not junction,Exact,,90.0,476.6,,,,90
2015,February,Wednesday,Night,Light,Pedestrian,0.0,0.0,3.0,1.0,0.0,2.0,0.0,3.0,2.0,2.0,Not junction,Exact,,90.0,445.0,,,,90
2015,May,Thursday,Night,Light,Front to rear collision,0.0,0.0,5.0,0.0,0.0,4.0,1.0,5.0,2.0,2.0,Not junction,Exact,,90.0,440.3,,,,90
2015,November,Wednesday,Night,Light,Front end collision,0.0,0.0,3.0,0.0,0.0,3.0,0.0,3.0,2.0,2.0,Not junction,Exact,,90.0,471.1,,,,90
2015,September,Sunday,Day,Fatal,Front to side collision,1.0,1.0,2.0,0.0,1.0,3.0,0.0,4.0,2.0,2.0,Not junction,Exact,,90.0,373.5,,,,90
2015,March,Monday,Night,Light,Front to side collision,0.0,0.0,2.0,0.0,0.0,2.0,0.0,2.0,2.0,2.0,Not junction,Exact,,90.0,410.0,,,,90
2015,June,Friday,Day,Severe,Roll over,0.0,1.0,0.0,0.0,0.0,1.0,0.0,1.0,1.0,1.0,Not junction,Exact,,90.0,45.0,,,,90
2015,May,Monday,Day,Severe,Pedestrian,0.0,1.0,0.0,1.0,0.0,1.0,0.0,1.0,1.0,1.0,Not junction,Exact,,90.0,200.0,,,,90
2015,January,Saturday,Day,Light,Other,0.0,0.0,1.0,0.0,0.0,1.0,0.0,1.0,2.0,2.0,Not junction,Exact,,90.0,60.0,,,,90
2015,September,Wednesday,Day,Light,Roll over,0.0,0.0,1.0,0.0,0.0,1.0,0.0,1.0,1.0,1.0,Not junction,Exact,,90.0,354.4,,,,90
2015,November,Saturday,Day,Light,Front to side collision,0.0,0.0,3.0,0.0,1.0,2.0,0.0,3.0,3.0,3.0,Not junction,Exact,,90.0,458.0,,,,90
2015,September,Sunday,Day,Severe,Front to side collision,0.0,1.0,8.0,0.0,3.0,4.0,2.0,9.0,2.0,2.0,Not junction,Exact,,90.0,282.9,,,,90
2015,January,Wednesday,Night,Light,Front to side collision,0.0,0.0,3.0,0.0,0.0,3.0,0.0,3.0,2.0,2.0,Not junction,Exact,,90.0,372.4,,,,90
2015,May,Saturday,Night,Light,Drive off road or on paveway,0.0,0.0,2.0,0.0,0.0,2.0,0.0,2.0,1.0,1.0,Not junction,Exact,,90.0,97.7,,,,90
2015,November,Wednesday,Day,Severe,Roll over,0.0,1.0,1.0,0.0,0.0,2.0,0.0,2.0,1.0,1.0,Not junction,Exact,,90.0,126.0,,,,90
2015,September,Saturday,Day,Light,Front to side collision,0.0,0.0,5.0,0.0,1.0,4.0,0.0,5.0,3.0,3.0,Not junction,Exact,,90.0,422.6,,,,90
2015,December,Tuesday,Night,Light,Front to side collision,0.0,0.0,7.0,0.0,0.0,7.0,0.0,7.0,2.0,2.0,Not junction,Exact,,90.0,315.0,,,,90
2015,August,Tuesday,Night,Light,Front end collision,0.0,0.0,4.0,0.0,0.0,1.0,1.0,4.0,2.0,2.0,Not junction,Exact,,90.0,278.7,,,,90
2015,January,Friday,Day,Fatal,Front end collision,2.0,0.0,3.0,0.0,1.0,3.0,0.0,5.0,2.0,2.0,Not junction,Exact,,90.0,272.8,,,,90
2015,September,Monday,Day,Light,Other,0.0,0.0,2.0,0.0,0.0,2.0,0.0,2.0,1.0,1.0,Not junction,Exact,,90.0,317.0,,,,90
2015,April,Monday,Night,Light,Front to rear collision,0.0,0.0,4.0,0.0,2.0,2.0,0.0,4.0,3.0,3.0,Not junction,Exact,,90.0,435.6,,,,90
2015,May,Monday,Night,Light,Front end collision,0.0,0.0,2.0,0.0,0.0,1.0,1.0,2.0,2.0,2.0,Not junction,Exact,,90.0,368.8,,,,90
2015,September,Saturday,Night,Light,Front to rear collision,0.0,0.0,4.0,0.0,2.0,2.0,0.0,4.0,2.0,2.0,Not junction,Exact,,90.0,435.0,,,,90
2015,February,Thursday,Night,Severe,Hit an object,0.0,1.0,0.0,0.0,0.0,1.0,0.0,1.0,1.0,1.0,Not junction,Exact,,90.0,453.0,,,,90
2015,April,Sunday,Day,Light,Roll over,0.0,0.0,2.0,0.0,0.0,2.0,0.0,2.0,1.0,1.0,Not junction,Exact,,90.0,87.5,,,,90