year,month,day_of_week,day_night,accident_severity,accident_type,killed,severly_injured,lightly_injured,injured_pedestrians,casualties_ages_0-19,casualties_ages_20-64,casualties_ages_65_plus,total_casualties,vehicle_count,drivers,road_type,localization_quality,settlement,road1,location,road2,road3,road4,source_road
2015,July,Wednesday,Night,Light,Roll over,0.0,0.0,4.0,0.0,1.0,3.0,0.0,4.0,1.0,1.0,Not junction,Exact,,90.0,320.0,,,,90
2015,April,Wednesday,Day,Severe,Front to rear collision,0.0,2.0,2.0,0.0,2.0,2.0,0.0,4.0,2.0,2.0,Not junction,Exact,,90.0,390.7,,,,90
2015,September,Friday,Day,Severe,Roll over,0.0,1.0,3.0,0.0,2.0,2.0,0.0,4.0,1.0,1.0,Not junction,Exact,,90.0,38.9,,,,90
2015,May,Sunday,Day,Light,Drive off road or on paveway,0.0,0.0,3.0,0.0,2.0,1.0,0.0,3.0,1.0,1.0,Not junction,Exact,,90.0,434.0,,,,90
2015,August,Wednesday,Day,Light,Front to side collision,0.0,0.0,5.0,0.0,0.0,3.0,2.0,5.0,2.0,2.0,Not junction,Exact,,90.0,467.3,,,,90
2015,December,Friday,Night,Severe,Roll over,0.0,1.0,0.0,0.0,0.0,1.0,0.0,1.0,1.0,1.0,Not junction,Exact,,90.0,29.3,,,,90
2015,November,Sunday,Night,Fatal,Front to rear collision,1.0,0.0,1.0,0.0,1.0,1.0,0.0,2.0,2.0,2.0,Not junction,Exact,,90.0,401.0,,,,90
2015,June,Tuesday,Night,Light,Drive off road or on paveway,0.0,0.0,1.0,0.0,0.0,1.0,0.0,1.0,1.0,1.0,Not junction,Exact,,90.0,434.0,,,,90
2015,July,Sunday,Day,Light,Roll over,0.0,0.0,1.0,0.0,0.0,1.0,0.0,1.0,1.0,1.0,Not junction,Exact,,90.0,88.0,,,,90
2015,March,Sunday,Night,Light,Side to side collision,0.0,0.0,13.0,0.0,3.0,10.0,0.0,13.0,2.0,2.0,Not junction,Exact,,90.0,393.1,,,,90
2015,July,Sunday,Day,Severe,Front end collision,0.0,3.0,6.0,0.0,6.0,3.0,0.0,9.0,2.0,2.0,Not junction,Exact,,90.0,208.3,,,,90
2015,November,Thursday,Night,Light,Front end collision,0.0,0.0,2.0,0.0,0.0,1.0,0.0,2.0,2.0,2.0,Not junction,Exact,,90.0,384.6,,,,90
2015,September,Tuesday,Day,Light,Roll over,0.0,0.0,1.0,0.0,0.0,1.0,0.0,1.0,1.0,1.0,Not junction,Exact,,90.0,321.8,,,,90
2015,March,Saturday,Night,Light,Front to side collision,0.0,0.0,3.0,0.0,0.0,3.0,0.0,3.0,2.0,2.0,Not junction,Exact,,90.0,335.0,,,,90
2015,July,Thursday,Day,Light,Front end collision,0.0,0.0,2.0,0.0,0.0,2.0,0.0,2.0,2.0,2.0,Not junction,Exact,,90.0,29.2,,,,90
2015,December,Thursday,Day,Light,Front end collision,0.0,0.0,2.0,0.0,0.0,1.0,0.0,2.0,3.0,3.0,Not junction,Exact,,90.0,327.1,,,,90
2015,May,Thursday,Day,Fatal,Front end collision,1.0,1.0,4.0,0.0,1.0,3.0,2.0,6.0,2.0,2.0,Not junction,Exact,,90.0,312.0,,,,90
2015,December,Friday,Day,Light,Side to side collision,0.0,0.0,3.0,0.0,1.0,2.0,0.0,3.0,2.0,2.0,Not junction,Exact,,90.0,447.0,,,,90
2015,April,Monday,Day,Light,Front to side collision,0.0,0.0,5.0,0.0,0.0,5.0,0.0,5.0,2.0,2.0,Not junction,Exact,,90.0,453.5,,,,90
2015,December,Wednesday,Night,Light,Collision with stopped vehicle,0.0,0.0,1.0,0.0,0.0,1.0,0.0,1.0,2.0,2.0,Not junction,Exact,,90.0,308.0,,,,90
2015,September,Sunday,Night,Severe,Roll over,0.0,1.0,0.0,0.0,0.0,1.0,0.0,1.0,1.0,1.0,Not junction,Exact,,90.0,264.5,,,,90
2015,November,Sunday,Day,Severe,Roll over,0.0,4.0,1.0,0.0,1.0,2.0,0.0,5.0,1.0,1.0,Not junction,Exact,,90.0,89.1,,,,90
2015,January,Sunday,Day,Light,Slip,0.0,0.0,2.0,0.0,1.0,1.0,0.0,2.0,1.0,1.0,Not junction,Exact,,90.0,354.2,,,,90
2015,February,Thursday,Day,Light,Roll over,0.0,0.0,1.0,0.0,0.0,1.0,0.0,1.0,1.0,1.0,Not junction,Exact,,90.0,39.2,,,,90
2015,July,Wednesday,Day,Fatal,Front to side collision,1.0,0.0,1.0,0.0,1.0,1.0,0.0,2.0,2.0,2.0,Not junction,Exact,,90.0,435.7,,,,90
2015,August,Tuesday,Day,Light,Roll over,0.0,0.0,6.0,0.0,4.0,2.0,0.0,6.0,1.0,1.0,Not junction,Exact,,90.0,457.8,,,,90
2015,September,Tuesday,Day,Severe,Front end collision,0.0,1.0,2.0,0.0,3.0,0.0,0.0,3.0,2.0,2.0,Not junction,Exact,,90.0,300.6,,,,90
2015,September,Wednesday,Day,Severe,Front to side collision,0.0,1.0,5.0,0.0,0.0,4.0,2.0,6.0,3.0,3.0,Not junction,Exact,,90.0,435.6,,,,90
2015,September,Tuesday,Day,Light,Front to side collision,0.0,0.0,5.0,0.0,2.0,1.0,1.0,5.0,2.0,2.0,Not junction,Exact,,90.0,375.2,,,,90
2015,January,Tuesday,Day,Severe,Front end collision,0.0,1.0,1.0,0.0,0.0,2.0,0.0,2.0,2.0,2.0,Not junction,Exact,,90.0,343.3,,,,90
2015,February,Friday,Night,Light,Hit an object,0.0,0.0,1.0,0.0,0.0,1.0,0.0,1.0,1.0,1.0,Not junction,Exact,,90.0,311.0,,,,90
2015,November,Tuesday,Day,Light,Front to side collision,0.0,0.0,1.0,0.0,0.0,0.0,0.0,1.0,2.0,2.0,Not junction,Exact,,90.0,471.9,,,,90
2015,August,Thursday,Day,Light,Front end collision,0.0,0.0,10.0,0.0,2.0,8.0,0.0,10.0,2.0,2.0,Not junction,Exact,,90.0,422.3,,,,90
2015,May,Saturday,Day,Light,Front to side collision,0.0,0.0,1.0,0.0,1.0,0.0,0.0,1.0,2.0,2.0,Not junction,Exact,,90.0,436.0,,,,90
2015,July,Friday,Day,Fatal,Roll over,1.0,3.0,0.0,0.0,3.0,1.0,0.0,4.0,1.0,1.0,Not junction,Exact,,90.0,110.5,,,,90
2015,June,Thursday,Day,Light,Hit an object,0.0,0.0,2.0,0.0,1.0,1.0,0.0,2.0,1.0,1.0,Not junction,Exact,,90.0,419.0,,,,90
2015,September,Wednesday,Day,Light,Front to rear collision,0.0,0.0,2.0,0.0,0.0,1.0,1.0,2.0,2.0,2.0,Not junction,Exact,,90.0,357.4,,,,90
2015,September,Friday,Day,Light,Front to rear collision,0.0,0.0,1.0,0.0,0.0,1.0,0.0,1.0,3.0,3.0,Not junction,Exact,,90.0,455.0,,,,90
2015,February,Sunday,Day,Light,Roll over,0.0,0.0,1.0,0.0,0.0,1.0,0.0,1.0,1.0,1.0,Not junction,Exact,,90.0,345.1,,,,90
2015,June,Tuesday,Day,Light,Front to side collision,0.0,0.0,2.0,0.0,0.0,2.0,0.0,2.0,2.0,2.0,Not junction,Exact,,90.0,390.0,,,,90
2015,May,Friday,Day,Severe,Front end collision,0.0,2.0,1.0,0.0,0.0,3.0,0.0,3.0,2.0,2.0,Not junction,Exact,,90.0,147.0,,,,90
2015,May,Saturday,Day,Severe,Roll over,0.0,1.0,0.0,0.0,0.0,1.0,0.0,1.0,2.0,2.0,Not junction,Exact,,90.0,324.0,,,,90
2015,November,Sunday,Day,Light,Front to rear collision,0.0,0.0,2.0,0.0,0.0,2.0,0.0,2.0,3.0,3.0,Not junction,Exact,,90.0,442.6,,,,90
2015,July,Wednesday,Day,Severe,Front to rear collision,0.0,1.0,1.0,0.0,0.0,1.0,1.0,2.0,2.0,2.0,Not junction,Exact,,90.0,447.3,,,,90
2015,June,Wednesday,Day,Light,Front to side collision,0.0,0.0,7.0,0.0,3.0,3.0,1.0,7.0,2.0,2.0,Not junction,Exact,,90.0,16.5,,,,90
2015,August,Monday,Day,Light,Front to side collision,0.0,0.0,4.0,0.0,2.0,2.0,0.0,4.0,2.0,2.0,Not junction,Exact,,90.0,467.2,,,,90
2016,September,Monday,Night,Light,Roll over,0.0,0.0,1.0,0.0,0.0,1.0,0.0,1.0,1.0,1.0,Junction,Exact,,90.0,,807.0,,,90
2016,July,Thursday,Day,Light,Front to rear collision,0.0,0.0,5.0,0.0,2.0,3.0,0.0,5.0,4.0,4.0,Junction,Exact,,90.0,,91.0,,,90
2016,August,Thursday,Day,Light,Front to side collision,0.0,0.0,4.0,0.0,1.0,2.0,1.0,4.0,2.0,2.0,Junction,Exact,,90.0,,5089.0,,,90
2016,November,Monday,Night,Light,Front to side collision,0.0,0.0,3.0,0.0,2.0,1.0,0.0,3.0,3.0,3.0,Junction,Exact,,1.0,287.1,90.0,,,90
2016,May,Saturday,Day,Light,Front to side collision,0.0,0.0,1.0,0.0,0.0,1.0,0.0,1.0,2.0,2.0,Junction,Exact,,1.0,287.1,90.0,,,90
2016,November,Tuesday,Day,Light,Front to side collision,0.0,0.0,3.0,0.0,0.0,2.0,1.0,3.0,2.0,2.0,Junction,Exact,,90.0,,9779.0,,,90
2016,October,Thursday,Day,Light,Front end collision,0.0,0.0,3.0,0.0,1.0,2.0,0.0,3.0,2.0,2.0,Junction,Exact,,90.0,,6678.0,,,90
2016,April,Thursday,Day,Light,Front to side collision,0.0,0.0,1.0,0.0,0.0,1.0,0.0,1.0,2.0,2.0,Junction,Exact,,90.0,,9119.0,,,90
2016,August,Tuesday,Day,Light,Front to side collision,0.0,0.0,2.0,0.0,2.0,0.0,0.0,2.0,2.0,2.0,Junction,Exact,,87.0,,90.0,,,90
2016,July,Tuesday,Day,Light,Side to side collision,0.0,0.0,5.0,0.0,1.0,3.0,0.0,5.0,3.0,3.0,Junction,Exact,,85.0,,90.0,,,90
2016,July,Wednesday,Day,Light,Front to side collision,0.0,0.0,7.0,0.0,4.0,2.0,1.0,7.0,2.0,2.0,Junction,Exact,,90.0,,9119.0,,,90
2016,June,Sunday,Night,Light,Front to side collision,0.0,0.0,2.0,0.0,0.0,2.0,0.0,2.0,2.0,2.0,Junction,Exact,,90.0,,977.0,,,90
2016,February,Tuesday,Night,Light,Pedestrian,0.0,0.0,1.0,1.0,0.0,1.0,0.0,1.0,1.0,1.0,Junction,Exact,,90.0,,9119.0,,,90
2016,October,Monday,Night,Light,Front to side collision,0.0,0.0,2.0,0.0,0.0,1.0,1.0,2.0,2.0,2.0,Junction,Exact,,90.0,,7579.0,,,90
2016,August,Saturday,Day,Light,Front to side collision,0.0,0.0,6.0,0.0,3.0,3.0,0.0,6.0,2.0,2.0,Junction,Exact,,87.0,,90.0,,,90
2016,May,Sunday,Day,Light,Front to side collision,0.0,0.0,3.0,0.0,0.0,1.0,2.0,3.0,2.0,2.0,Junction,Exact,,90.0,,8677.0,,,90
2016,June,Monday,Day,Light,Front to rear collision,0.0,0.0,7.0,0.0,2.0,5.0,0.0,7.0,3.0,3.0,Junction,Exact,,85.0,,90.0,,,90
2016,February,Friday,Day,Light,Front to side collision,0.0,0.0,4.0,0.0,1.0,2.0,1.0,4.0,2.0,2.0,Junction,Exact,,90.0,319.6,505.0,,,90
2016,July,Saturday,Day,Light,Front to side collision,0.0,0.0,3.0,0.0,0.0,3.0,0.0,3.0,2.0,2.0,Junction,Exact,,1.0,287.1,90.0,,,90
2016,July,Sunday,Day,Light,Front to side collision,0.0,0.0,2.0,0.0,0.0,2.0,0.0,2.0,4.0,4.0,Junction,Exact,,90.0,,9119.0,,,90
2016,October,Wednesday,Day,Light,Front to side collision,0.0,0.0,2.0,0.0,1.0,1.0,0.0,2.0,2.0,2.0,Junction,Exact,,90.0,,899.0,,,90
2016,April,Tuesday,Night,Light,Front to side collision,0.0,0.0,2.0,0.0,0.0,2.0,0.0,2.0,2.0,2.0,Junction,Exact,,87.0,,90.0,,,90
2016,November,Tuesday,Day,Light,Front to side collision,0.0,0.0,11.0,0.0,0.0,11.0,0.0,11.0,2.0,2.0,Junction,Exact,,1.0,287.1,90.0,,,90
2016,August,Wednesday,Night,Light,Front to side collision,0.0,0.0,2.0,0.0,1.0,1.0,0.0,2.0,2.0,2.0,Junction,Exact,,90.0,,8677.0,,,90
2016,November,Monday,Day,Light,Front to side collision,0.0,0.0,4.0,0.0,3.0,1.0,0.0,4.0,2.0,2.0,Junction,Exact,,90.0,,3692.0,,,90
2016,July,Wednesday,Day,Light,Front end collision,0.0,0.0,1.0,0.0,0.0,0.0,1.0,1.0,2.0,2.0,Junction,Exact,,90.0,,899.0,,,90
2016,June,Saturday,Day,Light,Front to side collision,0.0,0.0,2.0,0.0,1.0,1.0,0.0,2.0,2.0,2.0,Junction,Exact,,90.0,,6678.0,,,90
2016,December,Saturday,Night,Light,Pedestrian,0.0,0.0,1.0,1.0,0.0,1.0,0.0,1.0,2.0,2.0,Junction,Exact,,90.0,,5087.0,,,90
2016,January,Sunday,Day,Light,Front to side collision,0.0,0.0,2.0,0.0,0.0,2.0,0.0,2.0,2.0,2.0,Junction,Exact,,90.0,,,,,90
2016,July,Sunday,Night,Light,Front end collision,0.0,0.0,3.0,0.0,0.0,3.0,0.0,3.0,2.0,2.0,Junction,Exact,,90.0,,7589.0,,,90
2016,July,Saturday,Day,Light,Front to side collision,0.0,0.0,2.0,0.0,1.0,1.0,0.0,2.0,2.0,2.0,Junction,Exact,,1.0,287.1,90.0,,,90
2016,April,Saturday,Night,Light,Front to side collision,0.0,0.0,1.0,0.0,0.0,1.0,0.0,1.0,2.0,2.0,Junction,Exact,,85.0,,90.0,,,90
2016,November,Monday,Day,Light,Front to rear collision,0.0,0.0,3.0,0.0,0.0,2.0,1.0,3.0,3.0,3.0,Junction,Exact,,90.0,,977.0,,,90
2016,May,Monday,Day,Light,Front to side collision,0.0,0.0,3.0,0.0,1.0,2.0,0.0,3.0,2.0,2.0,Junction,Exact,,90.0,,91.0,,,90
2016,June,Sunday,Day,Light,Front to side collision,0.0,0.0,5.0,0.0,0.0,5.0,0.0,5.0,2.0,2.0,Junction,Exact,,90.0,,767.0,,,90
2016,July,Friday,Night,Light,Slip,0.0,0.0,2.0,0.0,0.0,2.0,0.0,2.0,1.0,1.0,Junction,Exact,,90.0,319.6,505.0,,,90
2016,December,Friday,Night,Light,Roll over,0.0,0.0,1.0,0.0,0.0,1.0,0.0,1.0,1.0,1.0,Not junction,Exact,,90.0,70.0,,,,90
2016,March,Monday,Day,Fatal,Front end collision,1.0,5.0,0.0,0.0,0.0,5.0,0.0,6.0,2.0,2.0,Not junction,Exact,,90.0,68.0,,,,90
2016,February,Friday,Night,Light,Hit an object,0.0,0.0,1.0,0.0,0.0,1.0,0.0,1.0,1.0,1.0,Not junction,Exact,,90.0,70.0,,,,90
2016,July,Wednesday,Night,Light,Hit an object,0.0,0.0,4.0,0.0,1.0,3.0,0.0,4.0,1.0,1.0,Not junction,Exact,,90.0,460.0,,,,90
2016,August,Saturday,Night,Light,Front to rear collision,0.0,0.0,5.0,0.0,3.0,2.0,0.0,5.0,2.0,2.0,Not junction,Exact,,90.0,434.5,,,,90
2016,March,Saturday,Day,Severe,Front end collision,0.0,1.0,6.0,0.0,2.0,5.0,0.0,7.0,3.0,3.0,Not junction,Exact,,90.0,253.5,,,,90
2016,May,Monday,Day,Light,Front to side collision,0.0,0.0,1.0,0.0,0.0,1.0,0.0,1.0,2.0,2.0,Not junction,Exact,,90.0,423.1,,,,90
2016,June,Sunday,Night,Light,Front end collision,0.0,0.0,2.0,0.0,0.0,1.0,1.0,2.0,4.0,4.0,Not junction,Exact,,90.0,322.0,,,,90
2016,May,Friday,Day,Light,Front end collision,0.0,0.0,6.0,0.0,3.0,3.0,0.0,6.0,2.0,2.0,Not junction,Exact,,90.0,410.9,,,,90
2016,December,Tuesday,Day,Light,Front to side collision,0.0,0.0,6.0,0.0,0.0,6.0,0.0,6.0,5.0,5.0,Not junction,Exact,,90.0,440.0,,,,90
2016,August,Thursday,Night,Light,Front to side collision,0.0,0.0,3.0,0.0,0.0,3.0,0.0,3.0,2.0,2.0,Not junction,Exact,,90.0,437.5,,,,90
2016,April,Thursday,Day,Fatal,Front end collision,2.0,1.0,1.0,0.0,0.0,2.0,2.0,4.0,2.0,2.0,Not junction,Exact,,90.0,341.5,,,,90
2016,April,Monday,Day,Light,Front to side collision,0.0,0.0,2.0,0.0,0.0,2.0,0.0,2.0,2.0,2.0,Not junction,Exact,,90.0,441.0,,,,90
2016,July,Friday,Day,Light,Side to side collision,0.0,0.0,2.0,0.0,0.0,2.0,0.0,2.0,2.0,2.0,Not junction,Exact,,90.0,330.0,,,,90
2016,October,Sunday,Day,Light,Front to side collision,0.0,0.0,1.0,0.0,0.0,1.0,0.0,1.0,2.0,2.0,Not junction,Exact,,90.0,308.7,,,,90
2016,May,Wednesday,Day,Light,Front to side collision,0.0,0.0,1.0,0.0,0.0,1.0,0.0,1.0,2.0,2.0,Not junction,Exact,,90.0,437.0,,,,90
2016,April,Wednesday,Night,Light,Front to side collision,0.0,0.0,6.0,0.0,4.0,2.0,0.0,6.0,2.0,2.0,Not junction,Exact,,90.0,400.9,,,,90
2016,September,Tuesday,Day,Light,Front end collision,0.0,0.0,1.0,0.0,0.0,1.0,0.0,1.0,2.0,2.0,Not junction,Exact,,90.0,285.1,,,,90
2016,April,Wednesday,Night,Light,Pedestrian,0.0,0.0,1.0,1.0,0.0,1.0,0.0,1.0,1.0,1.0,Not junction,Exact,,90.0,279.0,,,,90
2016,June,Tuesday,Day,Severe,Front to rear collision,0.0,1.0,1.0,0.0,0.0,2.0,0.0,2.0,2.0,2.0,Not junction,Exact,,90.0,390.2,,,,90
2016,January,Friday,Day,Severe,Side to side collision,0.0,1.0,0.0,0.0,1.0,0.0,0.0,1.0,2.0,2.0,Not junction,Exact,,90.0,475.0,,,,90
2016,September,Thursday,Day,Light,Roll over,0.0,0.0,1.0,0.0,1.0,0.0,0.0,1.0,1.0,1.0,Not junction,Exact,,90.0,317.5,,,,90
2016,August,Saturday,Night,Severe,Front to side collision,0.0,1.0,5.0,0.0,1.0,5.0,0.0,6.0,3.0,3.0,Not junction,Exact,,90.0,435.7,,,,90
2016,November,Wednesday,Night,Light,Front to side collision,0.0,0.0,2.0,0.0,0.0,2.0,0.0,2.0,2.0,2.0,Not junction,Exact,,90.0,459.2,,,,90
2016,March,Saturday,Night,Severe,Hit an object,0.0,1.0,0.0,0.0,0.0,1.0,0.0,1.0,1.0,1.0,Not junction,Exact,,90.0,227.0,,,,90
2016,May,Friday,Day,Severe,Front to side collision,0.0,1.0,0.0,0.0,0.0,1.0,0.0,1.0,2.0,2.0,Not junction,Exact,,90.0,281.2,,,,90
2016,February,Tuesday,Night,Fatal,Pedestrian,1.0,0.0,1.0,2.0,0.0,1.0,0.0,2.0,1.0,1.0,Not junction,Exact,,90.0,308.4,,,,90
2016,February,Sunday,Day,Light,Hit an object,0.0,0.0,1.0,0.0,1.0,0.0,0.0,1.0,1.0,1.0,Not junction,Exact,,90.0,397.2,,,,90
2016,May,Tuesday,Day,Light,Front to side collision,0.0,0.0,3.0,0.0,0.0,3.0,0.0,3.0,2.0,2.0,Not junction,Exact,,90.0,339.4,,,,90
2016,April,Tuesday,Day,Light,Side to side collision,0.0,0.0,2.0,0.0,0.0,2.0,0.0,2.0,2.0,2.0,Not junction,Exact,,90.0,273.6,,,,90
2016,October,Monday,Night,Light,Roll over,0.0,0.0,2.0,0.0,1.0,1.0,0.0,2.0,1.0,1.0,Not junction,Exact,,90.0,442.0,,,,90
2016,August,Wednesday,Day,Severe,Front to side collision,0.0,1.0,2.0,0.0,0.0,3.0,0.0,3.0,3.0,3.0,Not junction,Exact,,90.0,401.0,,,,90
2016,April,Sunday,Day,Severe,Front to rear collision,0.0,1.0,4.0,0.0,3.0,2.0,0.0,5.0,2.0,2.0,Not junction,Exact,,90.0,308.0,,,,90
2016,July,Saturday,Day,Fatal,Roll over,1.0,5.0,0.0,0.0,3.0,3.0,0.0,6.0,1.0,1.0,Not junction,Exact,,90.0,345.0,,,,90
2016,July,Friday,Day,Severe,Front to side collision,0.0,1.0,2.0,0.0,0.0,3.0,0.0,3.0,2.0,2.0,Not junction,Exact,,90.0,422.0,,,,90
2016,August,Saturday,Day,Light,Roll over,0.0,0.0,1.0,0.0,0.0,1.0,0.0,1.0,1.0,1.0,Not junction,Exact,,90.0,445.0,,,,90
2016,February,Thursday,Night,Light,Roll over,0.0,0.0,1.0,0.0,0.0,1.0,0.0,1.0,1.0,1.0,Not junction,Exact,,90.0,312.5,,,,90
2016,January,Thursday,Night,Light,Roll over,0.0,0.0,2.0,0.0,0.0,2.0,0.0,2.0,1.0,1.0,Not junction,Exact,,90.0,258.0,,,,90
2016,June,Thursday,Night,Fatal,Front to rear collision,1.0,0.0,9.0,0.0,0.0,8.0,2.0,10.0,2.0,2.0,Not junction,Exact,,90.0,74.0,,,,90
2016,June,Tuesday,Day,Light,Front to side collision,0.0,0.0,1.0,0.0,0.0,1.0,0.0,1.0,2.0,2.0,Not junction,Exact,,90.0,401.8,,,,90
2016,May,Tuesday,Day,Light,Front to rear collision,0.0,0.0,1.0,0.0,0.0,1.0,0.0,1.0,2.0,2.0,Not junction,Exact,,90.0,448.9,,,,90
2016,February,Monday,Night,Light,Front to side collision,0.0,0.0,3.0,0.0,0.0,3.0,0.0,3.0,3.0,3.0,Not junction,Exact,,90.0,435.6,,,,90
2016,September,Saturday,Night,Light,Other,0.0,0.0,7.0,0.0,2.0,5.0,0.0,7.0,3.0,3.0,Not junction,Exact,,90.0,396.5,,,,90
2016,April,Sunday,Day,Light,Side to side collision,0.0,0.0,1.0,0.0,0.0,1.0,0.0,1.0,2.0,2.0,Not junction,Exact,,90.0,438.0,,,,90
2016,October,Monday,Day,Light,Roll over,0.0,0.0,2.0,0.0,0.0,2.0,0.0,2.0,1.0,1.0,Not junction,Exact,,90.0,274.5,,,,90
2016,October,Monday,Night,Severe,Roll over,0.0,1.0,0.0,0.0,0.0,0.0,0.0,1.0,1.0,1.0,Not junction,Exact,,90.0,16.0,,,,90
2016,August,Tuesday,Day,Severe,Roll over,0.0,1.0,0.0,0.0,0.0,1.0,0.0,1.0,1.0,1.0,Not junction,Exact,,90.0,84.0,,,,90
2016,June,Wednesday,Day,Light,Roll over,0.0,0.0,1.0,0.0,0.0,1.0,0.0,1.0,1.0,1.0,Not junction,Exact,,90.0,18.1,,,,90
2016,May,Saturday,Day,Light,Front to side collision,0.0,0.0,6.0,0.0,0.0,5.0,1.0,6.0,3.0,3.0,Not junction,Exact,,90.0,215.0,,,,90
2016,June,Tuesday,Day,Light,Front end collision,0.0,0.0,4.0,0.0,0.0,4.0,0.0,4.0,3.0,3.0,Not junction,Exact,,90.0,402.1,,,,90
2016,February,Thursday,Night,Severe,Pedestrian,0.0,1.0,0.0,1.0,0.0,0.0,0.0,1.0,1.0,1.0,Not junction,Exact,,90.0,214.0,,,,90
2016,October,Tuesday,Day,Light,Front end collision,0.0,0.0,5.0,0.0,1.0,3.0,1.0,5.0,3.0,3.0,Not junction,Centered,,90.0,269.0,,,,90
2016,July,Wednesday,Night,Light,Front to side collision,0.0,0.0,4.0,0.0,1.0,3.0,0.0,4.0,2.0,2.0,Not junction,Exact,,90.0,421.1,,,,90
2016,August,Thursday,Night,Light,Hit an object,0.0,0.0,5.0,0.0,3.0,2.0,0.0,5.0,1.0,1.0,Not junction,Exact,,90.0,448.0,,,,90
2016,April,Sunday,Day,Light,Roll over,0.0,0.0,1.0,0.0,0.0,1.0,0.0,1.0,1.0,1.0,Not junction,Exact,,90.0,30.0,,,,90
2016,September,Friday,Day,Light,Side to side collision,0.0,0.0,3.0,0.0,1.0,2.0,0.0,3.0,2.0,2.0,Not junction,Exact,,90.0,457.4,,,,90
2016,October,Saturday,Day,Light,Roll over,0.0,0.0,1.0,0.0,0.0,1.0,0.0,1.0,1.0,1.0,Not junction,Exact,,90.0,320.9,,,,90
2016,January,Friday,Day,Light,Side to side collision,0.0,0.0,1.0,0.0,0.0,1.0,0.0,1.0,2.0,2.0,Not junction,Exact,,90.0,291.5,,,,90
2016,April,Friday,Day,Light,Front to rear collision,0.0,0.0,1.0,0.0,0.0,1.0,0.0,1.0,3.0,3.0,Not junction,Exact,,90.0,441.0,,,,90
2016,August,Tuesday,Day,Light,Roll over,0.0,0.0,3.0,0.0,3.0,0.0,0.0,3.0,1.0,1.0,Not junction,Exact,,90.0,381.1,,,,90
2016,June,Friday,Day,Light,Front to side collision,0.0,0.0,3.0,0.0,0.0,2.0,1.0,3.0,2.0,2.0,Not junction,Exact,,90.0,393.1,,,,90
2016,November,Tuesday,Day,Severe,Roll over,0.0,1.0,0.0,0.0,0.0,1.0,0.0,1.0,1.0,1.0,Not junction,Exact,,90.0,345.0,,,,90
2016,October,Monday,Day,Severe,Side to side collision,0.0,1.0,1.0,0.0,0.0,1.0,1.0,2.0,2.0,2.0,Not junction,Exact,,90.0,398.3,,,,90
2016,May,Thursday,Night,Light,Front to side collision,0.0,0.0,4.0,0.0,1.0,3.0,0.0,4.0,2.0,2.0,Not junction,Exact,,90.0,435.6,,,,90
2016,September,Monday,Night,Light,Drive off road or on paveway,0.0,0.0,1.0,0.0,0.0,1.0,0.0,1.0,1.0,1.0,Not junction,Exact,,90.0,363.0,,,,90
2016,January,Tuesday,Day,Light,Front to side collision,0.0,0.0,2.0,0.0,0.0,1.0,1.0,2.0,3.0,3.0,Not junction,Exact,,90.0,340.0,,,,90
2016,July,Friday,Night,Severe,Front end collision,0.0,1.0,0.0,0.0,1.0,0.0,0.0,1.0,2.0,2.0,Not junction,Exact,,90.0,368.8,,,,90
2016,December,Thursday,Day,Fatal,Front end collision,1.0,3.0,1.0,0.0,0.0,1.0,1.0,5.0,3.0,3.0,Not junction,Exact,,90.0,275.0,,,,90
2016,October,Thursday,Night,Light,Front to rear collision,0.0,0.0,5.0,0.0,2.0,3.0,0.0,5.0,2.0,2.0,Not junction,Exact,,90.0,458.0,,,,90
2016,December,Saturday,Day,Light,Front to side collision,0.0,0.0,2.0,0.0,0.0,2.0,0.0,2.0,2.0,2.0,Not junction,Exact,,90.0,450.0,,,,90
2016,April,Tuesday,Night,Light,Front to rear collision,0.0,0.0,1.0,0.0,1.0,0.0,0.0,1.0,2.0,2.0,Not junction,Exact,,90.0,386.1,,,,90
2016,July,Tuesday,Day,Fatal,Front to side collision,1.0,5.0,3.0,0.0,6.0,3.0,0.0,9.0,2.0,2.0,Not junction,Exact,,90.0,176.0,,,,90
2016,October,Friday,Night,Light,Roll over,0.0,0.0,2.0,0.0,0.0,2.0,0.0,2.0,1.0,1.0,Not junction,Exact,,90.0,327.1,,,,90
2016,November,Thursday,Day,Severe,Front to side collision,0.0,1.0,0.0,0.0,0.0,0.0,0.0,1.0,2.0,2.0,Not junction,Exact,,90.0,16.0,,,,90
2016,June,Monday,Day,Severe,Front to side collision,0.0,1.0,1.0,0.0,0.0,2.0,0.0,2.0,2.0,2.0,Not junction,Exact,,90.0,365.0,,,,90
2016,September,Saturday,Night,Light,Hit an object,0.0,0.0,1.0,0.0,1.0,0.0,0.0,1.0,1.0,1.0,Not junction,Exact,,90.0,411.2,,,,90
2016,December,Tuesday,Day,Light,Front to rear collision,0.0,0.0,11.0,0.0,6.0,5.0,0.0,11.0,2.0,2.0,Not junction,Exact,,90.0,440.8,,,,90
2016,July,Friday,Day,Light,Front to side collision,0.0,0.0,1.0,0.0,0.0,1.0,0.0,1.0,2.0,2.0,Not junction,Exact,,90.0,414.0,,,,90