year,month,day_of_week,day_night,accident_severity,accident_type,killed,severly_injured,lightly_injured,injured_pedestrians,casualties_ages_0-19,casualties_ages_20-64,casualties_ages_65_plus,total_casualties,vehicle_count,drivers,road_type,localization_quality,settlement,road1,location,road2,road3,road4,source_road
2016,January,Wednesday,Day,Light,Front end collision,0.0,0.0,3.0,0.0,0.0,1.0,2.0,3.0,2.0,2.0,Not junction,Exact,,90.0,283.2,,,,90
2016,August,Friday,Night,Light,Hit an object,0.0,0.0,4.0,0.0,3.0,1.0,0.0,4.0,1.0,1.0,Not junction,Exact,,90.0,462.8,,,,90
2016,May,Thursday,Night,Severe,Front to side collision,0.0,1.0,0.0,0.0,0.0,0.0,1.0,1.0,2.0,2.0,Not junction,Exact,,90.0,325.0,,,,90
2016,February,Monday,Day,Light,Side to side collision,0.0,0.0,2.0,0.0,0.0,2.0,0.0,2.0,2.0,2.0,Not junction,Exact,,90.0,447.0,,,,90
2016,September,Wednesday,Day,Severe,Front end collision,0.0,1.0,1.0,0.0,1.0,1.0,0.0,2.0,2.0,2.0,Not junction,Exact,,90.0,281.1,,,,90
2016,September,Wednesday,Night,Light,Roll over,0.0,0.0,1.0,0.0,0.0,1.0,0.0,1.0,1.0,1.0,Not junction,Exact,,90.0,435.9,,,,90
2016,June,Thursday,Day,Fatal,Front end collision,3.0,0.0,0.0,0.0,0.0,3.0,0.0,3.0,2.0,2.0,Not junction,Exact,,90.0,135.0,,,,90
2016,March,Saturday,Night,Severe,Front to side collision,0.0,1.0,4.0,0.0,1.0,4.0,0.0,5.0,2.0,2.0,Not junction,Exact,,90.0,375.0,,,,90
2016,November,Wednesday,Night,Severe,Front end collision,0.0,1.0,2.0,0.0,2.0,1.0,0.0,3.0,2.0,2.0,Not junction,Exact,,90.0,160.0,,,,90
2016,October,Friday,Day,Light,Front to side collision,0.0,0.0,8.0,0.0,3.0,5.0,0.0,8.0,2.0,2.0,Not junction,Exact,,90.0,381.8,,,,90
2016,November,Tuesday,Night,Light,Front end collision,0.0,0.0,3.0,0.0,1.0,2.0,0.0,3.0,2.0,2.0,Not junction,Exact,,90.0,400.5,,,,90
2017,November,Wednesday,Day,Light,Front end collision,0.0,0.0,2.0,0.0,1.0,1.0,0.0,2.0,2.0,2.0,Junction,Exact,,90.0,,8677.0,,,90
2017,December,Monday,Day,Light,Front to side collision,0.0,0.0,2.0,0.0,0.0,1.0,1.0,2.0,2.0,2.0,Junction,Exact,,90.0,,899.0,,,90
2017,July,Sunday,Day,Light,Roll over,0.0,0.0,1.0,0.0,0.0,1.0,0.0,1.0,1.0,1.0,Junction,Exact,,71.0,,90.0,,,90
2017,September,Saturday,Day,Light,Front to side collision,0.0,0.0,7.0,0.0,1.0,6.0,0.0,7.0,2.0,2.0,Junction,Exact,,90.0,,977.0,,,90
2017,September,Tuesday,Day,Light,Front to rear collision,0.0,0.0,6.0,0.0,0.0,6.0,0.0,6.0,3.0,3.0,Junction,Exact,,90.0,,91.0,,,90
2017,December,Monday,Day,Severe,Front to rear collision,0.0,2.0,2.0,0.0,0.0,2.0,2.0,4.0,3.0,3.0,Junction,Exact,,90.0,,8677.0,,,90
2017,August,Saturday,Day,Light,Front to side collision,0.0,0.0,3.0,0.0,1.0,2.0,0.0,3.0,2.0,2.0,Junction,Exact,,90.0,,807.0,,,90
2017,November,Friday,Day,Severe,Hit an object,0.0,1.0,0.0,0.0,0.0,1.0,0.0,1.0,1.0,1.0,Junction,Exact,,90.0,319.6,505.0,,,90
2017,May,Monday,Day,Light,Front to side collision,0.0,0.0,1.0,0.0,0.0,1.0,0.0,1.0,2.0,2.0,Junction,Exact,,90.0,,4491.0,,,90
2017,May,Saturday,Day,Severe,Front to side collision,0.0,1.0,5.0,0.0,3.0,3.0,0.0,6.0,2.0,2.0,Junction,Exact,,85.0,,90.0,,,90
2017,May,Thursday,Day,Light,Front to side collision,0.0,0.0,2.0,0.0,0.0,2.0,0.0,2.0,2.0,2.0,Junction,Exact,,90.0,,1095.0,,,90
2017,March,Friday,Day,Light,Front to side collision,0.0,0.0,6.0,0.0,2.0,3.0,0.0,6.0,2.0,2.0,Junction,Exact,,90.0,,669.0,,,90
2017,November,Wednesday,Day,Light,Front to side collision,0.0,0.0,3.0,0.0,0.0,2.0,1.0,3.0,2.0,2.0,Junction,Exact,,90.0,,669.0,,,90
2017,August,Tuesday,Day,Light,Front to side collision,0.0,0.0,3.0,0.0,1.0,2.0,0.0,3.0,2.0,2.0,Junction,Exact,,87.0,,90.0,,,90
2017,January,Saturday,Day,Light,Roll over,0.0,0.0,1.0,0.0,0.0,1.0,0.0,1.0,1.0,1.0,Junction,Exact,,25.0,180.5,90.0,,,90
2017,June,Sunday,Day,Light,Front to side collision,0.0,0.0,1.0,0.0,0.0,1.0,0.0,1.0,2.0,2.0,Junction,Exact,,90.0,,9779.0,,,90
2017,January,Tuesday,Night,Light,Front to side collision,0.0,0.0,2.0,0.0,0.0,2.0,0.0,2.0,3.0,3.0,Junction,Exact,,90.0,,9977.0,,,90
2017,March,Thursday,Day,Light,Front to side collision,0.0,0.0,2.0,0.0,0.0,2.0,0.0,2.0,2.0,2.0,Junction,Exact,,90.0,,977.0,,,90
2017,November,Thursday,Night,Light,Front to side collision,0.0,0.0,2.0,0.0,1.0,1.0,0.0,2.0,2.0,2.0,Junction,Exact,,90.0,,669.0,,,90
2017,August,Friday,Day,Light,Front to side collision,0.0,0.0,1.0,0.0,0.0,1.0,0.0,1.0,2.0,2.0,Junction,Exact,,90.0,,807.0,,,90
2017,February,Thursday,Day,Light,Front to side collision,0.0,0.0,1.0,0.0,0.0,1.0,0.0,1.0,2.0,2.0,Junction,Exact,,90.0,,,,,90
2017,November,Thursday,Night,Light,Front to side collision,0.0,0.0,2.0,0.0,0.0,2.0,0.0,2.0,2.0,2.0,Junction,Exact,,90.0,,8677.0,,,90
2017,May,Saturday,Night,Light,Front to side collision,0.0,0.0,1.0,0.0,1.0,0.0,0.0,1.0,2.0,2.0,Junction,Exact,,90.0,,9119.0,,,90
2017,May,Sunday,Day,Light,Front to side collision,0.0,0.0,3.0,0.0,1.0,2.0,0.0,3.0,2.0,2.0,Junction,Exact,,71.0,,90.0,,,90
2017,May,Wednesday,Day,Light,Front to side collision,0.0,0.0,1.0,0.0,0.0,1.0,0.0,1.0,3.0,3.0,Junction,Exact,,90.0,,9119.0,,,90
2017,July,Wednesday,Day,Light,Front to side collision,0.0,0.0,4.0,0.0,1.0,3.0,0.0,4.0,2.0,2.0,Junction,Exact,,87.0,,90.0,,,90
2017,July,Thursday,Day,Light,Front to side collision,0.0,0.0,2.0,0.0,0.0,2.0,0.0,2.0,2.0,2.0,Junction,Exact,,1.0,287.1,90.0,,,90
2017,August,Tuesday,Day,Severe,Front to side collision,0.0,2.0,11.0,0.0,7.0,2.0,0.0,13.0,2.0,2.0,Junction,Exact,,1.0,287.1,90.0,,,90
2017,September,Sunday,Day,Light,Front to side collision,0.0,0.0,1.0,0.0,0.0,0.0,1.0,1.0,2.0,2.0,Junction,Exact,,90.0,319.6,505.0,,,90
2017,August,Tuesday,Day,Light,Front to side collision,0.0,0.0,1.0,0.0,0.0,1.0,0.0,1.0,2.0,2.0,Junction,Exact,,90.0,,91.0,,,90
2017,June,Friday,Day,Severe,Front end collision,0.0,1.0,5.0,0.0,1.0,3.0,2.0,6.0,2.0,2.0,Junction,Exact,,57.0,,90.0,,,90
2017,October,Monday,Day,Light,Front to rear collision,0.0,0.0,2.0,0.0,0.0,2.0,0.0,2.0,2.0,2.0,Junction,Exact,,89.0,,90.0,,,90
2017,December,Wednesday,Night,Light,Front to side collision,0.0,0.0,1.0,0.0,0.0,1.0,0.0,1.0,2.0,2.0,Junction,Exact,,90.0,,9977.0,,,90
2017,June,Friday,Day,Light,Front to side collision,0.0,0.0,2.0,0.0,0.0,1.0,1.0,2.0,2.0,2.0,Junction,Exact,,90.0,,807.0,,,90
2017,September,Wednesday,Day,Light,Front to side collision,0.0,0.0,2.0,0.0,0.0,2.0,0.0,2.0,2.0,2.0,Junction,Exact,,90.0,,8677.0,,,90
2017,April,Sunday,Day,Light,Side to side collision,0.0,0.0,1.0,0.0,0.0,1.0,0.0,1.0,2.0,2.0,Junction,Exact,,90.0,,8677.0,,,90
2017,October,Wednesday,Night,Light,Front to side collision,0.0,0.0,1.0,0.0,0.0,1.0,0.0,1.0,2.0,2.0,Junction,Exact,,90.0,,807.0,,,90
2017,March,Thursday,Day,Light,Front end collision,0.0,0.0,2.0,0.0,0.0,2.0,0.0,2.0,2.0,2.0,Junction,Exact,,90.0,,7677.0,,,90
2017,August,Wednesday,Day,Light,Front end collision,0.0,0.0,2.0,0.0,0.0,2.0,0.0,2.0,2.0,2.0,Junction,Exact,,31.0,205.3,90.0,,,90
2017,November,Tuesday,Day,Severe,Slip,0.0,1.0,1.0,0.0,0.0,0.0,2.0,2.0,1.0,1.0,Not junction,Exact,,90.0,228.0,,,,90
2017,June,Saturday,Day,Light,Hit an object,0.0,0.0,1.0,0.0,1.0,0.0,0.0,1.0,1.0,1.0,Not junction,Exact,,90.0,423.0,,,,90
2017,May,Monday,Day,Light,Roll over,0.0,0.0,1.0,0.0,0.0,1.0,0.0,1.0,1.0,1.0,Not junction,Exact,,90.0,398.0,,,,90
2017,September,Monday,Day,Light,Front end collision,0.0,0.0,4.0,0.0,0.0,4.0,0.0,4.0,2.0,2.0,Not junction,Exact,,90.0,305.0,,,,90
2017,June,Sunday,Night,Light,Hit an object,0.0,0.0,2.0,0.0,2.0,0.0,0.0,2.0,1.0,1.0,Not junction,Exact,,90.0,426.0,,,,90
2017,January,Saturday,Day,Severe,Front end collision,0.0,1.0,1.0,0.0,0.0,2.0,0.0,2.0,2.0,2.0,Not junction,Exact,,90.0,249.0,,,,90
2017,January,Friday,Day,Light,Front end collision,0.0,0.0,3.0,0.0,0.0,3.0,0.0,3.0,3.0,3.0,Not junction,Exact,,90.0,308.0,,,,90
2017,January,Sunday,Day,Light,Front to rear collision,0.0,0.0,6.0,0.0,4.0,2.0,0.0,6.0,2.0,2.0,Not junction,Exact,,90.0,373.0,,,,90
2017,January,Sunday,Day,Light,Front to side collision,0.0,0.0,1.0,0.0,0.0,0.0,1.0,1.0,2.0,2.0,Not junction,Exact,,90.0,404.0,,,,90
2017,February,Friday,Day,Light,Hit an object,0.0,0.0,4.0,0.0,2.0,2.0,0.0,4.0,1.0,1.0,Not junction,Exact,,90.0,434.0,,,,90
2017,October,Monday,Day,Light,Front to rear collision,0.0,0.0,1.0,0.0,0.0,1.0,0.0,1.0,2.0,2.0,Not junction,Exact,,90.0,318.0,,,,90
2017,June,Thursday,Day,Light,Front to side collision,0.0,0.0,1.0,0.0,0.0,1.0,0.0,1.0,2.0,2.0,Not junction,Exact,,90.0,438.0,,,,90
2017,August,Friday,Night,Light,Front to side collision,0.0,0.0,2.0,0.0,0.0,2.0,0.0,2.0,2.0,2.0,Not junction,Exact,,90.0,434.0,,,,90
2017,June,Wednesday,Day,Light,Front to rear collision,0.0,0.0,2.0,0.0,1.0,1.0,0.0,2.0,4.0,4.0,Not junction,Exact,,90.0,471.0,,,,90
2017,December,Tuesday,Day,Light,Front to side collision,0.0,0.0,1.0,0.0,0.0,1.0,0.0,1.0,2.0,2.0,Not junction,Exact,,90.0,472.0,,,,90
2017,April,Monday,Day,Severe,Front to side collision,0.0,1.0,4.0,0.0,1.0,4.0,0.0,5.0,2.0,2.0,Not junction,Exact,,90.0,310.0,,,,90
2017,February,Monday,Night,Light,Drive off road or on paveway,0.0,0.0,3.0,0.0,0.0,3.0,0.0,3.0,1.0,1.0,Not junction,Exact,,90.0,284.0,,,,90
2017,November,Saturday,Night,Light,Front to side collision,0.0,0.0,4.0,0.0,2.0,2.0,0.0,4.0,2.0,2.0,Not junction,Exact,,90.0,407.0,,,,90
2017,May,Tuesday,Night,Severe,Roll over,0.0,1.0,3.0,0.0,0.0,4.0,0.0,4.0,1.0,1.0,Not junction,Exact,,90.0,105.0,,,,90
2017,October,Monday,Day,Fatal,Front end collision,1.0,3.0,6.0,0.0,4.0,6.0,0.0,10.0,2.0,2.0,Not junction,Exact,,90.0,321.0,,,,90
2017,March,Saturday,Day,Severe,Slip,0.0,1.0,0.0,0.0,0.0,1.0,0.0,1.0,1.0,1.0,Not junction,Exact,,90.0,180.0,,,,90
2017,August,Tuesday,Day,Light,Front to side collision,0.0,0.0,2.0,0.0,0.0,2.0,0.0,2.0,2.0,2.0,Not junction,Exact,,90.0,467.0,,,,90
2017,August,Sunday,Day,Light,Side to side collision,0.0,0.0,2.0,0.0,0.0,2.0,0.0,2.0,2.0,2.0,Not junction,Exact,,90.0,388.0,,,,90
2017,July,Friday,Day,Light,Side to side collision,0.0,0.0,1.0,0.0,0.0,1.0,0.0,1.0,2.0,2.0,Not junction,Exact,,90.0,422.0,,,,90
2017,January,Monday,Night,Severe,Front end collision,0.0,1.0,3.0,0.0,1.0,2.0,1.0,4.0,2.0,2.0,Not junction,Exact,,90.0,384.0,,,,90
2017,January,Friday,Day,Light,Slip,0.0,0.0,1.0,0.0,0.0,1.0,0.0,1.0,1.0,1.0,Not junction,Exact,,90.0,409.0,,,,90
2017,March,Thursday,Night,Light,Front to rear collision,0.0,0.0,2.0,0.0,0.0,1.0,1.0,2.0,2.0,2.0,Not junction,Exact,,90.0,438.0,,,,90
2017,June,Monday,Day,Light,Hit an object,0.0,0.0,1.0,0.0,0.0,0.0,1.0,1.0,1.0,1.0,Not junction,Exact,,90.0,420.0,,,,90
2017,December,Wednesday,Day,Light,Front end collision,0.0,0.0,6.0,0.0,0.0,5.0,1.0,6.0,2.0,2.0,Not junction,Exact,,90.0,287.0,,,,90
2017,December,Monday,Night,Fatal,Roll over,1.0,1.0,1.0,0.0,2.0,1.0,0.0,3.0,1.0,1.0,Not junction,Exact,,90.0,83.0,,,,90
2017,August,Wednesday,Day,Light,Front end collision,0.0,0.0,8.0,0.0,1.0,7.0,0.0,8.0,2.0,2.0,Not junction,Exact,,90.0,329.0,,,,90
2017,May,Thursday,Day,Fatal,Roll over,2.0,0.0,1.0,0.0,1.0,2.0,0.0,3.0,2.0,2.0,Not junction,Exact,,90.0,328.0,,,,90
2017,August,Monday,Day,Severe,Side to side collision,0.0,2.0,1.0,0.0,0.0,1.0,1.0,3.0,2.0,2.0,Not junction,Exact,,90.0,68.0,,,,90
2017,May,Monday,Day,Light,Front to rear collision,0.0,0.0,4.0,0.0,1.0,1.0,0.0,4.0,2.0,2.0,Not junction,Exact,,90.0,420.0,,,,90
2017,October,Thursday,Day,Light,Front end collision,0.0,0.0,2.0,0.0,0.0,2.0,0.0,2.0,2.0,2.0,Not junction,Exact,,90.0,321.0,,,,90
2017,July,Thursday,Day,Light,Drive off road or on paveway,0.0,0.0,1.0,0.0,0.0,0.0,1.0,1.0,1.0,1.0,Not junction,Exact,,90.0,320.0,,,,90
2017,October,Sunday,Day,Light,Side to side collision,0.0,0.0,1.0,0.0,0.0,1.0,0.0,1.0,2.0,2.0,Not junction,Exact,,90.0,176.0,,,,90
2017,February,Thursday,Day,Severe,Hit an object,0.0,1.0,0.0,0.0,0.0,1.0,0.0,1.0,1.0,1.0,Not junction,Exact,,90.0,446.0,,,,90
2017,December,Monday,Day,Light,Roll over,0.0,0.0,1.0,0.0,0.0,1.0,0.0,1.0,1.0,1.0,Not junction,Exact,,90.0,45.0,,,,90
2017,April,Sunday,Day,Light,Slip,0.0,0.0,1.0,0.0,1.0,0.0,0.0,1.0,2.0,2.0,Not junction,Exact,,90.0,345.0,,,,90
2017,July,Sunday,Day,Fatal,Drive off road or on paveway,1.0,1.0,0.0,0.0,0.0,2.0,0.0,2.0,1.0,1.0,Not junction,Exact,,90.0,389.0,,,,90
2017,April,Tuesday,Day,Severe,Hit an object,0.0,1.0,0.0,0.0,1.0,0.0,0.0,1.0,1.0,1.0,Not junction,Exact,,90.0,440.0,,,,90
2017,August,Friday,Day,Light,Front end collision,0.0,0.0,7.0,0.0,4.0,2.0,1.0,7.0,2.0,2.0,Not junction,Exact,,90.0,408.0,,,,90
2017,August,Tuesday,Day,Light,Front to rear collision,0.0,0.0,5.0,0.0,4.0,1.0,0.0,5.0,2.0,2.0,Not junction,Exact,,90.0,412.0,,,,90
2017,January,Saturday,Night,Light,Front end collision,0.0,0.0,4.0,0.0,0.0,4.0,0.0,4.0,2.0,2.0,Not junction,Exact,,90.0,406.0,,,,90
2017,August,Thursday,Day,Light,Roll over,0.0,0.0,1.0,0.0,0.0,1.0,0.0,1.0,1.0,1.0,Not junction,Exact,,90.0,305.0,,,,90
2017,May,Wednesday,Day,Light,Front to side collision,0.0,0.0,2.0,0.0,0.0,1.0,1.0,2.0,2.0,2.0,Not junction,Exact,,90.0,436.0,,,,90
2017,October,Monday,Day,Light,Front to side collision,0.0,0.0,1.0,0.0,0.0,1.0,0.0,1.0,2.0,2.0,Not junction,Exact,,90.0,472.0,,,,90
2017,March,Wednesday,Day,Light,Front to side collision,0.0,0.0,2.0,0.0,0.0,2.0,0.0,2.0,2.0,2.0,Not junction,Exact,,90.0,404.0,,,,90
2017,April,Friday,Day,Severe,Slip,0.0,1.0,0.0,0.0,0.0,1.0,0.0,1.0,1.0,1.0,Not junction,Exact,,90.0,45.0,,,,90
2017,March,Friday,Day,Light,Front end collision,0.0,0.0,1.0,0.0,0.0,1.0,0.0,1.0,2.0,2.0,Not junction,Exact,,90.0,394.0,,,,90
2017,December,Thursday,Night,Light,Front to side collision,0.0,0.0,1.0,0.0,0.0,1.0,0.0,1.0,2.0,2.0,Not junction,Exact,,90.0,458.0,,,,90
2017,January,Tuesday,Night,Severe,Roll over,0.0,1.0,3.0,0.0,0.0,4.0,0.0,4.0,1.0,1.0,Not junction,Exact,,90.0,336.0,,,,90
2017,November,Thursday,Night,Severe,Roll over,0.0,1.0,4.0,0.0,3.0,2.0,0.0,5.0,1.0,1.0,Not junction,Exact,,90.0,45.0,,,,90
2017,March,Tuesday,Day,Light,Front to rear collision,0.0,0.0,1.0,0.0,0.0,1.0,0.0,1.0,4.0,4.0,Not junction,Exact,,90.0,413.0,,,,90
2017,January,Thursday,Night,Light,Front to rear collision,0.0,0.0,6.0,0.0,0.0,4.0,2.0,6.0,2.0,2.0,Not junction,Exact,,90.0,334.0,,,,90
2017,January,Monday,Night,Light,Front to side collision,0.0,0.0,2.0,0.0,0.0,2.0,0.0,2.0,2.0,2.0,Not junction,Exact,,90.0,434.0,,,,90
2017,June,Friday,Day,Light,Side to side collision,0.0,0.0,2.0,0.0,0.0,2.0,0.0,2.0,2.0,2.0,Not junction,Exact,,90.0,314.0,,,,90
2017,August,Friday,Day,Light,Front to side collision,0.0,0.0,1.0,0.0,0.0,1.0,0.0,1.0,2.0,2.0,Not junction,Exact,,90.0,309.0,,,,90
2017,October,Sunday,Night,Severe,Front to side collision,0.0,1.0,1.0,0.0,0.0,2.0,0.0,2.0,2.0,2.0,Not junction,Exact,,90.0,473.0,,,,90
2017,June,Sunday,Day,Severe,Roll over,0.0,1.0,1.0,0.0,1.0,1.0,0.0,2.0,1.0,1.0,Not junction,Exact,,90.0,353.0,,,,90
2017,May,Thursday,Day,Light,Front to side collision,0.0,0.0,4.0,0.0,1.0,3.0,0.0,4.0,2.0,2.0,Not junction,Exact,,90.0,398.0,,,,90
2017,June,Sunday,Day,Light,Front to side collision,0.0,0.0,3.0,0.0,0.0,3.0,0.0,3.0,2.0,2.0,Not junction,Exact,,90.0,78.0,,,,90
2017,June,Tuesday,Day,Severe,Front to side collision,0.0,2.0,2.0,0.0,3.0,0.0,0.0,4.0,2.0,2.0,Not junction,Exact,,90.0,422.0,,,,90
2017,July,Monday,Night,Severe,Front to side collision,0.0,2.0,1.0,0.0,0.0,3.0,0.0,3.0,2.0,2.0,Not junction,Exact,,90.0,436.0,,,,90
2017,November,Tuesday,Day,Severe,Roll over,0.0,1.0,1.0,0.0,0.0,0.0,2.0,2.0,1.0,1.0,Not junction,Exact,,90.0,259.0,,,,90
2017,October,Wednesday,Night,Light,Front to side collision,0.0,0.0,1.0,0.0,0.0,1.0,0.0,1.0,2.0,2.0,Not junction,Exact,,90.0,405.0,,,,90
2017,June,Saturday,Day,Severe,Roll over,0.0,2.0,3.0,0.0,3.0,2.0,0.0,5.0,1.0,1.0,Not junction,Exact,,90.0,10.0,,,,90
2017,December,Tuesday,Day,Severe,Hit a passenger within the vehicle,0.0,1.0,0.0,0.0,0.0,1.0,0.0,1.0,1.0,1.0,Not junction,Exact,,90.0,180.0,,,,90
2017,November,Sunday,Night,Light,Hit an object,0.0,0.0,5.0,1.0,0.0,5.0,0.0,5.0,1.0,1.0,Not junction,Exact,,90.0,413.0,,,,90
2017,August,Wednesday,Night,Severe,Front to rear collision,0.0,1.0,2.0,0.0,0.0,2.0,1.0,3.0,2.0,2.0,Not junction,Exact,,90.0,285.0,,,,90
2017,August,Monday,Day,Fatal,Roll over,1.0,1.0,1.0,0.0,1.0,2.0,0.0,3.0,1.0,1.0,Not junction,Exact,,90.0,45.0,,,,90
2017,December,Sunday,Day,Light,Front to side collision,0.0,0.0,2.0,0.0,0.0,2.0,0.0,2.0,2.0,2.0,Not junction,Exact,,90.0,308.0,,,,90
2017,October,Sunday,Day,Light,Collision with stopped vehicle,0.0,0.0,4.0,0.0,1.0,2.0,1.0,4.0,2.0,2.0,Not junction,Exact,,90.0,316.0,,,,90
2017,April,Saturday,Day,Light,Drive off road or on paveway,0.0,0.0,1.0,0.0,0.0,1.0,0.0,1.0,1.0,1.0,Not junction,Exact,,90.0,27.0,,,,90
2017,January,Wednesday,Night,Light,Other,0.0,0.0,1.0,0.0,0.0,1.0,0.0,1.0,1.0,1.0,Not junction,Exact,,90.0,442.0,,,,90
2017,June,Saturday,Day,Light,Front to rear collision,0.0,0.0,4.0,0.0,2.0,2.0,0.0,4.0,2.0,2.0,Not junction,Exact,,90.0,435.0,,,,90
2017,March,Monday,Day,Severe,Front to rear collision,0.0,1.0,0.0,0.0,0.0,1.0,0.0,1.0,2.0,2.0,Not junction,Exact,,90.0,443.0,,,,90
2017,March,Friday,Day,Light,Collision with stopped vehicle,0.0,0.0,3.0,0.0,1.0,2.0,0.0,3.0,2.0,2.0,Not junction,Exact,,90.0,418.0,,,,90
2017,November,Monday,Day,Severe,Pedestrian,0.0,1.0,1.0,1.0,2.0,0.0,0.0,2.0,2.0,2.0,Not junction,Exact,,90.0,440.0,,,,90
2017,July,Sunday,Day,Light,Front to rear collision,0.0,0.0,7.0,0.0,3.0,4.0,0.0,7.0,4.0,4.0,Not junction,Exact,,90.0,420.0,,,,90
2017,June,Friday,Day,Severe,Front to side collision,0.0,1.0,4.0,0.0,0.0,1.0,2.0,5.0,2.0,2.0,Not junction,Exact,,90.0,391.0,,,,90
2017,January,Thursday,Day,Severe,Front to side collision,0.0,1.0,1.0,0.0,0.0,1.0,1.0,2.0,2.0,2.0,Not junction,Exact,,90.0,454.0,,,,90
2017,July,Saturday,Day,Light,Hit an object,0.0,0.0,1.0,0.0,0.0,1.0,0.0,1.0,1.0,1.0,Not junction,Exact,,90.0,461.0,,,,90
2017,January,Friday,Night,Light,Slip,0.0,0.0,1.0,0.0,0.0,1.0,0.0,1.0,1.0,1.0,Not junction,Exact,,90.0,444.0,,,,90
2017,October,Sunday,Day,Light,Front to side collision,0.0,0.0,2.0,0.0,0.0,2.0,0.0,2.0,2.0,2.0,Not junction,Exact,,90.0,310.0,,,,90
2017,May,Thursday,Day,Light,Front to side collision,0.0,0.0,2.0,0.0,0.0,1.0,1.0,2.0,2.0,2.0,Not junction,Exact,,90.0,412.0,,,,90
2017,August,Thursday,Day,Light,Hit an object,0.0,0.0,1.0,0.0,0.0,1.0,0.0,1.0,1.0,1.0,Not junction,Exact,,90.0,385.0,,,,90
2017,May,Sunday,Day,Light,Roll over,0.0,0.0,3.0,0.0,2.0,1.0,0.0,3.0,1.0,1.0,Not junction,Exact,,90.0,333.0,,,,90
2017,May,Sunday,Night,Light,Side to side collision,0.0,0.0,1.0,0.0,0.0,1.0,0.0,1.0,2.0,2.0,Not junction,Exact,,90.0,325.0,,,,90
2017,September,Wednesday,Day,Light,Front to side collision,0.0,0.0,3.0,0.0,0.0,3.0,0.0,3.0,2.0,2.0,Not junction,Exact,,90.0,401.0,,,,90
2017,June,Sunday,Day,Light,Hit an object,0.0,0.0,4.0,0.0,0.0,4.0,0.0,4.0,1.0,1.0,Not junction,Exact,,90.0,389.0,,,,90
2017,September,Sunday,Day,Light,Roll over,0.0,0.0,5.0,0.0,1.0,4.0,0.0,5.0,1.0,1.0,Not junction,Exact,,90.0,355.0,,,,90
2018,June,Monday,Day,Light,Front to rear collision,0.0,0.0,2.0,0.0,1.0,1.0,0.0,2.0,2.0,2.0,Junction,Exact,,90.0,,91.0,,,90
2018,April,Saturday,Day,Light,Front to side collision,0.0,0.0,3.0,0.0,0.0,2.0,1.0,3.0,2.0,2.0,Junction,Exact,,71.0,,90.0,,,90
2018,April,Sunday,Day,Light,Front to rear collision,0.0,0.0,2.0,0.0,0.0,2.0,0.0,2.0,2.0,2.0,Junction,Exact,,90.0,,,,,90
2018,November,Sunday,Night,Light,Front to rear collision,0.0,0.0,4.0,0.0,1.0,3.0,0.0,4.0,2.0,2.0,Junction,Exact,,90.0,,,,,90
2018,December,Thursday,Day,Light,Front to side collision,0.0,0.0,1.0,0.0,0.0,1.0,0.0,1.0,2.0,2.0,Junction,Exact,,90.0,319.6,505.0,,,90
2018,April,Monday,Day,Light,Front to side collision,0.0,0.0,5.0,0.0,0.0,5.0,0.0,5.0,2.0,2.0,Junction,Exact,,90.0,,977.0,,,90
2018,November,Thursday,Day,Light,Front end collision,0.0,0.0,3.0,0.0,0.0,2.0,0.0,3.0,2.0,2.0,Junction,Exact,,87.0,,90.0,,,90
2018,February,Friday,Day,Light,Front to side collision,0.0,0.0,6.0,0.0,1.0,2.0,0.0,6.0,2.0,2.0,Junction,Exact,,1.0,287.1,90.0,,,90
2018,September,Wednesday,Night,Light,Front to side collision,0.0,0.0,1.0,0.0,0.0,1.0,0.0,1.0,2.0,2.0,Junction,Exact,,90.0,,8677.0,,,90
2018,May,Tuesday,Night,Light,Front to side collision,0.0,0.0,1.0,0.0,0.0,1.0,0.0,1.0,2.0,2.0,Junction,Exact,,85.0,,90.0,,,90
2018,May,Saturday,Day,Light,Front to rear collision,0.0,0.0,1.0,0.0,0.0,1.0,0.0,1.0,3.0,3.0,Junction,Exact,,90.0,,91.0,,,90
2018,February,Tuesday,Day,Light,Front to side collision,0.0,0.0,2.0,0.0,0.0,2.0,0.0,2.0,2.0,2.0,Junction,Exact,,90.0,,669.0,,,90
2018,May,Sunday,Day,Light,Front to side collision,0.0,0.0,4.0,0.0,0.0,4.0,0.0,4.0,2.0,2.0,Junction,Exact,,90.0,,669.0,,,90
2018,April,Saturday,Day,Light,Front to side collision,0.0,0.0,5.0,0.0,3.0,0.0,2.0,5.0,2.0,2.0,Junction,Exact,,90.0,,767.0,,,90
2018,April,Sunday,Day,Light,Front to side collision,0.0,0.0,8.0,0.0,3.0,5.0,0.0,8.0,3.0,3.0,Junction,Exact,,31.0,205.3,90.0,,,90
2018,June,Friday,Night,Light,Front to side collision,0.0,0.0,3.0,0.0,0.0,3.0,0.0,3.0,2.0,2.0,Junction,Exact,,90.0,,807.0,,,90
2018,December,Sunday,Night,Light,Hit an object,0.0,0.0,3.0,0.0,1.0,1.0,1.0,3.0,1.0,1.0,Junction,Exact,,71.0,,90.0,,,90