year,month,day_of_week,day_night,accident_severity,accident_type,killed,severly_injured,lightly_injured,injured_pedestrians,casualties_ages_0-19,casualties_ages_20-64,casualties_ages_65_plus,total_casualties,vehicle_count,drivers,road_type,localization_quality,settlement,road1,location,road2,road3,road4,source_road
2018,January,Tuesday,Day,Light,Front to side collision,0.0,0.0,3.0,0.0,1.0,2.0,0.0,3.0,3.0,3.0,Junction,Exact,,90.0,,9977.0,,,90
2018,July,Monday,Day,Light,Pedestrian,0.0,0.0,1.0,1.0,0.0,1.0,0.0,1.0,1.0,1.0,Junction,Exact,,90.0,,7591.0,,,90
2018,August,Wednesday,Night,Severe,Front to side collision,0.0,3.0,13.0,0.0,2.0,13.0,1.0,16.0,2.0,2.0,Junction,Exact,,90.0,,899.0,,,90
2018,June,Thursday,Day,Light,Front to side collision,0.0,0.0,2.0,0.0,0.0,2.0,0.0,2.0,3.0,3.0,Junction,Exact,,57.0,,90.0,,,90
2018,September,Sunday,Night,Light,Front to side collision,0.0,0.0,3.0,0.0,0.0,3.0,0.0,3.0,2.0,2.0,Junction,Exact,,90.0,,6678.0,,,90
2018,May,Sunday,Day,Light,Front to side collision,0.0,0.0,2.0,0.0,0.0,2.0,0.0,2.0,2.0,2.0,Junction,Exact,,90.0,,6678.0,,,90
2018,February,Thursday,Day,Light,Front to side collision,0.0,0.0,1.0,0.0,0.0,1.0,0.0,1.0,2.0,2.0,Junction,Exact,,90.0,,91.0,,,90
2018,December,Saturday,Night,Light,Front end collision,0.0,0.0,1.0,0.0,0.0,1.0,0.0,1.0,2.0,2.0,Junction,Exact,,90.0,,9119.0,,,90
2018,July,Thursday,Day,Light,Front to side collision,0.0,0.0,5.0,0.0,2.0,2.0,1.0,5.0,2.0,2.0,Junction,Exact,,90.0,,807.0,,,90
2018,August,Sunday,Night,Light,Front end collision,0.0,0.0,9.0,0.0,5.0,4.0,0.0,9.0,2.0,2.0,Junction,Exact,,90.0,319.6,505.0,,,90
2018,October,Wednesday,Night,Light,Hit an object,0.0,0.0,2.0,0.0,0.0,2.0,0.0,2.0,1.0,1.0,Junction,Exact,,71.0,,90.0,,,90
2018,December,Sunday,Day,Light,Front to side collision,0.0,0.0,2.0,0.0,0.0,2.0,0.0,2.0,2.0,2.0,Junction,Exact,,90.0,,977.0,,,90
2018,April,Thursday,Day,Light,Slip,0.0,0.0,1.0,0.0,1.0,0.0,0.0,1.0,1.0,1.0,Junction,Exact,,90.0,,767.0,,,90
2018,August,Thursday,Day,Severe,Front to side collision,0.0,1.0,4.0,0.0,3.0,2.0,0.0,5.0,2.0,2.0,Junction,Exact,,90.0,,669.0,,,90
2018,April,Wednesday,Day,Light,Side to side collision,0.0,0.0,1.0,0.0,0.0,1.0,0.0,1.0,2.0,2.0,Not junction,Exact,,90.0,232.0,,,,90
2018,October,Tuesday,Day,Fatal,Front end collision,8.0,1.0,2.0,0.0,7.0,4.0,0.0,11.0,2.0,2.0,Not junction,Exact,,90.0,200.0,,,,90
2018,March,Friday,Day,Severe,Front to side collision,0.0,1.0,0.0,0.0,0.0,1.0,0.0,1.0,2.0,2.0,Not junction,Exact,,90.0,211.0,,,,90
2018,August,Thursday,Day,Light,Front to rear collision,0.0,0.0,5.0,0.0,2.0,3.0,0.0,5.0,3.0,3.0,Not junction,Exact,,90.0,455.1,,,,90
2018,February,Friday,Night,Light,Roll over,0.0,0.0,1.0,0.0,0.0,1.0,0.0,1.0,1.0,1.0,Not junction,Exact,,90.0,467.3,,,,90
2018,June,Tuesday,Day,Light,Front to side collision,0.0,0.0,3.0,0.0,0.0,3.0,0.0,3.0,2.0,2.0,Not junction,Exact,,90.0,423.2,,,,90
2018,June,Thursday,Day,Severe,Front end collision,0.0,2.0,12.0,0.0,2.0,9.0,3.0,14.0,2.0,2.0,Not junction,Exact,,90.0,123.0,,,,90
2018,August,Sunday,Day,Light,Front to side collision,0.0,0.0,2.0,0.0,0.0,2.0,0.0,2.0,2.0,2.0,Not junction,Exact,,90.0,422.6,,,,90
2018,October,Tuesday,Day,Severe,Front end collision,0.0,2.0,2.0,0.0,0.0,4.0,0.0,4.0,3.0,3.0,Not junction,Exact,,90.0,360.1,,,,90
2018,November,Saturday,Day,Light,Front to side collision,0.0,0.0,2.0,0.0,0.0,0.0,2.0,2.0,2.0,2.0,Not junction,Exact,,90.0,458.7,,,,90
2018,November,Sunday,Night,Fatal,Front end collision,6.0,4.0,2.0,0.0,4.0,8.0,0.0,12.0,2.0,2.0,Not junction,Exact,,90.0,321.2,,,,90
2018,August,Thursday,Day,Light,Front end collision,0.0,0.0,8.0,0.0,2.0,4.0,0.0,8.0,2.0,2.0,Not junction,Exact,,90.0,424.6,,,,90
2018,December,Thursday,Day,Light,Side to side collision,0.0,0.0,2.0,0.0,0.0,2.0,0.0,2.0,3.0,3.0,Not junction,Exact,,90.0,344.1,,,,90
2018,October,Saturday,Day,Severe,Front to side collision,0.0,1.0,3.0,0.0,0.0,4.0,0.0,4.0,2.0,2.0,Not junction,Exact,,90.0,459.0,,,,90
2018,April,Saturday,Night,Light,Front to side collision,0.0,0.0,3.0,0.0,1.0,2.0,0.0,3.0,2.0,2.0,Not junction,Exact,,90.0,290.5,,,,90
2018,January,Sunday,Night,Severe,Front end collision,0.0,1.0,6.0,0.0,0.0,5.0,0.0,7.0,2.0,2.0,Not junction,Exact,,90.0,299.5,,,,90
2018,September,Saturday,Day,Light,Roll over,0.0,0.0,2.0,0.0,1.0,1.0,0.0,2.0,1.0,1.0,Not junction,Exact,,90.0,439.0,,,,90
2018,September,Thursday,Day,Severe,Front end collision,0.0,1.0,1.0,0.0,0.0,2.0,0.0,2.0,2.0,2.0,Not junction,Exact,,90.0,289.0,,,,90
2018,December,Tuesday,Day,Light,Front to side collision,0.0,0.0,2.0,0.0,0.0,1.0,1.0,2.0,2.0,2.0,Not junction,Exact,,90.0,371.1,,,,90
2018,March,Friday,Day,Light,Front end collision,0.0,0.0,5.0,0.0,0.0,5.0,0.0,5.0,2.0,2.0,Not junction,Exact,,90.0,432.4,,,,90
2018,June,Sunday,Day,Light,Front to rear collision,0.0,0.0,2.0,1.0,0.0,2.0,0.0,2.0,3.0,3.0,Not junction,Exact,,90.0,302.9,,,,90
2018,October,Monday,Day,Light,Front to rear collision,0.0,0.0,2.0,0.0,0.0,2.0,0.0,2.0,2.0,2.0,Not junction,Exact,,90.0,436.0,,,,90
2018,June,Wednesday,Day,Severe,Front to side collision,0.0,2.0,3.0,0.0,2.0,3.0,0.0,5.0,2.0,2.0,Not junction,Exact,,90.0,112.0,,,,90
2018,August,Thursday,Day,Light,Hit an object,0.0,0.0,5.0,0.0,1.0,4.0,0.0,5.0,1.0,1.0,Not junction,Exact,,90.0,432.6,,,,90
2018,September,Monday,Night,Light,Front end collision,0.0,0.0,1.0,0.0,0.0,1.0,0.0,1.0,2.0,2.0,Not junction,Exact,,90.0,265.4,,,,90
2018,November,Friday,Day,Light,Front to side collision,0.0,0.0,1.0,0.0,0.0,1.0,0.0,1.0,2.0,2.0,Not junction,Exact,,90.0,416.0,,,,90
2018,February,Saturday,Day,Severe,Front to side collision,0.0,1.0,4.0,0.0,0.0,5.0,0.0,5.0,3.0,3.0,Not junction,Exact,,90.0,64.0,,,,90
2018,October,Saturday,Day,Light,Front end collision,0.0,0.0,1.0,0.0,0.0,1.0,0.0,1.0,3.0,3.0,Not junction,Exact,,90.0,319.5,,,,90
2018,June,Monday,Day,Light,Front to side collision,0.0,0.0,3.0,0.0,0.0,3.0,0.0,3.0,2.0,2.0,Not junction,Exact,,90.0,16.5,,,,90
2018,January,Thursday,Night,Light,Front end collision,0.0,0.0,6.0,0.0,3.0,3.0,0.0,6.0,2.0,2.0,Not junction,Exact,,90.0,356.2,,,,90
2018,April,Thursday,Day,Light,Front end collision,0.0,0.0,5.0,0.0,0.0,5.0,0.0,5.0,2.0,2.0,Not junction,Exact,,90.0,431.9,,,,90
2018,June,Monday,Night,Light,Front to rear collision,0.0,0.0,3.0,0.0,0.0,3.0,0.0,3.0,2.0,2.0,Not junction,Exact,,90.0,450.0,,,,90
2018,December,Thursday,Night,Light,Front to rear collision,0.0,0.0,7.0,0.0,0.0,7.0,0.0,7.0,4.0,4.0,Not junction,Exact,,90.0,434.5,,,,90
2018,April,Monday,Day,Light,Side to side collision,0.0,0.0,1.0,0.0,0.0,1.0,0.0,1.0,2.0,2.0,Not junction,Exact,,90.0,437.4,,,,90
2018,August,Monday,Day,Light,Front end collision,0.0,0.0,2.0,0.0,0.0,2.0,0.0,2.0,2.0,2.0,Not junction,Exact,,90.0,418.2,,,,90
2018,October,Thursday,Day,Light,Front to side collision,0.0,0.0,2.0,0.0,0.0,2.0,0.0,2.0,2.0,2.0,Not junction,Exact,,90.0,453.4,,,,90
2018,April,Friday,Day,Light,Side to side collision,0.0,0.0,12.0,0.0,6.0,6.0,0.0,12.0,3.0,3.0,Not junction,Exact,,90.0,53.8,,,,90
2018,May,Tuesday,Day,Light,Front to rear collision,0.0,0.0,3.0,0.0,0.0,3.0,0.0,3.0,2.0,2.0,Not junction,Exact,,90.0,426.5,,,,90
2018,January,Monday,Day,Light,Front to side collision,0.0,0.0,2.0,0.0,1.0,1.0,0.0,2.0,2.0,2.0,Not junction,Exact,,90.0,421.5,,,,90
2018,June,Sunday,Day,Light,Other,0.0,0.0,4.0,0.0,0.0,4.0,0.0,4.0,1.0,1.0,Not junction,Exact,,90.0,329.3,,,,90
2018,January,Tuesday,Day,Light,Front to side collision,0.0,0.0,2.0,0.0,1.0,1.0,0.0,2.0,2.0,2.0,Not junction,Exact,,90.0,474.2,,,,90
2018,May,Friday,Day,Light,Front to side collision,0.0,0.0,3.0,0.0,0.0,1.0,0.0,3.0,2.0,2.0,Not junction,Exact,,90.0,356.3,,,,90
2018,November,Thursday,Night,Severe,Roll over,0.0,1.0,0.0,0.0,0.0,1.0,0.0,1.0,1.0,1.0,Not junction,Exact,,90.0,378.4,,,,90
2018,January,Monday,Day,Light,Front to side collision,0.0,0.0,1.0,0.0,1.0,0.0,0.0,1.0,2.0,2.0,Not junction,Exact,,90.0,471.9,,,,90
2018,October,Thursday,Day,Fatal,Front end collision,3.0,0.0,7.0,0.0,1.0,9.0,0.0,10.0,2.0,2.0,Not junction,Exact,,90.0,186.0,,,,90
2018,August,Sunday,Day,Light,Front to rear collision,0.0,0.0,7.0,0.0,4.0,3.0,0.0,7.0,3.0,3.0,Not junction,Exact,,90.0,402.6,,,,90
2018,June,Monday,Day,Light,Slip,0.0,0.0,1.0,0.0,0.0,1.0,0.0,1.0,1.0,1.0,Not junction,Exact,,90.0,440.0,,,,90
2018,February,Wednesday,Day,Fatal,Front end collision,1.0,0.0,0.0,0.0,0.0,1.0,0.0,1.0,2.0,2.0,Not junction,Exact,,90.0,289.7,,,,90
2018,September,Monday,Day,Light,Front to rear collision,0.0,0.0,5.0,0.0,2.0,3.0,0.0,5.0,2.0,2.0,Not junction,Exact,,90.0,434.0,,,,90
2018,February,Wednesday,Night,Light,Front to side collision,0.0,0.0,1.0,0.0,0.0,1.0,0.0,1.0,2.0,2.0,Not junction,Exact,,90.0,329.1,,,,90
2018,March,Saturday,Night,Light,Roll over,0.0,0.0,1.0,0.0,0.0,1.0,0.0,1.0,1.0,1.0,Not junction,Exact,,90.0,283.9,,,,90
2018,September,Sunday,Night,Light,Side to side collision,0.0,0.0,2.0,0.0,0.0,2.0,0.0,2.0,2.0,2.0,Not junction,Exact,,90.0,432.4,,,,90
2018,July,Saturday,Day,Severe,Hit an object,0.0,1.0,0.0,0.0,0.0,1.0,0.0,1.0,1.0,1.0,Not junction,Exact,,90.0,432.5,,,,90
2018,August,Thursday,Day,Light,Front to side collision,0.0,0.0,8.0,0.0,5.0,2.0,1.0,8.0,2.0,2.0,Not junction,Exact,,90.0,406.6,,,,90
2018,August,Sunday,Day,Fatal,Front end collision,1.0,0.0,2.0,0.0,0.0,3.0,0.0,3.0,2.0,2.0,Not junction,Exact,,90.0,362.9,,,,90
2018,December,Tuesday,Day,Light,Front to side collision,0.0,0.0,2.0,0.0,0.0,2.0,0.0,2.0,2.0,2.0,Not junction,Exact,,90.0,404.6,,,,90
2018,June,Monday,Day,Severe,Front to rear collision,0.0,1.0,3.0,0.0,1.0,3.0,0.0,4.0,2.0,2.0,Not junction,Exact,,90.0,439.6,,,,90
2018,May,Saturday,Day,Light,Side to side collision,0.0,0.0,3.0,0.0,1.0,2.0,0.0,3.0,2.0,2.0,Not junction,Exact,,90.0,336.5,,,,90
2018,February,Friday,Night,Severe,Pedestrian,0.0,1.0,0.0,1.0,0.0,1.0,0.0,1.0,1.0,1.0,Not junction,Exact,,90.0,275.2,,,,90
2018,March,Tuesday,Day,Severe,Front to side collision,0.0,1.0,0.0,0.0,0.0,0.0,1.0,1.0,2.0,2.0,Not junction,Exact,,90.0,467.3,,,,90
2018,January,Wednesday,Day,Light,Roll over,0.0,0.0,2.0,0.0,0.0,2.0,0.0,2.0,1.0,1.0,Not junction,Exact,,90.0,449.0,,,,90
2018,April,Sunday,Day,Light,Front to side collision,0.0,0.0,1.0,0.0,0.0,1.0,0.0,1.0,2.0,2.0,Not junction,Exact,,90.0,379.9,,,,90
2018,July,Tuesday,Day,Light,Front to side collision,0.0,0.0,5.0,0.0,1.0,4.0,0.0,5.0,2.0,2.0,Not junction,Exact,,90.0,422.3,,,,90
2018,July,Tuesday,Day,Light,Side to side collision,0.0,0.0,5.0,0.0,3.0,2.0,0.0,5.0,2.0,2.0,Not junction,Exact,,90.0,401.0,,,,90
2018,March,Friday,Day,Severe,Front end collision,0.0,3.0,0.0,0.0,1.0,2.0,0.0,3.0,3.0,3.0,Not junction,Exact,,90.0,211.0,,,,90
2018,November,Sunday,Day,Severe,Roll over,0.0,1.0,0.0,0.0,0.0,1.0,0.0,1.0,1.0,1.0,Not junction,Exact,,90.0,218.0,,,,90
2018,May,Sunday,Day,Light,Slip,0.0,0.0,1.0,0.0,1.0,0.0,0.0,1.0,1.0,1.0,Not junction,Exact,,90.0,437.6,,,,90
2018,December,Thursday,Night,Fatal,Front end collision,1.0,0.0,1.0,0.0,0.0,1.0,1.0,2.0,2.0,2.0,Not junction,Exact,,90.0,138.0,,,,90
2018,May,Wednesday,Day,Light,Front to side collision,0.0,0.0,3.0,0.0,0.0,3.0,0.0,3.0,2.0,2.0,Not junction,Exact,,90.0,414.5,,,,90
2019,April,Sunday,Night,Severe,Front end collision,0.0,1.0,7.0,0.0,5.0,3.0,0.0,8.0,2.0,2.0,Junction,Exact,,90.0,,6678.0,,,90
2019,August,Thursday,Day,Light,Front to side collision,0.0,0.0,1.0,0.0,0.0,1.0,0.0,1.0,2.0,2.0,Junction,Exact,,90.0,,899.0,,,90
2019,March,Monday,Day,Light,Front to side collision,0.0,0.0,4.0,0.0,0.0,4.0,0.0,4.0,2.0,2.0,Junction,Exact,,90.0,,6678.0,,,90
2019,February,Tuesday,Night,Light,Front to side collision,0.0,0.0,2.0,0.0,0.0,2.0,0.0,2.0,2.0,2.0,Junction,Exact,,90.0,,8651.0,,,90
2019,October,Sunday,Day,Severe,Front to side collision,0.0,1.0,0.0,0.0,0.0,0.0,1.0,1.0,2.0,2.0,Junction,Exact,,90.0,,1095.0,,,90
2019,November,Wednesday,Day,Light,Front end collision,0.0,0.0,2.0,0.0,0.0,2.0,0.0,2.0,2.0,2.0,Junction,Exact,,90.0,,,,,90
2019,May,Thursday,Day,Light,Front to side collision,0.0,0.0,2.0,0.0,0.0,2.0,0.0,2.0,2.0,2.0,Junction,Exact,,90.0,,807.0,,,90
2019,October,Wednesday,Day,Fatal,Front to side collision,1.0,0.0,3.0,0.0,0.0,2.0,2.0,4.0,3.0,3.0,Junction,Exact,,90.0,,8677.0,,,90
2019,December,Monday,Day,Severe,Front to side collision,0.0,1.0,0.0,0.0,0.0,1.0,0.0,1.0,2.0,2.0,Junction,Exact,,90.0,,6661.0,,,90
2019,July,Tuesday,Day,Light,Front to side collision,0.0,0.0,3.0,0.0,2.0,1.0,0.0,3.0,2.0,2.0,Junction,Exact,,90.0,,,,,90
2019,July,Monday,Day,Light,Front to side collision,0.0,0.0,1.0,0.0,0.0,1.0,0.0,1.0,2.0,2.0,Junction,Exact,,90.0,,9119.0,,,90
2019,September,Wednesday,Night,Light,Front to side collision,0.0,0.0,1.0,0.0,0.0,1.0,0.0,1.0,2.0,2.0,Junction,Exact,,90.0,,9119.0,,,90
2019,September,Thursday,Day,Light,Front to side collision,0.0,0.0,1.0,0.0,0.0,1.0,0.0,1.0,2.0,2.0,Junction,Exact,,90.0,,,,,90
2019,February,Sunday,Day,Light,Front to side collision,0.0,0.0,4.0,0.0,0.0,4.0,0.0,4.0,2.0,2.0,Junction,Exact,,90.0,,91.0,,,90
2019,March,Monday,Day,Light,Front end collision,0.0,0.0,2.0,0.0,0.0,0.0,2.0,2.0,2.0,2.0,Junction,Exact,,90.0,,669.0,,,90
2019,March,Tuesday,Day,Light,Front end collision,0.0,0.0,1.0,0.0,0.0,1.0,0.0,1.0,2.0,2.0,Junction,Exact,,71.0,,90.0,,,90
2019,March,Saturday,Day,Light,Front to side collision,0.0,0.0,2.0,0.0,1.0,1.0,0.0,2.0,2.0,2.0,Junction,Exact,,90.0,,8677.0,,,90
2019,January,Tuesday,Night,Light,Front to side collision,0.0,0.0,1.0,0.0,0.0,1.0,0.0,1.0,2.0,2.0,Junction,Exact,,90.0,,91.0,,,90
2019,November,Friday,Day,Light,Front to side collision,0.0,0.0,6.0,0.0,0.0,5.0,1.0,6.0,3.0,3.0,Junction,Exact,,1.0,287.1,90.0,,,90
2019,September,Sunday,Day,Light,Front to side collision,0.0,0.0,2.0,0.0,0.0,1.0,1.0,2.0,2.0,2.0,Junction,Exact,,90.0,,8677.0,,,90
2019,April,Monday,Day,Light,Front end collision,0.0,0.0,4.0,0.0,0.0,1.0,1.0,4.0,2.0,2.0,Junction,Exact,,90.0,,6678.0,,,90
2019,June,Monday,Day,Light,Front to side collision,0.0,0.0,1.0,0.0,0.0,1.0,0.0,1.0,2.0,2.0,Junction,Exact,,85.0,,90.0,,,90
2019,May,Wednesday,Day,Light,Front to side collision,0.0,0.0,1.0,0.0,0.0,1.0,0.0,1.0,2.0,2.0,Junction,Exact,,71.0,,90.0,,,90
2019,April,Sunday,Night,Light,Front to side collision,0.0,0.0,1.0,0.0,0.0,1.0,0.0,1.0,2.0,2.0,Junction,Exact,,90.0,,,,,90
2019,December,Sunday,Day,Light,Front to side collision,0.0,0.0,1.0,0.0,0.0,1.0,0.0,1.0,2.0,2.0,Junction,Exact,,90.0,,669.0,,,90
2019,November,Monday,Day,Severe,Front to side collision,0.0,1.0,1.0,0.0,0.0,1.0,1.0,2.0,2.0,2.0,Junction,Exact,,90.0,,9977.0,,,90
2019,June,Sunday,Day,Light,Front to side collision,0.0,0.0,3.0,0.0,0.0,1.0,2.0,3.0,2.0,2.0,Junction,Exact,,90.0,,9977.0,,,90
2019,June,Thursday,Night,Light,Slip,0.0,0.0,1.0,0.0,0.0,1.0,0.0,1.0,1.0,1.0,Junction,Exact,,85.0,,90.0,,,90
2019,June,Wednesday,Night,Light,Front to rear collision,0.0,0.0,1.0,0.0,0.0,1.0,0.0,1.0,2.0,2.0,Junction,Exact,,90.0,,8677.0,,,90
2019,September,Wednesday,Night,Severe,Front end collision,0.0,1.0,1.0,0.0,0.0,2.0,0.0,2.0,2.0,2.0,Junction,Exact,,85.0,,90.0,,,90
2019,May,Wednesday,Day,Light,Front to side collision,0.0,0.0,5.0,0.0,3.0,2.0,0.0,5.0,2.0,2.0,Junction,Exact,,90.0,,5089.0,,,90
2019,January,Thursday,Night,Light,Front to side collision,0.0,0.0,1.0,0.0,0.0,1.0,0.0,1.0,2.0,2.0,Junction,Exact,,90.0,,8677.0,,,90
2019,June,Friday,Night,Light,Front to side collision,0.0,0.0,2.0,0.0,1.0,1.0,0.0,2.0,2.0,2.0,Junction,Exact,,85.0,,90.0,,,90
2019,May,Thursday,Day,Light,Front to side collision,0.0,0.0,2.0,0.0,0.0,2.0,0.0,2.0,2.0,2.0,Junction,Exact,,90.0,,91.0,,,90
2019,May,Sunday,Day,Light,Front to side collision,0.0,0.0,1.0,0.0,0.0,1.0,0.0,1.0,2.0,2.0,Junction,Exact,,90.0,,977.0,,,90
2019,February,Thursday,Night,Light,Pedestrian,0.0,0.0,1.0,1.0,0.0,1.0,0.0,1.0,1.0,1.0,Junction,Exact,,90.0,,9119.0,,,90
2019,March,Thursday,Day,Light,Front end collision,0.0,0.0,5.0,0.0,3.0,2.0,0.0,5.0,2.0,2.0,Not junction,Exact,,90.0,386.5,,,,90
2019,February,Sunday,Day,Severe,Front end collision,0.0,1.0,3.0,0.0,1.0,3.0,0.0,4.0,2.0,2.0,Not junction,Exact,,90.0,356.3,,,,90
2019,September,Thursday,Day,Light,Side to side collision,0.0,0.0,6.0,0.0,3.0,3.0,0.0,6.0,2.0,2.0,Not junction,Exact,,90.0,399.1,,,,90
2019,June,Thursday,Day,Light,Front to side collision,0.0,0.0,2.0,0.0,1.0,1.0,0.0,2.0,2.0,2.0,Not junction,Exact,,90.0,379.9,,,,90
2019,August,Friday,Day,Severe,Hit an object,0.0,1.0,0.0,0.0,0.0,0.0,1.0,1.0,1.0,1.0,Not junction,Exact,,90.0,297.0,,,,90
2019,July,Thursday,Night,Severe,Pedestrian,0.0,1.0,1.0,1.0,0.0,2.0,0.0,2.0,1.0,1.0,Not junction,Exact,,90.0,209.1,,,,90
2019,January,Wednesday,Day,Light,Front to rear collision,0.0,0.0,5.0,0.0,3.0,2.0,0.0,5.0,2.0,2.0,Not junction,Exact,,90.0,459.0,,,,90
2019,March,Saturday,Day,Light,Side to side collision,0.0,0.0,1.0,0.0,0.0,1.0,0.0,1.0,2.0,2.0,Not junction,Exact,,90.0,316.5,,,,90
2019,January,Saturday,Day,Severe,Front to side collision,0.0,1.0,4.0,0.0,1.0,3.0,1.0,5.0,2.0,2.0,Not junction,Exact,,90.0,296.0,,,,90
2019,October,Thursday,Day,Fatal,Side to side collision,2.0,0.0,0.0,0.0,0.0,2.0,0.0,2.0,2.0,2.0,Not junction,Exact,,90.0,60.2,,,,90
2019,March,Wednesday,Day,Light,Front to rear collision,0.0,0.0,7.0,0.0,2.0,3.0,1.0,7.0,3.0,3.0,Not junction,Exact,,90.0,442.3,,,,90
2019,October,Tuesday,Night,Light,Front to side collision,0.0,0.0,3.0,0.0,0.0,3.0,0.0,3.0,2.0,2.0,Not junction,Exact,,90.0,393.6,,,,90
2019,October,Sunday,Night,Severe,Front end collision,0.0,1.0,1.0,0.0,0.0,2.0,0.0,2.0,2.0,2.0,Not junction,Exact,,90.0,106.6,,,,90
2019,March,Friday,Day,Severe,Front to side collision,0.0,3.0,4.0,0.0,2.0,4.0,0.0,7.0,2.0,2.0,Not junction,Exact,,90.0,281.3,,,,90
2019,June,Sunday,Day,Light,Front to side collision,0.0,0.0,4.0,0.0,2.0,2.0,0.0,4.0,2.0,2.0,Not junction,Exact,,90.0,459.0,,,,90
2019,December,Sunday,Night,Light,Front end collision,0.0,0.0,4.0,0.0,0.0,4.0,0.0,4.0,2.0,2.0,Not junction,Exact,,90.0,363.1,,,,90
2019,August,Sunday,Day,Fatal,Front to side collision,1.0,0.0,1.0,0.0,1.0,1.0,0.0,2.0,2.0,2.0,Not junction,Exact,,90.0,399.6,,,,90
2019,February,Wednesday,Day,Light,Front to side collision,0.0,0.0,1.0,0.0,0.0,1.0,0.0,1.0,2.0,2.0,Not junction,Exact,,90.0,427.3,,,,90
2019,August,Friday,Day,Light,Front end collision,0.0,0.0,2.0,0.0,0.0,2.0,0.0,2.0,2.0,2.0,Not junction,Exact,,90.0,406.0,,,,90
2019,March,Thursday,Night,Severe,Roll over,0.0,1.0,0.0,0.0,0.0,1.0,0.0,1.0,1.0,1.0,Not junction,Exact,,90.0,476.2,,,,90
2019,December,Tuesday,Night,Light,Front to side collision,0.0,0.0,1.0,0.0,0.0,1.0,0.0,1.0,2.0,2.0,Not junction,Exact,,90.0,323.0,,,,90
2019,August,Sunday,Night,Severe,Pedestrian,0.0,2.0,1.0,2.0,0.0,3.0,0.0,3.0,2.0,2.0,Not junction,Exact,,90.0,323.3,,,,90
2019,April,Wednesday,Night,Severe,Front end collision,0.0,1.0,0.0,0.0,1.0,0.0,0.0,1.0,2.0,2.0,Not junction,Exact,,90.0,318.8,,,,90
2019,February,Sunday,Day,Severe,Front to side collision,0.0,1.0,1.0,0.0,0.0,2.0,0.0,2.0,2.0,2.0,Not junction,Exact,,90.0,315.0,,,,90
2019,September,Sunday,Day,Severe,Roll over,0.0,1.0,1.0,0.0,0.0,2.0,0.0,2.0,1.0,1.0,Not junction,Exact,,90.0,109.3,,,,90
2019,June,Saturday,Day,Light,Front to rear collision,0.0,0.0,5.0,0.0,1.0,4.0,0.0,5.0,2.0,2.0,Not junction,Exact,,90.0,454.5,,,,90
2019,January,Saturday,Day,Severe,Front to side collision,0.0,1.0,1.0,0.0,0.0,2.0,0.0,2.0,2.0,2.0,Not junction,Exact,,90.0,296.5,,,,90
2019,March,Saturday,Night,Light,Front to side collision,0.0,0.0,5.0,0.0,3.0,2.0,0.0,5.0,2.0,2.0,Not junction,Exact,,90.0,417.5,,,,90
2019,July,Friday,Day,Severe,Pedestrian,0.0,1.0,0.0,1.0,1.0,0.0,0.0,1.0,1.0,1.0,Not junction,Exact,,90.0,413.1,,,,90
2019,June,Tuesday,Day,Light,Front to rear collision,0.0,0.0,6.0,0.0,2.0,2.0,2.0,6.0,2.0,2.0,Not junction,Exact,,90.0,437.1,,,,90
2019,October,Thursday,Day,Light,Front end collision,0.0,0.0,2.0,0.0,0.0,2.0,0.0,2.0,3.0,3.0,Not junction,Exact,,90.0,459.0,,,,90
2019,November,Thursday,Day,Severe,Front to rear collision,0.0,1.0,16.0,0.0,0.0,3.0,14.0,17.0,2.0,2.0,Not junction,Exact,,90.0,118.0,,,,90
2019,August,Saturday,Night,Light,Side to side collision,0.0,0.0,6.0,0.0,1.0,5.0,0.0,6.0,2.0,2.0,Not junction,Exact,,90.0,138.0,,,,90
2019,June,Thursday,Day,Fatal,Front end collision,2.0,4.0,1.0,0.0,3.0,4.0,0.0,7.0,2.0,2.0,Not junction,Exact,,90.0,112.2,,,,90
2019,March,Saturday,Day,Light,Front end collision,0.0,0.0,6.0,0.0,0.0,5.0,1.0,6.0,2.0,2.0,Not junction,Exact,,90.0,97.7,,,,90
2019,April,Monday,Day,Light,Front to side collision,0.0,0.0,1.0,0.0,0.0,1.0,0.0,1.0,4.0,4.0,Not junction,Exact,,90.0,309.6,,,,90
2019,January,Tuesday,Day,Light,Front end collision,0.0,0.0,3.0,0.0,0.0,3.0,0.0,3.0,2.0,2.0,Not junction,Exact,,90.0,303.8,,,,90
2019,February,Thursday,Day,Fatal,Front to rear collision,1.0,3.0,0.0,0.0,2.0,2.0,0.0,4.0,2.0,2.0,Not junction,Exact,,90.0,348.2,,,,90
2019,March,Wednesday,Day,Light,Front to side collision,0.0,0.0,1.0,0.0,0.0,1.0,0.0,1.0,2.0,2.0,Not junction,Exact,,90.0,416.0,,,,90
2019,December,Thursday,Night,Light,Front to side collision,0.0,0.0,3.0,0.0,0.0,3.0,0.0,3.0,2.0,2.0,Not junction,Exact,,90.0,211.1,,,,90