year,month,day_of_week,day_night,accident_severity,accident_type,killed,severly_injured,lightly_injured,injured_pedestrians,casualties_ages_0-19,casualties_ages_20-64,casualties_ages_65_plus,total_casualties,vehicle_count,drivers,road_type,localization_quality,settlement,road1,location,road2,road3,road4,source_road
2019,September,Monday,Night,Light,Front to rear collision,0.0,0.0,2.0,0.0,1.0,1.0,0.0,2.0,2.0,2.0,Not junction,Exact,,90.0,250.1,,,,90
2019,June,Tuesday,Day,Light,Side to side collision,0.0,0.0,1.0,0.0,0.0,1.0,0.0,1.0,2.0,2.0,Not junction,Exact,,90.0,432.2,,,,90
2019,April,Saturday,Day,Light,Front to rear collision,0.0,0.0,2.0,0.0,1.0,1.0,0.0,2.0,2.0,2.0,Not junction,Exact,,90.0,404.7,,,,90
2019,May,Monday,Day,Light,Front to side collision,0.0,0.0,3.0,0.0,0.0,3.0,0.0,3.0,2.0,2.0,Not junction,Exact,,90.0,397.7,,,,90
2019,February,Wednesday,Day,Light,Front end collision,0.0,0.0,1.0,0.0,0.0,1.0,0.0,1.0,2.0,2.0,Not junction,Exact,,90.0,284.8,,,,90
2019,November,Tuesday,Day,Light,Hit an object,0.0,0.0,4.0,0.0,2.0,2.0,0.0,4.0,1.0,1.0,Not junction,Exact,,90.0,435.0,,,,90
2019,August,Friday,Night,Light,Front end collision,0.0,0.0,3.0,0.0,0.0,3.0,0.0,3.0,2.0,2.0,Not junction,Exact,,90.0,415.8,,,,90
2019,April,Thursday,Day,Light,Front end collision,0.0,0.0,1.0,0.0,0.0,1.0,0.0,1.0,2.0,2.0,Not junction,Exact,,90.0,404.0,,,,90
2019,February,Wednesday,Night,Fatal,Pedestrian,1.0,0.0,0.0,1.0,0.0,1.0,0.0,1.0,1.0,1.0,Not junction,Exact,,90.0,290.5,,,,90
2019,January,Wednesday,Day,Light,Front to rear collision,0.0,0.0,18.0,0.0,10.0,6.0,2.0,18.0,4.0,4.0,Not junction,Exact,,90.0,434.3,,,,90
2019,September,Thursday,Night,Severe,Front to side collision,0.0,1.0,3.0,0.0,0.0,4.0,0.0,4.0,2.0,2.0,Not junction,Exact,,90.0,108.2,,,,90
2019,August,Thursday,Day,Light,Front to side collision,0.0,0.0,3.0,0.0,0.0,3.0,0.0,3.0,2.0,2.0,Not junction,Exact,,90.0,16.5,,,,90
2019,May,Saturday,Day,Light,Front to rear collision,0.0,0.0,5.0,0.0,0.0,5.0,0.0,5.0,4.0,4.0,Not junction,Exact,,90.0,412.7,,,,90
2019,September,Tuesday,Day,Severe,Side to side collision,0.0,1.0,9.0,0.0,6.0,2.0,2.0,10.0,3.0,3.0,Not junction,Exact,,90.0,367.2,,,,90
2019,December,Wednesday,Day,Light,Front to side collision,0.0,0.0,3.0,0.0,0.0,3.0,0.0,3.0,2.0,2.0,Not junction,Exact,,90.0,29.5,,,,90
2019,April,Wednesday,Night,Severe,Hit an object,0.0,1.0,0.0,0.0,0.0,1.0,0.0,1.0,1.0,1.0,Not junction,Exact,,90.0,317.5,,,,90
2019,September,Wednesday,Night,Light,Front end collision,0.0,0.0,4.0,0.0,0.0,4.0,0.0,4.0,3.0,3.0,Not junction,Exact,,90.0,335.2,,,,90
2019,August,Friday,Day,Fatal,Front end collision,1.0,0.0,1.0,0.0,0.0,2.0,0.0,2.0,2.0,2.0,Not junction,Exact,,90.0,231.3,,,,90
2019,March,Monday,Day,Light,Front to side collision,0.0,0.0,1.0,0.0,0.0,1.0,0.0,1.0,2.0,2.0,Not junction,Exact,,90.0,386.4,,,,90
2019,April,Tuesday,Day,Severe,Front end collision,0.0,1.0,1.0,0.0,0.0,1.0,1.0,2.0,2.0,2.0,Not junction,Exact,,90.0,162.8,,,,90
2019,May,Saturday,Night,Severe,Drive off road or on paveway,0.0,1.0,0.0,0.0,0.0,1.0,0.0,1.0,1.0,1.0,Not junction,Exact,,90.0,163.6,,,,90
2019,September,Wednesday,Night,Severe,Hit an object,0.0,1.0,0.0,0.0,0.0,1.0,0.0,1.0,1.0,1.0,Not junction,Exact,,90.0,433.7,,,,90
2019,September,Monday,Day,Light,Front to side collision,0.0,0.0,1.0,0.0,0.0,1.0,0.0,1.0,2.0,2.0,Not junction,Exact,,90.0,374.7,,,,90
2019,January,Tuesday,Day,Severe,Front to side collision,0.0,1.0,0.0,0.0,0.0,1.0,0.0,1.0,3.0,3.0,Not junction,Exact,,90.0,166.0,,,,90
2019,June,Friday,Day,Light,Roll over,0.0,0.0,1.0,0.0,0.0,1.0,0.0,1.0,1.0,1.0,Not junction,Exact,,90.0,83.5,,,,90
2019,July,Wednesday,Day,Light,Front to side collision,0.0,0.0,2.0,0.0,0.0,1.0,1.0,2.0,2.0,2.0,Not junction,Exact,,90.0,440.9,,,,90
2019,January,Friday,Night,Fatal,Front end collision,3.0,0.0,0.0,0.0,0.0,1.0,2.0,3.0,2.0,2.0,Not junction,Exact,,90.0,53.6,,,,90
2019,July,Thursday,Day,Light,Front to side collision,0.0,0.0,1.0,0.0,0.0,1.0,0.0,1.0,3.0,3.0,Not junction,Exact,,90.0,322.0,,,,90
2019,September,Thursday,Day,Severe,Front end collision,0.0,1.0,4.0,0.0,2.0,3.0,0.0,5.0,3.0,3.0,Not junction,Exact,,90.0,159.4,,,,90
2019,November,Sunday,Day,Fatal,Front end collision,1.0,2.0,0.0,0.0,0.0,1.0,2.0,3.0,2.0,2.0,Not junction,Exact,,90.0,93.2,,,,90
2019,May,Wednesday,Day,Light,Front to side collision,0.0,0.0,1.0,0.0,0.0,1.0,0.0,1.0,2.0,2.0,Not junction,Exact,,90.0,388.0,,,,90
2019,June,Sunday,Night,Severe,Roll over,0.0,1.0,0.0,0.0,0.0,1.0,0.0,1.0,1.0,1.0,Not junction,Exact,,90.0,416.0,,,,90
2019,April,Friday,Day,Light,Side to side collision,0.0,0.0,2.0,0.0,0.0,2.0,0.0,2.0,2.0,2.0,Not junction,Exact,,90.0,432.6,,,,90
2020,July,Sunday,Day,Light,Front to side collision,0.0,0.0,2.0,0.0,0.0,2.0,0.0,2.0,2.0,2.0,Junction,Exact,,90.0,,899.0,,,90
2020,August,Thursday,Day,Light,Front to side collision,0.0,0.0,5.0,0.0,1.0,4.0,0.0,5.0,2.0,2.0,Junction,Exact,,90.0,,7177.0,,,90
2020,November,Wednesday,Night,Light,Hit an object,0.0,0.0,2.0,0.0,1.0,1.0,0.0,2.0,1.0,1.0,Junction,Exact,,89.0,,90.0,,,90
2020,November,Monday,Night,Light,Front to side collision,0.0,0.0,4.0,0.0,0.0,4.0,0.0,4.0,2.0,2.0,Junction,Exact,,90.0,,,,,90
2020,June,Sunday,Day,Light,Pedestrian,0.0,0.0,1.0,1.0,0.0,0.0,1.0,1.0,1.0,1.0,Junction,Exact,,90.0,,,,,90
2020,February,Saturday,Night,Light,Front to side collision,0.0,0.0,2.0,0.0,0.0,2.0,0.0,2.0,2.0,2.0,Junction,Exact,,1.0,287.1,90.0,,,90
2020,January,Saturday,Night,Light,Front to side collision,0.0,0.0,2.0,0.0,1.0,1.0,0.0,2.0,2.0,2.0,Junction,Exact,,90.0,,8677.0,,,90
2020,January,Friday,Night,Light,Front to side collision,0.0,0.0,2.0,0.0,1.0,1.0,0.0,2.0,3.0,3.0,Junction,Exact,,90.0,,,,,90
2020,December,Friday,Day,Light,Pedestrian,0.0,0.0,1.0,1.0,0.0,0.0,1.0,1.0,1.0,1.0,Junction,Exact,,90.0,,9977.0,,,90
2020,February,Monday,Day,Light,Front to side collision,0.0,0.0,1.0,0.0,0.0,1.0,0.0,1.0,2.0,2.0,Junction,Exact,,90.0,,,,,90
2020,May,Saturday,Day,Severe,Front to side collision,0.0,1.0,7.0,0.0,3.0,5.0,0.0,8.0,2.0,2.0,Junction,Exact,,90.0,,977.0,,,90
2020,January,Monday,Day,Light,Side to side collision,0.0,0.0,1.0,0.0,0.0,1.0,0.0,1.0,2.0,2.0,Junction,Exact,,90.0,,6678.0,,,90
2020,August,Saturday,Night,Light,Front to side collision,0.0,0.0,5.0,0.0,2.0,3.0,0.0,5.0,2.0,2.0,Junction,Exact,,90.0,,,,,90
2020,July,Sunday,Day,Light,Front to side collision,0.0,0.0,2.0,0.0,0.0,1.0,1.0,2.0,2.0,2.0,Junction,Exact,,90.0,,807.0,,,90
2020,March,Sunday,Day,Light,Front end collision,0.0,0.0,1.0,0.0,0.0,0.0,1.0,1.0,2.0,2.0,Junction,Exact,,90.0,319.6,505.0,,,90
2020,March,Wednesday,Day,Light,Front to side collision,0.0,0.0,2.0,0.0,1.0,1.0,0.0,2.0,2.0,2.0,Junction,Exact,,90.0,,6678.0,,,90
2020,February,Wednesday,Day,Light,Front to side collision,0.0,0.0,2.0,0.0,1.0,1.0,0.0,2.0,2.0,2.0,Junction,Exact,,90.0,,99.0,,,90
2020,April,Sunday,Night,Light,Front to side collision,0.0,0.0,5.0,0.0,0.0,5.0,0.0,5.0,2.0,2.0,Junction,Exact,,90.0,,91.0,,,90
2020,December,Sunday,Day,Light,Front to side collision,0.0,0.0,1.0,0.0,0.0,1.0,0.0,1.0,2.0,2.0,Junction,Exact,,85.0,,90.0,,,90
2020,April,Sunday,Day,Light,Front to side collision,0.0,0.0,1.0,0.0,1.0,0.0,0.0,1.0,2.0,2.0,Junction,Exact,,90.0,,9119.0,,,90
2020,July,Sunday,Day,Light,Front to side collision,0.0,0.0,5.0,0.0,1.0,4.0,0.0,5.0,2.0,2.0,Junction,Exact,,90.0,,91.0,,,90
2020,July,Monday,Day,Light,Front to side collision,0.0,0.0,1.0,0.0,0.0,1.0,0.0,1.0,2.0,2.0,Junction,Exact,,90.0,,,,,90
2020,April,Thursday,Day,Light,Front to side collision,0.0,0.0,2.0,0.0,0.0,1.0,1.0,2.0,2.0,2.0,Junction,Exact,,90.0,,91.0,,,90
2020,August,Friday,Day,Severe,Front to rear collision,0.0,1.0,6.0,0.0,0.0,7.0,0.0,7.0,4.0,4.0,Junction,Exact,,90.0,,8677.0,,,90
2020,January,Friday,Day,Light,Front to side collision,0.0,0.0,8.0,0.0,0.0,8.0,0.0,8.0,2.0,2.0,Junction,Exact,,1.0,287.1,90.0,,,90
2020,September,Thursday,Day,Light,Front to side collision,0.0,0.0,2.0,0.0,0.0,2.0,0.0,2.0,2.0,2.0,Junction,Exact,,90.0,,8677.0,,,90
2020,August,Thursday,Day,Light,Front to side collision,0.0,0.0,3.0,0.0,0.0,3.0,0.0,3.0,2.0,2.0,Junction,Exact,,90.0,,1095.0,,,90
2020,February,Wednesday,Day,Light,Front to side collision,0.0,0.0,2.0,0.0,0.0,1.0,1.0,2.0,2.0,2.0,Junction,Exact,,90.0,,669.0,,,90
2020,May,Wednesday,Day,Light,Front to side collision,0.0,0.0,3.0,0.0,0.0,3.0,0.0,3.0,3.0,3.0,Junction,Exact,,90.0,,8677.0,,,90
2020,August,Wednesday,Day,Light,Front to side collision,0.0,0.0,1.0,0.0,0.0,1.0,0.0,1.0,2.0,2.0,Junction,Exact,,90.0,,,,,90
2020,May,Monday,Day,Light,Front to side collision,0.0,0.0,1.0,0.0,0.0,1.0,0.0,1.0,3.0,3.0,Junction,Exact,,90.0,,3692.0,,,90
2020,January,Wednesday,Day,Severe,Front to rear collision,0.0,1.0,0.0,0.0,0.0,1.0,0.0,1.0,2.0,2.0,Not junction,Exact,,90.0,460.6,,,,90
2020,January,Saturday,Night,Light,Front to rear collision,0.0,0.0,4.0,0.0,3.0,1.0,0.0,4.0,3.0,3.0,Not junction,Exact,,90.0,422.3,,,,90
2020,May,Friday,Night,Light,Front to side collision,0.0,0.0,6.0,0.0,2.0,4.0,0.0,6.0,2.0,2.0,Not junction,Exact,,90.0,282.9,,,,90
2020,August,Wednesday,Night,Light,Side to side collision,0.0,0.0,5.0,0.0,2.0,2.0,1.0,5.0,2.0,2.0,Not junction,Exact,,90.0,422.1,,,,90
2020,January,Thursday,Night,Light,Front to side collision,0.0,0.0,1.0,0.0,0.0,1.0,0.0,1.0,2.0,2.0,Not junction,Exact,,90.0,405.0,,,,90
2020,March,Monday,Night,Severe,Pedestrian,0.0,1.0,0.0,1.0,0.0,1.0,0.0,1.0,1.0,1.0,Not junction,Exact,,90.0,412.1,,,,90
2020,December,Thursday,Day,Light,Front to rear collision,0.0,0.0,6.0,0.0,1.0,5.0,0.0,6.0,4.0,4.0,Not junction,Exact,,90.0,442.3,,,,90
2020,November,Sunday,Day,Light,Front end collision,0.0,0.0,2.0,0.0,0.0,2.0,0.0,2.0,2.0,2.0,Not junction,Exact,,90.0,424.1,,,,90
2020,August,Wednesday,Night,Fatal,Front end collision,1.0,0.0,5.0,0.0,2.0,3.0,1.0,6.0,2.0,2.0,Not junction,Exact,,90.0,293.2,,,,90
2020,December,Sunday,Day,Light,Side to side collision,0.0,0.0,2.0,0.0,0.0,2.0,0.0,2.0,2.0,2.0,Not junction,Exact,,90.0,442.3,,,,90
2020,June,Friday,Day,Light,Front to side collision,0.0,0.0,5.0,0.0,2.0,3.0,0.0,5.0,2.0,2.0,Not junction,Exact,,90.0,424.3,,,,90
2020,September,Tuesday,Day,Light,Front to side collision,0.0,0.0,5.0,0.0,1.0,4.0,0.0,5.0,3.0,3.0,Not junction,Exact,,90.0,467.2,,,,90
2020,May,Monday,Day,Light,Front to side collision,0.0,0.0,7.0,0.0,1.0,6.0,0.0,7.0,2.0,2.0,Not junction,Exact,,90.0,454.6,,,,90
2020,June,Sunday,Day,Light,Front to side collision,0.0,0.0,1.0,0.0,0.0,1.0,0.0,1.0,2.0,2.0,Not junction,Exact,,90.0,437.2,,,,90
2020,January,Saturday,Night,Light,Front end collision,0.0,0.0,5.0,0.0,3.0,2.0,0.0,5.0,2.0,2.0,Not junction,Exact,,90.0,343.1,,,,90
2020,June,Friday,Day,Light,Side to side collision,0.0,0.0,1.0,0.0,0.0,1.0,0.0,1.0,3.0,3.0,Not junction,Exact,,90.0,384.5,,,,90
2020,May,Friday,Day,Severe,Slip,0.0,1.0,0.0,0.0,0.0,1.0,0.0,1.0,1.0,1.0,Not junction,Exact,,90.0,220.0,,,,90
2020,September,Sunday,Day,Light,Side to side collision,0.0,0.0,2.0,0.0,0.0,2.0,0.0,2.0,2.0,2.0,Not junction,Exact,,90.0,475.0,,,,90
2020,December,Wednesday,Day,Fatal,Front end collision,2.0,0.0,0.0,0.0,0.0,1.0,1.0,2.0,2.0,2.0,Not junction,Exact,,90.0,309.3,,,,90
2020,November,Saturday,Day,Severe,Front to rear collision,0.0,1.0,0.0,0.0,0.0,1.0,0.0,1.0,3.0,3.0,Not junction,Exact,,90.0,463.0,,,,90
2020,May,Friday,Night,Light,Front to side collision,0.0,0.0,2.0,0.0,0.0,2.0,0.0,2.0,2.0,2.0,Not junction,Exact,,90.0,406.5,,,,90
2020,September,Monday,Day,Light,Side to side collision,0.0,0.0,6.0,0.0,1.0,5.0,0.0,6.0,5.0,5.0,Not junction,Exact,,90.0,435.7,,,,90
2020,August,Monday,Night,Severe,Drive off road or on paveway,0.0,1.0,1.0,0.0,1.0,1.0,0.0,2.0,1.0,1.0,Not junction,Exact,,90.0,96.6,,,,90
2020,August,Tuesday,Day,Severe,Front to rear collision,0.0,1.0,8.0,0.0,5.0,4.0,0.0,9.0,5.0,5.0,Not junction,Exact,,90.0,402.5,,,,90
2020,June,Monday,Day,Light,Front to side collision,0.0,0.0,2.0,0.0,0.0,2.0,0.0,2.0,2.0,2.0,Not junction,Exact,,90.0,400.1,,,,90
2020,February,Friday,Day,Severe,Roll over,0.0,2.0,0.0,0.0,0.0,2.0,0.0,2.0,1.0,1.0,Not junction,Exact,,90.0,222.0,,,,90
2020,August,Monday,Day,Light,Roll over,0.0,0.0,1.0,0.0,0.0,0.0,1.0,1.0,1.0,1.0,Not junction,Exact,,90.0,269.2,,,,90
2020,January,Thursday,Day,Light,Front end collision,0.0,0.0,1.0,0.0,0.0,1.0,0.0,1.0,2.0,2.0,Not junction,Exact,,90.0,333.3,,,,90
2020,July,Thursday,Day,Light,Side to side collision,0.0,0.0,2.0,0.0,1.0,1.0,0.0,2.0,2.0,2.0,Not junction,Exact,,90.0,438.3,,,,90
2020,November,Wednesday,Day,Fatal,Front end collision,1.0,1.0,1.0,0.0,0.0,3.0,0.0,3.0,2.0,2.0,Not junction,Exact,,90.0,69.7,,,,90
2020,January,Thursday,Night,Light,Front to side collision,0.0,0.0,2.0,0.0,0.0,2.0,0.0,2.0,2.0,2.0,Not junction,Exact,,90.0,440.8,,,,90
2020,November,Sunday,Day,Light,Front to side collision,0.0,0.0,2.0,0.0,0.0,2.0,0.0,2.0,2.0,2.0,Not junction,Exact,,90.0,43.6,,,,90
2020,January,Wednesday,Day,Fatal,Front end collision,1.0,0.0,1.0,0.0,0.0,2.0,0.0,2.0,2.0,2.0,Not junction,Exact,,90.0,344.1,,,,90
2020,December,Friday,Day,Severe,Hit an object,0.0,1.0,0.0,0.0,0.0,1.0,0.0,1.0,1.0,1.0,Not junction,Exact,,90.0,150.0,,,,90
2020,December,Saturday,Day,Severe,Slip,0.0,1.0,0.0,0.0,0.0,1.0,0.0,1.0,1.0,1.0,Not junction,Exact,,90.0,255.6,,,,90
2020,March,Tuesday,Day,Light,Roll over,0.0,0.0,1.0,0.0,0.0,1.0,0.0,1.0,1.0,1.0,Not junction,Exact,,90.0,14.3,,,,90
2020,October,Friday,Night,Light,Front to rear collision,0.0,0.0,4.0,0.0,3.0,1.0,0.0,4.0,2.0,2.0,Not junction,Exact,,90.0,417.5,,,,90
2020,August,Wednesday,Night,Light,Roll over,0.0,0.0,7.0,0.0,4.0,3.0,0.0,7.0,1.0,1.0,Not junction,Exact,,90.0,448.0,,,,90
2020,March,Sunday,Day,Light,Drive off road or on paveway,0.0,0.0,1.0,0.0,0.0,1.0,0.0,1.0,1.0,1.0,Not junction,Exact,,90.0,117.0,,,,90
2020,March,Monday,Day,Severe,Front to side collision,0.0,1.0,2.0,0.0,1.0,1.0,1.0,3.0,2.0,2.0,Not junction,Exact,,90.0,437.5,,,,90
2020,July,Saturday,Day,Severe,Front end collision,0.0,3.0,1.0,0.0,0.0,4.0,0.0,4.0,3.0,3.0,Not junction,Exact,,90.0,91.0,,,,90
2020,January,Sunday,Night,Fatal,Front end collision,1.0,0.0,1.0,0.0,0.0,2.0,0.0,2.0,2.0,2.0,Not junction,Exact,,90.0,319.0,,,,90
2020,August,Monday,Night,Severe,Front to rear collision,0.0,1.0,2.0,0.0,0.0,3.0,0.0,3.0,2.0,2.0,Not junction,Exact,,90.0,434.7,,,,90
2020,May,Saturday,Day,Severe,Side to side collision,0.0,1.0,0.0,0.0,0.0,1.0,0.0,1.0,2.0,2.0,Not junction,Exact,,90.0,181.0,,,,90
2020,September,Wednesday,Day,Light,Front end collision,0.0,0.0,3.0,0.0,1.0,2.0,0.0,3.0,2.0,2.0,Not junction,Exact,,90.0,431.0,,,,90
2020,June,Monday,Day,Light,Front to side collision,0.0,0.0,3.0,0.0,0.0,3.0,0.0,3.0,2.0,2.0,Not junction,Exact,,90.0,335.2,,,,90
2020,August,Monday,Day,Light,Front to rear collision,0.0,0.0,1.0,0.0,0.0,1.0,0.0,1.0,2.0,2.0,Not junction,Exact,,90.0,441.0,,,,90
2020,September,Friday,Night,Severe,Drive off road or on paveway,0.0,1.0,0.0,0.0,0.0,1.0,0.0,1.0,1.0,1.0,Not junction,Exact,,90.0,283.8,,,,90
2020,August,Friday,Day,Light,Hit an object,0.0,0.0,1.0,0.0,0.0,1.0,0.0,1.0,1.0,1.0,Not junction,Exact,,90.0,436.3,,,,90
2020,September,Thursday,Day,Severe,Hit an object,0.0,1.0,3.0,0.0,1.0,2.0,1.0,4.0,1.0,1.0,Not junction,Exact,,90.0,252.9,,,,90
2021,July,Saturday,Day,Light,Front to side collision,0.0,0.0,4.0,0.0,0.0,3.0,1.0,4.0,2.0,2.0,Junction,Exact,,12.0,,90.0,,,90
2021,February,Friday,Night,Light,Front to rear collision,0.0,0.0,2.0,0.0,0.0,2.0,0.0,2.0,2.0,2.0,Junction,Exact,,90.0,,91.0,,,90
2021,July,Friday,Day,Light,Front to side collision,0.0,0.0,1.0,0.0,0.0,1.0,0.0,1.0,2.0,2.0,Junction,Exact,,90.0,,9119.0,,,90
2021,December,Monday,Day,Light,Front to side collision,0.0,0.0,3.0,0.0,0.0,3.0,0.0,3.0,2.0,2.0,Junction,Exact,,90.0,,91.0,,,90
2021,August,Friday,Day,Light,Side to side collision,0.0,0.0,2.0,0.0,0.0,2.0,0.0,2.0,2.0,2.0,Junction,Exact,,90.0,,91.0,,,90
2021,February,Saturday,Day,Light,Front to side collision,0.0,0.0,6.0,0.0,0.0,6.0,0.0,6.0,2.0,2.0,Junction,Exact,,90.0,,807.0,,,90
2021,June,Monday,Day,Light,Front to side collision,0.0,0.0,2.0,0.0,0.0,2.0,0.0,2.0,2.0,2.0,Junction,Exact,,90.0,,91.0,,,90
2021,January,Tuesday,Day,Light,Front to side collision,0.0,0.0,2.0,0.0,0.0,2.0,0.0,2.0,2.0,2.0,Junction,Exact,,90.0,,,,,90
2021,January,Wednesday,Day,Light,Front to side collision,0.0,0.0,4.0,0.0,2.0,2.0,0.0,4.0,3.0,3.0,Junction,Exact,,90.0,,8677.0,,,90
2021,October,Monday,Day,Severe,Front to side collision,0.0,1.0,0.0,0.0,0.0,0.0,1.0,1.0,2.0,2.0,Junction,Exact,,90.0,,,,,90
2021,April,Thursday,Day,Severe,Front to side collision,0.0,1.0,5.0,0.0,3.0,3.0,0.0,6.0,3.0,3.0,Junction,Exact,,90.0,,1093.0,,,90
2021,November,Friday,Day,Light,Front to side collision,0.0,0.0,2.0,0.0,0.0,1.0,1.0,2.0,2.0,2.0,Junction,Exact,,90.0,,8677.0,,,90
2021,February,Friday,Day,Severe,Front to side collision,0.0,1.0,2.0,0.0,0.0,2.0,1.0,3.0,2.0,2.0,Junction,Exact,,90.0,,899.0,,,90
2021,May,Friday,Day,Light,Front to side collision,0.0,0.0,2.0,0.0,0.0,1.0,1.0,2.0,2.0,2.0,Junction,Exact,,90.0,,,,,90
2021,December,Monday,Day,Light,Front end collision,0.0,0.0,2.0,0.0,0.0,2.0,0.0,2.0,2.0,2.0,Junction,Exact,,90.0,,899.0,,,90
2021,June,Friday,Day,Light,Front to side collision,0.0,0.0,1.0,0.0,0.0,1.0,0.0,1.0,2.0,2.0,Junction,Exact,,90.0,,5084.0,,,90
2021,December,Wednesday,Night,Light,Front to side collision,0.0,0.0,3.0,0.0,0.0,3.0,0.0,3.0,2.0,2.0,Junction,Exact,,90.0,,,,,90
2021,March,Thursday,Day,Light,Front to side collision,0.0,0.0,1.0,0.0,0.0,1.0,0.0,1.0,2.0,2.0,Junction,Exact,,90.0,,91.0,,,90
2021,August,Friday,Day,Light,Front to side collision,0.0,0.0,9.0,0.0,4.0,5.0,0.0,9.0,3.0,3.0,Junction,Exact,,57.0,,90.0,,,90
2021,April,Friday,Day,Light,Front to side collision,0.0,0.0,1.0,0.0,1.0,0.0,0.0,1.0,2.0,2.0,Junction,Exact,,90.0,,8677.0,,,90
2021,November,Friday,Night,Light,Drive off road or on paveway,0.0,0.0,1.0,0.0,1.0,0.0,0.0,1.0,1.0,1.0,Junction,Exact,,89.0,,90.0,,,90
2021,September,Wednesday,Day,Light,Front to side collision,0.0,0.0,6.0,0.0,1.0,3.0,2.0,6.0,3.0,3.0,Junction,Exact,,90.0,,8677.0,,,90
2021,October,Monday,Night,Light,Front to side collision,0.0,0.0,2.0,0.0,0.0,2.0,0.0,2.0,2.0,2.0,Junction,Exact,,90.0,,9119.0,,,90
2021,February,Thursday,Night,Light,Front to side collision,0.0,0.0,1.0,0.0,0.0,1.0,0.0,1.0,2.0,2.0,Junction,Exact,,90.0,319.6,505.0,,,90
2021,January,Thursday,Day,Light,Front to side collision,0.0,0.0,1.0,0.0,0.0,0.0,1.0,1.0,2.0,2.0,Junction,Exact,,90.0,,91.0,,,90
2021,July,Thursday,Day,Light,Front to side collision,0.0,0.0,3.0,0.0,0.0,1.0,2.0,3.0,2.0,2.0,Junction,Exact,,87.0,,90.0,,,90
2021,April,Monday,Day,Light,Front to side collision,0.0,0.0,2.0,0.0,0.0,0.0,2.0,2.0,2.0,2.0,Junction,Exact,,90.0,,,,,90
2021,September,Sunday,Day,Light,Front to rear collision,0.0,0.0,6.0,0.0,1.0,4.0,1.0,6.0,4.0,4.0,Not junction,Exact,,90.0,440.5,,,,90
2021,August,Thursday,Day,Light,Front to side collision,0.0,0.0,1.0,0.0,0.0,1.0,0.0,1.0,2.0,2.0,Not junction,Exact,,90.0,302.7,,,,90
2021,December,Sunday,Day,Light,Front to side collision,0.0,0.0,1.0,0.0,0.0,1.0,0.0,1.0,2.0,2.0,Not junction,Exact,,90.0,210.0,,,,90
2021,June,Monday,Day,Fatal,Front end collision,1.0,0.0,1.0,0.0,0.0,2.0,0.0,2.0,2.0,2.0,Not junction,Exact,,90.0,311.1,,,,90
2021,August,Thursday,Day,Severe,Roll over,0.0,1.0,0.0,0.0,0.0,1.0,0.0,1.0,1.0,1.0,Not junction,Exact,,90.0,337.0,,,,90
2021,July,Thursday,Night,Light,Front to side collision,0.0,0.0,7.0,0.0,3.0,4.0,0.0,7.0,2.0,2.0,Not junction,Exact,,90.0,85.3,,,,90
2021,October,Thursday,Day,Light,Front end collision,0.0,0.0,1.0,0.0,0.0,1.0,0.0,1.0,2.0,2.0,Not junction,Exact,,90.0,307.1,,,,90
2021,June,Sunday,Day,Severe,Roll over,0.0,1.0,2.0,0.0,1.0,2.0,0.0,3.0,1.0,1.0,Not junction,Exact,,90.0,32.9,,,,90
2021,July,Saturday,Day,Light,Front end collision,0.0,0.0,2.0,0.0,0.0,2.0,0.0,2.0,2.0,2.0,Not junction,Exact,,90.0,435.6,,,,90
2021,July,Sunday,Day,Severe,Front to rear collision,0.0,1.0,3.0,0.0,2.0,1.0,1.0,4.0,2.0,2.0,Not junction,Exact,,90.0,437.4,,,,90
2021,April,Saturday,Day,Light,Front to side collision,0.0,0.0,1.0,0.0,0.0,1.0,0.0,1.0,2.0,2.0,Not junction,Exact,,90.0,283.7,,,,90
2021,October,Saturday,Day,Light,Side to side collision,0.0,0.0,10.0,0.0,6.0,3.0,1.0,10.0,2.0,2.0,Not junction,Exact,,90.0,281.2,,,,90
2021,August,Tuesday,Night,Light,Front end collision,0.0,0.0,5.0,0.0,2.0,3.0,0.0,5.0,2.0,2.0,Not junction,Exact,,90.0,291.3,,,,90
2021,February,Saturday,Day,Severe,Slip,0.0,1.0,0.0,0.0,0.0,1.0,0.0,1.0,1.0,1.0,Not junction,Exact,,90.0,221.8,,,,90
2021,September,Thursday,Day,Severe,Front end collision,0.0,1.0,4.0,0.0,0.0,5.0,0.0,5.0,3.0,3.0,Not junction,Exact,,90.0,316.5,,,,90
2021,November,Sunday,Night,Severe,Front to rear collision,0.0,1.0,1.0,0.0,0.0,1.0,1.0,2.0,2.0,2.0,Not junction,Exact,,90.0,362.8,,,,90
2021,June,Tuesday,Day,Light,Front to side collision,0.0,0.0,1.0,0.0,0.0,1.0,0.0,1.0,2.0,2.0,Not junction,Exact,,90.0,364.3,,,,90
2021,May,Saturday,Night,Light,Front to rear collision,0.0,0.0,6.0,0.0,0.0,6.0,0.0,6.0,2.0,2.0,Not junction,Exact,,90.0,25.4,,,,90