year,month,day_of_week,day_night,accident_severity,accident_type,killed,severly_injured,lightly_injured,injured_pedestrians,casualties_ages_0-19,casualties_ages_20-64,casualties_ages_65_plus,total_casualties,vehicle_count,drivers,road_type,localization_quality,settlement,road1,location,road2,road3,road4,source_road
2004,June,Sunday,Day,Light,Front to side collision,0.0,0.0,4.0,0.0,2.0,2.0,0.0,4.0,3.0,3.0,Junction,Exact,,4.0,,,,,4
2004,June,Friday,Day,Light,Front to side collision,0.0,0.0,1.0,0.0,0.0,1.0,0.0,1.0,2.0,2.0,Junction,Exact,,4.0,,481.0,,,4
2004,December,Wednesday,Night,Light,Front to rear collision,0.0,0.0,3.0,0.0,0.0,3.0,0.0,3.0,4.0,4.0,Junction,Exact,,4.0,,,,,4
2004,December,Sunday,Night,Light,Side to side collision,0.0,0.0,1.0,0.0,0.0,1.0,0.0,1.0,4.0,4.0,Junction,Exact,,4.0,,553.0,,,4
2004,December,Tuesday,Night,Light,Front to rear collision,0.0,0.0,1.0,0.0,0.0,1.0,0.0,1.0,2.0,2.0,Junction,Exact,,1.0,,4.0,,,4
2004,February,Friday,Day,Light,Front to side collision,0.0,0.0,2.0,0.0,0.0,2.0,0.0,2.0,2.0,2.0,Junction,Exact,,4.0,,,,,4
2004,December,Monday,Day,Light,Side to side collision,0.0,0.0,1.0,0.0,0.0,1.0,0.0,1.0,2.0,2.0,Junction,Exact,,1.0,,4.0,,,4
2004,June,Thursday,Day,Light,Front to side collision,0.0,0.0,1.0,0.0,0.0,1.0,0.0,1.0,2.0,2.0,Junction,Exact,,4.0,,5511.0,,,4
2004,November,Thursday,Day,Light,Front to side collision,0.0,0.0,1.0,0.0,0.0,1.0,0.0,1.0,2.0,2.0,Junction,Exact,,4.0,,5.0,,,4
2004,December,Tuesday,Day,Light,Front to side collision,0.0,0.0,1.0,0.0,0.0,1.0,0.0,1.0,2.0,2.0,Junction,Exact,,4.0,,44.0,,,4
2004,June,Wednesday,Day,Severe,Front to side collision,0.0,2.0,3.0,0.0,0.0,5.0,0.0,5.0,2.0,2.0,Junction,Exact,,4.0,,3714.0,,,4
2004,January,Monday,Day,Light,Front to rear collision,0.0,0.0,1.0,0.0,0.0,1.0,0.0,1.0,3.0,3.0,Junction,Exact,,1.0,,4.0,,,4
2004,January,Monday,Day,Light,Front to side collision,0.0,0.0,5.0,0.0,3.0,2.0,0.0,5.0,2.0,2.0,Junction,Exact,,4.0,,461.0,,,4
2004,July,Sunday,Day,Light,Front to rear collision,0.0,0.0,1.0,0.0,0.0,1.0,0.0,1.0,2.0,2.0,Junction,Exact,,4.0,,461.0,,,4
2004,February,Monday,Day,Light,Other,0.0,0.0,1.0,0.0,0.0,1.0,0.0,1.0,1.0,1.0,Junction,Exact,,4.0,,44.0,,,4
2004,December,Monday,Day,Light,Front to side collision,0.0,0.0,5.0,0.0,0.0,5.0,0.0,5.0,4.0,4.0,Junction,Exact,,1.0,,4.0,,,4
2004,January,Tuesday,Day,Light,Front to rear collision,0.0,0.0,2.0,0.0,0.0,2.0,0.0,2.0,3.0,3.0,Junction,Exact,,4.0,,4612.0,,,4
2004,April,Thursday,Day,Light,Front to side collision,0.0,0.0,2.0,0.0,0.0,2.0,0.0,2.0,2.0,2.0,Junction,Exact,,4.0,,44.0,,,4
2004,September,Saturday,Day,Light,Front to side collision,0.0,0.0,1.0,0.0,0.0,1.0,0.0,1.0,2.0,2.0,Junction,Exact,,4.0,,44.0,,,4
2004,November,Wednesday,Day,Light,Front to side collision,0.0,0.0,2.0,0.0,0.0,2.0,0.0,2.0,2.0,2.0,Junction,Exact,,4.0,,3412.0,,,4
2004,December,Wednesday,Day,Light,Front to rear collision,0.0,0.0,1.0,0.0,0.0,1.0,0.0,1.0,3.0,3.0,Junction,Exact,,1.0,,4.0,,,4
2004,March,Sunday,Day,Light,Front to rear collision,0.0,0.0,1.0,0.0,0.0,1.0,0.0,1.0,4.0,4.0,Junction,Exact,,4.0,,4612.0,,,4
2004,March,Saturday,Day,Severe,Hit an object,0.0,1.0,0.0,0.0,0.0,1.0,0.0,1.0,1.0,1.0,Junction,Exact,,4.0,,553.0,,,4
2004,January,Monday,Day,Light,Pedestrian,0.0,0.0,1.0,1.0,1.0,0.0,0.0,1.0,1.0,1.0,Junction,Exact,,4.0,,402.0,,,4
2004,February,Thursday,Day,Light,Front to rear collision,0.0,0.0,2.0,0.0,1.0,1.0,0.0,2.0,3.0,3.0,Junction,Exact,,4.0,,461.0,,,4
2004,September,Sunday,Day,Light,Front to rear collision,0.0,0.0,2.0,0.0,0.0,1.0,1.0,2.0,3.0,3.0,Junction,Exact,,1.0,,4.0,,,4
2004,June,Tuesday,Day,Light,Side to side collision,0.0,0.0,1.0,0.0,0.0,0.0,1.0,1.0,3.0,3.0,Junction,Exact,,4.0,,5.0,,,4
2004,May,Thursday,Day,Light,Front to rear collision,0.0,0.0,2.0,0.0,0.0,2.0,0.0,2.0,3.0,3.0,Junction,Exact,,1.0,,4.0,,,4
2004,September,Friday,Day,Light,Side to side collision,0.0,0.0,1.0,0.0,0.0,1.0,0.0,1.0,2.0,2.0,Junction,Exact,,4.0,,461.0,,,4
2004,September,Wednesday,Day,Light,Front to side collision,0.0,0.0,2.0,0.0,0.0,2.0,0.0,2.0,2.0,2.0,Junction,Exact,,4.0,,,,,4
2004,March,Tuesday,Day,Light,Front to side collision,0.0,0.0,1.0,0.0,0.0,1.0,0.0,1.0,2.0,2.0,Junction,Exact,,4.0,,481.0,,,4
2004,July,Monday,Day,Light,Front to rear collision,0.0,0.0,2.0,0.0,0.0,2.0,0.0,2.0,3.0,3.0,Junction,Exact,,4.0,,,,,4
2004,August,Friday,Day,Light,Side to side collision,0.0,0.0,1.0,0.0,0.0,1.0,0.0,1.0,2.0,2.0,Junction,Exact,,4.0,,44.0,,,4
2004,June,Monday,Day,Fatal,Pedestrian,1.0,0.0,0.0,1.0,0.0,1.0,0.0,1.0,1.0,1.0,Junction,Exact,,4.0,,5.0,,,4
2004,September,Monday,Day,Light,Front to side collision,0.0,0.0,1.0,0.0,0.0,1.0,0.0,1.0,2.0,2.0,Junction,Exact,,4.0,,481.0,,,4
2004,July,Saturday,Day,Light,Front to side collision,0.0,0.0,2.0,0.0,1.0,1.0,0.0,2.0,2.0,2.0,Junction,Exact,,4.0,,402.0,,,4
2004,March,Saturday,Day,Light,Front to side collision,0.0,0.0,2.0,0.0,0.0,2.0,0.0,2.0,2.0,2.0,Junction,Exact,,4.0,,,,,4
2004,May,Saturday,Day,Light,Front to side collision,0.0,0.0,1.0,0.0,0.0,1.0,0.0,1.0,2.0,2.0,Junction,Exact,,4.0,,3411.0,,,4
2004,December,Friday,Day,Light,Front to side collision,0.0,0.0,2.0,0.0,0.0,1.0,1.0,2.0,2.0,2.0,Junction,Exact,,4.0,,,,,4
2004,January,Saturday,Day,Light,Front to side collision,0.0,0.0,4.0,0.0,1.0,3.0,0.0,4.0,2.0,2.0,Junction,Exact,,4.0,,5.0,,,4
2004,May,Thursday,Day,Light,Front to side collision,0.0,0.0,1.0,0.0,0.0,1.0,0.0,1.0,2.0,2.0,Junction,Exact,,4.0,,44.0,,,4
2004,October,Monday,Day,Light,Front to side collision,0.0,0.0,2.0,0.0,0.0,2.0,0.0,2.0,3.0,3.0,Junction,Exact,,4.0,,44.0,,,4
2004,January,Sunday,Day,Light,Front to side collision,0.0,0.0,2.0,0.0,0.0,2.0,0.0,2.0,2.0,2.0,Junction,Exact,,4.0,,,,,4
2004,July,Tuesday,Day,Light,Front to rear collision,0.0,0.0,1.0,0.0,0.0,0.0,1.0,1.0,4.0,4.0,Junction,Exact,,4.0,,5.0,,,4
2004,January,Tuesday,Day,Light,Collision with stopped vehicle,0.0,0.0,3.0,0.0,0.0,2.0,1.0,3.0,4.0,4.0,Junction,Exact,,4.0,,20.0,,,4
2004,November,Wednesday,Day,Light,Front to rear collision,0.0,0.0,2.0,0.0,0.0,2.0,0.0,2.0,4.0,4.0,Junction,Exact,,4.0,,5.0,,,4
2004,August,Sunday,Day,Light,Front to rear collision,0.0,0.0,2.0,0.0,0.0,2.0,0.0,2.0,2.0,2.0,Junction,Exact,,1.0,,4.0,,,4
2004,November,Wednesday,Day,Light,Front to side collision,0.0,0.0,1.0,0.0,0.0,1.0,0.0,1.0,3.0,3.0,Junction,Exact,,4.0,,5.0,,,4
2004,April,Sunday,Day,Light,Front to side collision,0.0,0.0,1.0,0.0,0.0,1.0,0.0,1.0,2.0,2.0,Junction,Exact,,4.0,,5.0,,,4
2004,March,Tuesday,Day,Light,Front to side collision,0.0,0.0,4.0,0.0,2.0,1.0,1.0,4.0,2.0,2.0,Junction,Exact,,4.0,,5.0,,,4
2004,August,Thursday,Day,Light,Front to side collision,0.0,0.0,5.0,0.0,0.0,3.0,2.0,5.0,2.0,2.0,Junction,Exact,,4.0,,3711.0,,,4
2004,December,Friday,Day,Light,Side to side collision,0.0,0.0,1.0,0.0,0.0,1.0,0.0,1.0,4.0,4.0,Junction,Exact,,4.0,,,,,4
2004,January,Friday,Day,Light,Front to side collision,0.0,0.0,2.0,0.0,0.0,2.0,0.0,2.0,2.0,2.0,Junction,Exact,,4.0,,481.0,,,4
2004,September,Thursday,Day,Fatal,Pedestrian,1.0,0.0,1.0,1.0,0.0,2.0,0.0,2.0,1.0,1.0,Junction,Exact,,4.0,,,,,4
2004,January,Wednesday,Day,Light,Front to rear collision,0.0,0.0,1.0,0.0,0.0,1.0,0.0,1.0,2.0,2.0,Junction,Exact,,4.0,,5.0,,,4
2004,February,Tuesday,Day,Light,Front to side collision,0.0,0.0,3.0,0.0,0.0,3.0,0.0,3.0,2.0,2.0,Junction,Exact,,4.0,,44.0,,,4
2004,June,Monday,Day,Light,Front to side collision,0.0,0.0,1.0,0.0,0.0,1.0,0.0,1.0,2.0,2.0,Junction,Exact,,4.0,,553.0,,,4
2004,November,Saturday,Day,Light,Front to rear collision,0.0,0.0,1.0,0.0,0.0,1.0,0.0,1.0,3.0,3.0,Junction,Exact,,4.0,,5.0,,,4
2004,March,Tuesday,Day,Light,Front to side collision,0.0,0.0,1.0,0.0,0.0,1.0,0.0,1.0,2.0,2.0,Junction,Exact,,4.0,,44.0,,,4
2004,April,Tuesday,Day,Light,Side to side collision,0.0,0.0,1.0,0.0,0.0,1.0,0.0,1.0,2.0,2.0,Junction,Exact,,4.0,,461.0,,,4
2004,February,Tuesday,Day,Light,Pedestrian,0.0,0.0,1.0,1.0,0.0,1.0,0.0,1.0,2.0,2.0,Junction,Exact,,1.0,,4.0,,,4
2004,January,Friday,Day,Severe,Front to side collision,0.0,1.0,0.0,0.0,0.0,1.0,0.0,1.0,2.0,2.0,Junction,Exact,,4.0,,481.0,,,4
2004,April,Tuesday,Day,Light,Front to side collision,0.0,0.0,2.0,0.0,0.0,1.0,1.0,2.0,2.0,2.0,Junction,Exact,,4.0,,5.0,,,4
2004,December,Sunday,Day,Light,Front to side collision,0.0,0.0,2.0,0.0,0.0,2.0,0.0,2.0,2.0,2.0,Junction,Exact,,4.0,,5.0,,,4
2004,April,Tuesday,Day,Light,Front to side collision,0.0,0.0,4.0,0.0,1.0,3.0,0.0,4.0,2.0,2.0,Junction,Exact,,4.0,,3412.0,,,4
2004,December,Friday,Day,Light,Front to side collision,0.0,0.0,1.0,0.0,0.0,1.0,0.0,1.0,2.0,2.0,Junction,Exact,,4.0,,5.0,,,4
2004,June,Wednesday,Day,Light,Front to side collision,0.0,0.0,1.0,0.0,0.0,1.0,0.0,1.0,2.0,2.0,Junction,Exact,,4.0,,461.0,,,4
2004,January,Thursday,Day,Light,Front to side collision,0.0,0.0,1.0,0.0,0.0,1.0,0.0,1.0,2.0,2.0,Junction,Exact,,4.0,,,,,4
2004,March,Tuesday,Day,Light,Front to rear collision,0.0,0.0,4.0,0.0,3.0,1.0,0.0,4.0,3.0,3.0,Junction,Exact,,4.0,,461.0,,,4
2004,August,Friday,Day,Light,Front to side collision,0.0,0.0,5.0,0.0,0.0,5.0,0.0,5.0,2.0,2.0,Junction,Exact,,4.0,,44.0,,,4
2004,June,Friday,Day,Light,Front to side collision,0.0,0.0,3.0,0.0,0.0,2.0,1.0,3.0,2.0,2.0,Junction,Exact,,4.0,,5.0,,,4
2004,September,Tuesday,Day,Light,Front to side collision,0.0,0.0,1.0,0.0,0.0,1.0,0.0,1.0,2.0,2.0,Junction,Exact,,4.0,,402.0,,,4
2004,May,Thursday,Day,Light,Front to side collision,0.0,0.0,1.0,0.0,0.0,1.0,0.0,1.0,2.0,2.0,Junction,Exact,,4.0,,5.0,,,4
2004,December,Friday,Day,Light,Front to side collision,0.0,0.0,2.0,0.0,0.0,2.0,0.0,2.0,2.0,2.0,Junction,Exact,,4.0,,402.0,,,4
2004,May,Saturday,Day,Light,Front to rear collision,0.0,0.0,4.0,0.0,2.0,2.0,0.0,4.0,3.0,3.0,Junction,Exact,,1.0,,4.0,,,4
2004,February,Wednesday,Day,Light,Front to side collision,0.0,0.0,1.0,0.0,0.0,1.0,0.0,1.0,2.0,2.0,Junction,Exact,,4.0,,3714.0,,,4
2004,September,Monday,Day,Light,Front to side collision,0.0,0.0,1.0,0.0,0.0,1.0,0.0,1.0,2.0,2.0,Junction,Exact,,4.0,,5.0,,,4
2004,December,Thursday,Day,Light,Side to side collision,0.0,0.0,1.0,0.0,0.0,1.0,0.0,1.0,2.0,2.0,Junction,Exact,,4.0,,,,,4
2004,September,Friday,Day,Light,Front to rear collision,0.0,0.0,4.0,0.0,0.0,4.0,0.0,4.0,3.0,3.0,Junction,Exact,,4.0,,5.0,,,4
2004,November,Tuesday,Day,Light,Front to side collision,0.0,0.0,2.0,1.0,0.0,2.0,0.0,2.0,2.0,2.0,Junction,Exact,,4.0,,44.0,,,4
2004,April,Friday,Day,Severe,Front to side collision,0.0,1.0,2.0,0.0,0.0,1.0,2.0,3.0,2.0,2.0,Junction,Exact,,4.0,,5.0,,,4
2004,June,Saturday,Day,Light,Front to side collision,0.0,0.0,2.0,0.0,0.0,2.0,0.0,2.0,3.0,3.0,Junction,Exact,,4.0,,5.0,,,4
2004,December,Saturday,Day,Light,Front to side collision,0.0,0.0,4.0,0.0,1.0,2.0,1.0,4.0,2.0,2.0,Junction,Exact,,4.0,,5.0,,,4
2004,November,Friday,Day,Light,Front to side collision,0.0,0.0,3.0,0.0,0.0,3.0,0.0,3.0,2.0,2.0,Junction,Exact,,4.0,,5.0,,,4
2004,May,Friday,Day,Light,Front to side collision,0.0,0.0,1.0,0.0,0.0,1.0,0.0,1.0,2.0,2.0,Junction,Exact,,4.0,,,,,4
2004,May,Wednesday,Day,Light,Front to side collision,0.0,0.0,1.0,0.0,0.0,1.0,0.0,1.0,2.0,2.0,Junction,Exact,,4.0,,,,,4
2004,June,Tuesday,Day,Light,Front to rear collision,0.0,0.0,1.0,0.0,0.0,1.0,0.0,1.0,3.0,3.0,Junction,Exact,,4.0,,4612.0,,,4
2004,February,Thursday,Day,Light,Side to side collision,0.0,0.0,2.0,0.0,0.0,2.0,0.0,2.0,2.0,2.0,Junction,Exact,,4.0,,5.0,,,4
2004,May,Sunday,Day,Light,Front to rear collision,0.0,0.0,3.0,0.0,0.0,3.0,0.0,3.0,3.0,3.0,Junction,Exact,,4.0,,44.0,,,4
2004,March,Saturday,Day,Light,Hit an object,0.0,0.0,3.0,0.0,2.0,1.0,0.0,3.0,1.0,1.0,Junction,Exact,,4.0,,5.0,,,4
2004,June,Thursday,Day,Light,Pedestrian,0.0,0.0,1.0,1.0,0.0,1.0,0.0,1.0,1.0,1.0,Junction,Exact,,4.0,,,,,4
2004,July,Wednesday,Day,Light,Front to side collision,0.0,0.0,7.0,0.0,2.0,5.0,0.0,7.0,3.0,3.0,Junction,Exact,,4.0,,5.0,,,4
2004,August,Monday,Day,Severe,Side to side collision,0.0,1.0,1.0,0.0,0.0,2.0,0.0,2.0,3.0,3.0,Junction,Exact,,1.0,,4.0,,,4
2004,May,Monday,Day,Light,Front to side collision,0.0,0.0,3.0,0.0,1.0,2.0,0.0,3.0,2.0,2.0,Junction,Exact,,4.0,,232.0,,,4
2004,February,Thursday,Day,Light,Front to side collision,0.0,0.0,1.0,0.0,0.0,1.0,0.0,1.0,2.0,2.0,Junction,Exact,,4.0,,44.0,,,4
2004,March,Saturday,Day,Light,Front to side collision,0.0,0.0,1.0,0.0,0.0,0.0,1.0,1.0,2.0,2.0,Junction,Exact,,4.0,,402.0,,,4
2004,August,Wednesday,Day,Light,Front to rear collision,0.0,0.0,2.0,0.0,0.0,2.0,0.0,2.0,3.0,3.0,Junction,Exact,,1.0,,4.0,,,4
2004,July,Monday,Day,Light,Front to side collision,0.0,0.0,1.0,0.0,0.0,1.0,0.0,1.0,2.0,2.0,Junction,Exact,,1.0,,4.0,,,4
2004,March,Thursday,Day,Light,Front to side collision,0.0,0.0,2.0,0.0,0.0,2.0,0.0,2.0,2.0,2.0,Junction,Exact,,4.0,,,,,4
2004,February,Saturday,Day,Light,Front to side collision,0.0,0.0,6.0,0.0,3.0,3.0,0.0,6.0,4.0,4.0,Junction,Exact,,4.0,,,,,4
2004,March,Tuesday,Day,Light,Side to side collision,0.0,0.0,1.0,0.0,0.0,1.0,0.0,1.0,2.0,2.0,Junction,Exact,,1.0,,4.0,,,4
2004,September,Friday,Day,Light,Front end collision,0.0,0.0,2.0,0.0,0.0,2.0,0.0,2.0,2.0,2.0,Junction,Exact,,4.0,,,,,4
2004,January,Thursday,Day,Severe,Roll over,0.0,1.0,0.0,0.0,0.0,1.0,0.0,1.0,1.0,1.0,Junction,Exact,,4.0,,44.0,,,4
2004,October,Wednesday,Day,Severe,Roll over,0.0,1.0,0.0,0.0,0.0,1.0,0.0,1.0,1.0,1.0,Junction,Exact,,4.0,,4111.0,,,4
2004,April,Tuesday,Day,Light,Front to side collision,0.0,0.0,1.0,0.0,0.0,1.0,0.0,1.0,3.0,3.0,Junction,Exact,,4.0,,5.0,,,4
2004,March,Sunday,Day,Severe,Front to side collision,0.0,1.0,4.0,0.0,0.0,3.0,2.0,5.0,3.0,3.0,Junction,Exact,,4.0,,461.0,,,4
2004,January,Saturday,Night,Light,Front to side collision,0.0,0.0,6.0,0.0,0.0,6.0,0.0,6.0,3.0,3.0,Junction,Exact,,4.0,,5.0,,,4
2004,January,Wednesday,Night,Light,Front to rear collision,0.0,0.0,5.0,0.0,0.0,5.0,0.0,5.0,4.0,4.0,Junction,Exact,,1.0,,4.0,,,4
2004,August,Sunday,Day,Light,Front to rear collision,0.0,0.0,3.0,0.0,0.0,3.0,0.0,3.0,8.0,8.0,Junction,Exact,,4.0,,5.0,,,4
2004,March,Wednesday,Day,Light,Front to side collision,0.0,0.0,3.0,0.0,0.0,3.0,0.0,3.0,2.0,2.0,Junction,Exact,,4.0,,5.0,,,4
2004,August,Tuesday,Day,Light,Front to rear collision,0.0,0.0,1.0,0.0,0.0,1.0,0.0,1.0,2.0,2.0,Junction,Exact,,4.0,,461.0,,,4
2004,November,Wednesday,Night,Light,Front to side collision,0.0,0.0,2.0,0.0,0.0,2.0,0.0,2.0,2.0,2.0,Junction,Exact,,4.0,,3419.0,,,4
2004,March,Wednesday,Day,Light,Front to side collision,0.0,0.0,1.0,0.0,0.0,1.0,0.0,1.0,3.0,3.0,Junction,Exact,,4.0,,44.0,,,4
2004,July,Monday,Day,Light,Front to side collision,0.0,0.0,1.0,0.0,0.0,1.0,0.0,1.0,2.0,2.0,Junction,Exact,,4.0,,,,,4
2004,January,Friday,Night,Light,Front to side collision,0.0,0.0,2.0,0.0,0.0,2.0,0.0,2.0,3.0,3.0,Junction,Exact,,4.0,,402.0,,,4
2004,September,Tuesday,Day,Light,Front to side collision,0.0,0.0,2.0,0.0,0.0,2.0,0.0,2.0,2.0,2.0,Junction,Exact,,1.0,,4.0,,,4
2004,July,Saturday,Day,Light,Pedestrian,0.0,0.0,1.0,1.0,0.0,0.0,1.0,1.0,1.0,1.0,Junction,Exact,,4.0,,5.0,,,4
2004,April,Thursday,Day,Light,Front to side collision,0.0,0.0,3.0,0.0,0.0,3.0,0.0,3.0,2.0,2.0,Junction,Exact,,4.0,,44.0,,,4
2004,June,Tuesday,Day,Light,Front to side collision,0.0,0.0,1.0,0.0,0.0,0.0,1.0,1.0,4.0,4.0,Junction,Exact,,4.0,,402.0,,,4
2004,October,Tuesday,Night,Light,Front to side collision,0.0,0.0,1.0,0.0,0.0,1.0,0.0,1.0,2.0,2.0,Junction,Exact,,4.0,,,,,4
2004,April,Thursday,Day,Severe,Front to rear collision,0.0,1.0,3.0,0.0,0.0,2.0,2.0,4.0,3.0,3.0,Junction,Exact,,1.0,,4.0,,,4
2004,August,Saturday,Day,Light,Roll over,0.0,0.0,1.0,0.0,0.0,1.0,0.0,1.0,1.0,1.0,Junction,Exact,,4.0,,3631.0,,,4
2004,February,Friday,Night,Light,Front to rear collision,0.0,0.0,3.0,0.0,0.0,3.0,0.0,3.0,2.0,2.0,Junction,Exact,,4.0,,5.0,,,4
2004,February,Wednesday,Night,Light,Front to side collision,0.0,0.0,1.0,0.0,0.0,1.0,0.0,1.0,2.0,2.0,Junction,Exact,,4.0,,461.0,,,4
2004,February,Wednesday,Night,Light,Front to side collision,0.0,0.0,1.0,0.0,0.0,1.0,0.0,1.0,2.0,2.0,Junction,Exact,,4.0,,44.0,,,4
2004,January,Tuesday,Night,Light,Front to rear collision,0.0,0.0,2.0,0.0,0.0,1.0,1.0,2.0,2.0,2.0,Junction,Exact,,1.0,,4.0,,,4
2004,March,Friday,Night,Light,Front to side collision,0.0,0.0,2.0,0.0,0.0,2.0,0.0,2.0,2.0,2.0,Junction,Exact,,4.0,,,,,4
2004,July,Sunday,Day,Light,Front to side collision,0.0,0.0,1.0,0.0,0.0,1.0,0.0,1.0,2.0,2.0,Junction,Exact,,4.0,,3412.0,,,4
2004,March,Saturday,Night,Light,Front to rear collision,0.0,0.0,2.0,0.0,0.0,2.0,0.0,2.0,3.0,3.0,Junction,Exact,,4.0,,44.0,,,4
2004,October,Wednesday,Night,Light,Front to rear collision,0.0,0.0,1.0,0.0,0.0,1.0,0.0,1.0,3.0,3.0,Junction,Exact,,4.0,,5.0,,,4
2004,November,Wednesday,Night,Light,Front to rear collision,0.0,0.0,4.0,0.0,1.0,2.0,1.0,4.0,4.0,4.0,Junction,Exact,,4.0,,,,,4
2004,July,Sunday,Day,Light,Front to rear collision,0.0,0.0,1.0,0.0,0.0,1.0,0.0,1.0,2.0,2.0,Junction,Exact,,4.0,,461.0,,,4
2004,December,Saturday,Night,Light,Side to side collision,0.0,0.0,5.0,0.0,0.0,4.0,1.0,5.0,2.0,2.0,Junction,Exact,,1.0,,4.0,,,4
2004,October,Friday,Night,Light,Front to side collision,0.0,0.0,3.0,0.0,2.0,1.0,0.0,3.0,2.0,2.0,Junction,Exact,,4.0,,,,,4
2004,June,Friday,Day,Light,Side to side collision,0.0,0.0,2.0,0.0,1.0,1.0,0.0,2.0,2.0,2.0,Junction,Exact,,1.0,,4.0,,,4
2004,October,Wednesday,Night,Severe,Pedestrian,0.0,1.0,1.0,1.0,0.0,2.0,0.0,2.0,1.0,1.0,Junction,Exact,,3.0,,4.0,,,4
2004,March,Wednesday,Night,Light,Front to side collision,0.0,0.0,2.0,0.0,0.0,2.0,0.0,2.0,2.0,2.0,Junction,Exact,,1.0,,4.0,,,4
2004,September,Thursday,Night,Light,Front to side collision,0.0,0.0,5.0,0.0,0.0,5.0,0.0,5.0,2.0,2.0,Junction,Exact,,4.0,,5.0,,,4
2004,November,Wednesday,Night,Light,Front to side collision,0.0,0.0,2.0,0.0,0.0,2.0,0.0,2.0,2.0,2.0,Junction,Exact,,4.0,,5.0,,,4
2004,January,Monday,Night,Light,Front to side collision,0.0,0.0,2.0,0.0,0.0,2.0,0.0,2.0,2.0,2.0,Junction,Exact,,4.0,,5.0,,,4
2004,August,Sunday,Night,Light,Front to rear collision,0.0,0.0,9.0,0.0,1.0,8.0,0.0,9.0,2.0,2.0,Junction,Exact,,4.0,,5.0,,,4
2004,March,Thursday,Night,Light,Front to side collision,0.0,0.0,1.0,0.0,0.0,1.0,0.0,1.0,2.0,2.0,Junction,Exact,,4.0,,44.0,,,4
2004,August,Wednesday,Night,Light,Front to rear collision,0.0,0.0,1.0,0.0,0.0,1.0,0.0,1.0,2.0,2.0,Junction,Exact,,4.0,,461.0,,,4
2004,January,Tuesday,Night,Light,Front to rear collision,0.0,0.0,3.0,0.0,1.0,2.0,0.0,3.0,3.0,3.0,Junction,Exact,,1.0,,4.0,,,4
2004,April,Saturday,Night,Severe,Front to rear collision,0.0,1.0,4.0,0.0,1.0,4.0,0.0,5.0,3.0,3.0,Junction,Exact,,3.0,,4.0,,,4
2004,December,Saturday,Night,Light,Front to side collision,0.0,0.0,2.0,0.0,0.0,2.0,0.0,2.0,2.0,2.0,Junction,Exact,,4.0,,,,,4
2004,November,Sunday,Night,Light,Front to side collision,0.0,0.0,4.0,0.0,1.0,3.0,0.0,4.0,2.0,2.0,Junction,Exact,,4.0,,,,,4
2004,November,Tuesday,Night,Light,Front to side collision,0.0,0.0,3.0,0.0,0.0,3.0,0.0,3.0,2.0,2.0,Junction,Exact,,4.0,,,,,4
2004,March,Saturday,Night,Light,Front to rear collision,0.0,0.0,1.0,0.0,0.0,1.0,0.0,1.0,3.0,3.0,Junction,Exact,,1.0,,4.0,,,4
2004,January,Sunday,Night,Light,Side to side collision,0.0,0.0,2.0,0.0,0.0,1.0,1.0,2.0,2.0,2.0,Junction,Exact,,1.0,,4.0,,,4
2004,May,Monday,Night,Severe,Roll over,0.0,1.0,0.0,0.0,0.0,1.0,0.0,1.0,2.0,2.0,Junction,Exact,,4.0,,461.0,,,4
2004,August,Wednesday,Night,Light,Front to side collision,0.0,0.0,4.0,0.0,2.0,2.0,0.0,4.0,2.0,2.0,Junction,Exact,,1.0,,4.0,,,4
2004,February,Wednesday,Night,Light,Front to side collision,0.0,0.0,2.0,0.0,0.0,2.0,0.0,2.0,2.0,2.0,Junction,Exact,,4.0,,5.0,,,4
2004,March,Wednesday,Night,Light,Front to side collision,0.0,0.0,1.0,0.0,0.0,1.0,0.0,1.0,2.0,2.0,Junction,Exact,,4.0,,5.0,,,4
2004,July,Saturday,Night,Light,Side to side collision,0.0,0.0,7.0,0.0,1.0,6.0,0.0,7.0,5.0,5.0,Junction,Exact,,1.0,,4.0,,,4
2004,April,Sunday,Night,Light,Other,0.0,0.0,2.0,0.0,0.0,2.0,0.0,2.0,3.0,3.0,Junction,Exact,,4.0,,5.0,,,4
2004,December,Thursday,Night,Light,Front to side collision,0.0,0.0,3.0,0.0,1.0,2.0,0.0,3.0,2.0,2.0,Junction,Exact,,4.0,,553.0,,,4
2004,January,Friday,Night,Light,Front to side collision,0.0,0.0,3.0,0.0,0.0,3.0,0.0,3.0,2.0,2.0,Junction,Exact,,4.0,,,,,4
2004,April,Friday,Night,Light,Front end collision,0.0,0.0,3.0,0.0,1.0,2.0,0.0,3.0,2.0,2.0,Junction,Exact,,4.0,,35.0,,,4
2004,May,Thursday,Night,Light,Front to side collision,0.0,0.0,1.0,0.0,0.0,1.0,0.0,1.0,2.0,2.0,Junction,Exact,,4.0,,44.0,,,4
2004,April,Monday,Night,Light,Front to side collision,0.0,0.0,2.0,0.0,0.0,2.0,0.0,2.0,2.0,2.0,Junction,Exact,,4.0,,,,,4
2004,August,Friday,Night,Light,Other,0.0,0.0,1.0,0.0,1.0,0.0,0.0,1.0,1.0,1.0,Junction,Exact,,4.0,,4612.0,,,4
2004,April,Tuesday,Night,Light,Front to side collision,0.0,0.0,3.0,0.0,0.0,2.0,1.0,3.0,2.0,2.0,Junction,Exact,,4.0,,5.0,,,4
2004,November,Monday,Night,Light,Front to side collision,0.0,0.0,2.0,0.0,0.0,2.0,0.0,2.0,2.0,2.0,Junction,Exact,,4.0,,3711.0,,,4
2004,August,Monday,Night,Light,Front to side collision,0.0,0.0,1.0,0.0,0.0,1.0,0.0,1.0,2.0,2.0,Junction,Exact,,4.0,,5.0,,,4
2004,November,Tuesday,Night,Fatal,Pedestrian,1.0,0.0,0.0,1.0,0.0,1.0,0.0,1.0,2.0,2.0,Junction,Exact,,4.0,,44.0,,,4