year,month,day_of_week,day_night,accident_severity,accident_type,killed,severly_injured,lightly_injured,injured_pedestrians,casualties_ages_0-19,casualties_ages_20-64,casualties_ages_65_plus,total_casualties,vehicle_count,drivers,road_type,localization_quality,settlement,road1,location,road2,road3,road4,source_road
2005,October,Friday,Night,Light,Side to side collision,0.0,0.0,3.0,0.0,0.0,3.0,0.0,3.0,2.0,2.0,Not junction,Exact,,4.0,97.1,,,,4
2005,October,Tuesday,Night,Light,Hit an object,0.0,0.0,3.0,0.0,0.0,3.0,0.0,3.0,1.0,1.0,Not junction,Exact,,4.0,128.0,,,,4
2005,December,Friday,Night,Light,Side to side collision,0.0,0.0,1.0,0.0,0.0,0.0,0.0,1.0,2.0,2.0,Not junction,Exact,,4.0,132.0,,,,4
2005,August,Monday,Night,Light,Hit an object,0.0,0.0,2.0,0.0,0.0,2.0,0.0,2.0,1.0,1.0,Not junction,Exact,,4.0,115.1,,,,4
2005,October,Monday,Night,Fatal,Pedestrian,1.0,0.0,1.0,1.0,0.0,2.0,0.0,2.0,1.0,1.0,Not junction,Exact,,4.0,68.0,,,,4
2005,January,Tuesday,Night,Severe,Front to rear collision,0.0,2.0,2.0,0.0,0.0,4.0,0.0,4.0,2.0,2.0,Not junction,Exact,,4.0,100.0,,,,4
2005,August,Monday,Night,Severe,Front to rear collision,0.0,2.0,0.0,0.0,0.0,2.0,0.0,2.0,2.0,2.0,Not junction,Exact,,4.0,99.4,,,,4
2005,March,Wednesday,Night,Light,Hit an object,0.0,0.0,1.0,0.0,0.0,1.0,0.0,1.0,1.0,1.0,Not junction,Exact,,4.0,126.1,,,,4
2005,July,Friday,Night,Light,Roll over,0.0,0.0,1.0,0.0,0.0,1.0,0.0,1.0,1.0,1.0,Not junction,Exact,,4.0,127.0,,,,4
2005,February,Friday,Night,Fatal,Pedestrian,1.0,0.0,0.0,1.0,0.0,1.0,0.0,1.0,1.0,1.0,Not junction,Exact,,4.0,73.3,,,,4
2005,February,Thursday,Night,Light,Front to rear collision,0.0,0.0,4.0,0.0,1.0,3.0,0.0,4.0,2.0,2.0,Not junction,Exact,,4.0,102.1,,,,4
2005,January,Saturday,Night,Light,Roll over,0.0,0.0,2.0,0.0,0.0,2.0,0.0,2.0,1.0,1.0,Not junction,Exact,,4.0,74.9,,,,4
2005,July,Thursday,Night,Light,Front to side collision,0.0,0.0,1.0,0.0,0.0,1.0,0.0,1.0,2.0,2.0,Not junction,Exact,,4.0,115.9,,,,4
2005,September,Wednesday,Night,Fatal,Front to rear collision,1.0,0.0,0.0,0.0,0.0,1.0,0.0,1.0,2.0,2.0,Not junction,Exact,,4.0,125.5,,,,4
2005,October,Wednesday,Night,Severe,Hit an object,0.0,1.0,0.0,0.0,0.0,0.0,1.0,1.0,1.0,1.0,Not junction,Exact,,4.0,85.3,,,,4
2005,February,Sunday,Night,Light,Slip,0.0,0.0,2.0,0.0,0.0,1.0,1.0,2.0,1.0,1.0,Not junction,Exact,,4.0,95.1,,,,4
2005,January,Monday,Night,Light,Front to side collision,0.0,0.0,2.0,0.0,0.0,2.0,0.0,2.0,2.0,2.0,Not junction,Exact,,4.0,117.2,,,,4
2005,January,Wednesday,Night,Light,Roll over,0.0,0.0,1.0,0.0,0.0,1.0,0.0,1.0,1.0,1.0,Not junction,Exact,,4.0,71.5,,,,4
2005,March,Saturday,Day,Light,Hit an object,0.0,0.0,1.0,0.0,0.0,1.0,0.0,1.0,1.0,1.0,Not junction,Exact,,4.0,73.0,,,,4
2005,October,Tuesday,Night,Severe,Hit an object,0.0,2.0,4.0,0.0,0.0,6.0,0.0,6.0,1.0,1.0,Not junction,Exact,,4.0,70.7,,,,4
2005,April,Saturday,Night,Light,Drive off road or on paveway,0.0,0.0,1.0,0.0,0.0,1.0,0.0,1.0,1.0,1.0,Not junction,Exact,,4.0,77.2,,,,4
2005,November,Tuesday,Day,Light,Front to rear collision,0.0,0.0,1.0,0.0,0.0,1.0,0.0,1.0,2.0,2.0,Not junction,Exact,,4.0,117.1,,,,4
2005,January,Wednesday,Night,Light,Front to rear collision,0.0,0.0,2.0,0.0,0.0,2.0,0.0,2.0,3.0,3.0,Not junction,Exact,,4.0,110.4,,,,4
2005,March,Thursday,Day,Light,Front to side collision,0.0,0.0,1.0,0.0,0.0,1.0,0.0,1.0,2.0,2.0,Not junction,Exact,,4.0,133.0,,,,4
2005,April,Saturday,Day,Light,Hit an object,0.0,0.0,1.0,0.0,0.0,1.0,0.0,1.0,1.0,1.0,Not junction,Exact,,4.0,109.3,,,,4
2005,December,Sunday,Day,Light,Side to side collision,0.0,0.0,1.0,0.0,0.0,1.0,0.0,1.0,2.0,2.0,Not junction,Centered,,4.0,112.0,,,,4
2005,August,Thursday,Day,Light,Side to side collision,0.0,0.0,1.0,0.0,0.0,1.0,0.0,1.0,2.0,2.0,Not junction,Centered,,4.0,110.0,,,,4
2005,September,Thursday,Day,Light,Side to side collision,0.0,0.0,1.0,0.0,0.0,1.0,0.0,1.0,2.0,2.0,Not junction,Exact,,4.0,127.5,,,,4
2005,March,Wednesday,Day,Light,Front to rear collision,0.0,0.0,3.0,0.0,0.0,3.0,0.0,3.0,3.0,3.0,Not junction,Exact,,4.0,81.4,,,,4
2005,March,Monday,Day,Severe,Side to side collision,0.0,1.0,0.0,0.0,0.0,1.0,0.0,1.0,2.0,2.0,Not junction,Exact,,4.0,110.5,,,,4
2005,January,Thursday,Day,Light,Front to side collision,0.0,0.0,3.0,0.0,1.0,2.0,0.0,3.0,2.0,2.0,Not junction,Exact,,4.0,118.0,,,,4
2005,August,Tuesday,Day,Light,Front to side collision,0.0,0.0,1.0,0.0,0.0,1.0,0.0,1.0,2.0,2.0,Not junction,Exact,,4.0,115.5,,,,4
2005,June,Monday,Day,Light,Side to side collision,0.0,0.0,1.0,0.0,0.0,1.0,0.0,1.0,2.0,2.0,Not junction,Centered,,4.0,132.0,,,,4
2005,April,Tuesday,Day,Light,Front to rear collision,0.0,0.0,3.0,0.0,0.0,3.0,0.0,3.0,3.0,3.0,Not junction,Centered,,4.0,108.0,,,,4
2005,September,Monday,Day,Light,Front to side collision,0.0,0.0,1.0,0.0,0.0,1.0,0.0,1.0,2.0,2.0,Not junction,Exact,,4.0,104.0,,,,4
2005,June,Tuesday,Day,Light,Front to side collision,0.0,0.0,2.0,0.0,0.0,2.0,0.0,2.0,2.0,2.0,Not junction,Exact,,4.0,115.9,,,,4
2005,August,Monday,Day,Light,Front to rear collision,0.0,0.0,1.0,0.0,0.0,1.0,0.0,1.0,2.0,2.0,Not junction,Exact,,4.0,116.0,,,,4
2005,February,Sunday,Day,Light,Front to rear collision,0.0,0.0,3.0,0.0,0.0,3.0,0.0,3.0,3.0,3.0,Not junction,Exact,,4.0,110.4,,,,4
2005,January,Sunday,Day,Light,Hit an object,0.0,0.0,2.0,0.0,1.0,1.0,0.0,2.0,1.0,1.0,Not junction,Exact,,4.0,135.1,,,,4
2005,August,Wednesday,Day,Severe,Front to side collision,0.0,1.0,0.0,0.0,0.0,1.0,0.0,1.0,2.0,2.0,Not junction,Exact,,4.0,64.6,,,,4
2005,March,Monday,Day,Light,Side to side collision,0.0,0.0,1.0,0.0,0.0,1.0,0.0,1.0,2.0,2.0,Not junction,Exact,,4.0,119.1,,,,4
2005,April,Sunday,Day,Severe,Other,0.0,1.0,1.0,0.0,0.0,2.0,0.0,2.0,2.0,2.0,Not junction,Exact,,4.0,105.8,,,,4
2005,March,Friday,Day,Light,Front to side collision,0.0,0.0,1.0,0.0,0.0,1.0,0.0,1.0,2.0,2.0,Not junction,Centered,,4.0,122.0,,,,4
2005,September,Sunday,Day,Light,Front to rear collision,0.0,0.0,5.0,0.0,0.0,5.0,0.0,5.0,4.0,4.0,Not junction,Exact,,4.0,119.2,,,,4
2005,June,Wednesday,Day,Light,Other,0.0,0.0,1.0,0.0,0.0,1.0,0.0,1.0,3.0,3.0,Not junction,Exact,,4.0,115.5,,,,4
2005,January,Friday,Day,Severe,Roll over,0.0,1.0,0.0,0.0,0.0,1.0,0.0,1.0,2.0,2.0,Not junction,Exact,,4.0,76.2,,,,4
2005,December,Sunday,Day,Severe,Front to side collision,0.0,1.0,0.0,0.0,0.0,1.0,0.0,1.0,2.0,2.0,Not junction,Exact,,4.0,119.1,,,,4
2005,January,Monday,Day,Light,Front to rear collision,0.0,0.0,1.0,0.0,0.0,1.0,0.0,1.0,3.0,3.0,Not junction,Exact,,4.0,119.1,,,,4
2005,February,Thursday,Day,Light,Other,0.0,0.0,1.0,0.0,0.0,1.0,0.0,1.0,2.0,2.0,Not junction,Exact,,4.0,118.1,,,,4
2005,March,Wednesday,Day,Light,Front to side collision,0.0,0.0,1.0,0.0,0.0,1.0,0.0,1.0,2.0,2.0,Not junction,Exact,,4.0,119.1,,,,4
2005,July,Tuesday,Day,Light,Side to side collision,0.0,0.0,2.0,0.0,0.0,1.0,1.0,2.0,3.0,3.0,Not junction,Exact,,4.0,118.0,,,,4
2005,January,Monday,Day,Severe,Hit an object,0.0,1.0,1.0,0.0,0.0,2.0,0.0,2.0,2.0,2.0,Not junction,Exact,,4.0,59.9,,,,4
2005,September,Monday,Day,Light,Front to rear collision,0.0,0.0,1.0,0.0,0.0,1.0,0.0,1.0,2.0,2.0,Not junction,Exact,,4.0,84.3,,,,4
2005,April,Monday,Day,Severe,Front to side collision,0.0,1.0,0.0,0.0,0.0,1.0,0.0,1.0,2.0,2.0,Not junction,Exact,,4.0,112.8,,,,4
2005,October,Saturday,Day,Light,Front to rear collision,0.0,0.0,2.0,0.0,0.0,2.0,0.0,2.0,2.0,2.0,Not junction,Exact,,4.0,127.5,,,,4
2005,March,Friday,Day,Light,Front to rear collision,0.0,0.0,1.0,0.0,0.0,0.0,1.0,1.0,2.0,2.0,Not junction,Exact,,4.0,102.0,,,,4
2005,October,Friday,Day,Light,Side to side collision,0.0,0.0,4.0,0.0,3.0,1.0,0.0,4.0,2.0,2.0,Not junction,Exact,,4.0,93.1,,,,4
2005,December,Wednesday,Day,Fatal,Front to rear collision,1.0,0.0,0.0,0.0,0.0,1.0,0.0,1.0,2.0,2.0,Not junction,Exact,,4.0,104.1,,,,4
2005,November,Tuesday,Day,Light,Front to side collision,0.0,0.0,1.0,0.0,0.0,1.0,0.0,1.0,3.0,3.0,Not junction,Exact,,4.0,100.0,,,,4
2005,September,Monday,Day,Light,Roll over,0.0,0.0,1.0,0.0,0.0,1.0,0.0,1.0,1.0,1.0,Not junction,Exact,,4.0,106.0,,,,4
2005,February,Sunday,Day,Light,Front to side collision,0.0,0.0,3.0,0.0,1.0,2.0,0.0,3.0,2.0,2.0,Not junction,Exact,,4.0,76.1,,,,4
2005,September,Monday,Day,Light,Front to side collision,0.0,0.0,1.0,0.0,0.0,1.0,0.0,1.0,2.0,2.0,Not junction,Exact,,4.0,128.5,,,,4
2005,December,Sunday,Day,Light,Roll over,0.0,0.0,14.0,0.0,4.0,10.0,0.0,14.0,1.0,1.0,Not junction,Exact,,4.0,89.4,,,,4
2005,September,Friday,Day,Severe,Slip,0.0,1.0,2.0,0.0,2.0,1.0,0.0,3.0,2.0,2.0,Not junction,Exact,,4.0,86.1,,,,4
2005,December,Wednesday,Day,Light,Front to rear collision,0.0,0.0,5.0,0.0,0.0,4.0,1.0,5.0,4.0,4.0,Not junction,Exact,,4.0,74.1,,,,4
2005,November,Thursday,Day,Light,Pedestrian,0.0,0.0,1.0,1.0,0.0,1.0,0.0,1.0,1.0,1.0,Not junction,Exact,,4.0,118.0,,,,4
2005,March,Wednesday,Day,Light,Front to side collision,0.0,0.0,1.0,0.0,0.0,1.0,0.0,1.0,2.0,2.0,Not junction,Centered,,4.0,119.0,,,,4
2005,February,Sunday,Day,Light,Front to side collision,0.0,0.0,2.0,0.0,2.0,0.0,0.0,2.0,2.0,2.0,Not junction,Exact,,4.0,119.0,,,,4
2005,July,Sunday,Day,Light,Front to rear collision,0.0,0.0,5.0,0.0,0.0,5.0,0.0,5.0,3.0,3.0,Not junction,Centered,,4.0,116.0,,,,4
2005,August,Tuesday,Day,Light,Front to rear collision,0.0,0.0,3.0,0.0,1.0,2.0,0.0,3.0,2.0,2.0,Not junction,Exact,,4.0,71.0,,,,4
2005,May,Tuesday,Day,Light,Side to side collision,0.0,0.0,1.0,0.0,0.0,0.0,1.0,1.0,2.0,2.0,Not junction,Exact,,4.0,112.3,,,,4
2005,July,Thursday,Day,Light,Hit an object,0.0,0.0,2.0,0.0,0.0,2.0,0.0,2.0,1.0,1.0,Not junction,Exact,,4.0,117.1,,,,4
2005,January,Thursday,Day,Light,Front to side collision,0.0,0.0,1.0,0.0,0.0,1.0,0.0,1.0,3.0,3.0,Not junction,Exact,,4.0,131.0,,,,4
2005,July,Saturday,Day,Severe,Front to rear collision,0.0,1.0,2.0,0.0,0.0,2.0,1.0,3.0,3.0,3.0,Not junction,Exact,,4.0,115.9,,,,4
2005,September,Wednesday,Day,Light,Collision with stopped vehicle,0.0,0.0,1.0,0.0,0.0,1.0,0.0,1.0,2.0,2.0,Not junction,Exact,,4.0,117.0,,,,4
2005,November,Sunday,Day,Light,Roll over,0.0,0.0,1.0,0.0,0.0,1.0,0.0,1.0,1.0,1.0,Not junction,Exact,,4.0,106.0,,,,4
2005,September,Sunday,Day,Light,Side to side collision,0.0,0.0,2.0,0.0,0.0,2.0,0.0,2.0,3.0,3.0,Not junction,Exact,,4.0,117.1,,,,4
2005,June,Monday,Day,Severe,Front to rear collision,0.0,1.0,0.0,0.0,0.0,1.0,0.0,1.0,2.0,2.0,Not junction,Exact,,4.0,95.4,,,,4
2005,June,Thursday,Day,Light,Front to side collision,0.0,0.0,1.0,0.0,0.0,0.0,1.0,1.0,2.0,2.0,Not junction,Exact,,4.0,119.1,,,,4
2005,December,Friday,Day,Light,Front to rear collision,0.0,0.0,2.0,0.0,0.0,2.0,0.0,2.0,3.0,3.0,Not junction,Exact,,4.0,118.1,,,,4
2005,April,Monday,Day,Light,Hit an object,0.0,0.0,1.0,0.0,0.0,1.0,0.0,1.0,1.0,1.0,Not junction,Exact,,4.0,121.5,,,,4
2005,October,Wednesday,Day,Light,Front to rear collision,0.0,0.0,7.0,0.0,2.0,4.0,1.0,7.0,2.0,2.0,Not junction,Exact,,4.0,128.0,,,,4
2005,October,Sunday,Day,Severe,Front to side collision,0.0,1.0,2.0,0.0,0.0,3.0,0.0,3.0,2.0,2.0,Not junction,Exact,,4.0,115.1,,,,4
2005,March,Friday,Day,Light,Front to side collision,0.0,0.0,4.0,0.0,0.0,4.0,0.0,4.0,2.0,2.0,Not junction,Exact,,4.0,101.1,,,,4
2005,December,Wednesday,Day,Light,Front to rear collision,0.0,0.0,6.0,0.0,1.0,5.0,0.0,6.0,5.0,5.0,Not junction,Exact,,4.0,110.4,,,,4
2005,June,Friday,Day,Severe,Slip,0.0,1.0,0.0,0.0,0.0,1.0,0.0,1.0,1.0,1.0,Not junction,Exact,,4.0,108.1,,,,4
2005,April,Thursday,Day,Light,Front to rear collision,0.0,0.0,8.0,0.0,3.0,5.0,0.0,8.0,3.0,3.0,Not junction,Exact,,4.0,109.3,,,,4
2005,November,Wednesday,Day,Light,Front to rear collision,0.0,0.0,5.0,0.0,0.0,5.0,0.0,5.0,4.0,4.0,Not junction,Exact,,4.0,113.2,,,,4
2005,September,Monday,Day,Light,Front to rear collision,0.0,0.0,1.0,0.0,0.0,1.0,0.0,1.0,2.0,2.0,Not junction,Exact,,4.0,114.0,,,,4
2005,December,Thursday,Night,Severe,Front to rear collision,0.0,1.0,0.0,0.0,0.0,1.0,0.0,1.0,2.0,2.0,Not junction,Exact,,4.0,122.8,,,,4
2005,August,Thursday,Day,Light,Front to rear collision,0.0,0.0,4.0,0.0,2.0,2.0,0.0,4.0,2.0,2.0,Not junction,Exact,,4.0,119.1,,,,4
2005,August,Monday,Day,Light,Front to rear collision,0.0,0.0,1.0,0.0,0.0,1.0,0.0,1.0,2.0,2.0,Not junction,Exact,,4.0,129.1,,,,4
2005,August,Thursday,Day,Light,Hit an object,0.0,0.0,9.0,0.0,6.0,2.0,1.0,9.0,1.0,1.0,Not junction,Exact,,4.0,120.0,,,,4
2005,May,Thursday,Day,Light,Hit an object,0.0,0.0,1.0,0.0,0.0,1.0,0.0,1.0,1.0,1.0,Not junction,Exact,,4.0,122.8,,,,4
2005,December,Wednesday,Night,Light,Front to rear collision,0.0,0.0,1.0,0.0,0.0,1.0,0.0,1.0,3.0,3.0,Not junction,Exact,,4.0,125.1,,,,4
2005,May,Saturday,Day,Severe,Pedestrian,0.0,1.0,1.0,1.0,0.0,2.0,0.0,2.0,2.0,2.0,Not junction,Centered,,4.0,132.0,,,,4
2005,September,Wednesday,Day,Light,Front to side collision,0.0,0.0,3.0,0.0,3.0,0.0,0.0,3.0,3.0,3.0,Not junction,Exact,,4.0,65.7,,,,4
2005,May,Thursday,Day,Light,Front to side collision,0.0,0.0,3.0,0.0,0.0,3.0,0.0,3.0,3.0,3.0,Not junction,Exact,,4.0,129.5,,,,4
2005,May,Thursday,Day,Light,Side to side collision,0.0,0.0,1.0,0.0,0.0,1.0,0.0,1.0,2.0,2.0,Not junction,Centered,,4.0,109.0,,,,4
2005,March,Tuesday,Day,Light,Side to side collision,0.0,0.0,1.0,0.0,0.0,1.0,0.0,1.0,2.0,2.0,Not junction,Exact,,4.0,102.1,,,,4
2005,October,Thursday,Night,Light,Front to side collision,0.0,0.0,3.0,0.0,1.0,2.0,0.0,3.0,3.0,3.0,Not junction,Exact,,4.0,118.1,,,,4
2005,July,Thursday,Day,Light,Front to side collision,0.0,0.0,3.0,0.0,0.0,3.0,0.0,3.0,2.0,2.0,Not junction,Exact,,4.0,71.5,,,,4
2005,August,Thursday,Day,Light,Collision with stopped vehicle,0.0,0.0,2.0,1.0,1.0,1.0,0.0,2.0,3.0,3.0,Not junction,Exact,,4.0,68.1,,,,4
2005,January,Monday,Night,Light,Front to rear collision,0.0,0.0,2.0,0.0,0.0,2.0,0.0,2.0,3.0,3.0,Not junction,Exact,,4.0,119.1,,,,4
2005,September,Friday,Day,Light,Front to side collision,0.0,0.0,1.0,0.0,0.0,1.0,0.0,1.0,2.0,2.0,Not junction,Exact,,4.0,131.1,,,,4
2005,March,Monday,Night,Light,Side to side collision,0.0,0.0,4.0,0.0,2.0,2.0,0.0,4.0,2.0,2.0,Not junction,Centered,,4.0,111.0,,,,4
2005,March,Wednesday,Night,Light,Side to side collision,0.0,0.0,1.0,0.0,0.0,1.0,0.0,1.0,2.0,2.0,Not junction,Exact,,4.0,81.1,,,,4
2005,March,Monday,Night,Light,Front to rear collision,0.0,0.0,2.0,0.0,0.0,2.0,0.0,2.0,3.0,3.0,Not junction,Exact,,4.0,114.0,,,,4
2005,July,Wednesday,Day,Severe,Front to rear collision,0.0,2.0,4.0,0.0,0.0,6.0,0.0,6.0,4.0,4.0,Not junction,Exact,,4.0,85.1,,,,4
2005,November,Sunday,Night,Light,Front to rear collision,0.0,0.0,1.0,0.0,0.0,1.0,0.0,1.0,2.0,2.0,Not junction,Exact,,4.0,108.1,,,,4
2005,November,Monday,Night,Severe,Front to rear collision,0.0,1.0,0.0,0.0,0.0,1.0,0.0,1.0,2.0,2.0,Not junction,Exact,,4.0,130.1,,,,4
2005,March,Sunday,Night,Light,Front to rear collision,0.0,0.0,4.0,0.0,0.0,4.0,0.0,4.0,3.0,3.0,Not junction,Exact,,4.0,106.0,,,,4
2005,April,Saturday,Day,Light,Front end collision,0.0,0.0,3.0,0.0,0.0,2.0,1.0,3.0,2.0,2.0,Not junction,Exact,,4.0,119.1,,,,4
2005,January,Saturday,Night,Severe,Hit an object,0.0,1.0,1.0,0.0,1.0,1.0,0.0,2.0,1.0,1.0,Not junction,Exact,,4.0,85.1,,,,4
2005,August,Thursday,Day,Light,Pedestrian,0.0,0.0,1.0,1.0,0.0,1.0,0.0,1.0,1.0,1.0,Not junction,Exact,,4.0,119.1,,,,4
2005,January,Monday,Night,Light,Side to side collision,0.0,0.0,2.0,0.0,0.0,1.0,1.0,2.0,2.0,2.0,Not junction,Exact,,4.0,118.0,,,,4
2005,November,Sunday,Night,Light,Front to side collision,0.0,0.0,1.0,0.0,0.0,1.0,0.0,1.0,2.0,2.0,Not junction,Exact,,4.0,88.0,,,,4
2005,August,Saturday,Night,Severe,Hit an object,0.0,1.0,0.0,0.0,0.0,1.0,0.0,1.0,1.0,1.0,Not junction,Exact,,4.0,70.4,,,,4
2005,May,Sunday,Day,Severe,Front to rear collision,0.0,1.0,0.0,0.0,0.0,1.0,0.0,1.0,2.0,2.0,Not junction,Centered,,4.0,106.0,,,,4
2005,June,Monday,Day,Severe,Roll over,0.0,1.0,6.0,0.0,2.0,5.0,0.0,7.0,3.0,3.0,Not junction,Exact,,4.0,81.1,,,,4
2005,November,Wednesday,Night,Light,Front to rear collision,0.0,0.0,2.0,0.0,0.0,2.0,0.0,2.0,2.0,2.0,Not junction,Exact,,4.0,82.7,,,,4
2005,March,Thursday,Night,Light,Front to side collision,0.0,0.0,2.0,0.0,0.0,2.0,0.0,2.0,2.0,2.0,Not junction,Exact,,4.0,100.0,,,,4
2005,January,Sunday,Night,Light,Front to side collision,0.0,0.0,1.0,0.0,0.0,1.0,0.0,1.0,2.0,2.0,Not junction,Exact,,4.0,131.1,,,,4
2005,September,Sunday,Night,Light,Front to side collision,0.0,0.0,5.0,0.0,1.0,4.0,0.0,5.0,2.0,2.0,Not junction,Exact,,4.0,65.1,,,,4
2005,February,Thursday,Night,Light,Front to rear collision,0.0,0.0,1.0,0.0,0.0,1.0,0.0,1.0,4.0,4.0,Not junction,Exact,,4.0,127.1,,,,4
2005,December,Saturday,Night,Severe,Front to rear collision,0.0,2.0,1.0,0.0,0.0,0.0,3.0,3.0,2.0,2.0,Not junction,Exact,,4.0,115.1,,,,4
2005,May,Saturday,Night,Light,Front to rear collision,0.0,0.0,1.0,0.0,0.0,1.0,0.0,1.0,3.0,3.0,Not junction,Exact,,4.0,117.0,,,,4
2005,June,Thursday,Night,Light,Front to side collision,0.0,0.0,3.0,0.0,0.0,3.0,0.0,3.0,4.0,4.0,Not junction,Exact,,4.0,131.0,,,,4
2005,October,Monday,Night,Fatal,Hit an object,1.0,0.0,0.0,0.0,0.0,1.0,0.0,1.0,1.0,1.0,Not junction,Exact,,4.0,76.8,,,,4
2005,April,Thursday,Night,Light,Pedestrian,0.0,0.0,1.0,1.0,1.0,0.0,0.0,1.0,1.0,1.0,Not junction,Exact,,4.0,112.8,,,,4
2005,August,Monday,Night,Severe,Roll over,0.0,1.0,0.0,0.0,0.0,1.0,0.0,1.0,1.0,1.0,Not junction,Exact,,4.0,88.5,,,,4
2005,July,Tuesday,Night,Light,Other,0.0,0.0,1.0,0.0,0.0,1.0,0.0,1.0,2.0,2.0,Not junction,Exact,,4.0,115.0,,,,4
2005,June,Wednesday,Night,Light,Side to side collision,0.0,0.0,4.0,0.0,0.0,4.0,0.0,4.0,2.0,2.0,Not junction,Exact,,4.0,115.9,,,,4
2005,March,Thursday,Night,Light,Front to side collision,0.0,0.0,2.0,0.0,0.0,2.0,0.0,2.0,2.0,2.0,Not junction,Exact,,4.0,100.0,,,,4
2006,April,Friday,Night,Light,Front to side collision,0.0,0.0,3.0,0.0,0.0,3.0,0.0,3.0,2.0,2.0,Junction,Exact,,4.0,,44.0,,,4
2006,February,Monday,Night,Light,Front to side collision,0.0,0.0,3.0,0.0,0.0,3.0,0.0,3.0,2.0,2.0,Junction,Exact,,4.0,,5.0,,,4
2006,April,Thursday,Night,Severe,Front to side collision,0.0,2.0,6.0,0.0,0.0,7.0,1.0,8.0,2.0,2.0,Junction,Exact,,4.0,,44.0,,,4
2006,October,Tuesday,Night,Light,Front to side collision,0.0,0.0,3.0,0.0,0.0,2.0,1.0,3.0,2.0,2.0,Junction,Exact,,4.0,,7.0,41.0,,4
2006,August,Friday,Night,Light,Front to side collision,0.0,0.0,2.0,0.0,0.0,2.0,0.0,2.0,2.0,2.0,Junction,Exact,,4.0,,,,,4
2006,April,Wednesday,Night,Light,Front to side collision,0.0,0.0,2.0,0.0,0.0,2.0,0.0,2.0,2.0,2.0,Junction,Exact,,4.0,,7.0,41.0,,4
2006,April,Wednesday,Night,Light,Front to side collision,0.0,0.0,3.0,0.0,0.0,3.0,0.0,3.0,2.0,2.0,Junction,Exact,,4.0,,,,,4
2006,January,Saturday,Night,Light,Front to side collision,0.0,0.0,2.0,0.0,0.0,2.0,0.0,2.0,2.0,2.0,Junction,Exact,,4.0,,481.0,,,4
2006,March,Sunday,Night,Light,Front to side collision,0.0,0.0,1.0,0.0,0.0,1.0,0.0,1.0,2.0,2.0,Junction,Exact,,4.0,,44.0,,,4
2006,March,Saturday,Night,Light,Front to side collision,0.0,0.0,1.0,0.0,0.0,1.0,0.0,1.0,2.0,2.0,Junction,Exact,,4.0,,,,,4
2006,February,Monday,Night,Light,Hit an object,0.0,0.0,1.0,0.0,0.0,1.0,0.0,1.0,1.0,1.0,Junction,Exact,,4.0,,5.0,,,4
2006,February,Friday,Night,Light,Front to side collision,0.0,0.0,4.0,0.0,1.0,3.0,0.0,4.0,2.0,2.0,Junction,Exact,,4.0,,44.0,,,4
2006,June,Friday,Night,Light,Front to side collision,0.0,0.0,4.0,0.0,0.0,4.0,0.0,4.0,2.0,2.0,Junction,Exact,,4.0,,44.0,,,4
2006,July,Saturday,Night,Light,Front to side collision,0.0,0.0,3.0,0.0,0.0,3.0,0.0,3.0,3.0,3.0,Junction,Exact,,4.0,,,,,4
2006,September,Friday,Night,Light,Front to side collision,0.0,0.0,6.0,0.0,2.0,4.0,0.0,6.0,2.0,2.0,Junction,Exact,,4.0,,7.0,41.0,,4
2006,October,Friday,Night,Light,Front to side collision,0.0,0.0,4.0,0.0,1.0,3.0,0.0,4.0,2.0,2.0,Junction,Exact,,4.0,,5.0,,,4
2006,October,Saturday,Night,Light,Roll over,0.0,0.0,1.0,0.0,1.0,0.0,0.0,1.0,1.0,1.0,Junction,Exact,,4.0,,5.0,,,4
2006,May,Sunday,Night,Light,Front to side collision,0.0,0.0,5.0,0.0,0.0,5.0,0.0,5.0,2.0,2.0,Junction,Exact,,4.0,,,,,4
2006,December,Saturday,Night,Light,Front to side collision,0.0,0.0,1.0,0.0,0.0,1.0,0.0,1.0,2.0,2.0,Junction,Exact,,4.0,,551.0,,,4
2006,February,Friday,Night,Severe,Front to rear collision,0.0,1.0,3.0,0.0,3.0,1.0,0.0,4.0,2.0,2.0,Junction,Exact,,4.0,,44.0,,,4
2006,April,Tuesday,Night,Light,Front to side collision,0.0,0.0,1.0,0.0,0.0,1.0,0.0,1.0,2.0,2.0,Junction,Exact,,4.0,,3711.0,,,4
2006,March,Saturday,Night,Light,Front to side collision,0.0,0.0,4.0,0.0,0.0,4.0,0.0,4.0,2.0,2.0,Junction,Exact,,4.0,,7.0,41.0,,4
2006,June,Saturday,Night,Severe,Hit an object,0.0,1.0,2.0,0.0,0.0,3.0,0.0,3.0,1.0,1.0,Junction,Exact,,4.0,,44.0,,,4
2006,August,Saturday,Night,Light,Hit an object,0.0,0.0,1.0,0.0,0.0,1.0,0.0,1.0,1.0,1.0,Junction,Exact,,4.0,,,,,4
2006,June,Saturday,Day,Light,Front to side collision,0.0,0.0,2.0,0.0,0.0,2.0,0.0,2.0,2.0,2.0,Junction,Exact,,4.0,,5.0,,,4
2006,January,Sunday,Night,Light,Other,0.0,0.0,1.0,0.0,0.0,1.0,0.0,1.0,3.0,3.0,Junction,Exact,,4.0,,44.0,,,4
2006,October,Sunday,Day,Light,Front to side collision,0.0,0.0,1.0,0.0,0.0,1.0,0.0,1.0,2.0,2.0,Junction,Exact,,4.0,,5.0,,,4