year,month,day_of_week,day_night,accident_severity,accident_type,killed,severly_injured,lightly_injured,injured_pedestrians,casualties_ages_0-19,casualties_ages_20-64,casualties_ages_65_plus,total_casualties,vehicle_count,drivers,road_type,localization_quality,settlement,road1,location,road2,road3,road4,source_road
2008,July,Monday,Day,Light,Front to side collision,0.0,0.0,3.0,0.0,1.0,2.0,0.0,3.0,2.0,2.0,Not junction,Exact,,4.0,63.1,,,,4
2008,September,Monday,Day,Light,Front to rear collision,0.0,0.0,2.0,0.0,0.0,2.0,0.0,2.0,3.0,3.0,Not junction,Centered,,4.0,115.0,,,,4
2008,June,Monday,Day,Light,Front to side collision,0.0,0.0,1.0,0.0,0.0,1.0,0.0,1.0,2.0,2.0,Not junction,Exact,,4.0,121.2,,,,4
2008,August,Tuesday,Day,Fatal,Front to side collision,1.0,1.0,2.0,0.0,0.0,2.0,2.0,4.0,3.0,3.0,Not junction,Exact,,4.0,64.1,,,,4
2008,October,Thursday,Day,Light,Front to rear collision,0.0,0.0,1.0,0.0,0.0,1.0,0.0,1.0,2.0,2.0,Not junction,Centered,,4.0,110.0,,,,4
2008,April,Tuesday,Day,Light,Front to rear collision,0.0,0.0,2.0,0.0,0.0,2.0,0.0,2.0,4.0,4.0,Not junction,Exact,,4.0,118.7,,,,4
2008,March,Friday,Day,Light,Hit an object,0.0,0.0,1.0,0.0,0.0,1.0,0.0,1.0,1.0,1.0,Not junction,Exact,,4.0,98.2,,,,4
2008,January,Monday,Day,Light,Front to side collision,0.0,0.0,2.0,0.0,0.0,2.0,0.0,2.0,2.0,2.0,Not junction,Exact,,4.0,122.4,,,,4
2008,June,Sunday,Day,Fatal,Front to rear collision,1.0,0.0,0.0,0.0,0.0,1.0,0.0,1.0,2.0,2.0,Not junction,Exact,,4.0,106.5,,,,4
2008,April,Wednesday,Day,Severe,Front to rear collision,0.0,1.0,2.0,0.0,0.0,3.0,0.0,3.0,2.0,2.0,Not junction,Exact,,4.0,104.0,,,,4
2008,October,Saturday,Day,Light,Hit an object,0.0,0.0,2.0,0.0,0.0,2.0,0.0,2.0,1.0,1.0,Not junction,Exact,,4.0,93.0,,,,4
2008,December,Friday,Day,Light,Front to side collision,0.0,0.0,1.0,0.0,1.0,0.0,0.0,1.0,2.0,2.0,Not junction,Exact,,4.0,102.0,,,,4
2008,February,Friday,Day,Light,Hit an object,0.0,0.0,1.0,0.0,0.0,1.0,0.0,1.0,1.0,1.0,Not junction,Exact,,4.0,115.4,,,,4
2008,March,Thursday,Day,Light,Front to side collision,0.0,0.0,2.0,0.0,0.0,2.0,0.0,2.0,2.0,2.0,Not junction,Exact,,4.0,111.2,,,,4
2008,September,Tuesday,Day,Light,Side to side collision,0.0,0.0,1.0,0.0,0.0,1.0,0.0,1.0,2.0,2.0,Not junction,Centered,,4.0,117.0,,,,4
2008,February,Wednesday,Day,Light,Drive off road or on paveway,0.0,0.0,2.0,0.0,0.0,1.0,1.0,2.0,2.0,2.0,Not junction,Exact,,4.0,136.1,,,,4
2008,March,Thursday,Day,Light,Side to side collision,0.0,0.0,2.0,0.0,0.0,1.0,1.0,2.0,5.0,5.0,Not junction,Exact,,4.0,116.4,,,,4
2008,October,Tuesday,Day,Light,Front to side collision,0.0,0.0,1.0,0.0,0.0,1.0,0.0,1.0,2.0,2.0,Not junction,Exact,,4.0,91.0,,,,4
2008,July,Sunday,Day,Light,Front to side collision,0.0,0.0,1.0,0.0,0.0,0.0,1.0,1.0,2.0,2.0,Not junction,Centered,,4.0,119.0,,,,4
2008,August,Tuesday,Day,Light,Front to side collision,0.0,0.0,1.0,0.0,0.0,1.0,0.0,1.0,2.0,2.0,Not junction,Centered,,4.0,120.0,,,,4
2008,September,Monday,Day,Light,Front to rear collision,0.0,0.0,3.0,0.0,0.0,3.0,0.0,3.0,3.0,3.0,Not junction,Centered,,4.0,115.0,,,,4
2008,February,Wednesday,Day,Light,Front to rear collision,0.0,0.0,2.0,0.0,0.0,2.0,0.0,2.0,3.0,3.0,Not junction,Exact,,4.0,132.1,,,,4
2008,January,Friday,Day,Light,Front to side collision,0.0,0.0,5.0,0.0,0.0,5.0,0.0,5.0,7.0,7.0,Not junction,Exact,,4.0,119.1,,,,4
2008,September,Friday,Day,Light,Front to side collision,0.0,0.0,1.0,0.0,0.0,1.0,0.0,1.0,2.0,2.0,Not junction,Exact,,4.0,112.2,,,,4
2008,September,Saturday,Day,Light,Front to side collision,0.0,0.0,1.0,0.0,0.0,1.0,0.0,1.0,2.0,2.0,Not junction,Exact,,4.0,112.2,,,,4
2008,December,Tuesday,Day,Light,Front to side collision,0.0,0.0,1.0,0.0,0.0,1.0,0.0,1.0,2.0,2.0,Not junction,Exact,,4.0,118.1,,,,4
2008,August,Sunday,Day,Light,Front to rear collision,0.0,0.0,1.0,0.0,0.0,1.0,0.0,1.0,3.0,3.0,Not junction,Exact,,4.0,109.3,,,,4
2008,September,Tuesday,Day,Light,Front to side collision,0.0,0.0,3.0,0.0,0.0,3.0,0.0,3.0,3.0,3.0,Not junction,Exact,,4.0,63.1,,,,4
2008,January,Monday,Day,Light,Front to side collision,0.0,0.0,3.0,0.0,1.0,2.0,0.0,3.0,2.0,2.0,Not junction,Exact,,4.0,58.3,,,,4
2008,July,Sunday,Day,Light,Front to side collision,0.0,0.0,4.0,0.0,1.0,3.0,0.0,4.0,2.0,2.0,Not junction,Exact,,4.0,63.1,,,,4
2008,June,Wednesday,Day,Light,Front to side collision,0.0,0.0,1.0,0.0,0.0,1.0,0.0,1.0,2.0,2.0,Not junction,Centered,,4.0,122.0,,,,4
2008,October,Thursday,Day,Light,Roll over,0.0,0.0,1.0,0.0,0.0,1.0,0.0,1.0,1.0,1.0,Not junction,Exact,,4.0,101.0,,,,4
2008,April,Sunday,Day,Light,Front to side collision,0.0,0.0,1.0,0.0,0.0,1.0,0.0,1.0,2.0,2.0,Not junction,Exact,,4.0,103.4,,,,4
2008,May,Thursday,Day,Light,Front to side collision,0.0,0.0,2.0,0.0,0.0,2.0,0.0,2.0,3.0,3.0,Not junction,Centered,,4.0,119.0,,,,4
2008,August,Sunday,Day,Light,Front to rear collision,0.0,0.0,3.0,0.0,0.0,3.0,0.0,3.0,2.0,2.0,Not junction,Exact,,4.0,118.1,,,,4
2008,November,Friday,Day,Light,Front end collision,0.0,0.0,2.0,0.0,1.0,1.0,0.0,2.0,2.0,2.0,Not junction,Centered,,4.0,108.0,,,,4
2008,August,Tuesday,Day,Light,Front to side collision,0.0,0.0,3.0,0.0,1.0,2.0,0.0,3.0,3.0,3.0,Not junction,Exact,,4.0,110.0,,,,4
2008,December,Thursday,Day,Light,Drive off road or on paveway,0.0,0.0,1.0,0.0,0.0,0.0,0.0,1.0,1.0,1.0,Not junction,Exact,,4.0,127.5,,,,4
2008,April,Saturday,Day,Severe,Roll over,0.0,1.0,3.0,0.0,0.0,4.0,0.0,4.0,1.0,1.0,Not junction,Exact,,4.0,57.1,,,,4
2008,April,Wednesday,Day,Light,Front to rear collision,0.0,0.0,6.0,0.0,1.0,5.0,0.0,6.0,4.0,4.0,Not junction,Exact,,4.0,135.1,,,,4
2008,October,Monday,Day,Light,Other,0.0,0.0,1.0,0.0,0.0,1.0,0.0,1.0,2.0,2.0,Not junction,Exact,,4.0,119.0,,,,4
2008,August,Saturday,Day,Light,Roll over,0.0,0.0,1.0,0.0,1.0,0.0,0.0,1.0,1.0,1.0,Not junction,Exact,,4.0,76.2,,,,4
2008,July,Sunday,Day,Light,Front to side collision,0.0,0.0,2.0,0.0,0.0,2.0,0.0,2.0,2.0,2.0,Not junction,Exact,,4.0,115.0,,,,4
2008,June,Sunday,Day,Light,Front to side collision,0.0,0.0,1.0,0.0,0.0,1.0,0.0,1.0,2.0,2.0,Not junction,Centered,,4.0,108.0,,,,4
2008,February,Tuesday,Day,Light,Front to side collision,0.0,0.0,2.0,0.0,0.0,2.0,0.0,2.0,3.0,3.0,Not junction,Exact,,4.0,101.1,,,,4
2008,May,Sunday,Day,Light,Hit an object,0.0,0.0,1.0,0.0,1.0,0.0,0.0,1.0,1.0,1.0,Not junction,Exact,,4.0,115.0,,,,4
2008,May,Saturday,Day,Light,Roll over,0.0,0.0,2.0,0.0,0.0,2.0,0.0,2.0,1.0,1.0,Not junction,Exact,,4.0,77.5,,,,4
2008,April,Tuesday,Day,Light,Slip,0.0,0.0,1.0,0.0,0.0,1.0,0.0,1.0,1.0,1.0,Not junction,Centered,,4.0,119.0,,,,4
2008,June,Tuesday,Day,Light,Side to side collision,0.0,0.0,1.0,0.0,0.0,1.0,0.0,1.0,2.0,2.0,Not junction,Centered,,4.0,115.0,,,,4
2008,October,Wednesday,Night,Light,Front to side collision,0.0,0.0,1.0,0.0,0.0,1.0,0.0,1.0,2.0,2.0,Not junction,Exact,,4.0,119.1,,,,4
2008,March,Monday,Day,Light,Front to rear collision,0.0,0.0,1.0,0.0,0.0,1.0,0.0,1.0,2.0,2.0,Not junction,Exact,,4.0,118.1,,,,4
2008,January,Sunday,Night,Light,Front to rear collision,0.0,0.0,1.0,0.0,0.0,1.0,0.0,1.0,3.0,3.0,Not junction,Exact,,4.0,105.1,,,,4
2008,July,Wednesday,Day,Light,Side to side collision,0.0,0.0,1.0,0.0,0.0,1.0,0.0,1.0,2.0,2.0,Not junction,Exact,,4.0,117.0,,,,4
2008,May,Thursday,Day,Severe,Side to side collision,0.0,1.0,1.0,0.0,0.0,2.0,0.0,2.0,2.0,2.0,Not junction,Exact,,4.0,115.4,,,,4
2008,August,Wednesday,Day,Severe,Front to rear collision,0.0,1.0,1.0,0.0,0.0,0.0,2.0,2.0,2.0,2.0,Not junction,Exact,,4.0,110.5,,,,4
2008,September,Sunday,Day,Light,Front to side collision,0.0,0.0,1.0,0.0,0.0,1.0,0.0,1.0,2.0,2.0,Not junction,Centered,,4.0,115.0,,,,4
2008,July,Wednesday,Day,Light,Front to side collision,0.0,0.0,4.0,0.0,2.0,2.0,0.0,4.0,2.0,2.0,Not junction,Centered,,4.0,117.0,,,,4
2008,May,Tuesday,Day,Light,Front to side collision,0.0,0.0,1.0,0.0,0.0,1.0,0.0,1.0,2.0,2.0,Not junction,Exact,,4.0,115.4,,,,4
2008,April,Wednesday,Day,Light,Front to rear collision,0.0,0.0,1.0,0.0,0.0,1.0,0.0,1.0,3.0,3.0,Not junction,Centered,,4.0,117.0,,,,4
2008,April,Wednesday,Day,Light,Front to rear collision,0.0,0.0,5.0,0.0,2.0,3.0,0.0,5.0,3.0,3.0,Not junction,Exact,,4.0,115.5,,,,4
2008,January,Wednesday,Night,Light,Front to rear collision,0.0,0.0,1.0,0.0,0.0,1.0,0.0,1.0,3.0,3.0,Not junction,Centered,,4.0,115.0,,,,4
2008,November,Tuesday,Night,Light,Front to rear collision,0.0,0.0,1.0,0.0,0.0,1.0,0.0,1.0,3.0,3.0,Not junction,Exact,,4.0,136.0,,,,4
2008,April,Wednesday,Day,Light,Side to side collision,0.0,0.0,1.0,0.0,0.0,1.0,0.0,1.0,2.0,2.0,Not junction,Centered,,4.0,119.0,,,,4
2008,September,Sunday,Day,Light,Side to side collision,0.0,0.0,9.0,0.0,5.0,4.0,0.0,9.0,3.0,3.0,Not junction,Exact,,4.0,110.7,,,,4
2008,January,Thursday,Night,Fatal,Pedestrian,1.0,0.0,0.0,1.0,0.0,0.0,1.0,1.0,1.0,1.0,Not junction,Exact,,4.0,77.3,,,,4
2008,June,Monday,Day,Light,Front to side collision,0.0,0.0,3.0,0.0,0.0,3.0,0.0,3.0,2.0,2.0,Not junction,Exact,,4.0,119.1,,,,4
2008,November,Wednesday,Night,Light,Front to rear collision,0.0,0.0,2.0,0.0,0.0,2.0,0.0,2.0,3.0,3.0,Not junction,Exact,,4.0,119.4,,,,4
2008,August,Saturday,Day,Severe,Front to rear collision,0.0,2.0,0.0,0.0,0.0,2.0,0.0,2.0,2.0,2.0,Not junction,Exact,,4.0,120.5,,,,4
2008,January,Thursday,Night,Light,Front to side collision,0.0,0.0,3.0,0.0,0.0,3.0,0.0,3.0,2.0,2.0,Not junction,Exact,,4.0,54.1,,,,4
2008,April,Tuesday,Day,Light,Side to side collision,0.0,0.0,1.0,0.0,0.0,1.0,0.0,1.0,2.0,2.0,Not junction,Centered,,4.0,116.0,,,,4
2008,January,Thursday,Night,Light,Side to side collision,0.0,0.0,1.0,0.0,0.0,1.0,0.0,1.0,2.0,2.0,Not junction,Centered,,4.0,117.0,,,,4
2008,September,Wednesday,Night,Light,Side to side collision,0.0,0.0,1.0,0.0,0.0,1.0,0.0,1.0,2.0,2.0,Not junction,Exact,,4.0,100.0,,,,4
2008,December,Wednesday,Night,Light,Front to side collision,0.0,0.0,1.0,0.0,0.0,1.0,0.0,1.0,2.0,2.0,Not junction,Exact,,4.0,119.1,,,,4
2008,March,Thursday,Night,Light,Front to rear collision,0.0,0.0,5.0,0.0,1.0,4.0,0.0,5.0,4.0,4.0,Not junction,Centered,,4.0,108.0,,,,4
2008,September,Wednesday,Night,Fatal,Pedestrian,1.0,0.0,1.0,1.0,0.0,1.0,1.0,2.0,1.0,1.0,Not junction,Centered,,4.0,108.0,,,,4
2008,June,Tuesday,Night,Light,Front to rear collision,0.0,0.0,3.0,0.0,1.0,1.0,1.0,3.0,2.0,2.0,Not junction,Centered,,4.0,119.0,,,,4
2008,June,Tuesday,Night,Light,Front to rear collision,0.0,0.0,5.0,0.0,4.0,1.0,0.0,5.0,2.0,2.0,Not junction,Exact,,4.0,116.1,,,,4
2008,December,Sunday,Night,Light,Front to rear collision,0.0,0.0,3.0,0.0,0.0,1.0,2.0,3.0,2.0,2.0,Not junction,Exact,,4.0,115.1,,,,4
2008,January,Monday,Night,Light,Front to rear collision,0.0,0.0,5.0,0.0,1.0,4.0,0.0,5.0,3.0,3.0,Not junction,Exact,,4.0,116.5,,,,4
2008,July,Wednesday,Night,Light,Hit an object,0.0,0.0,2.0,0.0,1.0,1.0,0.0,2.0,1.0,1.0,Not junction,Exact,,4.0,113.0,,,,4
2008,October,Tuesday,Night,Light,Front to rear collision,0.0,0.0,5.0,0.0,3.0,2.0,0.0,5.0,3.0,3.0,Not junction,Exact,,4.0,97.0,,,,4
2008,February,Thursday,Night,Fatal,Pedestrian,1.0,0.0,0.0,1.0,0.0,1.0,0.0,1.0,1.0,1.0,Not junction,Exact,,4.0,134.1,,,,4
2008,March,Friday,Night,Severe,Pedestrian,0.0,1.0,0.0,1.0,0.0,1.0,0.0,1.0,1.0,1.0,Not junction,Exact,,4.0,119.0,,,,4
2008,December,Thursday,Night,Light,Front to side collision,0.0,0.0,3.0,0.0,0.0,3.0,0.0,3.0,2.0,2.0,Not junction,Exact,,4.0,102.0,,,,4
2008,January,Friday,Night,Light,Front to rear collision,0.0,0.0,1.0,0.0,0.0,1.0,0.0,1.0,3.0,3.0,Not junction,Centered,,4.0,119.0,,,,4
2008,September,Friday,Night,Severe,Hit an object,0.0,1.0,0.0,0.0,0.0,1.0,0.0,1.0,1.0,1.0,Not junction,Exact,,4.0,78.5,,,,4
2008,October,Wednesday,Night,Severe,Roll over,0.0,1.0,0.0,0.0,0.0,0.0,1.0,1.0,1.0,1.0,Not junction,Exact,,4.0,67.1,,,,4
2008,September,Sunday,Night,Light,Front to side collision,0.0,0.0,2.0,0.0,0.0,2.0,0.0,2.0,4.0,4.0,Not junction,Exact,,4.0,122.8,,,,4
2008,April,Monday,Night,Light,Side to side collision,0.0,0.0,3.0,0.0,0.0,1.0,2.0,3.0,2.0,2.0,Not junction,Centered,,4.0,110.0,,,,4
2008,March,Monday,Night,Light,Front to rear collision,0.0,0.0,4.0,0.0,0.0,2.0,2.0,4.0,3.0,3.0,Not junction,Exact,,4.0,133.5,,,,4
2008,March,Tuesday,Night,Fatal,Pedestrian,1.0,0.0,2.0,1.0,0.0,3.0,0.0,3.0,1.0,1.0,Not junction,Exact,,4.0,69.5,,,,4
2008,January,Thursday,Night,Light,Front to rear collision,0.0,0.0,4.0,0.0,1.0,3.0,0.0,4.0,2.0,2.0,Not junction,Exact,,4.0,97.1,,,,4
2008,June,Monday,Night,Light,Front to rear collision,0.0,0.0,1.0,0.0,0.0,1.0,0.0,1.0,2.0,2.0,Not junction,Centered,,4.0,112.0,,,,4
2009,October,Wednesday,Night,Light,Front to rear collision,0.0,0.0,2.0,0.0,0.0,1.0,1.0,2.0,3.0,3.0,Junction,Exact,,4.0,,20.0,,,4
2009,May,Friday,Night,Light,Slip,0.0,0.0,1.0,0.0,0.0,1.0,0.0,1.0,1.0,1.0,Junction,Exact,,4.0,,42.0,,,4
2009,August,Sunday,Night,Light,Front to side collision,0.0,0.0,4.0,0.0,2.0,2.0,0.0,4.0,2.0,2.0,Junction,Exact,,4.0,,5.0,,,4
2009,August,Thursday,Night,Light,Front to side collision,0.0,0.0,3.0,0.0,0.0,2.0,1.0,3.0,2.0,2.0,Junction,Exact,,4.0,,,,,4
2009,August,Friday,Night,Light,Front to side collision,0.0,0.0,5.0,0.0,3.0,1.0,1.0,5.0,3.0,3.0,Junction,Exact,,4.0,,5.0,,,4
2009,February,Wednesday,Night,Light,Front to rear collision,0.0,0.0,2.0,0.0,0.0,2.0,0.0,2.0,5.0,5.0,Junction,Exact,,4.0,,402.0,,,4
2009,December,Sunday,Night,Light,Front to rear collision,0.0,0.0,1.0,0.0,0.0,1.0,0.0,1.0,2.0,2.0,Junction,Exact,,4.0,,3711.0,,,4
2009,January,Saturday,Night,Light,Front to side collision,0.0,0.0,2.0,0.0,0.0,2.0,0.0,2.0,2.0,2.0,Junction,Exact,,4.0,,402.0,,,4
2009,January,Saturday,Night,Light,Front to side collision,0.0,0.0,3.0,0.0,0.0,3.0,0.0,3.0,2.0,2.0,Junction,Exact,,4.0,,461.0,,,4
2009,November,Friday,Night,Light,Side to side collision,0.0,0.0,5.0,0.0,2.0,3.0,0.0,5.0,2.0,2.0,Junction,Exact,,4.0,,5.0,,,4
2009,August,Tuesday,Night,Light,Front to side collision,0.0,0.0,3.0,0.0,2.0,1.0,0.0,3.0,2.0,2.0,Junction,Exact,,4.0,,,,,4
2009,March,Sunday,Night,Light,Front to side collision,0.0,0.0,1.0,0.0,0.0,1.0,0.0,1.0,2.0,2.0,Junction,Exact,,4.0,,44.0,,,4
2009,April,Wednesday,Night,Light,Front to side collision,0.0,0.0,4.0,0.0,2.0,2.0,0.0,4.0,2.0,2.0,Junction,Exact,,4.0,,,,,4
2009,November,Friday,Night,Light,Front to side collision,0.0,0.0,2.0,0.0,0.0,2.0,0.0,2.0,2.0,2.0,Junction,Exact,,4.0,,402.0,,,4
2009,September,Monday,Night,Severe,Front to side collision,0.0,1.0,4.0,0.0,0.0,5.0,0.0,5.0,2.0,2.0,Junction,Exact,,4.0,,5.0,,,4
2009,June,Sunday,Day,Light,Side to side collision,0.0,0.0,2.0,0.0,0.0,1.0,1.0,2.0,2.0,2.0,Junction,Exact,,4.0,,5.0,,,4
2009,November,Monday,Night,Light,Front to side collision,0.0,0.0,1.0,0.0,0.0,1.0,0.0,1.0,2.0,2.0,Junction,Exact,,4.0,,461.0,,,4
2009,October,Thursday,Day,Light,Front to side collision,0.0,0.0,1.0,0.0,0.0,1.0,0.0,1.0,2.0,2.0,Junction,Exact,,4.0,,,,,4
2009,March,Thursday,Day,Light,Front to side collision,0.0,0.0,1.0,0.0,0.0,1.0,0.0,1.0,2.0,2.0,Junction,Exact,,4.0,,461.0,,,4
2009,March,Friday,Day,Light,Slip,0.0,0.0,1.0,0.0,0.0,1.0,0.0,1.0,1.0,1.0,Junction,Exact,,4.0,,44.0,,,4
2009,August,Thursday,Day,Light,Front to side collision,0.0,0.0,5.0,0.0,1.0,4.0,0.0,5.0,2.0,2.0,Junction,Exact,,4.0,,553.0,,,4
2009,February,Saturday,Day,Light,Roll over,0.0,0.0,1.0,0.0,0.0,1.0,0.0,1.0,1.0,1.0,Junction,Exact,,4.0,,44.0,,,4
2009,March,Tuesday,Day,Light,Front to side collision,0.0,0.0,1.0,0.0,0.0,1.0,0.0,1.0,2.0,2.0,Junction,Exact,,4.0,,4612.0,,,4
2009,February,Sunday,Day,Light,Front to side collision,0.0,0.0,1.0,0.0,0.0,1.0,0.0,1.0,2.0,2.0,Junction,Exact,,4.0,,3411.0,,,4
2009,January,Thursday,Day,Light,Slip,0.0,0.0,1.0,0.0,0.0,1.0,0.0,1.0,1.0,1.0,Junction,Exact,,4.0,,44.0,,,4
2009,November,Monday,Day,Light,Front to rear collision,0.0,0.0,5.0,0.0,1.0,4.0,0.0,5.0,6.0,6.0,Junction,Exact,,4.0,,,,,4
2009,March,Tuesday,Day,Light,Side to side collision,0.0,0.0,1.0,0.0,0.0,1.0,0.0,1.0,2.0,2.0,Junction,Exact,,4.0,,,,,4
2009,October,Monday,Day,Light,Front to rear collision,0.0,0.0,1.0,0.0,0.0,1.0,0.0,1.0,2.0,2.0,Junction,Exact,,4.0,,,,,4
2009,October,Monday,Day,Light,Pedestrian,0.0,0.0,1.0,1.0,1.0,0.0,0.0,1.0,1.0,1.0,Junction,Exact,,4.0,,481.0,,,4
2009,July,Saturday,Day,Light,Front end collision,0.0,0.0,3.0,0.0,0.0,3.0,0.0,3.0,2.0,2.0,Junction,Exact,,4.0,,5.0,,,4
2009,May,Thursday,Day,Light,Front to rear collision,0.0,0.0,1.0,0.0,0.0,1.0,0.0,1.0,2.0,2.0,Junction,Exact,,1.0,,4.0,,,4
2009,April,Monday,Day,Light,Slip,0.0,0.0,2.0,0.0,0.0,2.0,0.0,2.0,1.0,1.0,Junction,Exact,,4.0,,44.0,,,4
2009,July,Friday,Day,Light,Slip,0.0,0.0,1.0,0.0,0.0,1.0,0.0,1.0,1.0,1.0,Junction,Exact,,4.0,,20.0,,,4
2009,November,Tuesday,Day,Light,Front to side collision,0.0,0.0,1.0,0.0,0.0,1.0,0.0,1.0,2.0,2.0,Junction,Exact,,4.0,,44.0,,,4
2009,September,Thursday,Day,Light,Hit an object,0.0,0.0,2.0,0.0,0.0,2.0,0.0,2.0,1.0,1.0,Junction,Exact,,4.0,,44.0,,,4
2009,January,Tuesday,Day,Light,Front to side collision,0.0,0.0,1.0,0.0,0.0,1.0,0.0,1.0,2.0,2.0,Junction,Exact,,4.0,,44.0,,,4
2009,January,Monday,Day,Light,Side to side collision,0.0,0.0,1.0,0.0,0.0,1.0,0.0,1.0,2.0,2.0,Junction,Exact,,4.0,,4612.0,,,4
2009,August,Wednesday,Day,Light,Other,0.0,0.0,1.0,0.0,0.0,1.0,0.0,1.0,1.0,1.0,Junction,Exact,,4.0,,4111.0,,,4
2009,September,Tuesday,Day,Light,Front to side collision,0.0,0.0,1.0,0.0,0.0,0.0,1.0,1.0,3.0,3.0,Junction,Exact,,4.0,,5.0,,,4
2009,September,Wednesday,Day,Light,Side to side collision,0.0,0.0,1.0,0.0,0.0,1.0,0.0,1.0,2.0,2.0,Junction,Exact,,4.0,,461.0,,,4
2009,March,Tuesday,Day,Light,Front to side collision,0.0,0.0,1.0,0.0,0.0,1.0,0.0,1.0,2.0,2.0,Junction,Exact,,4.0,,44.0,,,4
2009,August,Wednesday,Day,Light,Hit an object,0.0,0.0,5.0,0.0,4.0,1.0,0.0,5.0,1.0,1.0,Junction,Exact,,1.0,,4.0,,,4
2009,August,Wednesday,Day,Light,Front to side collision,0.0,0.0,3.0,0.0,1.0,2.0,0.0,3.0,2.0,2.0,Junction,Exact,,4.0,,35.0,,,4
2009,September,Monday,Day,Severe,Front to side collision,0.0,1.0,0.0,0.0,0.0,1.0,0.0,1.0,2.0,2.0,Junction,Exact,,4.0,,,,,4
2009,January,Wednesday,Day,Light,Front to side collision,0.0,0.0,2.0,0.0,0.0,2.0,0.0,2.0,4.0,4.0,Junction,Exact,,4.0,,5.0,,,4
2009,April,Saturday,Day,Light,Front to side collision,0.0,0.0,3.0,0.0,0.0,3.0,0.0,3.0,2.0,2.0,Junction,Exact,,4.0,,481.0,,,4
2009,August,Thursday,Day,Light,Hit an object,0.0,0.0,1.0,0.0,0.0,1.0,0.0,1.0,1.0,1.0,Junction,Exact,,4.0,,5.0,,,4
2009,February,Sunday,Day,Light,Front to side collision,0.0,0.0,1.0,0.0,0.0,1.0,0.0,1.0,2.0,2.0,Junction,Exact,,4.0,,461.0,,,4
2009,July,Tuesday,Day,Light,Front to side collision,0.0,0.0,2.0,0.0,0.0,2.0,0.0,2.0,2.0,2.0,Junction,Exact,,4.0,,481.0,,,4
2009,March,Thursday,Day,Light,Front to rear collision,0.0,0.0,4.0,0.0,3.0,1.0,0.0,4.0,4.0,4.0,Junction,Exact,,4.0,,461.0,,,4
2009,February,Tuesday,Day,Light,Front to side collision,0.0,0.0,4.0,0.0,1.0,3.0,0.0,4.0,4.0,4.0,Junction,Exact,,1.0,,4.0,,,4
2009,August,Monday,Day,Severe,Front to rear collision,0.0,1.0,1.0,0.0,0.0,1.0,1.0,2.0,2.0,2.0,Junction,Exact,,4.0,,4111.0,,,4
2009,September,Sunday,Day,Severe,Side to side collision,0.0,1.0,3.0,0.0,0.0,4.0,0.0,4.0,2.0,2.0,Junction,Exact,,4.0,,5.0,,,4
2009,June,Tuesday,Day,Light,Front to side collision,0.0,0.0,1.0,0.0,0.0,1.0,0.0,1.0,2.0,2.0,Junction,Exact,,4.0,,3411.0,,,4
2009,July,Monday,Day,Light,Front to side collision,0.0,0.0,1.0,0.0,0.0,1.0,0.0,1.0,2.0,2.0,Junction,Exact,,4.0,,44.0,,,4
2009,January,Sunday,Day,Light,Front to rear collision,0.0,0.0,1.0,0.0,0.0,1.0,0.0,1.0,2.0,2.0,Junction,Exact,,1.0,,4.0,,,4
2009,September,Saturday,Day,Light,Front to side collision,0.0,0.0,1.0,0.0,0.0,1.0,0.0,1.0,2.0,2.0,Junction,Exact,,4.0,,481.0,,,4
2009,April,Monday,Day,Light,Front to side collision,0.0,0.0,1.0,0.0,0.0,1.0,0.0,1.0,2.0,2.0,Junction,Exact,,4.0,,481.0,,,4
2009,December,Sunday,Day,Light,Front to side collision,0.0,0.0,4.0,0.0,0.0,4.0,0.0,4.0,2.0,2.0,Junction,Exact,,4.0,,44.0,,,4
2009,January,Saturday,Day,Light,Hit an object,0.0,0.0,3.0,0.0,2.0,1.0,0.0,3.0,2.0,2.0,Junction,Exact,,4.0,,44.0,,,4
2009,July,Wednesday,Day,Light,Front to side collision,0.0,0.0,1.0,0.0,0.0,1.0,0.0,1.0,2.0,2.0,Junction,Exact,,1.0,,4.0,,,4
2009,July,Friday,Day,Light,Front to side collision,0.0,0.0,1.0,0.0,0.0,1.0,0.0,1.0,2.0,2.0,Junction,Exact,,4.0,,461.0,,,4
2009,March,Thursday,Day,Light,Front to side collision,0.0,0.0,2.0,0.0,0.0,2.0,0.0,2.0,2.0,2.0,Junction,Exact,,4.0,,,,,4
2009,January,Tuesday,Day,Light,Side to side collision,0.0,0.0,3.0,0.0,0.0,3.0,0.0,3.0,2.0,2.0,Junction,Exact,,4.0,,461.0,,,4
2009,October,Friday,Day,Light,Front to side collision,0.0,0.0,3.0,0.0,0.0,3.0,0.0,3.0,2.0,2.0,Junction,Exact,,4.0,,5.0,,,4
2009,July,Friday,Day,Light,Front to side collision,0.0,0.0,2.0,0.0,0.0,1.0,1.0,2.0,2.0,2.0,Junction,Exact,,4.0,,481.0,,,4
2009,December,Thursday,Day,Light,Slip,0.0,0.0,1.0,0.0,0.0,1.0,0.0,1.0,1.0,1.0,Junction,Exact,,4.0,,,,,4
2009,May,Thursday,Day,Light,Front to rear collision,0.0,0.0,4.0,0.0,0.0,3.0,1.0,4.0,2.0,2.0,Junction,Exact,,4.0,,441.0,,,4
2009,August,Friday,Day,Light,Front to side collision,0.0,0.0,1.0,0.0,0.0,1.0,0.0,1.0,2.0,2.0,Junction,Exact,,4.0,,3714.0,,,4