year,month,day_of_week,day_night,accident_severity,accident_type,killed,severly_injured,lightly_injured,injured_pedestrians,casualties_ages_0-19,casualties_ages_20-64,casualties_ages_65_plus,total_casualties,vehicle_count,drivers,road_type,localization_quality,settlement,road1,location,road2,road3,road4,source_road
2011,November,Tuesday,Day,Light,Pedestrian,0.0,0.0,1.0,1.0,1.0,0.0,0.0,1.0,1.0,1.0,Not junction,Exact,,4.0,117.0,,,,4
2011,July,Thursday,Day,Light,Front to rear collision,0.0,0.0,3.0,0.0,0.0,2.0,1.0,3.0,5.0,5.0,Not junction,Exact,,4.0,122.0,,,,4
2011,August,Tuesday,Day,Light,Front to rear collision,0.0,0.0,1.0,0.0,0.0,1.0,0.0,1.0,2.0,2.0,Not junction,Exact,,4.0,119.0,,,,4
2011,April,Sunday,Day,Light,Front to rear collision,0.0,0.0,1.0,0.0,0.0,1.0,0.0,1.0,3.0,3.0,Not junction,Exact,,4.0,92.5,,,,4
2011,October,Wednesday,Day,Severe,Slip,0.0,1.0,0.0,0.0,0.0,1.0,0.0,1.0,1.0,1.0,Not junction,Exact,,4.0,110.0,,,,4
2011,July,Wednesday,Day,Light,Side to side collision,0.0,0.0,3.0,0.0,2.0,1.0,0.0,3.0,2.0,2.0,Not junction,Exact,,4.0,93.8,,,,4
2011,June,Tuesday,Day,Light,Roll over,0.0,0.0,1.0,0.0,0.0,1.0,0.0,1.0,1.0,1.0,Not junction,Exact,,4.0,93.0,,,,4
2011,November,Monday,Night,Severe,Hit an object,0.0,1.0,0.0,0.0,0.0,0.0,1.0,1.0,1.0,1.0,Not junction,Exact,,4.0,101.0,,,,4
2011,March,Sunday,Day,Light,Side to side collision,0.0,0.0,2.0,0.0,0.0,1.0,1.0,2.0,3.0,3.0,Not junction,Exact,,4.0,117.3,,,,4
2011,October,Sunday,Night,Severe,Hit an object,0.0,1.0,1.0,0.0,0.0,1.0,1.0,2.0,1.0,1.0,Not junction,Exact,,4.0,127.5,,,,4
2011,September,Tuesday,Day,Light,Front to side collision,0.0,0.0,3.0,0.0,0.0,3.0,0.0,3.0,2.0,2.0,Not junction,Exact,,4.0,65.0,,,,4
2011,June,Monday,Day,Light,Side to side collision,0.0,0.0,1.0,0.0,0.0,1.0,0.0,1.0,2.0,2.0,Not junction,Exact,,4.0,119.1,,,,4
2011,November,Wednesday,Night,Light,Side to side collision,0.0,0.0,1.0,0.0,0.0,1.0,0.0,1.0,2.0,2.0,Not junction,Exact,,4.0,117.0,,,,4
2011,October,Monday,Night,Light,Other,0.0,0.0,2.0,0.0,0.0,2.0,0.0,2.0,2.0,2.0,Not junction,Exact,,4.0,129.0,,,,4
2011,November,Sunday,Night,Severe,Front to rear collision,0.0,1.0,0.0,0.0,0.0,1.0,0.0,1.0,2.0,2.0,Not junction,Exact,,4.0,117.0,,,,4
2011,May,Thursday,Day,Light,Front to rear collision,0.0,0.0,6.0,0.0,1.0,5.0,0.0,6.0,4.0,4.0,Not junction,Exact,,4.0,92.5,,,,4
2011,August,Thursday,Day,Light,Side to side collision,0.0,0.0,2.0,0.0,0.0,2.0,0.0,2.0,2.0,2.0,Not junction,Exact,,4.0,133.0,,,,4
2011,January,Sunday,Night,Light,Front to rear collision,0.0,0.0,3.0,0.0,0.0,3.0,0.0,3.0,3.0,3.0,Not junction,Exact,,4.0,92.5,,,,4
2011,May,Tuesday,Day,Light,Side to side collision,0.0,0.0,1.0,0.0,0.0,1.0,0.0,1.0,2.0,2.0,Not junction,Centered,,4.0,117.0,,,,4
2011,September,Monday,Day,Light,Front end collision,0.0,0.0,1.0,0.0,0.0,1.0,0.0,1.0,2.0,2.0,Not junction,Exact,,4.0,140.0,,,,4
2011,March,Sunday,Night,Light,Other,0.0,0.0,1.0,0.0,0.0,1.0,0.0,1.0,1.0,1.0,Not junction,Exact,,4.0,130.0,,,,4
2011,March,Sunday,Night,Light,Other,0.0,0.0,1.0,0.0,0.0,1.0,0.0,1.0,1.0,1.0,Not junction,Exact,,4.0,130.0,,,,4
2011,January,Thursday,Night,Light,Front to rear collision,0.0,0.0,2.0,0.0,0.0,2.0,0.0,2.0,3.0,3.0,Not junction,Exact,,4.0,92.5,,,,4
2011,January,Saturday,Night,Light,Front to rear collision,0.0,0.0,5.0,0.0,2.0,3.0,0.0,5.0,2.0,2.0,Not junction,Exact,,4.0,92.5,,,,4
2011,November,Tuesday,Night,Light,Front to rear collision,0.0,0.0,6.0,0.0,0.0,5.0,1.0,6.0,3.0,3.0,Not junction,Exact,,4.0,80.0,,,,4
2011,December,Tuesday,Night,Light,Side to side collision,0.0,0.0,2.0,0.0,1.0,1.0,0.0,2.0,2.0,2.0,Not junction,Exact,,4.0,115.0,,,,4
2011,October,Wednesday,Night,Light,Roll over,0.0,0.0,3.0,0.0,0.0,3.0,0.0,3.0,1.0,1.0,Not junction,Exact,,4.0,119.0,,,,4
2011,July,Friday,Day,Light,Roll over,0.0,0.0,1.0,0.0,0.0,1.0,0.0,1.0,1.0,1.0,Not junction,Exact,,4.0,127.0,,,,4
2011,May,Sunday,Night,Light,Front to rear collision,0.0,0.0,1.0,0.0,0.0,1.0,0.0,1.0,3.0,3.0,Not junction,Exact,,4.0,94.0,,,,4
2011,January,Tuesday,Night,Light,Front to side collision,0.0,0.0,3.0,0.0,0.0,1.0,2.0,3.0,2.0,2.0,Not junction,Exact,,4.0,56.9,,,,4
2011,December,Thursday,Night,Light,Side to side collision,0.0,0.0,1.0,0.0,0.0,1.0,0.0,1.0,2.0,2.0,Not junction,Exact,,4.0,112.0,,,,4
2011,August,Friday,Night,Light,Front to side collision,0.0,0.0,2.0,0.0,0.0,2.0,0.0,2.0,2.0,2.0,Not junction,Exact,,4.0,63.0,,,,4
2011,January,Saturday,Night,Light,Slip,0.0,0.0,1.0,0.0,0.0,1.0,0.0,1.0,1.0,1.0,Not junction,Exact,,4.0,127.0,,,,4
2011,July,Monday,Night,Light,Front to rear collision,0.0,0.0,1.0,0.0,0.0,1.0,0.0,1.0,2.0,2.0,Not junction,Exact,,4.0,112.0,,,,4
2011,August,Saturday,Night,Light,Front to side collision,0.0,0.0,6.0,0.0,2.0,4.0,0.0,6.0,2.0,2.0,Not junction,Exact,,4.0,62.0,,,,4
2011,April,Sunday,Night,Light,Side to side collision,0.0,0.0,4.0,0.0,2.0,2.0,0.0,4.0,2.0,2.0,Not junction,Exact,,4.0,110.4,,,,4
2011,May,Monday,Night,Light,Front to rear collision,0.0,0.0,1.0,0.0,0.0,1.0,0.0,1.0,2.0,2.0,Not junction,Exact,,4.0,115.1,,,,4
2011,January,Thursday,Night,Light,Front to rear collision,0.0,0.0,3.0,0.0,1.0,2.0,0.0,3.0,3.0,3.0,Not junction,Exact,,4.0,96.0,,,,4
2011,September,Monday,Night,Light,Slip,0.0,0.0,1.0,0.0,0.0,1.0,0.0,1.0,1.0,1.0,Not junction,Exact,,4.0,139.0,,,,4
2011,May,Friday,Night,Light,Side to side collision,0.0,0.0,1.0,0.0,0.0,1.0,0.0,1.0,2.0,2.0,Not junction,Centered,,4.0,119.0,,,,4
2011,April,Tuesday,Night,Light,Hit an object,0.0,0.0,1.0,0.0,0.0,1.0,0.0,1.0,1.0,1.0,Not junction,Exact,,4.0,125.0,,,,4
2011,May,Monday,Night,Light,Other,0.0,0.0,1.0,0.0,0.0,1.0,0.0,1.0,1.0,1.0,Not junction,Exact,,4.0,124.0,,,,4
2011,May,Tuesday,Night,Light,Front to rear collision,0.0,0.0,6.0,0.0,0.0,5.0,1.0,6.0,3.0,3.0,Not junction,Exact,,4.0,87.0,,,,4
2011,July,Wednesday,Night,Light,Front to rear collision,0.0,0.0,1.0,0.0,0.0,1.0,0.0,1.0,2.0,2.0,Not junction,Exact,,4.0,112.0,,,,4
2011,December,Thursday,Night,Light,Roll over,0.0,0.0,1.0,0.0,0.0,1.0,0.0,1.0,1.0,1.0,Not junction,Exact,,4.0,127.0,,,,4
2011,June,Thursday,Night,Light,Side to side collision,0.0,0.0,1.0,0.0,0.0,0.0,1.0,1.0,2.0,2.0,Not junction,Exact,,4.0,110.0,,,,4
2012,April,Tuesday,Night,Light,Front to side collision,0.0,0.0,3.0,0.0,0.0,3.0,0.0,3.0,2.0,2.0,Junction,Exact,,4.0,,5.0,,,4
2012,November,Friday,Night,Light,Front to rear collision,0.0,0.0,2.0,0.0,0.0,2.0,0.0,2.0,2.0,2.0,Junction,Exact,,1.0,,4.0,,,4
2012,April,Friday,Night,Severe,Pedestrian,0.0,1.0,0.0,1.0,0.0,0.0,0.0,1.0,1.0,1.0,Junction,Exact,,4.0,,232.0,,,4
2012,August,Friday,Night,Light,Front to side collision,0.0,0.0,5.0,0.0,0.0,3.0,2.0,5.0,2.0,2.0,Junction,Exact,,4.0,,,,,4
2012,October,Friday,Night,Light,Slip,0.0,0.0,1.0,0.0,0.0,1.0,0.0,1.0,1.0,1.0,Junction,Exact,,4.0,,7.0,41.0,,4
2012,May,Sunday,Night,Light,Front to side collision,0.0,0.0,1.0,0.0,0.0,1.0,0.0,1.0,2.0,2.0,Junction,Exact,,4.0,,441.0,,,4
2012,March,Friday,Night,Light,Front to rear collision,0.0,0.0,1.0,0.0,0.0,1.0,0.0,1.0,2.0,2.0,Junction,Exact,,1.0,,4.0,,,4
2012,October,Friday,Night,Severe,Roll over,0.0,1.0,0.0,0.0,0.0,1.0,0.0,1.0,1.0,1.0,Junction,Exact,,1.0,,4.0,,,4
2012,May,Thursday,Day,Light,Side to side collision,0.0,0.0,1.0,0.0,0.0,0.0,1.0,1.0,2.0,2.0,Junction,Exact,,4.0,,42.0,,,4
2012,March,Friday,Day,Light,Front to side collision,0.0,0.0,1.0,0.0,0.0,1.0,0.0,1.0,2.0,2.0,Junction,Exact,,4.0,,531.0,,,4
2012,April,Wednesday,Day,Light,Front to side collision,0.0,0.0,1.0,0.0,0.0,1.0,0.0,1.0,2.0,2.0,Junction,Exact,,4.0,,,,,4
2012,July,Sunday,Day,Light,Side to side collision,0.0,0.0,1.0,0.0,0.0,1.0,0.0,1.0,2.0,2.0,Junction,Exact,,4.0,,431.0,,,4
2012,March,Friday,Day,Light,Front to side collision,0.0,0.0,2.0,0.0,0.0,2.0,0.0,2.0,2.0,2.0,Junction,Exact,,4.0,,3411.0,,,4
2012,October,Sunday,Day,Light,Side to side collision,0.0,0.0,1.0,0.0,0.0,1.0,0.0,1.0,2.0,2.0,Junction,Exact,,1.0,,4.0,,,4
2012,June,Wednesday,Day,Light,Front to rear collision,0.0,0.0,4.0,0.0,0.0,4.0,0.0,4.0,3.0,3.0,Junction,Exact,,1.0,,4.0,,,4
2012,July,Tuesday,Day,Light,Side to side collision,0.0,0.0,1.0,0.0,0.0,1.0,0.0,1.0,2.0,2.0,Junction,Exact,,1.0,,4.0,,,4
2012,May,Sunday,Day,Light,Front to side collision,0.0,0.0,3.0,0.0,0.0,2.0,1.0,3.0,2.0,2.0,Junction,Exact,,4.0,,5.0,,,4
2012,March,Thursday,Day,Light,Front to side collision,0.0,0.0,2.0,0.0,0.0,1.0,1.0,2.0,2.0,2.0,Junction,Exact,,4.0,,5.0,,,4
2012,June,Thursday,Day,Light,Roll over,0.0,0.0,1.0,0.0,0.0,1.0,0.0,1.0,2.0,2.0,Junction,Exact,,4.0,,5.0,,,4
2012,November,Saturday,Day,Light,Front to side collision,0.0,0.0,5.0,0.0,2.0,3.0,0.0,5.0,2.0,2.0,Junction,Exact,,4.0,,5511.0,,,4
2012,April,Monday,Day,Light,Roll over,0.0,0.0,1.0,0.0,0.0,1.0,0.0,1.0,2.0,2.0,Junction,Exact,,4.0,,431.0,,,4
2012,July,Sunday,Day,Light,Front to side collision,0.0,0.0,1.0,0.0,0.0,1.0,0.0,1.0,2.0,2.0,Junction,Exact,,4.0,,,,,4
2012,October,Thursday,Day,Light,Front to side collision,0.0,0.0,1.0,0.0,0.0,1.0,0.0,1.0,2.0,2.0,Junction,Exact,,4.0,,5.0,,,4
2012,July,Monday,Day,Light,Front to side collision,0.0,0.0,3.0,0.0,1.0,2.0,0.0,3.0,2.0,2.0,Junction,Exact,,4.0,,42.0,,,4
2012,January,Monday,Day,Light,Front to side collision,0.0,0.0,1.0,0.0,0.0,1.0,0.0,1.0,2.0,2.0,Junction,Exact,,4.0,,5511.0,,,4
2012,March,Wednesday,Day,Light,Front to side collision,0.0,0.0,1.0,0.0,0.0,0.0,1.0,1.0,2.0,2.0,Junction,Exact,,4.0,,,,,4
2012,September,Saturday,Day,Light,Front to side collision,0.0,0.0,3.0,0.0,0.0,3.0,0.0,3.0,3.0,3.0,Junction,Exact,,4.0,,5.0,,,4
2012,March,Thursday,Day,Light,Front to side collision,0.0,0.0,2.0,0.0,0.0,2.0,0.0,2.0,2.0,2.0,Junction,Exact,,4.0,,5511.0,,,4
2012,November,Friday,Night,Severe,Hit an object,0.0,1.0,0.0,0.0,0.0,1.0,0.0,1.0,1.0,1.0,Junction,Exact,,1.0,,4.0,,,4
2012,December,Wednesday,Night,Light,Front to side collision,0.0,0.0,3.0,0.0,0.0,3.0,0.0,3.0,3.0,3.0,Junction,Exact,,4.0,,,,,4
2012,November,Sunday,Night,Light,Front to side collision,0.0,0.0,4.0,0.0,1.0,3.0,0.0,4.0,2.0,2.0,Junction,Exact,,4.0,,34.0,,,4
2012,January,Saturday,Night,Light,Front to side collision,0.0,0.0,3.0,0.0,1.0,2.0,0.0,3.0,2.0,2.0,Junction,Exact,,4.0,,5.0,,,4
2012,October,Sunday,Night,Light,Front to side collision,0.0,0.0,1.0,0.0,0.0,1.0,0.0,1.0,2.0,2.0,Junction,Exact,,4.0,,35.0,,,4
2012,February,Saturday,Night,Light,Front to side collision,0.0,0.0,5.0,0.0,3.0,2.0,0.0,5.0,2.0,2.0,Junction,Exact,,4.0,,4111.0,,,4
2012,May,Sunday,Night,Light,Front to side collision,0.0,0.0,1.0,0.0,0.0,1.0,0.0,1.0,2.0,2.0,Junction,Exact,,1.0,,4.0,,,4
2012,May,Tuesday,Night,Fatal,Pedestrian,1.0,0.0,1.0,2.0,0.0,1.0,1.0,2.0,1.0,1.0,Junction,Exact,,4.0,,,,,4
2012,March,Thursday,Night,Light,Front to side collision,0.0,0.0,3.0,0.0,1.0,2.0,0.0,3.0,2.0,2.0,Junction,Exact,,4.0,,3411.0,,,4
2012,December,Tuesday,Night,Light,Front to side collision,0.0,0.0,4.0,0.0,1.0,3.0,0.0,4.0,2.0,2.0,Junction,Exact,,4.0,,3711.0,,,4
2012,August,Saturday,Night,Light,Front to side collision,0.0,0.0,2.0,0.0,1.0,1.0,0.0,2.0,2.0,2.0,Junction,Exact,,4.0,,3412.0,,,4
2012,April,Sunday,Night,Light,Front to side collision,0.0,0.0,8.0,0.0,3.0,4.0,1.0,8.0,2.0,2.0,Junction,Exact,,4.0,,,,,4
2012,July,Tuesday,Night,Light,Front to side collision,0.0,0.0,2.0,0.0,0.0,2.0,0.0,2.0,2.0,2.0,Junction,Exact,,4.0,,,,,4
2012,September,Tuesday,Night,Light,Roll over,0.0,0.0,1.0,0.0,0.0,1.0,0.0,1.0,1.0,1.0,Junction,Exact,,4.0,,,,,4
2012,September,Thursday,Night,Severe,Front to side collision,0.0,1.0,4.0,0.0,0.0,3.0,2.0,5.0,3.0,3.0,Junction,Exact,,4.0,,5.0,,,4
2012,October,Monday,Night,Light,Front to side collision,0.0,0.0,3.0,0.0,0.0,2.0,1.0,3.0,3.0,3.0,Not junction,Exact,,4.0,123.0,,,,4
2012,June,Wednesday,Night,Light,Front to rear collision,0.0,0.0,3.0,0.0,0.0,3.0,0.0,3.0,2.0,2.0,Not junction,Exact,,4.0,121.0,,,,4
2012,July,Wednesday,Night,Light,Front to rear collision,0.0,0.0,3.0,0.0,1.0,2.0,0.0,3.0,3.0,3.0,Not junction,Exact,,4.0,97.8,,,,4
2012,March,Friday,Night,Severe,Front end collision,0.0,1.0,1.0,0.0,0.0,2.0,0.0,2.0,2.0,2.0,Not junction,Exact,,4.0,133.0,,,,4
2012,January,Sunday,Night,Light,Roll over,0.0,0.0,1.0,0.0,0.0,1.0,0.0,1.0,1.0,1.0,Not junction,Exact,,4.0,111.0,,,,4
2012,August,Thursday,Night,Light,Hit an object,0.0,0.0,1.0,0.0,0.0,1.0,0.0,1.0,1.0,1.0,Not junction,Exact,,4.0,109.0,,,,4
2012,March,Thursday,Night,Light,Front to rear collision,0.0,0.0,1.0,0.0,0.0,1.0,0.0,1.0,3.0,3.0,Not junction,Exact,,4.0,104.7,,,,4
2012,March,Thursday,Night,Light,Front to rear collision,0.0,0.0,1.0,0.0,0.0,1.0,0.0,1.0,3.0,3.0,Not junction,Exact,,4.0,104.6,,,,4
2012,May,Friday,Night,Light,Front to rear collision,0.0,0.0,8.0,0.0,0.0,6.0,1.0,8.0,5.0,5.0,Not junction,Exact,,4.0,95.0,,,,4
2012,June,Saturday,Night,Light,Hit an object,0.0,0.0,1.0,0.0,0.0,1.0,0.0,1.0,1.0,1.0,Not junction,Exact,,4.0,129.0,,,,4
2012,January,Wednesday,Night,Light,Roll over,0.0,0.0,1.0,0.0,0.0,1.0,0.0,1.0,1.0,1.0,Not junction,Exact,,4.0,122.0,,,,4
2012,December,Sunday,Night,Severe,Pedestrian,0.0,1.0,0.0,1.0,0.0,1.0,0.0,1.0,1.0,1.0,Not junction,Exact,,4.0,121.0,,,,4
2012,December,Thursday,Night,Light,Hit an object,0.0,0.0,3.0,0.0,3.0,0.0,0.0,3.0,1.0,1.0,Not junction,Exact,,4.0,71.0,,,,4
2012,April,Tuesday,Night,Light,Front to rear collision,0.0,0.0,2.0,0.0,0.0,1.0,1.0,2.0,2.0,2.0,Not junction,Exact,,4.0,103.0,,,,4
2012,March,Saturday,Night,Fatal,Pedestrian,1.0,0.0,0.0,1.0,0.0,1.0,0.0,1.0,1.0,1.0,Not junction,Exact,,4.0,138.5,,,,4
2012,February,Friday,Night,Fatal,Front to rear collision,1.0,0.0,1.0,0.0,2.0,0.0,0.0,2.0,2.0,2.0,Not junction,Exact,,4.0,117.0,,,,4
2012,June,Wednesday,Night,Fatal,Drive off road or on paveway,2.0,2.0,2.0,0.0,0.0,6.0,0.0,6.0,2.0,2.0,Not junction,Exact,,4.0,97.5,,,,4
2012,September,Monday,Night,Light,Hit an object,0.0,0.0,1.0,0.0,0.0,0.0,1.0,1.0,1.0,1.0,Not junction,Exact,,4.0,117.0,,,,4
2012,September,Wednesday,Night,Light,Hit an object,0.0,0.0,1.0,0.0,0.0,1.0,0.0,1.0,2.0,2.0,Not junction,Exact,,4.0,112.0,,,,4
2012,December,Friday,Night,Light,Other,0.0,0.0,1.0,0.0,0.0,1.0,0.0,1.0,1.0,1.0,Not junction,Exact,,4.0,128.0,,,,4
2012,August,Wednesday,Night,Light,Front to rear collision,0.0,0.0,2.0,1.0,0.0,2.0,0.0,2.0,2.0,2.0,Not junction,Exact,,4.0,137.0,,,,4
2012,August,Sunday,Day,Severe,Front to rear collision,0.0,1.0,1.0,0.0,0.0,2.0,0.0,2.0,2.0,2.0,Not junction,Exact,,4.0,129.0,,,,4
2012,May,Sunday,Day,Light,Side to side collision,0.0,0.0,1.0,0.0,0.0,0.0,1.0,1.0,2.0,2.0,Not junction,Exact,,4.0,85.6,,,,4
2012,November,Friday,Day,Light,Front to rear collision,0.0,0.0,1.0,0.0,0.0,1.0,0.0,1.0,3.0,3.0,Not junction,Exact,,4.0,108.0,,,,4
2012,May,Thursday,Day,Light,Front end collision,0.0,0.0,2.0,0.0,0.0,2.0,0.0,2.0,2.0,2.0,Not junction,Exact,,4.0,66.0,,,,4
2012,August,Wednesday,Day,Light,Hit an object,0.0,0.0,1.0,0.0,0.0,1.0,0.0,1.0,2.0,2.0,Not junction,Exact,,4.0,117.0,,,,4
2012,December,Saturday,Day,Light,Hit an object,0.0,0.0,1.0,0.0,0.0,1.0,0.0,1.0,1.0,1.0,Not junction,Exact,,4.0,133.0,,,,4
2012,April,Monday,Day,Light,Other,0.0,0.0,1.0,0.0,0.0,1.0,0.0,1.0,1.0,1.0,Not junction,Exact,,4.0,129.0,,,,4
2012,December,Wednesday,Day,Light,Front to rear collision,0.0,0.0,1.0,0.0,0.0,1.0,0.0,1.0,3.0,3.0,Not junction,Exact,,4.0,81.0,,,,4
2012,January,Saturday,Day,Severe,Hit an object,0.0,1.0,1.0,0.0,0.0,1.0,1.0,2.0,1.0,1.0,Not junction,Exact,,4.0,129.0,,,,4
2012,March,Sunday,Day,Light,Slip,0.0,0.0,1.0,0.0,0.0,1.0,0.0,1.0,1.0,1.0,Not junction,Exact,,4.0,128.0,,,,4
2012,April,Sunday,Day,Light,Front to rear collision,0.0,0.0,1.0,0.0,0.0,1.0,0.0,1.0,2.0,2.0,Not junction,Exact,,4.0,112.0,,,,4
2012,January,Friday,Day,Severe,Slip,0.0,1.0,0.0,0.0,0.0,1.0,0.0,1.0,1.0,1.0,Not junction,Exact,,4.0,109.0,,,,4
2012,November,Thursday,Day,Severe,Side to side collision,0.0,1.0,0.0,0.0,0.0,1.0,0.0,1.0,2.0,2.0,Not junction,Exact,,4.0,113.0,,,,4
2012,August,Sunday,Day,Severe,Hit an object,0.0,1.0,0.0,0.0,0.0,1.0,0.0,1.0,1.0,1.0,Not junction,Exact,,4.0,106.0,,,,4
2012,January,Wednesday,Day,Light,Front to rear collision,0.0,0.0,1.0,0.0,0.0,1.0,0.0,1.0,2.0,2.0,Not junction,Exact,,4.0,118.0,,,,4
2012,June,Thursday,Day,Severe,Front to rear collision,0.0,1.0,0.0,0.0,0.0,1.0,0.0,1.0,2.0,2.0,Not junction,Exact,,4.0,112.0,,,,4
2012,December,Tuesday,Day,Light,Front to side collision,0.0,0.0,1.0,0.0,0.0,1.0,0.0,1.0,2.0,2.0,Not junction,Exact,,4.0,65.0,,,,4
2012,May,Tuesday,Day,Light,Hit an object,0.0,0.0,4.0,0.0,0.0,4.0,0.0,4.0,1.0,1.0,Not junction,Centered,,4.0,117.0,,,,4
2012,March,Wednesday,Day,Light,Side to side collision,0.0,0.0,1.0,0.0,0.0,1.0,0.0,1.0,2.0,2.0,Not junction,Exact,,4.0,129.0,,,,4
2012,January,Monday,Day,Light,Side to side collision,0.0,0.0,1.0,0.0,0.0,1.0,0.0,1.0,5.0,5.0,Not junction,Exact,,4.0,115.0,,,,4
2012,June,Sunday,Day,Light,Front to side collision,0.0,0.0,1.0,0.0,0.0,1.0,0.0,1.0,2.0,2.0,Not junction,Exact,,4.0,56.9,,,,4
2012,August,Monday,Day,Severe,Side to side collision,0.0,1.0,0.0,0.0,0.0,1.0,0.0,1.0,2.0,2.0,Not junction,Exact,,4.0,116.0,,,,4
2012,June,Sunday,Day,Fatal,Slip,1.0,0.0,0.0,0.0,0.0,1.0,0.0,1.0,2.0,2.0,Not junction,Exact,,4.0,128.0,,,,4
2012,January,Tuesday,Day,Light,Slip,0.0,0.0,1.0,0.0,0.0,1.0,0.0,1.0,1.0,1.0,Not junction,Exact,,4.0,130.0,,,,4
2012,April,Sunday,Day,Light,Front to rear collision,0.0,0.0,3.0,0.0,0.0,3.0,0.0,3.0,4.0,4.0,Not junction,Exact,,4.0,94.0,,,,4
2012,October,Thursday,Day,Severe,Front to rear collision,0.0,1.0,2.0,0.0,0.0,3.0,0.0,3.0,2.0,2.0,Not junction,Exact,,4.0,112.0,,,,4
2012,May,Sunday,Day,Light,Front to rear collision,0.0,0.0,2.0,0.0,0.0,2.0,0.0,2.0,4.0,4.0,Not junction,Exact,,4.0,95.0,,,,4
2012,October,Monday,Day,Light,Front end collision,0.0,0.0,1.0,0.0,0.0,1.0,0.0,1.0,3.0,3.0,Not junction,Exact,,4.0,109.0,,,,4
2012,July,Monday,Day,Light,Front to rear collision,0.0,0.0,4.0,0.0,0.0,4.0,0.0,4.0,9.0,9.0,Not junction,Exact,,4.0,93.0,,,,4
2012,June,Friday,Day,Light,Side to side collision,0.0,0.0,4.0,0.0,1.0,3.0,0.0,4.0,2.0,2.0,Not junction,Exact,,4.0,120.0,,,,4
2012,May,Sunday,Day,Light,Slip,0.0,0.0,1.0,0.0,0.0,1.0,0.0,1.0,1.0,1.0,Not junction,Exact,,4.0,125.0,,,,4
2012,August,Friday,Day,Light,Front to side collision,0.0,0.0,3.0,0.0,0.0,3.0,0.0,3.0,2.0,2.0,Not junction,Exact,,4.0,106.0,,,,4
2012,April,Tuesday,Day,Fatal,Side to side collision,1.0,3.0,0.0,0.0,0.0,2.0,2.0,4.0,3.0,3.0,Not junction,Exact,,4.0,109.0,,,,4
2012,March,Tuesday,Day,Light,Front to rear collision,0.0,0.0,3.0,0.0,0.0,3.0,0.0,3.0,5.0,5.0,Not junction,Exact,,4.0,68.0,,,,4
2012,July,Wednesday,Day,Severe,Front to rear collision,0.0,1.0,0.0,0.0,0.0,1.0,0.0,1.0,2.0,2.0,Not junction,Exact,,4.0,115.0,,,,4
2012,July,Tuesday,Day,Light,Front to rear collision,0.0,0.0,3.0,0.0,0.0,3.0,0.0,3.0,3.0,3.0,Not junction,Exact,,4.0,116.0,,,,4
2012,March,Sunday,Day,Light,Hit an object,0.0,0.0,2.0,0.0,1.0,1.0,0.0,2.0,2.0,2.0,Not junction,Exact,,4.0,112.0,,,,4
2012,March,Thursday,Day,Light,Front to side collision,0.0,0.0,1.0,0.0,0.0,1.0,0.0,1.0,2.0,2.0,Not junction,Exact,,4.0,122.0,,,,4
2012,January,Thursday,Day,Light,Front to side collision,0.0,0.0,3.0,0.0,1.0,2.0,0.0,3.0,2.0,2.0,Not junction,Exact,,4.0,127.0,,,,4
2012,February,Wednesday,Day,Light,Front to rear collision,0.0,0.0,4.0,0.0,0.0,3.0,1.0,4.0,3.0,3.0,Not junction,Exact,,4.0,110.0,,,,4
2012,August,Tuesday,Day,Light,Front to rear collision,0.0,0.0,3.0,0.0,0.0,1.0,1.0,3.0,2.0,2.0,Not junction,Exact,,4.0,115.0,,,,4
2012,January,Tuesday,Day,Light,Other,0.0,0.0,1.0,0.0,0.0,1.0,0.0,1.0,1.0,1.0,Not junction,Exact,,4.0,124.0,,,,4
2012,April,Thursday,Day,Light,Front to rear collision,0.0,0.0,4.0,0.0,2.0,2.0,0.0,4.0,2.0,2.0,Not junction,Exact,,4.0,124.0,,,,4
2012,May,Sunday,Day,Severe,Front to side collision,0.0,1.0,0.0,0.0,0.0,1.0,0.0,1.0,3.0,3.0,Not junction,Exact,,4.0,119.0,,,,4
2012,February,Saturday,Day,Light,Hit an object,0.0,0.0,1.0,0.0,0.0,1.0,0.0,1.0,1.0,1.0,Not junction,Exact,,4.0,130.0,,,,4
2012,May,Thursday,Day,Light,Front to side collision,0.0,0.0,2.0,0.0,0.0,2.0,0.0,2.0,2.0,2.0,Not junction,Exact,,4.0,58.0,,,,4
2012,March,Tuesday,Day,Light,Hit an object,0.0,0.0,1.0,0.0,0.0,1.0,0.0,1.0,1.0,1.0,Not junction,Exact,,4.0,132.0,,,,4
2012,October,Sunday,Day,Light,Front to rear collision,0.0,0.0,1.0,0.0,0.0,1.0,0.0,1.0,3.0,3.0,Not junction,Exact,,4.0,78.0,,,,4
2012,August,Thursday,Day,Light,Front to side collision,0.0,0.0,1.0,0.0,0.0,0.0,1.0,1.0,2.0,2.0,Not junction,Exact,,4.0,116.0,,,,4
2012,July,Thursday,Day,Severe,Front to side collision,0.0,1.0,0.0,0.0,0.0,1.0,0.0,1.0,3.0,3.0,Not junction,Exact,,4.0,110.0,,,,4
2012,December,Friday,Day,Fatal,Front to rear collision,1.0,1.0,3.0,0.0,2.0,3.0,0.0,5.0,3.0,3.0,Not junction,Exact,,4.0,121.0,,,,4
2012,May,Sunday,Day,Light,Front to rear collision,0.0,0.0,1.0,0.0,0.0,1.0,0.0,1.0,2.0,2.0,Not junction,Exact,,4.0,100.0,,,,4
2012,December,Sunday,Day,Light,Front to side collision,0.0,0.0,1.0,0.0,0.0,1.0,0.0,1.0,2.0,2.0,Not junction,Exact,,4.0,59.0,,,,4
2012,April,Wednesday,Day,Severe,Front to rear collision,0.0,1.0,1.0,0.0,0.0,2.0,0.0,2.0,2.0,2.0,Not junction,Exact,,4.0,92.0,,,,4