year,month,day_of_week,day_night,accident_severity,accident_type,killed,severly_injured,lightly_injured,injured_pedestrians,casualties_ages_0-19,casualties_ages_20-64,casualties_ages_65_plus,total_casualties,vehicle_count,drivers,road_type,localization_quality,settlement,road1,location,road2,road3,road4,source_road
2012,November,Wednesday,Day,Severe,Front to rear collision,0.0,1.0,0.0,0.0,0.0,1.0,0.0,1.0,2.0,2.0,Not junction,Exact,,4.0,112.0,,,,4
2012,July,Wednesday,Day,Light,Hit an object,0.0,0.0,1.0,0.0,0.0,1.0,0.0,1.0,1.0,1.0,Not junction,Exact,,4.0,80.0,,,,4
2012,March,Tuesday,Day,Light,Front to rear collision,0.0,0.0,1.0,0.0,0.0,1.0,0.0,1.0,2.0,2.0,Not junction,Exact,,4.0,115.0,,,,4
2012,April,Friday,Day,Light,Other,0.0,0.0,1.0,0.0,0.0,1.0,0.0,1.0,1.0,1.0,Not junction,Exact,,4.0,124.0,,,,4
2012,January,Wednesday,Day,Fatal,Front to rear collision,2.0,0.0,2.0,0.0,0.0,3.0,1.0,4.0,2.0,2.0,Not junction,Exact,,4.0,90.0,,,,4
2012,June,Friday,Day,Light,Front to side collision,0.0,0.0,15.0,0.0,4.0,10.0,1.0,15.0,2.0,2.0,Not junction,Exact,,4.0,71.0,,,,4
2012,October,Thursday,Day,Light,Front to side collision,0.0,0.0,1.0,0.0,0.0,0.0,1.0,1.0,2.0,2.0,Not junction,Exact,,4.0,106.0,,,,4
2012,August,Friday,Day,Light,Front to rear collision,0.0,0.0,5.0,0.0,3.0,2.0,0.0,5.0,2.0,2.0,Not junction,Exact,,4.0,90.0,,,,4
2012,April,Saturday,Day,Light,Other,0.0,0.0,1.0,0.0,0.0,1.0,0.0,1.0,1.0,1.0,Not junction,Exact,,4.0,123.0,,,,4
2012,November,Saturday,Day,Light,Hit an object,0.0,0.0,1.0,0.0,0.0,0.0,0.0,1.0,2.0,2.0,Not junction,Exact,,4.0,111.0,,,,4
2012,July,Saturday,Day,Light,Hit an object,0.0,0.0,5.0,0.0,3.0,2.0,0.0,5.0,1.0,1.0,Not junction,Exact,,4.0,113.0,,,,4
2012,August,Wednesday,Day,Light,Other,0.0,0.0,1.0,0.0,0.0,1.0,0.0,1.0,2.0,2.0,Not junction,Exact,,4.0,119.0,,,,4
2012,June,Friday,Day,Severe,Front to side collision,0.0,1.0,0.0,0.0,0.0,1.0,0.0,1.0,2.0,2.0,Not junction,Exact,,4.0,116.0,,,,4
2012,September,Sunday,Day,Light,Hit an object,0.0,0.0,1.0,0.0,0.0,1.0,0.0,1.0,1.0,1.0,Not junction,Exact,,4.0,107.0,,,,4
2012,December,Sunday,Day,Light,Side to side collision,0.0,0.0,1.0,0.0,0.0,1.0,0.0,1.0,2.0,2.0,Not junction,Exact,,4.0,115.0,,,,4
2012,September,Friday,Day,Severe,Roll over,0.0,1.0,0.0,0.0,0.0,1.0,0.0,1.0,1.0,1.0,Not junction,Exact,,4.0,116.0,,,,4
2012,December,Friday,Day,Light,Front to rear collision,0.0,0.0,2.0,0.0,0.0,2.0,0.0,2.0,2.0,2.0,Not junction,Exact,,4.0,118.0,,,,4
2012,May,Saturday,Day,Light,Front to side collision,0.0,0.0,2.0,0.0,0.0,2.0,0.0,2.0,2.0,2.0,Not junction,Exact,,4.0,131.0,,,,4
2012,October,Wednesday,Day,Light,Hit an object,0.0,0.0,1.0,0.0,0.0,1.0,0.0,1.0,1.0,1.0,Not junction,Exact,,4.0,127.0,,,,4
2012,November,Wednesday,Night,Severe,Front to side collision,0.0,1.0,0.0,0.0,0.0,1.0,0.0,1.0,2.0,2.0,Not junction,Exact,,4.0,133.0,,,,4
2012,December,Wednesday,Night,Severe,Side to side collision,0.0,1.0,1.0,0.0,0.0,2.0,0.0,2.0,2.0,2.0,Not junction,Exact,,4.0,117.0,,,,4
2012,March,Wednesday,Day,Light,Side to side collision,0.0,0.0,2.0,0.0,1.0,1.0,0.0,2.0,2.0,2.0,Not junction,Exact,,4.0,107.0,,,,4
2012,January,Monday,Night,Light,Front to side collision,0.0,0.0,1.0,0.0,0.0,1.0,0.0,1.0,2.0,2.0,Not junction,Exact,,4.0,89.0,,,,4
2012,July,Wednesday,Day,Light,Front to side collision,0.0,0.0,1.0,0.0,0.0,1.0,0.0,1.0,2.0,2.0,Not junction,Exact,,4.0,130.0,,,,4
2012,July,Saturday,Day,Light,Front to side collision,0.0,0.0,4.0,0.0,2.0,2.0,0.0,4.0,2.0,2.0,Not junction,Exact,,4.0,62.7,,,,4
2012,November,Monday,Night,Light,Hit an object,0.0,0.0,1.0,0.0,0.0,1.0,0.0,1.0,2.0,2.0,Not junction,Exact,,4.0,108.0,,,,4
2012,November,Wednesday,Night,Light,Roll over,0.0,0.0,2.0,0.0,0.0,2.0,0.0,2.0,1.0,1.0,Not junction,Exact,,4.0,85.0,,,,4
2012,May,Saturday,Day,Light,Front to side collision,0.0,0.0,2.0,0.0,1.0,1.0,0.0,2.0,2.0,2.0,Not junction,Exact,,4.0,129.0,,,,4
2012,September,Sunday,Day,Light,Side to side collision,0.0,0.0,2.0,0.0,0.0,2.0,0.0,2.0,2.0,2.0,Not junction,Exact,,4.0,102.0,,,,4
2012,April,Friday,Day,Light,Drive off road or on paveway,0.0,0.0,2.0,0.0,0.0,2.0,0.0,2.0,1.0,1.0,Not junction,Exact,,4.0,93.0,,,,4
2012,November,Thursday,Night,Severe,Pedestrian,0.0,1.0,0.0,1.0,0.0,1.0,0.0,1.0,1.0,1.0,Not junction,Exact,,4.0,55.0,,,,4
2012,March,Tuesday,Night,Light,Other,0.0,0.0,1.0,0.0,0.0,1.0,0.0,1.0,1.0,1.0,Not junction,Exact,,4.0,90.0,,,,4
2012,April,Thursday,Day,Light,Front to side collision,0.0,0.0,7.0,0.0,4.0,3.0,0.0,7.0,2.0,2.0,Not junction,Exact,,4.0,86.0,,,,4
2012,May,Thursday,Day,Light,Slip,0.0,0.0,1.0,0.0,0.0,1.0,0.0,1.0,1.0,1.0,Not junction,Exact,,4.0,96.0,,,,4
2012,December,Sunday,Night,Fatal,Front to side collision,1.0,3.0,3.0,0.0,0.0,7.0,0.0,7.0,2.0,2.0,Not junction,Exact,,4.0,85.0,,,,4
2012,October,Thursday,Night,Severe,Side to side collision,0.0,1.0,0.0,0.0,0.0,1.0,0.0,1.0,2.0,2.0,Not junction,Exact,,4.0,83.0,,,,4
2012,May,Friday,Day,Light,Hit an object,0.0,0.0,3.0,0.0,0.0,3.0,0.0,3.0,1.0,1.0,Not junction,Exact,,4.0,127.0,,,,4
2012,January,Saturday,Night,Light,Hit an object,0.0,0.0,1.0,0.0,0.0,1.0,0.0,1.0,1.0,1.0,Not junction,Exact,,4.0,67.0,,,,4
2012,February,Monday,Night,Light,Front to side collision,0.0,0.0,2.0,0.0,0.0,2.0,0.0,2.0,2.0,2.0,Not junction,Exact,,4.0,65.0,,,,4
2012,November,Wednesday,Night,Light,Front to rear collision,0.0,0.0,3.0,0.0,1.0,2.0,0.0,3.0,5.0,5.0,Not junction,Exact,,4.0,133.0,,,,4
2012,December,Tuesday,Night,Severe,Front to rear collision,0.0,1.0,0.0,0.0,0.0,1.0,0.0,1.0,2.0,2.0,Not junction,Exact,,4.0,129.0,,,,4
2012,May,Friday,Day,Light,Hit an object,0.0,0.0,1.0,0.0,1.0,0.0,0.0,1.0,1.0,1.0,Not junction,Exact,,4.0,129.0,,,,4
2012,July,Sunday,Day,Light,Front to side collision,0.0,0.0,1.0,0.0,0.0,1.0,0.0,1.0,2.0,2.0,Not junction,Exact,,4.0,64.0,,,,4
2012,August,Wednesday,Night,Light,Front to rear collision,0.0,0.0,8.0,0.0,5.0,3.0,0.0,8.0,3.0,3.0,Not junction,Exact,,4.0,107.0,,,,4
2012,October,Thursday,Night,Light,Front to rear collision,0.0,0.0,4.0,0.0,0.0,4.0,0.0,4.0,3.0,3.0,Not junction,Exact,,4.0,79.0,,,,4
2012,October,Sunday,Night,Light,Front to rear collision,0.0,0.0,3.0,0.0,0.0,3.0,0.0,3.0,3.0,3.0,Not junction,Exact,,4.0,111.0,,,,4
2012,July,Friday,Night,Light,Side to side collision,0.0,0.0,1.0,0.0,0.0,1.0,0.0,1.0,2.0,2.0,Not junction,Exact,,4.0,94.0,,,,4
2012,March,Monday,Night,Light,Side to side collision,0.0,0.0,1.0,0.0,0.0,1.0,0.0,1.0,2.0,2.0,Not junction,Exact,,4.0,115.0,,,,4
2012,July,Wednesday,Day,Light,Front end collision,0.0,0.0,2.0,0.0,0.0,2.0,0.0,2.0,2.0,2.0,Not junction,Exact,,4.0,65.0,,,,4
2012,December,Tuesday,Night,Light,Hit an object,0.0,0.0,2.0,2.0,0.0,1.0,1.0,2.0,1.0,1.0,Not junction,Exact,,4.0,64.0,,,,4
2012,March,Monday,Night,Light,Front to side collision,0.0,0.0,1.0,0.0,0.0,1.0,0.0,1.0,2.0,2.0,Not junction,Exact,,4.0,129.0,,,,4
2012,October,Thursday,Night,Light,Front to side collision,0.0,0.0,1.0,0.0,0.0,1.0,0.0,1.0,2.0,2.0,Not junction,Exact,,4.0,64.6,,,,4
2012,May,Monday,Night,Light,Front to rear collision,0.0,0.0,7.0,0.0,0.0,6.0,1.0,7.0,3.0,3.0,Not junction,Exact,,4.0,115.0,,,,4
2012,April,Saturday,Night,Fatal,Front to rear collision,1.0,0.0,0.0,0.0,0.0,1.0,0.0,1.0,2.0,2.0,Not junction,Exact,,4.0,113.0,,,,4
2012,October,Tuesday,Night,Light,Front to side collision,0.0,0.0,1.0,0.0,0.0,1.0,0.0,1.0,3.0,3.0,Not junction,Exact,,4.0,79.0,,,,4
2012,June,Tuesday,Night,Light,Front to side collision,0.0,0.0,2.0,0.0,0.0,2.0,0.0,2.0,2.0,2.0,Not junction,Exact,,4.0,89.5,,,,4
2012,April,Thursday,Night,Severe,Side to side collision,0.0,1.0,4.0,0.0,0.0,5.0,0.0,5.0,3.0,3.0,Not junction,Exact,,4.0,80.0,,,,4
2012,October,Tuesday,Night,Light,Front to side collision,0.0,0.0,1.0,0.0,0.0,1.0,0.0,1.0,2.0,2.0,Not junction,Exact,,4.0,65.0,,,,4
2012,May,Saturday,Night,Severe,Hit an object,0.0,1.0,0.0,0.0,0.0,1.0,0.0,1.0,1.0,1.0,Not junction,Exact,,4.0,118.0,,,,4
2012,May,Tuesday,Night,Light,Front to rear collision,0.0,0.0,4.0,0.0,0.0,4.0,0.0,4.0,4.0,4.0,Not junction,Exact,,4.0,92.0,,,,4
2012,September,Saturday,Night,Light,Front to rear collision,0.0,0.0,1.0,0.0,0.0,1.0,0.0,1.0,2.0,2.0,Not junction,Exact,,4.0,138.0,,,,4
2012,June,Thursday,Night,Light,Front to rear collision,0.0,0.0,2.0,0.0,0.0,0.0,2.0,2.0,2.0,2.0,Not junction,Exact,,4.0,96.0,,,,4
2012,May,Tuesday,Night,Light,Front to rear collision,0.0,0.0,9.0,0.0,2.0,7.0,0.0,9.0,7.0,7.0,Not junction,Exact,,4.0,99.0,,,,4
2013,July,Wednesday,Night,Light,Front to side collision,0.0,0.0,4.0,0.0,0.0,4.0,0.0,4.0,2.0,2.0,Junction,Exact,,4.0,,5.0,,,4
2013,October,Friday,Night,Light,Front end collision,0.0,0.0,5.0,0.0,1.0,3.0,1.0,5.0,2.0,2.0,Junction,Exact,,4.0,,35.0,,,4
2013,June,Friday,Night,Light,Front to side collision,0.0,0.0,1.0,0.0,0.0,1.0,0.0,1.0,2.0,2.0,Junction,Exact,,4.0,,5511.0,,,4
2013,February,Tuesday,Night,Light,Front to side collision,0.0,0.0,1.0,0.0,0.0,1.0,0.0,1.0,2.0,2.0,Junction,Exact,,4.0,,461.0,,,4
2013,July,Sunday,Night,Light,Hit an object,0.0,0.0,1.0,0.0,0.0,1.0,0.0,1.0,1.0,1.0,Junction,Exact,,4.0,,3411.0,,,4
2013,June,Friday,Night,Light,Roll over,0.0,0.0,3.0,0.0,3.0,0.0,0.0,3.0,1.0,1.0,Junction,Exact,,4.0,,34.0,,,4
2013,January,Saturday,Night,Light,Front end collision,0.0,0.0,2.0,0.0,0.0,2.0,0.0,2.0,2.0,2.0,Junction,Exact,,4.0,,553.0,,,4
2013,January,Monday,Night,Severe,Front to rear collision,0.0,1.0,2.0,0.0,0.0,3.0,0.0,3.0,3.0,3.0,Junction,Exact,,1.0,,4.0,,,4
2013,June,Tuesday,Day,Light,Front to side collision,0.0,0.0,2.0,0.0,0.0,2.0,0.0,2.0,2.0,2.0,Junction,Exact,,4.0,,,,,4
2013,April,Thursday,Day,Light,Front to side collision,0.0,0.0,1.0,0.0,0.0,1.0,0.0,1.0,2.0,2.0,Junction,Exact,,4.0,,5.0,,,4
2013,February,Sunday,Day,Light,Front to side collision,0.0,0.0,1.0,0.0,0.0,1.0,0.0,1.0,2.0,2.0,Junction,Exact,,4.0,,481.0,,,4
2013,October,Friday,Night,Light,Front to side collision,0.0,0.0,2.0,0.0,0.0,2.0,0.0,2.0,2.0,2.0,Junction,Exact,,4.0,,5.0,,,4
2013,April,Friday,Day,Light,Side to side collision,0.0,0.0,1.0,0.0,0.0,1.0,0.0,1.0,2.0,2.0,Junction,Exact,,4.0,,,,,4
2013,July,Tuesday,Day,Fatal,Front to rear collision,1.0,0.0,0.0,0.0,0.0,1.0,0.0,1.0,2.0,2.0,Junction,Exact,,4.0,,3711.0,,,4
2013,March,Friday,Day,Light,Roll over,0.0,0.0,1.0,0.0,0.0,1.0,0.0,1.0,2.0,2.0,Junction,Exact,,4.0,,232.0,,,4
2013,June,Thursday,Day,Light,Side to side collision,0.0,0.0,1.0,0.0,0.0,1.0,0.0,1.0,2.0,2.0,Junction,Exact,,4.0,,44.0,,,4
2013,August,Tuesday,Day,Light,Front to rear collision,0.0,0.0,1.0,0.0,0.0,1.0,0.0,1.0,2.0,2.0,Junction,Exact,,4.0,,5.0,,,4
2013,November,Friday,Day,Light,Front to side collision,0.0,0.0,1.0,0.0,0.0,1.0,0.0,1.0,2.0,2.0,Junction,Exact,,4.0,,,,,4
2013,July,Monday,Day,Light,Front to side collision,0.0,0.0,2.0,0.0,0.0,2.0,0.0,2.0,2.0,2.0,Junction,Exact,,4.0,,481.0,,,4
2013,November,Thursday,Day,Light,Front to side collision,0.0,0.0,2.0,0.0,0.0,1.0,1.0,2.0,3.0,3.0,Junction,Exact,,4.0,,3411.0,,,4
2013,February,Saturday,Day,Fatal,Front to side collision,1.0,2.0,2.0,0.0,1.0,3.0,1.0,5.0,2.0,2.0,Junction,Exact,,4.0,,35.0,,,4
2013,July,Monday,Day,Light,Front to rear collision,0.0,0.0,2.0,0.0,0.0,0.0,2.0,2.0,2.0,2.0,Junction,Exact,,4.0,,35.0,,,4
2013,May,Tuesday,Day,Light,Front to side collision,0.0,0.0,3.0,0.0,1.0,1.0,1.0,3.0,2.0,2.0,Junction,Exact,,4.0,,461.0,,,4
2013,April,Friday,Day,Light,Front to side collision,0.0,0.0,2.0,0.0,0.0,2.0,0.0,2.0,2.0,2.0,Junction,Exact,,4.0,,3411.0,,,4
2013,July,Wednesday,Day,Light,Side to side collision,0.0,0.0,2.0,0.0,0.0,2.0,0.0,2.0,3.0,3.0,Junction,Exact,,4.0,,,,,4
2013,January,Wednesday,Day,Light,Front to side collision,0.0,0.0,2.0,0.0,0.0,2.0,0.0,2.0,2.0,2.0,Junction,Exact,,4.0,,551.0,,,4
2013,January,Tuesday,Day,Light,Slip,0.0,0.0,1.0,0.0,0.0,1.0,0.0,1.0,1.0,1.0,Junction,Exact,,4.0,,42.0,,,4
2013,November,Saturday,Day,Light,Front to side collision,0.0,0.0,2.0,0.0,0.0,1.0,1.0,2.0,2.0,2.0,Junction,Exact,,4.0,,,,,4
2013,July,Tuesday,Day,Light,Front to side collision,0.0,0.0,1.0,0.0,1.0,0.0,0.0,1.0,2.0,2.0,Junction,Exact,,4.0,,3411.0,,,4
2013,February,Sunday,Day,Light,Other,0.0,0.0,3.0,0.0,0.0,3.0,0.0,3.0,8.0,8.0,Junction,Exact,,4.0,,7.0,41.0,,4
2013,December,Thursday,Day,Light,Pedestrian,0.0,0.0,1.0,1.0,0.0,1.0,0.0,1.0,1.0,1.0,Junction,Exact,,4.0,,553.0,,,4
2013,December,Wednesday,Day,Light,Front to side collision,0.0,0.0,2.0,0.0,0.0,2.0,0.0,2.0,2.0,2.0,Junction,Exact,,4.0,,5.0,,,4
2013,July,Wednesday,Day,Light,Front to side collision,0.0,0.0,1.0,0.0,0.0,1.0,0.0,1.0,2.0,2.0,Junction,Exact,,4.0,,35.0,,,4
2013,February,Thursday,Day,Light,Front to side collision,0.0,0.0,2.0,0.0,0.0,2.0,0.0,2.0,2.0,2.0,Junction,Exact,,4.0,,4612.0,,,4
2013,August,Monday,Day,Severe,Front to side collision,0.0,2.0,3.0,0.0,1.0,2.0,2.0,5.0,2.0,2.0,Junction,Exact,,4.0,,3411.0,,,4
2013,September,Wednesday,Day,Light,Front to side collision,0.0,0.0,5.0,0.0,3.0,2.0,0.0,5.0,2.0,2.0,Junction,Exact,,4.0,,5.0,,,4
2013,December,Friday,Day,Light,Front to side collision,0.0,0.0,3.0,0.0,1.0,2.0,0.0,3.0,2.0,2.0,Junction,Exact,,4.0,,481.0,,,4
2013,April,Monday,Day,Light,Front to side collision,0.0,0.0,3.0,0.0,1.0,2.0,0.0,3.0,2.0,2.0,Junction,Exact,,3.0,,4.0,,,4
2013,July,Tuesday,Day,Light,Roll over,0.0,0.0,1.0,0.0,0.0,1.0,0.0,1.0,1.0,1.0,Junction,Exact,,4.0,,7.0,41.0,,4
2013,August,Friday,Day,Severe,Front to side collision,0.0,2.0,4.0,0.0,0.0,1.0,2.0,6.0,2.0,2.0,Junction,Exact,,4.0,,,,,4
2013,January,Thursday,Day,Light,Front to side collision,0.0,0.0,3.0,0.0,1.0,2.0,0.0,3.0,2.0,2.0,Junction,Exact,,4.0,,551.0,,,4
2013,September,Sunday,Day,Light,Front to side collision,0.0,0.0,3.0,0.0,0.0,3.0,0.0,3.0,2.0,2.0,Junction,Exact,,4.0,,42.0,,,4
2013,July,Sunday,Day,Severe,Pedestrian,0.0,1.0,1.0,1.0,0.0,1.0,1.0,2.0,2.0,2.0,Junction,Exact,,4.0,,42.0,,,4
2013,August,Thursday,Day,Light,Front to side collision,0.0,0.0,2.0,0.0,0.0,2.0,0.0,2.0,2.0,2.0,Junction,Exact,,3.0,,4.0,,,4
2013,August,Sunday,Day,Light,Front to side collision,0.0,0.0,8.0,0.0,6.0,2.0,0.0,8.0,2.0,2.0,Junction,Exact,,4.0,,4311.0,,,4
2013,January,Monday,Night,Severe,Front to side collision,0.0,2.0,1.0,0.0,0.0,3.0,0.0,3.0,2.0,2.0,Junction,Exact,,4.0,,3411.0,,,4
2013,December,Sunday,Night,Light,Pedestrian,0.0,0.0,1.0,1.0,0.0,0.0,1.0,1.0,1.0,1.0,Junction,Exact,,4.0,,553.0,,,4
2013,June,Saturday,Day,Light,Front to side collision,0.0,0.0,5.0,0.0,2.0,3.0,0.0,5.0,2.0,2.0,Junction,Exact,,4.0,,441.0,,,4
2013,October,Monday,Night,Light,Pedestrian,0.0,0.0,1.0,1.0,0.0,1.0,0.0,1.0,1.0,1.0,Junction,Exact,,4.0,,,,,4
2013,November,Wednesday,Night,Severe,Front to side collision,0.0,1.0,1.0,0.0,0.0,2.0,0.0,2.0,2.0,2.0,Junction,Exact,,4.0,,553.0,,,4
2013,August,Sunday,Night,Light,Front to side collision,0.0,0.0,2.0,0.0,0.0,1.0,1.0,2.0,2.0,2.0,Junction,Exact,,4.0,,5.0,,,4
2013,December,Sunday,Night,Light,Front to side collision,0.0,0.0,1.0,0.0,0.0,1.0,0.0,1.0,2.0,2.0,Junction,Exact,,4.0,,,,,4
2013,July,Wednesday,Night,Severe,Front to side collision,0.0,1.0,3.0,0.0,2.0,2.0,0.0,4.0,3.0,3.0,Junction,Exact,,4.0,,4612.0,,,4
2013,August,Saturday,Night,Light,Front to side collision,0.0,0.0,5.0,0.0,1.0,3.0,1.0,5.0,2.0,2.0,Junction,Exact,,4.0,,,,,4
2013,February,Sunday,Night,Light,Side to side collision,0.0,0.0,1.0,0.0,0.0,1.0,0.0,1.0,2.0,2.0,Junction,Exact,,4.0,,5.0,,,4
2013,May,Wednesday,Night,Severe,Front to side collision,0.0,1.0,4.0,0.0,3.0,2.0,0.0,5.0,2.0,2.0,Junction,Exact,,3.0,,4.0,,,4
2013,January,Saturday,Night,Severe,Roll over,0.0,1.0,5.0,0.0,2.0,4.0,0.0,6.0,2.0,2.0,Junction,Exact,,4.0,,7.0,41.0,,4
2013,February,Saturday,Night,Light,Front to side collision,0.0,0.0,1.0,0.0,0.0,0.0,1.0,1.0,2.0,2.0,Junction,Exact,,4.0,,461.0,,,4
2013,July,Thursday,Night,Light,Front to side collision,0.0,0.0,5.0,0.0,0.0,5.0,0.0,5.0,2.0,2.0,Junction,Exact,,4.0,,3411.0,,,4
2013,August,Tuesday,Night,Light,Front to side collision,0.0,0.0,2.0,0.0,0.0,1.0,0.0,2.0,2.0,2.0,Junction,Exact,,4.0,,44.0,,,4
2013,April,Saturday,Night,Light,Front to side collision,0.0,0.0,2.0,0.0,0.0,2.0,0.0,2.0,2.0,2.0,Junction,Exact,,4.0,,,,,4
2013,December,Saturday,Night,Severe,Front to side collision,0.0,1.0,3.0,0.0,0.0,4.0,0.0,4.0,3.0,3.0,Junction,Exact,,4.0,,5.0,,,4
2013,February,Sunday,Night,Light,Front end collision,0.0,0.0,4.0,0.0,2.0,2.0,0.0,4.0,2.0,2.0,Not junction,Exact,,4.0,93.0,,,,4
2013,March,Friday,Night,Severe,Roll over,0.0,1.0,1.0,0.0,0.0,2.0,0.0,2.0,1.0,1.0,Not junction,Exact,,4.0,113.5,,,,4
2013,March,Wednesday,Night,Light,Front to side collision,0.0,0.0,5.0,0.0,1.0,4.0,0.0,5.0,2.0,2.0,Not junction,Exact,,4.0,64.0,,,,4
2013,May,Sunday,Night,Light,Hit an object,0.0,0.0,1.0,0.0,1.0,0.0,0.0,1.0,1.0,1.0,Not junction,Exact,,4.0,130.3,,,,4
2013,October,Sunday,Night,Light,Roll over,0.0,0.0,1.0,0.0,0.0,1.0,0.0,1.0,1.0,1.0,Not junction,Exact,,4.0,67.0,,,,4
2013,November,Friday,Night,Light,Slip,0.0,0.0,2.0,0.0,2.0,0.0,0.0,2.0,1.0,1.0,Not junction,Exact,,4.0,92.0,,,,4
2013,April,Tuesday,Night,Light,Front to side collision,0.0,0.0,1.0,0.0,0.0,1.0,0.0,1.0,2.0,2.0,Not junction,Exact,,4.0,133.0,,,,4
2013,January,Friday,Night,Severe,Front to rear collision,0.0,1.0,2.0,0.0,2.0,1.0,0.0,3.0,2.0,2.0,Not junction,Exact,,4.0,85.0,,,,4
2013,May,Wednesday,Night,Light,Hit an object,0.0,0.0,1.0,0.0,0.0,1.0,0.0,1.0,1.0,1.0,Not junction,Exact,,4.0,81.0,,,,4
2013,November,Saturday,Night,Light,Front to rear collision,0.0,0.0,1.0,0.0,0.0,1.0,0.0,1.0,2.0,2.0,Not junction,Exact,,4.0,90.0,,,,4
2013,August,Saturday,Night,Light,Hit an object,0.0,0.0,1.0,0.0,0.0,1.0,0.0,1.0,1.0,1.0,Not junction,Exact,,4.0,117.0,,,,4
2013,March,Friday,Night,Light,Slip,0.0,0.0,1.0,0.0,0.0,1.0,0.0,1.0,1.0,1.0,Not junction,Exact,,4.0,132.0,,,,4
2013,December,Friday,Night,Light,Front to rear collision,0.0,0.0,1.0,0.0,0.0,1.0,0.0,1.0,4.0,4.0,Not junction,Exact,,4.0,72.0,,,,4
2013,April,Saturday,Night,Light,Other,0.0,0.0,1.0,0.0,0.0,1.0,0.0,1.0,1.0,1.0,Not junction,Exact,,4.0,90.0,,,,4
2013,December,Saturday,Night,Light,Hit an object,0.0,0.0,1.0,0.0,0.0,1.0,0.0,1.0,1.0,1.0,Not junction,Exact,,4.0,72.0,,,,4
2013,March,Wednesday,Night,Fatal,Front to rear collision,1.0,0.0,0.0,0.0,0.0,1.0,0.0,1.0,2.0,2.0,Not junction,Exact,,4.0,106.3,,,,4
2013,August,Saturday,Night,Severe,Pedestrian,0.0,1.0,1.0,1.0,0.0,2.0,0.0,2.0,1.0,1.0,Not junction,Exact,,4.0,117.0,,,,4
2013,April,Thursday,Night,Fatal,Front to rear collision,1.0,0.0,1.0,0.0,0.0,2.0,0.0,2.0,2.0,2.0,Not junction,Exact,,4.0,100.0,,,,4
2013,July,Monday,Day,Light,Roll over,0.0,0.0,1.0,0.0,0.0,1.0,0.0,1.0,1.0,1.0,Not junction,Exact,,4.0,117.0,,,,4
2013,January,Tuesday,Night,Light,Other,0.0,0.0,1.0,0.0,0.0,1.0,0.0,1.0,1.0,1.0,Not junction,Exact,,4.0,95.0,,,,4
2013,March,Sunday,Day,Light,Slip,0.0,0.0,1.0,0.0,0.0,1.0,0.0,1.0,1.0,1.0,Not junction,Exact,,4.0,132.0,,,,4
2013,February,Thursday,Day,Light,Front to rear collision,0.0,0.0,3.0,0.0,0.0,3.0,0.0,3.0,3.0,3.0,Not junction,Exact,,4.0,105.0,,,,4
2013,December,Wednesday,Day,Light,Front to rear collision,0.0,0.0,5.0,0.0,0.0,5.0,0.0,5.0,4.0,4.0,Not junction,Exact,,4.0,77.0,,,,4
2013,April,Tuesday,Day,Light,Front to rear collision,0.0,0.0,2.0,0.0,1.0,1.0,0.0,2.0,2.0,2.0,Not junction,Exact,,4.0,87.0,,,,4
2013,August,Thursday,Day,Light,Slip,0.0,0.0,1.0,0.0,0.0,1.0,0.0,1.0,1.0,1.0,Not junction,Exact,,4.0,88.0,,,,4
2013,January,Monday,Day,Light,Pedestrian,0.0,0.0,1.0,1.0,0.0,1.0,0.0,1.0,1.0,1.0,Not junction,Exact,,4.0,113.0,,,,4
2013,February,Saturday,Day,Light,Side to side collision,0.0,0.0,1.0,0.0,0.0,1.0,0.0,1.0,2.0,2.0,Not junction,Exact,,4.0,139.0,,,,4
2013,June,Wednesday,Day,Light,Pedestrian,0.0,0.0,1.0,1.0,0.0,1.0,0.0,1.0,2.0,2.0,Not junction,Exact,,4.0,111.0,,,,4
2013,January,Tuesday,Day,Light,Front to rear collision,0.0,0.0,2.0,0.0,0.0,2.0,0.0,2.0,4.0,4.0,Not junction,Exact,,4.0,137.0,,,,4
2013,April,Monday,Day,Light,Front to side collision,0.0,0.0,3.0,0.0,0.0,3.0,0.0,3.0,2.0,2.0,Not junction,Exact,,4.0,64.0,,,,4
2013,June,Monday,Day,Light,Front to side collision,0.0,0.0,1.0,0.0,0.0,1.0,0.0,1.0,2.0,2.0,Not junction,Exact,,4.0,76.0,,,,4
2013,December,Tuesday,Day,Light,Hit an object,0.0,0.0,3.0,0.0,1.0,2.0,0.0,3.0,1.0,1.0,Not junction,Exact,,4.0,74.4,,,,4
2013,October,Thursday,Day,Light,Front to side collision,0.0,0.0,1.0,0.0,0.0,1.0,0.0,1.0,2.0,2.0,Not junction,Exact,,4.0,90.0,,,,4
2013,October,Wednesday,Day,Light,Hit an object,0.0,0.0,1.0,0.0,1.0,0.0,0.0,1.0,1.0,1.0,Not junction,Exact,,4.0,100.0,,,,4
2013,February,Sunday,Day,Light,Side to side collision,0.0,0.0,1.0,0.0,0.0,1.0,0.0,1.0,2.0,2.0,Not junction,Exact,,4.0,112.0,,,,4
2013,November,Monday,Day,Severe,Front to rear collision,0.0,1.0,0.0,0.0,0.0,1.0,0.0,1.0,2.0,2.0,Not junction,Exact,,4.0,109.0,,,,4
2013,June,Saturday,Day,Severe,Drive off road or on paveway,0.0,1.0,0.0,0.0,0.0,1.0,0.0,1.0,1.0,1.0,Not junction,Exact,,4.0,77.0,,,,4
2013,September,Wednesday,Day,Severe,Front to rear collision,0.0,1.0,0.0,0.0,0.0,1.0,0.0,1.0,2.0,2.0,Not junction,Exact,,4.0,109.0,,,,4
2013,September,Sunday,Day,Light,Roll over,0.0,0.0,1.0,0.0,0.0,1.0,0.0,1.0,1.0,1.0,Not junction,Exact,,4.0,113.0,,,,4