year,month,day_of_week,day_night,accident_severity,accident_type,killed,severly_injured,lightly_injured,injured_pedestrians,casualties_ages_0-19,casualties_ages_20-64,casualties_ages_65_plus,total_casualties,vehicle_count,drivers,road_type,localization_quality,settlement,road1,location,road2,road3,road4,source_road
2013,January,Thursday,Day,Severe,Front to rear collision,0.0,1.0,0.0,0.0,0.0,1.0,0.0,1.0,2.0,2.0,Not junction,Exact,,4.0,120.0,,,,4
2013,March,Monday,Day,Light,Front to rear collision,0.0,0.0,24.0,0.0,0.0,19.0,5.0,24.0,2.0,2.0,Not junction,Exact,,4.0,75.0,,,,4
2013,September,Sunday,Day,Light,Other,0.0,0.0,1.0,0.0,0.0,1.0,0.0,1.0,1.0,1.0,Not junction,Exact,,4.0,131.0,,,,4
2013,September,Sunday,Day,Severe,Front to rear collision,0.0,1.0,1.0,0.0,0.0,2.0,0.0,2.0,4.0,4.0,Not junction,Exact,,4.0,126.0,,,,4
2013,April,Thursday,Day,Severe,Front to rear collision,0.0,1.0,0.0,0.0,0.0,1.0,0.0,1.0,2.0,2.0,Not junction,Exact,,4.0,114.0,,,,4
2013,July,Thursday,Day,Severe,Side to side collision,0.0,2.0,1.0,0.0,0.0,1.0,2.0,3.0,3.0,3.0,Not junction,Exact,,4.0,124.0,,,,4
2013,March,Thursday,Day,Light,Front to rear collision,0.0,0.0,2.0,0.0,0.0,2.0,0.0,2.0,2.0,2.0,Not junction,Exact,,4.0,75.0,,,,4
2013,December,Tuesday,Day,Severe,Front to rear collision,0.0,1.0,0.0,0.0,0.0,1.0,0.0,1.0,2.0,2.0,Not junction,Exact,,4.0,123.0,,,,4
2013,April,Wednesday,Day,Severe,Side to side collision,0.0,1.0,0.0,0.0,0.0,1.0,0.0,1.0,2.0,2.0,Not junction,Exact,,4.0,109.0,,,,4
2013,October,Sunday,Day,Light,Front to side collision,0.0,0.0,2.0,0.0,0.0,1.0,1.0,2.0,2.0,2.0,Not junction,Exact,,4.0,112.0,,,,4
2013,October,Wednesday,Day,Light,Slip,0.0,0.0,1.0,0.0,0.0,1.0,0.0,1.0,1.0,1.0,Not junction,Exact,,4.0,112.0,,,,4
2013,August,Thursday,Day,Severe,Front to rear collision,0.0,1.0,4.0,1.0,1.0,4.0,0.0,5.0,2.0,2.0,Not junction,Exact,,4.0,99.9,,,,4
2013,January,Thursday,Day,Light,Slip,0.0,0.0,1.0,0.0,0.0,1.0,0.0,1.0,1.0,1.0,Not junction,Exact,,4.0,95.0,,,,4
2013,April,Monday,Day,Light,Hit an object,0.0,0.0,1.0,0.0,0.0,1.0,0.0,1.0,1.0,1.0,Not junction,Exact,,4.0,116.0,,,,4
2013,May,Monday,Day,Light,Other,0.0,0.0,1.0,0.0,0.0,0.0,1.0,1.0,1.0,1.0,Not junction,Exact,,4.0,132.0,,,,4
2013,May,Wednesday,Day,Severe,Other,0.0,1.0,0.0,0.0,0.0,1.0,0.0,1.0,2.0,2.0,Not junction,Exact,,4.0,106.4,,,,4
2013,May,Tuesday,Day,Severe,Side to side collision,0.0,1.0,0.0,0.0,0.0,1.0,0.0,1.0,2.0,2.0,Not junction,Exact,,4.0,117.0,,,,4
2013,July,Sunday,Day,Light,Hit an object,0.0,0.0,1.0,0.0,0.0,1.0,0.0,1.0,1.0,1.0,Not junction,Exact,,4.0,111.0,,,,4
2013,January,Sunday,Day,Severe,Slip,0.0,1.0,0.0,0.0,0.0,1.0,0.0,1.0,1.0,1.0,Not junction,Exact,,4.0,88.0,,,,4
2013,February,Wednesday,Day,Light,Slip,0.0,0.0,1.0,0.0,0.0,1.0,0.0,1.0,1.0,1.0,Not junction,Exact,,4.0,131.8,,,,4
2013,February,Thursday,Day,Light,Hit an object,0.0,0.0,2.0,0.0,1.0,1.0,0.0,2.0,1.0,1.0,Not junction,Exact,,4.0,92.5,,,,4
2013,February,Sunday,Day,Light,Front to rear collision,0.0,0.0,4.0,0.0,1.0,3.0,0.0,4.0,5.0,5.0,Not junction,Exact,,4.0,88.0,,,,4
2013,June,Friday,Day,Light,Front to rear collision,0.0,0.0,1.0,0.0,0.0,1.0,0.0,1.0,2.0,2.0,Not junction,Exact,,4.0,90.0,,,,4
2013,May,Friday,Day,Light,Front to rear collision,0.0,0.0,2.0,0.0,1.0,1.0,0.0,2.0,2.0,2.0,Not junction,Exact,,4.0,117.0,,,,4
2013,December,Sunday,Day,Light,Slip,0.0,0.0,1.0,0.0,0.0,1.0,0.0,1.0,1.0,1.0,Not junction,Exact,,4.0,131.5,,,,4
2013,October,Wednesday,Day,Light,Front to rear collision,0.0,0.0,2.0,0.0,0.0,2.0,0.0,2.0,2.0,2.0,Not junction,Exact,,4.0,118.0,,,,4
2013,September,Tuesday,Day,Severe,Front to rear collision,0.0,1.0,0.0,0.0,0.0,1.0,0.0,1.0,2.0,2.0,Not junction,Exact,,4.0,89.0,,,,4
2013,August,Sunday,Day,Fatal,Front to rear collision,1.0,0.0,1.0,0.0,0.0,2.0,0.0,2.0,2.0,2.0,Not junction,Exact,,4.0,115.8,,,,4
2013,November,Thursday,Day,Light,Front to rear collision,0.0,0.0,1.0,0.0,0.0,1.0,0.0,1.0,2.0,2.0,Not junction,Exact,,4.0,84.0,,,,4
2013,February,Sunday,Day,Fatal,Front to rear collision,1.0,0.0,0.0,0.0,0.0,1.0,0.0,1.0,2.0,2.0,Not junction,Exact,,4.0,127.0,,,,4
2013,July,Saturday,Day,Light,Front to rear collision,0.0,0.0,1.0,0.0,0.0,0.0,0.0,1.0,2.0,2.0,Not junction,Exact,,4.0,108.0,,,,4
2013,November,Monday,Day,Light,Front to side collision,0.0,0.0,3.0,0.0,0.0,3.0,0.0,3.0,2.0,2.0,Not junction,Exact,,4.0,100.0,,,,4
2013,March,Sunday,Day,Light,Front to rear collision,0.0,0.0,1.0,0.0,0.0,1.0,0.0,1.0,2.0,2.0,Not junction,Exact,,4.0,102.0,,,,4
2013,February,Friday,Day,Light,Front to rear collision,0.0,0.0,2.0,0.0,0.0,2.0,0.0,2.0,4.0,4.0,Not junction,Exact,,4.0,133.0,,,,4
2013,April,Saturday,Day,Severe,Front to rear collision,0.0,1.0,0.0,0.0,0.0,1.0,0.0,1.0,2.0,2.0,Not junction,Exact,,4.0,93.0,,,,4
2013,November,Thursday,Day,Light,Drive off road or on paveway,0.0,0.0,1.0,0.0,0.0,1.0,0.0,1.0,1.0,1.0,Not junction,Exact,,4.0,104.0,,,,4
2013,January,Wednesday,Day,Light,Front to rear collision,0.0,0.0,2.0,0.0,0.0,2.0,0.0,2.0,2.0,2.0,Not junction,Exact,,4.0,80.0,,,,4
2013,January,Sunday,Day,Light,Side to side collision,0.0,0.0,3.0,0.0,0.0,3.0,0.0,3.0,5.0,5.0,Not junction,Exact,,4.0,102.0,,,,4
2013,July,Wednesday,Day,Severe,Front to rear collision,0.0,1.0,1.0,0.0,0.0,1.0,1.0,2.0,2.0,2.0,Not junction,Exact,,4.0,120.0,,,,4
2013,March,Wednesday,Day,Light,Front to rear collision,0.0,0.0,2.0,0.0,0.0,2.0,0.0,2.0,2.0,2.0,Not junction,Exact,,4.0,107.0,,,,4
2013,May,Wednesday,Day,Light,Front end collision,0.0,0.0,5.0,0.0,2.0,1.0,2.0,5.0,3.0,3.0,Not junction,Exact,,4.0,130.0,,,,4
2013,May,Thursday,Day,Light,Roll over,0.0,0.0,3.0,0.0,2.0,1.0,0.0,3.0,1.0,1.0,Not junction,Exact,,4.0,91.0,,,,4
2013,October,Thursday,Day,Light,Pedestrian,0.0,0.0,1.0,1.0,0.0,1.0,0.0,1.0,1.0,1.0,Not junction,Exact,,4.0,78.0,,,,4
2013,May,Friday,Day,Fatal,Front to side collision,1.0,1.0,1.0,0.0,1.0,2.0,0.0,3.0,2.0,2.0,Not junction,Exact,,4.0,115.0,,,,4
2013,January,Wednesday,Day,Light,Front to side collision,0.0,0.0,1.0,0.0,0.0,1.0,0.0,1.0,2.0,2.0,Not junction,Exact,,4.0,65.0,,,,4
2013,July,Friday,Day,Light,Hit an object,0.0,0.0,2.0,0.0,0.0,2.0,0.0,2.0,1.0,1.0,Not junction,Exact,,4.0,132.0,,,,4
2013,January,Tuesday,Night,Severe,Front to rear collision,0.0,1.0,2.0,0.0,0.0,3.0,0.0,3.0,3.0,3.0,Not junction,Exact,,4.0,90.0,,,,4
2013,January,Monday,Night,Severe,Front to rear collision,0.0,1.0,3.0,0.0,0.0,4.0,0.0,4.0,3.0,3.0,Not junction,Exact,,4.0,79.0,,,,4
2013,January,Monday,Night,Light,Front to rear collision,0.0,0.0,2.0,0.0,0.0,2.0,0.0,2.0,2.0,2.0,Not junction,Exact,,4.0,134.0,,,,4
2013,March,Sunday,Day,Fatal,Collision with stopped vehicle,1.0,0.0,0.0,0.0,0.0,1.0,0.0,1.0,3.0,3.0,Not junction,Exact,,4.0,112.5,,,,4
2013,February,Wednesday,Night,Light,Front to rear collision,0.0,0.0,1.0,0.0,0.0,1.0,0.0,1.0,2.0,2.0,Not junction,Exact,,4.0,138.5,,,,4
2013,January,Wednesday,Night,Light,Side to side collision,0.0,0.0,1.0,0.0,0.0,1.0,0.0,1.0,3.0,3.0,Not junction,Exact,,4.0,117.0,,,,4
2013,March,Wednesday,Night,Light,Front to side collision,0.0,0.0,4.0,0.0,0.0,4.0,0.0,4.0,2.0,2.0,Not junction,Exact,,4.0,56.0,,,,4
2013,December,Saturday,Night,Severe,Pedestrian,0.0,1.0,1.0,1.0,1.0,0.0,0.0,2.0,1.0,1.0,Not junction,Exact,,4.0,135.0,,,,4
2013,February,Sunday,Night,Light,Front to rear collision,0.0,0.0,1.0,0.0,0.0,1.0,0.0,1.0,2.0,2.0,Not junction,Exact,,4.0,104.0,,,,4
2013,February,Sunday,Night,Light,Side to side collision,0.0,0.0,2.0,0.0,0.0,2.0,0.0,2.0,2.0,2.0,Not junction,Exact,,4.0,122.0,,,,4
2013,January,Saturday,Night,Light,Side to side collision,0.0,0.0,2.0,0.0,0.0,2.0,0.0,2.0,2.0,2.0,Not junction,Exact,,4.0,110.0,,,,4
2013,December,Sunday,Night,Light,Side to side collision,0.0,0.0,1.0,0.0,0.0,1.0,0.0,1.0,2.0,2.0,Not junction,Exact,,4.0,112.0,,,,4
2013,March,Sunday,Night,Light,Side to side collision,0.0,0.0,1.0,0.0,0.0,1.0,0.0,1.0,2.0,2.0,Not junction,Exact,,4.0,115.0,,,,4
2013,March,Thursday,Night,Light,Front to side collision,0.0,0.0,2.0,0.0,0.0,1.0,1.0,2.0,2.0,2.0,Not junction,Exact,,4.0,64.7,,,,4
2013,April,Monday,Night,Severe,Front to side collision,0.0,1.0,0.0,0.0,0.0,1.0,0.0,1.0,2.0,2.0,Not junction,Exact,,4.0,115.0,,,,4
2013,January,Wednesday,Night,Light,Other,0.0,0.0,1.0,0.0,0.0,1.0,0.0,1.0,1.0,1.0,Not junction,Exact,,4.0,100.0,,,,4
2013,May,Wednesday,Night,Light,Front to side collision,0.0,0.0,1.0,0.0,0.0,1.0,0.0,1.0,2.0,2.0,Not junction,Exact,,4.0,116.0,,,,4
2013,June,Saturday,Night,Severe,Pedestrian,0.0,1.0,1.0,1.0,0.0,2.0,0.0,2.0,1.0,1.0,Not junction,Exact,,4.0,98.0,,,,4
2013,January,Tuesday,Night,Light,Front to rear collision,0.0,0.0,1.0,0.0,0.0,1.0,0.0,1.0,2.0,2.0,Not junction,Exact,,4.0,118.0,,,,4
2013,July,Monday,Night,Light,Slip,0.0,0.0,1.0,0.0,0.0,1.0,0.0,1.0,1.0,1.0,Not junction,Exact,,4.0,85.0,,,,4
2013,April,Monday,Night,Light,Front to rear collision,0.0,0.0,1.0,0.0,0.0,1.0,0.0,1.0,2.0,2.0,Not junction,Exact,,4.0,115.0,,,,4
2013,July,Monday,Night,Light,Side to side collision,0.0,0.0,2.0,0.0,1.0,1.0,0.0,2.0,3.0,3.0,Not junction,Exact,,4.0,108.0,,,,4
2013,June,Tuesday,Night,Light,Front to side collision,0.0,0.0,2.0,0.0,0.0,2.0,0.0,2.0,2.0,2.0,Not junction,Exact,,4.0,69.0,,,,4
2013,July,Friday,Night,Severe,Front to rear collision,0.0,3.0,8.0,0.0,0.0,10.0,1.0,11.0,10.0,10.0,Not junction,Exact,,4.0,130.0,,,,4
2013,June,Monday,Night,Light,Front to rear collision,0.0,0.0,2.0,0.0,0.0,0.0,2.0,2.0,3.0,3.0,Not junction,Exact,,4.0,87.0,,,,4
2013,October,Friday,Night,Light,Hit an object,0.0,0.0,1.0,0.0,0.0,1.0,0.0,1.0,1.0,1.0,Not junction,Exact,,4.0,85.0,,,,4
2013,July,Thursday,Night,Light,Side to side collision,0.0,0.0,2.0,0.0,0.0,2.0,0.0,2.0,3.0,3.0,Not junction,Exact,,4.0,76.0,,,,4
2013,July,Monday,Night,Light,Front to rear collision,0.0,0.0,1.0,0.0,0.0,1.0,0.0,1.0,2.0,2.0,Not junction,Exact,,4.0,91.0,,,,4
2013,September,Tuesday,Night,Light,Hit an object,0.0,0.0,1.0,0.0,0.0,1.0,0.0,1.0,1.0,1.0,Not junction,Exact,,4.0,90.4,,,,4
2013,April,Thursday,Night,Light,Pedestrian,0.0,0.0,1.0,1.0,0.0,0.0,1.0,1.0,1.0,1.0,Not junction,Exact,,4.0,92.0,,,,4
2013,July,Saturday,Night,Light,Hit an object,0.0,0.0,1.0,0.0,0.0,1.0,0.0,1.0,1.0,1.0,Not junction,Exact,,4.0,87.0,,,,4
2013,May,Sunday,Night,Light,Hit an object,0.0,0.0,2.0,0.0,0.0,2.0,0.0,2.0,2.0,2.0,Not junction,Exact,,4.0,69.8,,,,4
2013,April,Sunday,Night,Severe,Front to rear collision,0.0,1.0,5.0,0.0,2.0,4.0,0.0,6.0,2.0,2.0,Not junction,Exact,,4.0,88.0,,,,4
2013,May,Wednesday,Night,Light,Front to rear collision,0.0,0.0,1.0,0.0,0.0,1.0,0.0,1.0,2.0,2.0,Not junction,Exact,,4.0,100.0,,,,4
2013,January,Thursday,Night,Light,Side to side collision,0.0,0.0,3.0,0.0,0.0,3.0,0.0,3.0,2.0,2.0,Not junction,Exact,,4.0,90.0,,,,4
2014,January,Tuesday,Night,Light,Side to side collision,0.0,0.0,1.0,0.0,0.0,1.0,0.0,1.0,2.0,2.0,Junction,Exact,,4.0,,553.0,,,4
2014,February,Friday,Night,Light,Front to side collision,0.0,0.0,3.0,0.0,0.0,3.0,0.0,3.0,2.0,2.0,Junction,Exact,,4.0,,3411.0,,,4
2014,January,Friday,Night,Severe,Hit an object,0.0,1.0,0.0,0.0,0.0,1.0,0.0,1.0,1.0,1.0,Junction,Exact,,4.0,,34.0,,,4
2014,January,Saturday,Night,Light,Front to side collision,0.0,0.0,1.0,0.0,0.0,0.0,1.0,1.0,2.0,2.0,Junction,Exact,,4.0,,5.0,,,4
2014,April,Thursday,Night,Light,Front to side collision,0.0,0.0,5.0,0.0,1.0,4.0,0.0,5.0,2.0,2.0,Junction,Exact,,4.0,,,,,4
2014,April,Thursday,Day,Light,Front to side collision,0.0,0.0,2.0,0.0,0.0,1.0,1.0,2.0,2.0,2.0,Junction,Exact,,4.0,,42.0,,,4
2014,April,Monday,Day,Light,Front to side collision,0.0,0.0,1.0,0.0,0.0,1.0,0.0,1.0,2.0,2.0,Junction,Exact,,4.0,,402.0,,,4
2014,January,Monday,Day,Light,Front to side collision,0.0,0.0,3.0,0.0,0.0,3.0,0.0,3.0,3.0,3.0,Junction,Exact,,1.0,,4.0,,,4
2014,January,Saturday,Day,Light,Hit an object,0.0,0.0,1.0,0.0,0.0,1.0,0.0,1.0,1.0,1.0,Junction,Exact,,4.0,,,,,4
2014,March,Tuesday,Day,Light,Front to rear collision,0.0,0.0,4.0,0.0,0.0,3.0,1.0,4.0,4.0,4.0,Junction,Exact,,1.0,,4.0,,,4
2014,January,Thursday,Day,Light,Side to side collision,0.0,0.0,1.0,0.0,0.0,1.0,0.0,1.0,2.0,2.0,Junction,Exact,,4.0,,5.0,,,4
2014,April,Sunday,Day,Severe,Front to side collision,0.0,1.0,0.0,0.0,0.0,1.0,0.0,1.0,2.0,2.0,Junction,Exact,,4.0,,,,,4
2014,March,Monday,Day,Light,Front to side collision,0.0,0.0,3.0,0.0,0.0,3.0,0.0,3.0,3.0,3.0,Junction,Exact,,4.0,,3421.0,,,4
2014,April,Thursday,Day,Light,Front to side collision,0.0,0.0,6.0,0.0,3.0,3.0,0.0,6.0,3.0,3.0,Junction,Exact,,4.0,,,,,4
2014,February,Tuesday,Night,Severe,Front to side collision,0.0,1.0,0.0,0.0,0.0,1.0,0.0,1.0,2.0,2.0,Junction,Exact,,4.0,,35.0,,,4
2014,February,Thursday,Night,Light,Side to side collision,0.0,0.0,1.0,0.0,0.0,1.0,0.0,1.0,2.0,2.0,Junction,Exact,,4.0,,4111.0,,,4
2014,January,Thursday,Night,Light,Front to rear collision,0.0,0.0,2.0,0.0,0.0,2.0,0.0,2.0,2.0,2.0,Junction,Exact,,4.0,,5.0,,,4
2014,April,Thursday,Night,Light,Front to rear collision,0.0,0.0,1.0,0.0,0.0,1.0,0.0,1.0,2.0,2.0,Junction,Exact,,4.0,,5.0,,,4
2014,April,Saturday,Night,Light,Front to rear collision,0.0,0.0,2.0,0.0,0.0,2.0,0.0,2.0,2.0,2.0,Junction,Exact,,3.0,,4.0,,,4
2014,January,Sunday,Night,Light,Front to side collision,0.0,0.0,2.0,0.0,0.0,2.0,0.0,2.0,2.0,2.0,Junction,Exact,,4.0,,,,,4
2014,April,Sunday,Night,Light,Front to side collision,0.0,0.0,4.0,0.0,0.0,2.0,2.0,4.0,2.0,2.0,Junction,Exact,,4.0,,232.0,,,4
2014,November,Wednesday,Night,Light,Pedestrian,0.0,0.0,1.0,1.0,1.0,0.0,0.0,1.0,1.0,1.0,Junction,Exact,,4.0,,5.0,,,4
2014,November,Friday,Day,Light,Front to side collision,0.0,0.0,2.0,0.0,0.0,2.0,0.0,2.0,2.0,2.0,Junction,Exact,,4.0,,461.0,,,4
2014,August,Wednesday,Night,Light,Front to side collision,0.0,0.0,1.0,0.0,0.0,1.0,0.0,1.0,2.0,2.0,Junction,Exact,,4.0,,,,,4
2014,May,Monday,Day,Light,Front end collision,0.0,0.0,4.0,0.0,0.0,3.0,0.0,4.0,2.0,2.0,Junction,Exact,,4.0,,3421.0,,,4
2014,June,Saturday,Day,Light,Front to rear collision,0.0,0.0,3.0,0.0,0.0,3.0,0.0,3.0,3.0,3.0,Junction,Exact,,4.0,,,,,4
2014,May,Thursday,Day,Severe,Front to rear collision,0.0,1.0,0.0,0.0,0.0,1.0,0.0,1.0,2.0,2.0,Junction,Exact,,4.0,,,,,4
2014,September,Monday,Day,Light,Front to side collision,0.0,0.0,2.0,0.0,0.0,2.0,0.0,2.0,2.0,2.0,Junction,Exact,,4.0,,553.0,,,4
2014,May,Wednesday,Day,Light,Front to side collision,0.0,0.0,1.0,0.0,0.0,1.0,0.0,1.0,2.0,2.0,Junction,Exact,,4.0,,5.0,,,4
2014,December,Saturday,Night,Severe,Hit an object,0.0,1.0,0.0,0.0,0.0,1.0,0.0,1.0,1.0,1.0,Junction,Exact,,4.0,,20.0,,,4
2014,July,Saturday,Day,Light,Front to side collision,0.0,0.0,2.0,0.0,0.0,0.0,2.0,2.0,3.0,3.0,Junction,Exact,,4.0,,5.0,,,4
2014,September,Sunday,Night,Light,Front to side collision,0.0,0.0,2.0,0.0,0.0,2.0,0.0,2.0,2.0,2.0,Junction,Exact,,4.0,,5.0,,,4
2014,August,Monday,Day,Light,Side to side collision,0.0,0.0,1.0,0.0,0.0,1.0,0.0,1.0,2.0,2.0,Junction,Exact,,4.0,,44.0,,,4
2014,June,Sunday,Night,Light,Front to side collision,0.0,0.0,2.0,0.0,0.0,1.0,1.0,2.0,2.0,2.0,Junction,Exact,,4.0,,,,,4
2014,December,Saturday,Night,Light,Front to side collision,0.0,0.0,4.0,0.0,0.0,4.0,0.0,4.0,2.0,2.0,Junction,Exact,,4.0,,232.0,,,4
2014,November,Monday,Night,Fatal,Pedestrian,1.0,0.0,0.0,1.0,0.0,1.0,0.0,1.0,1.0,1.0,Junction,Exact,,4.0,,461.0,,,4
2014,October,Thursday,Night,Light,Front end collision,0.0,0.0,4.0,0.0,0.0,3.0,1.0,4.0,3.0,3.0,Junction,Exact,,4.0,,44.0,,,4
2014,December,Saturday,Day,Light,Front to rear collision,0.0,0.0,7.0,0.0,3.0,4.0,0.0,7.0,2.0,2.0,Junction,Exact,,4.0,,35.0,,,4
2014,December,Monday,Day,Light,Front to side collision,0.0,0.0,2.0,0.0,0.0,2.0,0.0,2.0,2.0,2.0,Junction,Exact,,4.0,,,,,4
2014,June,Monday,Day,Light,Front to side collision,0.0,0.0,2.0,0.0,0.0,2.0,0.0,2.0,2.0,2.0,Junction,Exact,,4.0,,5.0,,,4
2014,May,Tuesday,Day,Light,Side to side collision,0.0,0.0,1.0,0.0,0.0,1.0,0.0,1.0,2.0,2.0,Junction,Exact,,4.0,,44.0,,,4
2014,July,Friday,Day,Light,Front to side collision,0.0,0.0,1.0,0.0,0.0,1.0,0.0,1.0,2.0,2.0,Junction,Exact,,4.0,,551.0,,,4
2014,November,Sunday,Day,Light,Front to side collision,0.0,0.0,3.0,0.0,0.0,3.0,0.0,3.0,2.0,2.0,Junction,Exact,,4.0,,34.0,,,4
2014,July,Tuesday,Night,Light,Front to side collision,0.0,0.0,5.0,0.0,3.0,2.0,0.0,5.0,2.0,2.0,Junction,Exact,,3.0,,4.0,,,4
2014,September,Wednesday,Day,Light,Front to rear collision,0.0,0.0,1.0,0.0,0.0,1.0,0.0,1.0,2.0,2.0,Junction,Exact,,4.0,,,,,4
2014,October,Saturday,Day,Severe,Hit an object,0.0,1.0,0.0,0.0,1.0,0.0,0.0,1.0,1.0,1.0,Junction,Exact,,4.0,,431.0,,,4
2014,November,Saturday,Night,Severe,Front to side collision,0.0,1.0,3.0,0.0,0.0,4.0,0.0,4.0,2.0,2.0,Junction,Exact,,4.0,,3411.0,,,4
2014,August,Friday,Day,Fatal,Front to side collision,1.0,1.0,4.0,0.0,0.0,6.0,0.0,6.0,3.0,3.0,Junction,Exact,,4.0,,3411.0,,,4
2014,November,Wednesday,Day,Light,Front end collision,0.0,0.0,1.0,0.0,0.0,1.0,0.0,1.0,3.0,3.0,Junction,Exact,,4.0,,481.0,,,4
2014,August,Tuesday,Night,Severe,Front to side collision,0.0,1.0,1.0,0.0,2.0,0.0,0.0,2.0,2.0,2.0,Junction,Exact,,4.0,,3412.0,,,4
2014,November,Sunday,Night,Severe,Hit an object,0.0,1.0,0.0,0.0,0.0,1.0,0.0,1.0,1.0,1.0,Junction,Exact,,4.0,,5.0,,,4
2014,June,Sunday,Day,Light,Front to side collision,0.0,0.0,2.0,0.0,0.0,2.0,0.0,2.0,2.0,2.0,Junction,Exact,,4.0,,551.0,,,4
2014,May,Thursday,Day,Light,Front to side collision,0.0,0.0,2.0,0.0,0.0,2.0,0.0,2.0,2.0,2.0,Junction,Exact,,3.0,,4.0,,,4
2014,November,Monday,Day,Light,Front to side collision,0.0,0.0,4.0,0.0,2.0,2.0,0.0,4.0,2.0,2.0,Junction,Exact,,4.0,,42.0,,,4
2014,November,Sunday,Day,Light,Front to side collision,0.0,0.0,2.0,0.0,0.0,2.0,0.0,2.0,3.0,3.0,Junction,Exact,,4.0,,34.0,,,4
2014,August,Wednesday,Day,Light,Front to side collision,0.0,0.0,2.0,0.0,0.0,1.0,1.0,2.0,2.0,2.0,Junction,Exact,,4.0,,551.0,,,4
2014,June,Monday,Night,Light,Front to rear collision,0.0,0.0,1.0,0.0,0.0,1.0,0.0,1.0,2.0,2.0,Junction,Exact,,1.0,,4.0,,,4
2014,September,Monday,Day,Light,Front to side collision,0.0,0.0,1.0,0.0,0.0,1.0,0.0,1.0,2.0,2.0,Junction,Exact,,4.0,,,,,4
2014,September,Friday,Day,Light,Front to side collision,0.0,0.0,3.0,0.0,0.0,3.0,0.0,3.0,2.0,2.0,Junction,Exact,,4.0,,3421.0,,,4
2014,July,Friday,Day,Severe,Slip,0.0,1.0,0.0,0.0,0.0,1.0,0.0,1.0,1.0,1.0,Junction,Exact,,4.0,,5.0,,,4
2014,June,Thursday,Day,Light,Front to side collision,0.0,0.0,1.0,0.0,0.0,1.0,0.0,1.0,2.0,2.0,Junction,Exact,,4.0,,461.0,,,4
2014,August,Monday,Day,Severe,Other,0.0,1.0,1.0,1.0,0.0,2.0,0.0,2.0,2.0,2.0,Junction,Exact,,4.0,,461.0,,,4
2014,November,Sunday,Day,Light,Front to side collision,0.0,0.0,2.0,0.0,0.0,2.0,0.0,2.0,2.0,2.0,Junction,Exact,,4.0,,3412.0,,,4
2014,December,Wednesday,Day,Light,Front to side collision,0.0,0.0,2.0,0.0,1.0,1.0,0.0,2.0,2.0,2.0,Junction,Exact,,4.0,,44.0,,,4
2014,September,Wednesday,Day,Severe,Pedestrian,0.0,1.0,0.0,1.0,1.0,0.0,0.0,1.0,1.0,1.0,Junction,Exact,,4.0,,,,,4
2014,August,Sunday,Night,Severe,Front to rear collision,0.0,1.0,1.0,0.0,0.0,2.0,0.0,2.0,2.0,2.0,Junction,Exact,,4.0,,461.0,,,4
2014,August,Sunday,Day,Light,Front to side collision,0.0,0.0,1.0,0.0,0.0,1.0,0.0,1.0,2.0,2.0,Junction,Exact,,4.0,,461.0,,,4
2014,July,Thursday,Night,Fatal,Pedestrian,1.0,0.0,0.0,1.0,0.0,1.0,0.0,1.0,1.0,1.0,Junction,Exact,,4.0,,232.0,,,4
2014,November,Sunday,Night,Light,Side to side collision,0.0,0.0,1.0,0.0,0.0,1.0,0.0,1.0,2.0,2.0,Junction,Exact,,4.0,,,,,4
2014,September,Tuesday,Night,Severe,Front to side collision,0.0,1.0,3.0,0.0,0.0,3.0,1.0,4.0,2.0,2.0,Junction,Exact,,4.0,,,,,4
2014,February,Wednesday,Night,Light,Front to side collision,0.0,0.0,2.0,0.0,0.0,2.0,0.0,2.0,2.0,2.0,Not junction,Exact,,4.0,66.0,,,,4
2014,April,Thursday,Night,Severe,Front to rear collision,0.0,1.0,0.0,0.0,0.0,1.0,0.0,1.0,2.0,2.0,Not junction,Exact,,4.0,128.0,,,,4
2014,April,Tuesday,Night,Fatal,Pedestrian,1.0,0.0,0.0,1.0,0.0,1.0,0.0,1.0,1.0,1.0,Not junction,Exact,,4.0,69.0,,,,4
2014,April,Thursday,Day,Light,Front to rear collision,0.0,0.0,2.0,0.0,0.0,2.0,0.0,2.0,3.0,3.0,Not junction,Exact,,4.0,75.5,,,,4
2014,March,Sunday,Day,Light,Hit an object,0.0,0.0,1.0,0.0,0.0,1.0,0.0,1.0,1.0,1.0,Not junction,Exact,,4.0,92.5,,,,4
2014,March,Sunday,Day,Severe,Front to rear collision,0.0,1.0,1.0,0.0,0.0,2.0,0.0,2.0,2.0,2.0,Not junction,Exact,,4.0,120.0,,,,4
2014,January,Monday,Day,Light,Hit an object,0.0,0.0,1.0,0.0,0.0,0.0,1.0,1.0,1.0,1.0,Not junction,Exact,,4.0,56.0,,,,4
2014,April,Sunday,Day,Severe,Front to rear collision,0.0,3.0,2.0,0.0,0.0,5.0,0.0,5.0,2.0,2.0,Not junction,Exact,,4.0,113.0,,,,4
2014,April,Tuesday,Day,Severe,Side to side collision,0.0,1.0,0.0,0.0,0.0,1.0,0.0,1.0,2.0,2.0,Not junction,Exact,,4.0,108.0,,,,4
2014,March,Thursday,Day,Light,Front to rear collision,0.0,0.0,1.0,0.0,0.0,1.0,0.0,1.0,2.0,2.0,Not junction,Exact,,4.0,80.0,,,,4
2014,April,Monday,Day,Light,Side to side collision,0.0,0.0,2.0,0.0,1.0,1.0,0.0,2.0,2.0,2.0,Not junction,Exact,,4.0,115.0,,,,4
2014,March,Saturday,Day,Light,Hit an object,0.0,0.0,2.0,0.0,0.0,2.0,0.0,2.0,1.0,1.0,Not junction,Exact,,4.0,115.0,,,,4