year,month,day_of_week,day_night,accident_severity,accident_type,killed,severly_injured,lightly_injured,injured_pedestrians,casualties_ages_0-19,casualties_ages_20-64,casualties_ages_65_plus,total_casualties,vehicle_count,drivers,road_type,localization_quality,settlement,road1,location,road2,road3,road4,source_road
2015,February,Sunday,Night,Light,Front end collision,0.0,0.0,1.0,0.0,0.0,1.0,0.0,1.0,2.0,2.0,Junction,Exact,,4.0,,,,,4
2015,August,Saturday,Day,Light,Front to rear collision,0.0,0.0,1.0,0.0,0.0,1.0,0.0,1.0,2.0,2.0,Junction,Exact,,4.0,,461.0,,,4
2015,February,Friday,Day,Light,Other,0.0,0.0,1.0,0.0,0.0,1.0,0.0,1.0,2.0,2.0,Not junction,Exact,,4.0,115.0,,,,4
2015,April,Thursday,Night,Fatal,Hit an object,1.0,0.0,0.0,0.0,0.0,1.0,0.0,1.0,1.0,1.0,Not junction,Exact,,4.0,127.9,,,,4
2015,March,Tuesday,Night,Light,Front to rear collision,0.0,0.0,1.0,0.0,0.0,1.0,0.0,1.0,3.0,3.0,Not junction,Exact,,4.0,130.0,,,,4
2015,August,Sunday,Night,Light,Hit an object,0.0,0.0,1.0,0.0,1.0,0.0,0.0,1.0,1.0,1.0,Not junction,Exact,,4.0,113.6,,,,4
2015,February,Sunday,Night,Light,Front to rear collision,0.0,0.0,3.0,0.0,1.0,2.0,0.0,3.0,2.0,2.0,Not junction,Exact,,4.0,107.5,,,,4
2015,July,Thursday,Day,Light,Front to rear collision,0.0,0.0,1.0,0.0,0.0,1.0,0.0,1.0,2.0,2.0,Not junction,Exact,,4.0,119.0,,,,4
2015,September,Saturday,Night,Light,Collision with stopped vehicle,0.0,0.0,5.0,0.0,1.0,4.0,0.0,5.0,2.0,2.0,Not junction,Exact,,4.0,110.0,,,,4
2015,June,Saturday,Night,Fatal,Pedestrian,1.0,0.0,0.0,1.0,1.0,0.0,0.0,1.0,1.0,1.0,Not junction,Exact,,4.0,116.0,,,,4
2015,February,Saturday,Day,Light,Side to side collision,0.0,0.0,5.0,0.0,0.0,4.0,1.0,5.0,3.0,3.0,Not junction,Exact,,4.0,90.0,,,,4
2015,April,Tuesday,Day,Light,Front to rear collision,0.0,0.0,1.0,0.0,0.0,0.0,1.0,1.0,2.0,2.0,Not junction,Exact,,4.0,117.0,,,,4
2015,March,Thursday,Night,Light,Front to rear collision,0.0,0.0,3.0,0.0,0.0,2.0,1.0,3.0,2.0,2.0,Not junction,Exact,,4.0,91.0,,,,4
2015,June,Saturday,Night,Light,Hit an object,0.0,0.0,2.0,0.0,0.0,2.0,0.0,2.0,1.0,1.0,Not junction,Exact,,4.0,88.8,,,,4
2015,June,Tuesday,Day,Light,Front to side collision,0.0,0.0,2.0,0.0,0.0,2.0,0.0,2.0,2.0,2.0,Not junction,Exact,,4.0,77.3,,,,4
2015,August,Sunday,Day,Severe,Hit an object,0.0,1.0,1.0,0.0,0.0,2.0,0.0,2.0,1.0,1.0,Not junction,Exact,,4.0,88.0,,,,4
2015,December,Tuesday,Night,Severe,Front to rear collision,0.0,1.0,1.0,0.0,0.0,2.0,0.0,2.0,4.0,4.0,Not junction,Exact,,4.0,59.8,,,,4
2015,January,Sunday,Night,Severe,Front to rear collision,0.0,1.0,2.0,0.0,0.0,3.0,0.0,3.0,3.0,3.0,Not junction,Exact,,4.0,58.0,,,,4
2015,May,Sunday,Day,Severe,Front to rear collision,0.0,1.0,0.0,0.0,0.0,1.0,0.0,1.0,2.0,2.0,Not junction,Exact,,4.0,93.5,,,,4
2015,December,Tuesday,Day,Severe,Front to rear collision,0.0,1.0,0.0,0.0,0.0,0.0,1.0,1.0,2.0,2.0,Not junction,Exact,,4.0,137.0,,,,4
2015,January,Wednesday,Day,Light,Side to side collision,0.0,0.0,1.0,0.0,0.0,1.0,0.0,1.0,2.0,2.0,Not junction,Exact,,4.0,109.0,,,,4
2015,January,Friday,Day,Light,Slip,0.0,0.0,1.0,0.0,0.0,1.0,0.0,1.0,1.0,1.0,Not junction,Centered,,4.0,131.0,,,,4
2015,March,Thursday,Night,Severe,Drive off road or on paveway,0.0,2.0,0.0,0.0,0.0,2.0,0.0,2.0,1.0,1.0,Not junction,Exact,,4.0,55.0,,,,4
2015,May,Friday,Day,Light,Side to side collision,0.0,0.0,1.0,0.0,0.0,1.0,0.0,1.0,2.0,2.0,Not junction,Exact,,4.0,114.0,,,,4
2015,June,Sunday,Night,Light,Front end collision,0.0,0.0,1.0,0.0,0.0,1.0,0.0,1.0,3.0,3.0,Not junction,Exact,,4.0,105.0,,,,4
2015,December,Wednesday,Night,Light,Front to rear collision,0.0,0.0,2.0,0.0,0.0,2.0,0.0,2.0,2.0,2.0,Not junction,Exact,,4.0,106.9,,,,4
2015,October,Thursday,Night,Severe,Hit an object,0.0,1.0,2.0,0.0,0.0,1.0,2.0,3.0,1.0,1.0,Not junction,Exact,,4.0,90.0,,,,4
2015,September,Thursday,Day,Light,Side to side collision,0.0,0.0,1.0,0.0,0.0,1.0,0.0,1.0,2.0,2.0,Not junction,Exact,,4.0,105.0,,,,4
2015,May,Friday,Day,Light,Roll over,0.0,0.0,1.0,0.0,0.0,1.0,0.0,1.0,2.0,2.0,Not junction,Exact,,4.0,84.0,,,,4
2015,November,Sunday,Day,Light,Roll over,0.0,0.0,1.0,0.0,0.0,1.0,0.0,1.0,1.0,1.0,Not junction,Exact,,4.0,133.6,,,,4
2015,August,Thursday,Day,Light,Side to side collision,0.0,0.0,1.0,0.0,0.0,1.0,0.0,1.0,2.0,2.0,Not junction,Exact,,4.0,118.0,,,,4
2015,November,Tuesday,Night,Light,Front to rear collision,0.0,0.0,1.0,0.0,0.0,1.0,0.0,1.0,2.0,2.0,Not junction,Exact,,4.0,106.0,,,,4
2015,April,Monday,Day,Light,Side to side collision,0.0,0.0,1.0,0.0,0.0,1.0,0.0,1.0,2.0,2.0,Not junction,Exact,,4.0,118.0,,,,4
2015,February,Sunday,Night,Light,Other,0.0,0.0,1.0,0.0,0.0,1.0,0.0,1.0,2.0,2.0,Not junction,Exact,,4.0,113.8,,,,4
2015,September,Monday,Night,Light,Roll over,0.0,0.0,1.0,0.0,0.0,1.0,0.0,1.0,1.0,1.0,Not junction,Exact,,4.0,100.7,,,,4
2015,July,Tuesday,Day,Severe,Hit an object,0.0,1.0,0.0,0.0,0.0,1.0,0.0,1.0,1.0,1.0,Not junction,Exact,,4.0,104.5,,,,4
2015,September,Thursday,Night,Severe,Collision with stopped vehicle,0.0,1.0,2.0,0.0,0.0,3.0,0.0,3.0,2.0,2.0,Not junction,Exact,,4.0,71.0,,,,4
2015,October,Wednesday,Day,Severe,Slip,0.0,1.0,0.0,0.0,0.0,0.0,1.0,1.0,1.0,1.0,Not junction,Exact,,4.0,131.2,,,,4
2015,March,Friday,Night,Light,Hit an object,0.0,0.0,1.0,0.0,0.0,1.0,0.0,1.0,1.0,1.0,Not junction,Exact,,4.0,104.0,,,,4
2015,August,Friday,Day,Light,Front to rear collision,0.0,0.0,2.0,0.0,0.0,2.0,0.0,2.0,2.0,2.0,Not junction,Exact,,4.0,117.0,,,,4
2015,May,Saturday,Day,Severe,Slip,0.0,1.0,0.0,0.0,0.0,1.0,0.0,1.0,1.0,1.0,Not junction,Exact,,4.0,116.0,,,,4
2015,August,Wednesday,Day,Light,Slip,0.0,0.0,1.0,0.0,0.0,1.0,0.0,1.0,1.0,1.0,Not junction,Exact,,4.0,126.0,,,,4
2015,September,Friday,Day,Severe,Side to side collision,0.0,1.0,2.0,0.0,0.0,2.0,1.0,3.0,3.0,3.0,Not junction,Exact,,4.0,108.0,,,,4
2015,July,Tuesday,Night,Light,Side to side collision,0.0,0.0,1.0,0.0,0.0,1.0,0.0,1.0,2.0,2.0,Not junction,Exact,,4.0,115.0,,,,4
2015,October,Monday,Night,Fatal,Hit an object,1.0,0.0,0.0,0.0,0.0,1.0,0.0,1.0,1.0,1.0,Not junction,Exact,,4.0,117.9,,,,4
2015,November,Monday,Night,Light,Pedestrian,0.0,0.0,1.0,1.0,0.0,1.0,0.0,1.0,1.0,1.0,Not junction,Exact,,4.0,81.0,,,,4
2015,December,Tuesday,Day,Light,Front to side collision,0.0,0.0,2.0,0.0,0.0,2.0,0.0,2.0,2.0,2.0,Not junction,Exact,,4.0,77.3,,,,4
2015,November,Monday,Night,Light,Front to rear collision,0.0,0.0,1.0,0.0,1.0,0.0,0.0,1.0,2.0,2.0,Not junction,Exact,,4.0,115.1,,,,4
2015,April,Tuesday,Day,Fatal,Front to rear collision,1.0,0.0,4.0,0.0,0.0,3.0,2.0,5.0,2.0,2.0,Not junction,Exact,,4.0,85.5,,,,4
2015,April,Wednesday,Day,Light,Front to rear collision,0.0,0.0,1.0,0.0,0.0,1.0,0.0,1.0,2.0,2.0,Not junction,Exact,,4.0,140.0,,,,4
2015,May,Saturday,Day,Light,Side to side collision,0.0,0.0,4.0,0.0,2.0,2.0,0.0,4.0,3.0,3.0,Not junction,Exact,,4.0,115.0,,,,4
2015,January,Friday,Day,Light,Slip,0.0,0.0,1.0,0.0,0.0,1.0,0.0,1.0,1.0,1.0,Not junction,Exact,,4.0,112.0,,,,4
2015,June,Friday,Day,Light,Front to rear collision,0.0,0.0,4.0,0.0,0.0,4.0,0.0,4.0,2.0,2.0,Not junction,Exact,,4.0,115.0,,,,4
2015,September,Wednesday,Day,Light,Side to side collision,0.0,0.0,1.0,0.0,0.0,1.0,0.0,1.0,2.0,2.0,Not junction,Exact,,4.0,122.0,,,,4
2015,September,Thursday,Day,Light,Collision with stopped vehicle,0.0,0.0,1.0,0.0,0.0,1.0,0.0,1.0,3.0,3.0,Not junction,Exact,,4.0,104.9,,,,4
2015,October,Saturday,Night,Light,Hit an object,0.0,0.0,1.0,0.0,0.0,1.0,0.0,1.0,1.0,1.0,Not junction,Exact,,4.0,106.5,,,,4
2015,December,Tuesday,Day,Light,Front to side collision,0.0,0.0,5.0,0.0,0.0,5.0,0.0,5.0,2.0,2.0,Not junction,Exact,,4.0,59.9,,,,4
2015,May,Monday,Day,Light,Roll over,0.0,0.0,1.0,0.0,0.0,1.0,0.0,1.0,1.0,1.0,Not junction,Exact,,4.0,76.0,,,,4
2015,May,Thursday,Night,Light,Front to rear collision,0.0,0.0,1.0,0.0,0.0,1.0,0.0,1.0,2.0,2.0,Not junction,Exact,,4.0,81.0,,,,4
2015,April,Monday,Day,Light,Side to side collision,0.0,0.0,1.0,0.0,0.0,1.0,0.0,1.0,2.0,2.0,Not junction,Exact,,4.0,80.0,,,,4
2015,May,Wednesday,Night,Light,Front to rear collision,0.0,0.0,1.0,0.0,0.0,1.0,0.0,1.0,2.0,2.0,Not junction,Exact,,4.0,110.0,,,,4
2015,November,Sunday,Night,Severe,Slip,0.0,1.0,1.0,0.0,0.0,2.0,0.0,2.0,1.0,1.0,Not junction,Exact,,4.0,111.1,,,,4
2015,April,Tuesday,Day,Light,Side to side collision,0.0,0.0,1.0,0.0,0.0,1.0,0.0,1.0,2.0,2.0,Not junction,Exact,,4.0,127.0,,,,4
2015,January,Sunday,Night,Severe,Front to side collision,0.0,1.0,5.0,0.0,1.0,5.0,0.0,6.0,2.0,2.0,Not junction,Exact,,4.0,64.7,,,,4
2015,April,Thursday,Day,Light,Hit an object,0.0,0.0,1.0,0.0,0.0,1.0,0.0,1.0,1.0,1.0,Not junction,Exact,,4.0,118.0,,,,4
2015,August,Saturday,Night,Fatal,Hit an object,1.0,0.0,0.0,0.0,0.0,1.0,0.0,1.0,1.0,1.0,Not junction,Exact,,4.0,124.9,,,,4
2015,April,Wednesday,Day,Light,Front to rear collision,0.0,0.0,1.0,0.0,0.0,1.0,0.0,1.0,3.0,3.0,Not junction,Exact,,4.0,81.0,,,,4
2015,February,Tuesday,Day,Light,Front to rear collision,0.0,0.0,2.0,0.0,0.0,2.0,0.0,2.0,2.0,2.0,Not junction,Exact,,4.0,115.0,,,,4
2015,November,Saturday,Night,Light,Front to side collision,0.0,0.0,2.0,0.0,0.0,2.0,0.0,2.0,2.0,2.0,Not junction,Exact,,4.0,63.0,,,,4
2015,September,Saturday,Night,Light,Roll over,0.0,0.0,2.0,0.0,2.0,0.0,0.0,2.0,1.0,1.0,Not junction,Exact,,4.0,89.0,,,,4
2015,August,Tuesday,Night,Light,Front to rear collision,0.0,0.0,2.0,0.0,0.0,1.0,1.0,2.0,5.0,5.0,Not junction,Exact,,4.0,116.0,,,,4
2015,April,Friday,Night,Light,Side to side collision,0.0,0.0,1.0,0.0,0.0,1.0,0.0,1.0,2.0,2.0,Not junction,Exact,,4.0,91.8,,,,4
2015,March,Tuesday,Day,Severe,Side to side collision,0.0,1.0,1.0,0.0,0.0,2.0,0.0,2.0,2.0,2.0,Not junction,Exact,,4.0,115.0,,,,4
2015,May,Monday,Day,Light,Front to rear collision,0.0,0.0,1.0,0.0,1.0,0.0,0.0,1.0,2.0,2.0,Not junction,Exact,,4.0,116.0,,,,4
2015,February,Sunday,Day,Light,Front to rear collision,0.0,0.0,4.0,0.0,0.0,4.0,0.0,4.0,5.0,5.0,Not junction,Exact,,4.0,76.7,,,,4
2015,August,Thursday,Day,Light,Front to rear collision,0.0,0.0,3.0,0.0,0.0,2.0,1.0,3.0,4.0,4.0,Not junction,Exact,,4.0,115.0,,,,4
2015,August,Tuesday,Night,Light,Pedestrian,0.0,0.0,1.0,1.0,0.0,0.0,1.0,1.0,1.0,1.0,Not junction,Exact,,4.0,116.0,,,,4
2015,December,Wednesday,Night,Light,Side to side collision,0.0,0.0,1.0,0.0,0.0,1.0,0.0,1.0,2.0,2.0,Not junction,Exact,,4.0,120.0,,,,4
2015,June,Monday,Night,Severe,Front to rear collision,0.0,1.0,1.0,0.0,0.0,2.0,0.0,2.0,2.0,2.0,Not junction,Exact,,4.0,96.7,,,,4
2015,February,Thursday,Day,Severe,Side to side collision,0.0,1.0,0.0,0.0,0.0,1.0,0.0,1.0,2.0,2.0,Not junction,Exact,,4.0,115.0,,,,4
2015,November,Tuesday,Night,Light,Front to rear collision,0.0,0.0,1.0,0.0,0.0,1.0,0.0,1.0,2.0,2.0,Not junction,Exact,,4.0,72.0,,,,4
2015,October,Tuesday,Night,Light,Front to side collision,0.0,0.0,2.0,0.0,1.0,1.0,0.0,2.0,2.0,2.0,Not junction,Exact,,4.0,58.8,,,,4
2015,August,Thursday,Day,Fatal,Pedestrian,1.0,0.0,1.0,1.0,0.0,1.0,1.0,2.0,3.0,3.0,Not junction,Exact,,4.0,91.0,,,,4
2015,July,Tuesday,Day,Light,Front end collision,0.0,0.0,1.0,0.0,0.0,1.0,0.0,1.0,2.0,2.0,Not junction,Exact,,4.0,122.0,,,,4
2015,January,Wednesday,Day,Light,Front to side collision,0.0,0.0,2.0,0.0,0.0,2.0,0.0,2.0,2.0,2.0,Not junction,Exact,,4.0,68.0,,,,4
2015,August,Monday,Day,Severe,Front to rear collision,0.0,1.0,0.0,0.0,0.0,1.0,0.0,1.0,2.0,2.0,Not junction,Exact,,4.0,111.5,,,,4
2015,January,Wednesday,Night,Severe,Front to rear collision,0.0,1.0,1.0,0.0,0.0,2.0,0.0,2.0,3.0,3.0,Not junction,Exact,,4.0,56.0,,,,4
2015,November,Thursday,Night,Light,Front to side collision,0.0,0.0,2.0,0.0,0.0,2.0,0.0,2.0,2.0,2.0,Not junction,Exact,,4.0,63.1,,,,4
2015,August,Sunday,Night,Light,Front to rear collision,0.0,0.0,4.0,0.0,0.0,4.0,0.0,4.0,2.0,2.0,Not junction,Exact,,4.0,113.0,,,,4
2015,December,Monday,Night,Light,Front to rear collision,0.0,0.0,7.0,0.0,0.0,7.0,0.0,7.0,2.0,2.0,Not junction,Exact,,4.0,87.2,,,,4
2015,July,Sunday,Day,Light,Side to side collision,0.0,0.0,1.0,0.0,0.0,1.0,0.0,1.0,2.0,2.0,Not junction,Exact,,4.0,104.9,,,,4
2015,April,Wednesday,Night,Light,Side to side collision,0.0,0.0,1.0,0.0,0.0,1.0,0.0,1.0,2.0,2.0,Not junction,Exact,,4.0,100.0,,,,4
2015,March,Sunday,Day,Fatal,Front to rear collision,1.0,0.0,1.0,0.0,0.0,2.0,0.0,2.0,2.0,2.0,Not junction,Exact,,4.0,67.2,,,,4
2015,June,Wednesday,Day,Light,Front to rear collision,0.0,0.0,2.0,0.0,0.0,2.0,0.0,2.0,3.0,3.0,Not junction,Exact,,4.0,101.0,,,,4
2015,March,Tuesday,Day,Light,Roll over,0.0,0.0,1.0,0.0,0.0,0.0,1.0,1.0,1.0,1.0,Not junction,Exact,,4.0,57.0,,,,4
2015,December,Wednesday,Day,Light,Side to side collision,0.0,0.0,1.0,0.0,0.0,1.0,0.0,1.0,2.0,2.0,Not junction,Exact,,4.0,137.0,,,,4
2015,April,Wednesday,Day,Severe,Front to side collision,0.0,1.0,3.0,0.0,0.0,3.0,1.0,4.0,2.0,2.0,Not junction,Exact,,4.0,56.9,,,,4
2015,June,Wednesday,Day,Light,Roll over,0.0,0.0,1.0,0.0,0.0,1.0,0.0,1.0,2.0,2.0,Not junction,Exact,,4.0,65.0,,,,4
2015,November,Thursday,Night,Light,Front to side collision,0.0,0.0,4.0,0.0,0.0,3.0,1.0,4.0,5.0,5.0,Not junction,Exact,,4.0,77.0,,,,4
2015,October,Sunday,Night,Light,Front to rear collision,0.0,0.0,4.0,0.0,0.0,3.0,1.0,4.0,4.0,4.0,Not junction,Exact,,4.0,138.6,,,,4
2015,July,Wednesday,Day,Light,Front to side collision,0.0,0.0,1.0,0.0,0.0,1.0,0.0,1.0,2.0,2.0,Not junction,Exact,,4.0,119.0,,,,4
2015,January,Thursday,Day,Light,Side to side collision,0.0,0.0,1.0,0.0,0.0,1.0,0.0,1.0,2.0,2.0,Not junction,Exact,,4.0,115.0,,,,4
2015,May,Monday,Day,Severe,Front to side collision,0.0,1.0,2.0,0.0,0.0,3.0,0.0,3.0,3.0,3.0,Not junction,Exact,,4.0,57.0,,,,4
2015,September,Tuesday,Day,Severe,Front to side collision,0.0,1.0,6.0,0.0,3.0,4.0,0.0,7.0,3.0,3.0,Not junction,Exact,,4.0,52.2,,,,4
2015,October,Wednesday,Night,Light,Side to side collision,0.0,0.0,2.0,0.0,0.0,0.0,2.0,2.0,2.0,2.0,Not junction,Exact,,4.0,65.0,,,,4
2015,January,Friday,Night,Severe,Slip,0.0,1.0,3.0,0.0,2.0,2.0,0.0,4.0,1.0,1.0,Not junction,Exact,,4.0,110.0,,,,4
2015,April,Thursday,Day,Severe,Side to side collision,0.0,1.0,0.0,0.0,0.0,1.0,0.0,1.0,2.0,2.0,Not junction,Exact,,4.0,100.0,,,,4
2015,January,Thursday,Night,Light,Pedestrian,0.0,0.0,1.0,1.0,0.0,0.0,1.0,1.0,1.0,1.0,Not junction,Exact,,4.0,80.0,,,,4
2015,July,Monday,Day,Light,Side to side collision,0.0,0.0,1.0,0.0,0.0,1.0,0.0,1.0,2.0,2.0,Not junction,Exact,,4.0,116.2,,,,4
2015,June,Sunday,Day,Light,Slip,0.0,0.0,1.0,0.0,0.0,1.0,0.0,1.0,2.0,2.0,Not junction,Exact,,4.0,79.0,,,,4
2015,February,Tuesday,Day,Severe,Slip,0.0,1.0,0.0,0.0,0.0,1.0,0.0,1.0,2.0,2.0,Not junction,Exact,,4.0,138.0,,,,4
2015,October,Friday,Day,Light,Side to side collision,0.0,0.0,2.0,0.0,0.0,2.0,0.0,2.0,2.0,2.0,Not junction,Exact,,4.0,91.2,,,,4
2015,October,Wednesday,Night,Light,Front to rear collision,0.0,0.0,2.0,0.0,0.0,1.0,1.0,2.0,5.0,5.0,Not junction,Exact,,4.0,65.6,,,,4
2015,November,Sunday,Day,Light,Front to rear collision,0.0,0.0,1.0,0.0,0.0,1.0,0.0,1.0,2.0,2.0,Not junction,Exact,,4.0,79.4,,,,4
2015,March,Tuesday,Day,Light,Front to side collision,0.0,0.0,1.0,0.0,0.0,1.0,0.0,1.0,2.0,2.0,Not junction,Exact,,4.0,56.8,,,,4
2015,October,Saturday,Night,Light,Slip,0.0,0.0,1.0,0.0,1.0,0.0,0.0,1.0,1.0,1.0,Not junction,Exact,,4.0,65.0,,,,4
2016,July,Monday,Day,Severe,Side to side collision,0.0,1.0,1.0,0.0,0.0,2.0,0.0,2.0,2.0,2.0,Junction,Exact,,4.0,,44.0,,,4
2016,September,Saturday,Day,Light,Front to side collision,0.0,0.0,3.0,0.0,0.0,1.0,2.0,3.0,2.0,2.0,Junction,Exact,,4.0,,,,,4
2016,November,Tuesday,Day,Light,Front to side collision,0.0,0.0,2.0,0.0,0.0,2.0,0.0,2.0,2.0,2.0,Junction,Exact,,3.0,,4.0,,,4
2016,January,Thursday,Night,Light,Front to side collision,0.0,0.0,2.0,0.0,0.0,2.0,0.0,2.0,2.0,2.0,Junction,Exact,,4.0,,20.0,,,4
2016,November,Thursday,Night,Light,Front to side collision,0.0,0.0,4.0,0.0,1.0,3.0,0.0,4.0,2.0,2.0,Junction,Exact,,4.0,,3421.0,,,4
2016,November,Saturday,Day,Light,Front to side collision,0.0,0.0,1.0,0.0,0.0,0.0,0.0,1.0,2.0,2.0,Junction,Exact,,4.0,,,,,4
2016,May,Saturday,Day,Light,Front to side collision,0.0,0.0,3.0,0.0,1.0,2.0,0.0,3.0,2.0,2.0,Junction,Exact,,4.0,,481.0,,,4
2016,October,Sunday,Day,Light,Front to rear collision,0.0,0.0,3.0,0.0,0.0,3.0,0.0,3.0,6.0,6.0,Junction,Exact,,4.0,,553.0,,,4
2016,January,Wednesday,Day,Light,Front to side collision,0.0,0.0,2.0,0.0,0.0,2.0,0.0,2.0,2.0,2.0,Junction,Exact,,4.0,,5.0,,,4
2016,July,Monday,Day,Light,Front to side collision,0.0,0.0,3.0,0.0,1.0,2.0,0.0,3.0,2.0,2.0,Junction,Exact,,3.0,,4.0,,,4
2016,October,Friday,Day,Light,Slip,0.0,0.0,1.0,0.0,0.0,1.0,0.0,1.0,1.0,1.0,Junction,Exact,,4.0,,7.0,41.0,,4
2016,September,Tuesday,Night,Light,Pedestrian,0.0,0.0,1.0,1.0,0.0,1.0,0.0,1.0,1.0,1.0,Junction,Exact,,4.0,,,,,4
2016,March,Wednesday,Night,Severe,Front to side collision,0.0,2.0,3.0,0.0,1.0,4.0,0.0,5.0,2.0,2.0,Junction,Exact,,4.0,,44.0,,,4
2016,October,Monday,Day,Light,Front to side collision,0.0,0.0,3.0,0.0,0.0,3.0,0.0,3.0,2.0,2.0,Junction,Exact,,4.0,,3412.0,,,4
2016,January,Saturday,Night,Fatal,Front to side collision,1.0,1.0,1.0,0.0,0.0,1.0,2.0,3.0,2.0,2.0,Junction,Exact,,4.0,,3411.0,,,4
2016,October,Friday,Day,Light,Side to side collision,0.0,0.0,1.0,0.0,0.0,1.0,0.0,1.0,2.0,2.0,Junction,Exact,,4.0,,461.0,,,4
2016,September,Thursday,Night,Severe,Roll over,0.0,1.0,0.0,0.0,0.0,1.0,0.0,1.0,1.0,1.0,Junction,Exact,,1.0,,4.0,,,4
2016,December,Tuesday,Day,Light,Front to side collision,0.0,0.0,1.0,0.0,0.0,1.0,0.0,1.0,2.0,2.0,Junction,Exact,,4.0,,42.0,,,4
2016,October,Monday,Night,Light,Front to rear collision,0.0,0.0,2.0,0.0,0.0,2.0,0.0,2.0,3.0,3.0,Junction,Exact,,1.0,,4.0,,,4
2016,August,Thursday,Night,Light,Front to side collision,0.0,0.0,1.0,0.0,0.0,1.0,0.0,1.0,2.0,2.0,Junction,Exact,,4.0,,5.0,,,4
2016,July,Tuesday,Day,Light,Side to side collision,0.0,0.0,1.0,0.0,0.0,1.0,0.0,1.0,2.0,2.0,Junction,Exact,,1.0,,4.0,,,4
2016,October,Tuesday,Night,Light,Front to rear collision,0.0,0.0,2.0,0.0,0.0,2.0,0.0,2.0,3.0,3.0,Junction,Exact,,4.0,,,,,4
2016,July,Wednesday,Day,Light,Front to side collision,0.0,0.0,3.0,0.0,0.0,3.0,0.0,3.0,3.0,3.0,Junction,Exact,,4.0,,5.0,,,4
2016,September,Sunday,Night,Light,Front to side collision,0.0,0.0,1.0,0.0,0.0,0.0,0.0,1.0,2.0,2.0,Junction,Exact,,4.0,,3711.0,,,4
2016,December,Sunday,Night,Light,Front to side collision,0.0,0.0,2.0,0.0,1.0,1.0,0.0,2.0,2.0,2.0,Junction,Exact,,4.0,,44.0,,,4
2016,May,Tuesday,Night,Light,Side to side collision,0.0,0.0,2.0,0.0,0.0,2.0,0.0,2.0,2.0,2.0,Junction,Exact,,4.0,,5.0,,,4
2016,April,Wednesday,Day,Light,Front to side collision,0.0,0.0,1.0,0.0,0.0,1.0,0.0,1.0,2.0,2.0,Junction,Exact,,4.0,,551.0,,,4
2016,July,Friday,Day,Severe,Front to side collision,0.0,1.0,0.0,0.0,0.0,0.0,1.0,1.0,2.0,2.0,Junction,Exact,,4.0,,461.0,,,4
2016,April,Thursday,Day,Light,Front to side collision,0.0,0.0,1.0,0.0,0.0,1.0,0.0,1.0,2.0,2.0,Junction,Exact,,4.0,,461.0,,,4
2016,January,Wednesday,Night,Light,Front to side collision,0.0,0.0,1.0,0.0,0.0,1.0,0.0,1.0,2.0,2.0,Junction,Exact,,4.0,,,,,4
2016,August,Wednesday,Day,Light,Front to rear collision,0.0,0.0,1.0,0.0,0.0,1.0,0.0,1.0,4.0,4.0,Junction,Exact,,4.0,,461.0,,,4
2016,November,Monday,Day,Light,Front to side collision,0.0,0.0,1.0,0.0,0.0,1.0,0.0,1.0,2.0,2.0,Junction,Exact,,4.0,,42.0,,,4
2016,December,Sunday,Night,Light,Front to side collision,0.0,0.0,2.0,0.0,0.0,1.0,1.0,2.0,2.0,2.0,Junction,Exact,,4.0,,5.0,,,4
2016,January,Friday,Night,Light,Front to side collision,0.0,0.0,2.0,0.0,2.0,0.0,0.0,2.0,2.0,2.0,Junction,Exact,,3.0,,4.0,,,4
2016,April,Sunday,Night,Severe,Hit an object,0.0,1.0,0.0,0.0,0.0,1.0,0.0,1.0,1.0,1.0,Junction,Exact,,4.0,,,,,4
2016,July,Thursday,Day,Light,Front to side collision,0.0,0.0,1.0,0.0,0.0,1.0,0.0,1.0,2.0,2.0,Junction,Exact,,4.0,,,,,4
2016,November,Monday,Day,Light,Side to side collision,0.0,0.0,2.0,0.0,0.0,2.0,0.0,2.0,3.0,3.0,Junction,Exact,,4.0,,402.0,,,4
2016,November,Monday,Day,Light,Front to side collision,0.0,0.0,1.0,0.0,0.0,0.0,0.0,1.0,2.0,2.0,Junction,Exact,,4.0,,481.0,,,4
2016,September,Friday,Day,Light,Pedestrian,0.0,0.0,1.0,1.0,0.0,1.0,0.0,1.0,1.0,1.0,Junction,Exact,,4.0,,461.0,,,4
2016,March,Wednesday,Day,Light,Front to side collision,0.0,0.0,2.0,0.0,0.0,0.0,2.0,2.0,2.0,2.0,Junction,Exact,,4.0,,5.0,,,4
2016,January,Tuesday,Night,Severe,Front to rear collision,0.0,1.0,1.0,0.0,0.0,2.0,0.0,2.0,2.0,2.0,Junction,Exact,,4.0,,,,,4
2016,March,Friday,Day,Light,Side to side collision,0.0,0.0,2.0,0.0,0.0,2.0,0.0,2.0,2.0,2.0,Junction,Exact,,4.0,,461.0,,,4
2016,October,Sunday,Day,Light,Side to side collision,0.0,0.0,1.0,0.0,0.0,1.0,0.0,1.0,2.0,2.0,Junction,Exact,,4.0,,5.0,,,4
2016,October,Friday,Night,Light,Front to side collision,0.0,0.0,5.0,0.0,0.0,3.0,2.0,5.0,2.0,2.0,Junction,Exact,,4.0,,5.0,,,4
2016,August,Tuesday,Day,Light,Front to side collision,0.0,0.0,2.0,0.0,0.0,2.0,0.0,2.0,2.0,2.0,Junction,Exact,,4.0,,3411.0,,,4
2016,February,Monday,Day,Light,Front to side collision,0.0,0.0,3.0,0.0,0.0,3.0,0.0,3.0,3.0,3.0,Junction,Exact,,4.0,,481.0,,,4