year,month,day_of_week,day_night,accident_severity,accident_type,killed,severly_injured,lightly_injured,injured_pedestrians,casualties_ages_0-19,casualties_ages_20-64,casualties_ages_65_plus,total_casualties,vehicle_count,drivers,road_type,localization_quality,settlement,road1,location,road2,road3,road4,source_road
2004,January,Sunday,Day,Light,Front to side collision,0.0,0.0,1.0,0.0,0.0,1.0,0.0,1.0,2.0,2.0,Junction,Exact,,1.0,,20.0,461.0,,20
2004,May,Saturday,Day,Light,Front to side collision,0.0,0.0,3.0,0.0,1.0,2.0,0.0,3.0,2.0,2.0,Junction,Exact,,20.0,,,,,20
2004,August,Sunday,Day,Light,Front to side collision,0.0,0.0,1.0,0.0,1.0,0.0,0.0,1.0,2.0,2.0,Junction,Exact,,20.0,,,,,20
2004,March,Saturday,Day,Light,Roll over,0.0,0.0,3.0,0.0,0.0,3.0,0.0,3.0,2.0,2.0,Junction,Exact,,20.0,,,,,20
2004,December,Monday,Day,Light,Front to side collision,0.0,0.0,2.0,0.0,0.0,2.0,0.0,2.0,2.0,2.0,Junction,Exact,,20.0,,,,,20
2004,May,Monday,Day,Light,Hit an object,0.0,0.0,1.0,0.0,0.0,1.0,0.0,1.0,1.0,1.0,Junction,Exact,,20.0,,,,,20
2004,November,Monday,Day,Light,Front to side collision,0.0,0.0,1.0,0.0,0.0,1.0,0.0,1.0,2.0,2.0,Junction,Exact,,20.0,,,,,20
2004,August,Monday,Day,Light,Front to rear collision,0.0,0.0,3.0,0.0,0.0,3.0,0.0,3.0,2.0,2.0,Junction,Exact,,20.0,,,,,20
2004,December,Thursday,Day,Light,Front to side collision,0.0,0.0,3.0,0.0,3.0,0.0,0.0,3.0,2.0,2.0,Junction,Exact,,20.0,,,,,20
2004,June,Friday,Day,Light,Front to rear collision,0.0,0.0,2.0,0.0,0.0,2.0,0.0,2.0,3.0,3.0,Junction,Exact,,20.0,,2.0,,,20
2004,October,Sunday,Day,Light,Side to side collision,0.0,0.0,1.0,0.0,0.0,1.0,0.0,1.0,2.0,2.0,Junction,Exact,,20.0,,,,,20
2004,October,Friday,Day,Light,Front to side collision,0.0,0.0,1.0,0.0,0.0,1.0,0.0,1.0,2.0,2.0,Junction,Exact,,20.0,,,,,20
2004,August,Monday,Day,Light,Front to rear collision,0.0,0.0,2.0,0.0,0.0,2.0,0.0,2.0,5.0,5.0,Junction,Exact,,20.0,,,,,20
2004,October,Saturday,Day,Light,Front to side collision,0.0,0.0,4.0,0.0,3.0,1.0,0.0,4.0,2.0,2.0,Junction,Exact,,20.0,,,,,20
2004,January,Thursday,Day,Light,Front to rear collision,0.0,0.0,2.0,0.0,0.0,2.0,0.0,2.0,3.0,3.0,Junction,Exact,,20.0,,,,,20
2004,March,Tuesday,Day,Light,Front to rear collision,0.0,0.0,1.0,0.0,0.0,1.0,0.0,1.0,3.0,3.0,Junction,Exact,,20.0,,,,,20
2004,June,Monday,Day,Light,Front to rear collision,0.0,0.0,1.0,0.0,0.0,1.0,0.0,1.0,2.0,2.0,Junction,Exact,,20.0,,,,,20
2004,September,Monday,Day,Light,Pedestrian,0.0,0.0,1.0,1.0,0.0,1.0,0.0,1.0,1.0,1.0,Junction,Exact,,1.0,,20.0,461.0,,20
2004,March,Monday,Day,Light,Front to rear collision,0.0,0.0,2.0,0.0,0.0,2.0,0.0,2.0,2.0,2.0,Junction,Exact,,20.0,,,,,20
2004,April,Sunday,Day,Light,Front to side collision,0.0,0.0,1.0,0.0,0.0,1.0,0.0,1.0,2.0,2.0,Junction,Exact,,20.0,,,,,20
2004,June,Sunday,Day,Light,Side to side collision,0.0,0.0,1.0,0.0,0.0,1.0,0.0,1.0,2.0,2.0,Junction,Exact,,20.0,,,,,20
2004,April,Monday,Day,Light,Front to side collision,0.0,0.0,1.0,0.0,0.0,1.0,0.0,1.0,2.0,2.0,Junction,Exact,,20.0,,,,,20
2004,July,Saturday,Day,Light,Front to side collision,0.0,0.0,1.0,0.0,0.0,1.0,0.0,1.0,2.0,2.0,Junction,Exact,,20.0,,,,,20
2004,October,Wednesday,Night,Light,Front to rear collision,0.0,0.0,1.0,0.0,0.0,1.0,0.0,1.0,2.0,2.0,Junction,Exact,,20.0,,,,,20
2004,April,Sunday,Day,Light,Front to rear collision,0.0,0.0,5.0,0.0,0.0,5.0,0.0,5.0,4.0,4.0,Junction,Exact,,20.0,,,,,20
2004,February,Sunday,Night,Light,Front to rear collision,0.0,0.0,3.0,0.0,0.0,3.0,0.0,3.0,3.0,3.0,Junction,Exact,,20.0,,441.0,,,20
2004,November,Friday,Night,Light,Front to side collision,0.0,0.0,2.0,0.0,0.0,2.0,0.0,2.0,2.0,2.0,Junction,Exact,,20.0,,,,,20
2004,August,Thursday,Day,Light,Front to side collision,0.0,0.0,1.0,0.0,0.0,1.0,0.0,1.0,2.0,2.0,Junction,Exact,,20.0,,,,,20
2004,September,Wednesday,Night,Light,Front to side collision,0.0,0.0,2.0,0.0,0.0,2.0,0.0,2.0,2.0,2.0,Junction,Exact,,20.0,,,,,20
2004,February,Sunday,Night,Light,Front to side collision,0.0,0.0,1.0,0.0,1.0,0.0,0.0,1.0,2.0,2.0,Junction,Exact,,20.0,,,,,20
2004,March,Tuesday,Night,Light,Front end collision,0.0,0.0,1.0,0.0,0.0,1.0,0.0,1.0,2.0,2.0,Junction,Exact,,20.0,,,,,20
2004,July,Wednesday,Day,Light,Front to side collision,0.0,0.0,1.0,0.0,0.0,1.0,0.0,1.0,2.0,2.0,Junction,Exact,,1.0,,20.0,461.0,,20
2004,April,Sunday,Day,Light,Front to side collision,0.0,0.0,1.0,0.0,0.0,1.0,0.0,1.0,2.0,2.0,Junction,Exact,,20.0,,,,,20
2004,October,Wednesday,Night,Light,Front to side collision,0.0,0.0,2.0,0.0,0.0,2.0,0.0,2.0,2.0,2.0,Junction,Exact,,20.0,,,,,20
2004,January,Tuesday,Night,Light,Front to rear collision,0.0,0.0,3.0,0.0,0.0,1.0,2.0,3.0,3.0,3.0,Junction,Exact,,20.0,,441.0,,,20
2004,April,Thursday,Night,Light,Side to side collision,0.0,0.0,1.0,0.0,0.0,1.0,0.0,1.0,2.0,2.0,Junction,Exact,,20.0,,,,,20
2004,November,Saturday,Night,Light,Front to side collision,0.0,0.0,3.0,0.0,1.0,2.0,0.0,3.0,2.0,2.0,Junction,Exact,,20.0,,,,,20
2004,August,Thursday,Night,Light,Side to side collision,0.0,0.0,1.0,0.0,0.0,1.0,0.0,1.0,2.0,2.0,Junction,Exact,,20.0,,,,,20
2004,September,Thursday,Night,Light,Front to rear collision,0.0,0.0,5.0,0.0,0.0,5.0,0.0,5.0,5.0,5.0,Junction,Exact,,20.0,,,,,20
2004,February,Friday,Night,Light,Front to side collision,0.0,0.0,2.0,0.0,0.0,2.0,0.0,2.0,2.0,2.0,Junction,Exact,,20.0,,,,,20
2004,March,Wednesday,Night,Light,Front to side collision,0.0,0.0,1.0,0.0,0.0,1.0,0.0,1.0,2.0,2.0,Junction,Exact,,20.0,,,,,20
2004,July,Monday,Night,Light,Front to rear collision,0.0,0.0,1.0,0.0,0.0,1.0,0.0,1.0,2.0,2.0,Junction,Exact,,20.0,,,,,20
2004,February,Sunday,Night,Light,Front to rear collision,0.0,0.0,1.0,0.0,0.0,1.0,0.0,1.0,2.0,2.0,Junction,Exact,,5.0,,20.0,,,20
2004,August,Friday,Night,Light,Side to side collision,0.0,0.0,1.0,0.0,0.0,1.0,0.0,1.0,2.0,2.0,Junction,Exact,,5.0,,20.0,,,20
2004,August,Tuesday,Night,Light,Front to rear collision,0.0,0.0,3.0,0.0,0.0,3.0,0.0,3.0,3.0,3.0,Junction,Exact,,20.0,,,,,20
2004,April,Friday,Night,Light,Front to side collision,0.0,0.0,1.0,0.0,1.0,0.0,0.0,1.0,2.0,2.0,Junction,Exact,,20.0,,,,,20
2004,February,Friday,Night,Light,Front to side collision,0.0,0.0,2.0,0.0,0.0,2.0,0.0,2.0,2.0,2.0,Junction,Exact,,20.0,,,,,20
2004,October,Friday,Night,Fatal,Pedestrian,1.0,0.0,2.0,1.0,0.0,3.0,0.0,3.0,2.0,2.0,Junction,Exact,,20.0,,,,,20
2004,May,Wednesday,Night,Light,Front to side collision,0.0,0.0,2.0,0.0,1.0,1.0,0.0,2.0,2.0,2.0,Junction,Exact,,20.0,,,,,20
2004,October,Thursday,Night,Light,Hit an object,0.0,0.0,2.0,0.0,0.0,2.0,0.0,2.0,1.0,1.0,Junction,Exact,,20.0,,,,,20
2004,January,Monday,Night,Light,Front to rear collision,0.0,0.0,1.0,0.0,0.0,1.0,0.0,1.0,2.0,2.0,Junction,Exact,,20.0,,441.0,,,20
2004,October,Friday,Night,Light,Front to side collision,0.0,0.0,2.0,0.0,0.0,2.0,0.0,2.0,3.0,3.0,Junction,Exact,,20.0,,,,,20
2004,January,Saturday,Night,Light,Front to rear collision,0.0,0.0,3.0,0.0,0.0,3.0,0.0,3.0,3.0,3.0,Junction,Exact,,1.0,,20.0,461.0,,20
2004,February,Sunday,Night,Light,Hit an object,0.0,0.0,2.0,0.0,2.0,0.0,0.0,2.0,1.0,1.0,Not junction,Exact,,20.0,10.0,,,,20
2004,November,Wednesday,Night,Light,Front to side collision,0.0,0.0,2.0,0.0,1.0,1.0,0.0,2.0,3.0,3.0,Not junction,Exact,,20.0,26.5,,,,20
2004,September,Monday,Night,Light,Hit an object,0.0,0.0,1.0,0.0,0.0,1.0,0.0,1.0,2.0,2.0,Not junction,Exact,,20.0,17.1,,,,20
2004,June,Friday,Night,Light,Other,0.0,0.0,1.0,0.0,1.0,0.0,0.0,1.0,2.0,2.0,Not junction,Exact,,20.0,14.2,,,,20
2004,June,Saturday,Night,Light,Roll over,0.0,0.0,1.0,0.0,0.0,1.0,0.0,1.0,1.0,1.0,Not junction,Exact,,20.0,16.1,,,,20
2004,August,Sunday,Night,Fatal,Roll over,1.0,0.0,0.0,0.0,0.0,1.0,0.0,1.0,1.0,1.0,Not junction,Exact,,20.0,16.1,,,,20
2004,October,Friday,Night,Severe,Front to rear collision,0.0,1.0,2.0,0.0,0.0,3.0,0.0,3.0,3.0,3.0,Not junction,Exact,,20.0,3.2,,,,20
2004,January,Friday,Night,Fatal,Hit an object,1.0,0.0,0.0,0.0,0.0,1.0,0.0,1.0,1.0,1.0,Not junction,Exact,,20.0,13.0,,,,20
2004,July,Wednesday,Night,Severe,Roll over,0.0,2.0,0.0,0.0,0.0,2.0,0.0,2.0,1.0,1.0,Not junction,Exact,,20.0,2.1,,,,20
2004,October,Monday,Day,Severe,Side to side collision,0.0,3.0,0.0,0.0,0.0,3.0,0.0,3.0,2.0,2.0,Not junction,Exact,,20.0,11.0,,,,20
2004,April,Tuesday,Night,Severe,Hit an object,0.0,1.0,3.0,0.0,2.0,2.0,0.0,4.0,1.0,1.0,Not junction,Centered,,20.0,16.0,,,,20
2004,May,Wednesday,Day,Light,Side to side collision,0.0,0.0,1.0,0.0,0.0,1.0,0.0,1.0,2.0,2.0,Not junction,Exact,,20.0,18.0,,,,20
2004,August,Monday,Day,Light,Hit an object,0.0,0.0,1.0,0.0,0.0,1.0,0.0,1.0,1.0,1.0,Not junction,Exact,,20.0,17.5,,,,20
2004,March,Sunday,Day,Light,Front to side collision,0.0,0.0,3.0,0.0,0.0,3.0,0.0,3.0,4.0,4.0,Not junction,Exact,,20.0,16.2,,,,20
2004,May,Sunday,Day,Light,Front to side collision,0.0,0.0,1.0,0.0,0.0,1.0,0.0,1.0,2.0,2.0,Not junction,Exact,,20.0,14.4,,,,20
2004,August,Sunday,Day,Light,Front to rear collision,0.0,0.0,3.0,0.0,1.0,2.0,0.0,3.0,4.0,4.0,Not junction,Centered,,20.0,14.0,,,,20
2004,November,Tuesday,Day,Light,Front to rear collision,0.0,0.0,2.0,0.0,0.0,2.0,0.0,2.0,2.0,2.0,Not junction,Exact,,20.0,6.0,,,,20
2004,March,Tuesday,Day,Light,Front to rear collision,0.0,0.0,1.0,0.0,0.0,1.0,0.0,1.0,3.0,3.0,Not junction,Exact,,20.0,20.2,,,,20
2004,February,Wednesday,Day,Light,Front to rear collision,0.0,0.0,2.0,0.0,0.0,2.0,0.0,2.0,3.0,3.0,Not junction,Exact,,20.0,21.5,,,,20
2004,June,Wednesday,Day,Light,Hit an object,0.0,0.0,2.0,0.0,0.0,2.0,0.0,2.0,1.0,1.0,Not junction,Exact,,20.0,10.6,,,,20
2004,January,Thursday,Day,Light,Front to rear collision,0.0,0.0,1.0,0.0,0.0,1.0,0.0,1.0,2.0,2.0,Not junction,Centered,,20.0,17.0,,,,20
2004,February,Wednesday,Day,Light,Front to side collision,0.0,0.0,1.0,0.0,0.0,1.0,0.0,1.0,2.0,2.0,Not junction,Exact,,20.0,18.9,,,,20
2004,August,Sunday,Day,Light,Side to side collision,0.0,0.0,1.0,0.0,0.0,1.0,0.0,1.0,3.0,3.0,Not junction,Centered,,20.0,19.0,,,,20
2004,February,Thursday,Day,Light,Front to side collision,0.0,0.0,1.0,0.0,0.0,1.0,0.0,1.0,2.0,2.0,Not junction,Centered,,20.0,9.0,,,,20
2004,March,Wednesday,Day,Light,Front to side collision,0.0,0.0,1.0,0.0,0.0,1.0,0.0,1.0,2.0,2.0,Not junction,Centered,,20.0,7.0,,,,20
2004,December,Thursday,Day,Light,Front to rear collision,0.0,0.0,2.0,0.0,0.0,2.0,0.0,2.0,3.0,3.0,Not junction,Exact,,20.0,13.1,,,,20
2004,July,Wednesday,Day,Light,Front to rear collision,0.0,0.0,1.0,0.0,0.0,1.0,0.0,1.0,2.0,2.0,Not junction,Centered,,20.0,18.0,,,,20
2004,March,Monday,Day,Light,Front to rear collision,0.0,0.0,1.0,0.0,0.0,1.0,0.0,1.0,3.0,3.0,Not junction,Exact,,20.0,12.7,,,,20
2004,June,Thursday,Day,Light,Roll over,0.0,0.0,2.0,0.0,0.0,2.0,0.0,2.0,1.0,1.0,Not junction,Centered,,20.0,18.0,,,,20
2004,May,Sunday,Day,Light,Front to side collision,0.0,0.0,2.0,0.0,0.0,0.0,2.0,2.0,2.0,2.0,Not junction,Centered,,20.0,9.0,,,,20
2004,June,Thursday,Day,Light,Front to rear collision,0.0,0.0,2.0,0.0,0.0,1.0,1.0,2.0,2.0,2.0,Not junction,Exact,,20.0,19.5,,,,20
2004,July,Tuesday,Day,Light,Other,0.0,0.0,1.0,0.0,0.0,1.0,0.0,1.0,2.0,2.0,Not junction,Exact,,20.0,16.1,,,,20
2004,January,Sunday,Day,Light,Front to side collision,0.0,0.0,1.0,0.0,0.0,1.0,0.0,1.0,3.0,3.0,Not junction,Exact,,20.0,15.7,,,,20
2004,April,Saturday,Day,Severe,Pedestrian,0.0,1.0,0.0,1.0,0.0,1.0,0.0,1.0,1.0,1.0,Not junction,Exact,,20.0,19.5,,,,20
2004,February,Saturday,Day,Light,Front to rear collision,0.0,0.0,2.0,0.0,0.0,0.0,2.0,2.0,2.0,2.0,Not junction,Exact,,20.0,5.1,,,,20
2004,February,Sunday,Day,Light,Front to side collision,0.0,0.0,1.0,0.0,0.0,1.0,0.0,1.0,2.0,2.0,Not junction,Exact,,20.0,5.2,,,,20
2004,November,Friday,Day,Severe,Side to side collision,0.0,1.0,4.0,0.0,1.0,4.0,0.0,5.0,2.0,2.0,Not junction,Centered,,20.0,18.0,,,,20
2004,January,Tuesday,Day,Light,Side to side collision,0.0,0.0,1.0,0.0,0.0,1.0,0.0,1.0,2.0,2.0,Not junction,Exact,,20.0,4.5,,,,20
2004,February,Wednesday,Day,Light,Side to side collision,0.0,0.0,1.0,0.0,0.0,1.0,0.0,1.0,2.0,2.0,Not junction,Exact,,20.0,6.0,,,,20
2004,September,Tuesday,Day,Light,Slip,0.0,0.0,1.0,0.0,0.0,1.0,0.0,1.0,2.0,2.0,Not junction,Centered,,20.0,7.0,,,,20
2004,January,Sunday,Day,Light,Front to rear collision,0.0,0.0,2.0,0.0,0.0,2.0,0.0,2.0,3.0,3.0,Not junction,Exact,,20.0,13.2,,,,20
2004,May,Wednesday,Day,Light,Front to side collision,0.0,0.0,2.0,0.0,0.0,2.0,0.0,2.0,3.0,3.0,Not junction,Exact,,20.0,2.0,,,,20
2004,June,Wednesday,Day,Light,Front to side collision,0.0,0.0,2.0,0.0,0.0,2.0,0.0,2.0,3.0,3.0,Not junction,Exact,,20.0,20.0,,,,20
2004,November,Thursday,Day,Light,Front to rear collision,0.0,0.0,1.0,0.0,0.0,1.0,0.0,1.0,3.0,3.0,Not junction,Centered,,20.0,16.0,,,,20
2004,January,Thursday,Day,Light,Front to side collision,0.0,0.0,3.0,0.0,0.0,3.0,0.0,3.0,4.0,4.0,Not junction,Centered,,20.0,24.0,,,,20
2004,June,Thursday,Day,Light,Front to side collision,0.0,0.0,5.0,0.0,0.0,5.0,0.0,5.0,3.0,3.0,Not junction,Centered,,20.0,1.0,,,,20
2004,March,Tuesday,Day,Light,Front to rear collision,0.0,0.0,1.0,0.0,0.0,1.0,0.0,1.0,2.0,2.0,Not junction,Exact,,20.0,18.2,,,,20
2004,July,Thursday,Day,Light,Front to rear collision,0.0,0.0,3.0,0.0,0.0,3.0,0.0,3.0,3.0,3.0,Not junction,Centered,,20.0,14.0,,,,20
2004,October,Tuesday,Day,Severe,Front to rear collision,0.0,1.0,2.0,0.0,0.0,2.0,1.0,3.0,3.0,3.0,Not junction,Exact,,20.0,19.5,,,,20
2004,January,Thursday,Day,Light,Side to side collision,0.0,0.0,2.0,0.0,0.0,2.0,0.0,2.0,3.0,3.0,Not junction,Exact,,20.0,18.4,,,,20
2004,July,Thursday,Day,Severe,Collision with stopped vehicle,0.0,1.0,0.0,0.0,0.0,1.0,0.0,1.0,2.0,2.0,Not junction,Exact,,20.0,9.8,,,,20
2004,August,Sunday,Day,Light,Side to side collision,0.0,0.0,2.0,0.0,0.0,2.0,0.0,2.0,3.0,3.0,Not junction,Exact,,20.0,17.1,,,,20
2004,June,Friday,Day,Light,Side to side collision,0.0,0.0,2.0,0.0,0.0,2.0,0.0,2.0,3.0,3.0,Not junction,Centered,,20.0,13.0,,,,20
2004,January,Thursday,Day,Light,Front to rear collision,0.0,0.0,2.0,0.0,0.0,2.0,0.0,2.0,3.0,3.0,Not junction,Centered,,20.0,16.0,,,,20
2004,March,Sunday,Day,Light,Front to side collision,0.0,0.0,4.0,0.0,2.0,2.0,0.0,4.0,5.0,5.0,Not junction,Exact,,20.0,14.4,,,,20
2004,October,Friday,Day,Light,Front to side collision,0.0,0.0,2.0,0.0,0.0,2.0,0.0,2.0,2.0,2.0,Not junction,Centered,,20.0,18.0,,,,20
2004,July,Friday,Day,Light,Front to side collision,0.0,0.0,1.0,0.0,0.0,1.0,0.0,1.0,2.0,2.0,Not junction,Exact,,20.0,19.5,,,,20
2004,August,Tuesday,Day,Light,Front to rear collision,0.0,0.0,1.0,0.0,0.0,1.0,0.0,1.0,2.0,2.0,Not junction,Centered,,20.0,13.0,,,,20
2004,January,Tuesday,Day,Light,Front to rear collision,0.0,0.0,1.0,0.0,0.0,1.0,0.0,1.0,3.0,3.0,Not junction,Exact,,20.0,19.9,,,,20
2004,December,Thursday,Day,Light,Front to side collision,0.0,0.0,1.0,0.0,0.0,1.0,0.0,1.0,2.0,2.0,Not junction,Exact,,20.0,8.4,,,,20
2004,June,Monday,Day,Light,Front to side collision,0.0,0.0,1.0,0.0,0.0,1.0,0.0,1.0,2.0,2.0,Not junction,Exact,,20.0,16.5,,,,20
2004,August,Wednesday,Day,Light,Front to rear collision,0.0,0.0,1.0,0.0,0.0,1.0,0.0,1.0,3.0,3.0,Not junction,Exact,,20.0,16.0,,,,20
2004,May,Monday,Day,Light,Front to side collision,0.0,0.0,2.0,0.0,0.0,2.0,0.0,2.0,2.0,2.0,Not junction,Exact,,20.0,16.5,,,,20
2004,August,Thursday,Day,Light,Front to rear collision,0.0,0.0,1.0,0.0,0.0,1.0,0.0,1.0,3.0,3.0,Not junction,Exact,,20.0,16.6,,,,20
2004,May,Friday,Day,Light,Side to side collision,0.0,0.0,2.0,0.0,0.0,2.0,0.0,2.0,2.0,2.0,Not junction,Centered,,20.0,9.0,,,,20
2004,January,Friday,Day,Light,Side to side collision,0.0,0.0,3.0,0.0,2.0,1.0,0.0,3.0,2.0,2.0,Not junction,Centered,,20.0,14.0,,,,20
2004,May,Saturday,Day,Light,Front to side collision,0.0,0.0,1.0,0.0,1.0,0.0,0.0,1.0,2.0,2.0,Not junction,Exact,,20.0,18.2,,,,20
2004,April,Thursday,Day,Light,Front to rear collision,0.0,0.0,1.0,0.0,0.0,1.0,0.0,1.0,2.0,2.0,Not junction,Exact,,20.0,18.2,,,,20
2004,August,Sunday,Day,Light,Side to side collision,0.0,0.0,1.0,0.0,0.0,1.0,0.0,1.0,2.0,2.0,Not junction,Exact,,20.0,15.0,,,,20
2004,April,Friday,Day,Fatal,Hit an object,1.0,1.0,0.0,0.0,1.0,1.0,0.0,2.0,1.0,1.0,Not junction,Exact,,20.0,20.2,,,,20
2004,December,Thursday,Night,Light,Hit an object,0.0,0.0,1.0,0.0,0.0,1.0,0.0,1.0,1.0,1.0,Not junction,Exact,,20.0,6.6,,,,20
2004,July,Wednesday,Day,Severe,Front to side collision,0.0,1.0,1.0,0.0,0.0,2.0,0.0,2.0,4.0,4.0,Not junction,Exact,,20.0,16.2,,,,20
2004,March,Wednesday,Day,Light,Front to rear collision,0.0,0.0,2.0,0.0,0.0,2.0,0.0,2.0,3.0,3.0,Not junction,Exact,,20.0,13.2,,,,20
2004,May,Wednesday,Day,Light,Side to side collision,0.0,0.0,2.0,0.0,0.0,2.0,0.0,2.0,2.0,2.0,Not junction,Exact,,20.0,17.0,,,,20
2004,June,Tuesday,Day,Light,Side to side collision,0.0,0.0,1.0,0.0,0.0,1.0,0.0,1.0,2.0,2.0,Not junction,Exact,,20.0,16.8,,,,20
2004,September,Sunday,Day,Light,Front to rear collision,0.0,0.0,2.0,0.0,0.0,2.0,0.0,2.0,2.0,2.0,Not junction,Exact,,20.0,13.2,,,,20
2004,July,Wednesday,Day,Light,Front to side collision,0.0,0.0,4.0,0.0,1.0,3.0,0.0,4.0,3.0,3.0,Not junction,Centered,,20.0,19.0,,,,20
2004,December,Friday,Night,Light,Front to rear collision,0.0,0.0,1.0,0.0,0.0,1.0,0.0,1.0,2.0,2.0,Not junction,Centered,,20.0,13.0,,,,20
2004,July,Thursday,Day,Light,Side to side collision,0.0,0.0,1.0,0.0,0.0,1.0,0.0,1.0,2.0,2.0,Not junction,Exact,,20.0,16.1,,,,20
2004,September,Wednesday,Day,Light,Side to side collision,0.0,0.0,1.0,0.0,0.0,1.0,0.0,1.0,2.0,2.0,Not junction,Centered,,20.0,16.0,,,,20
2004,August,Friday,Day,Light,Hit an object,0.0,0.0,1.0,0.0,1.0,0.0,0.0,1.0,1.0,1.0,Not junction,Exact,,20.0,2.4,,,,20
2004,July,Thursday,Day,Light,Front to rear collision,0.0,0.0,3.0,0.0,1.0,2.0,0.0,3.0,2.0,2.0,Not junction,Exact,,20.0,16.1,,,,20
2004,January,Tuesday,Night,Light,Front to rear collision,0.0,0.0,2.0,0.0,0.0,2.0,0.0,2.0,3.0,3.0,Not junction,Centered,,20.0,16.0,,,,20
2004,September,Sunday,Night,Light,Front to rear collision,0.0,0.0,2.0,0.0,0.0,2.0,0.0,2.0,3.0,3.0,Not junction,Centered,,20.0,11.0,,,,20
2004,June,Wednesday,Day,Light,Front to side collision,0.0,0.0,1.0,0.0,0.0,1.0,0.0,1.0,3.0,3.0,Not junction,Centered,,20.0,21.0,,,,20
2004,October,Tuesday,Night,Light,Front to rear collision,0.0,0.0,2.0,0.0,0.0,2.0,0.0,2.0,3.0,3.0,Not junction,Exact,,20.0,18.5,,,,20
2004,February,Tuesday,Night,Light,Other,0.0,0.0,6.0,0.0,3.0,3.0,0.0,6.0,3.0,3.0,Not junction,Centered,,20.0,16.0,,,,20
2004,June,Thursday,Night,Light,Front to side collision,0.0,0.0,1.0,0.0,0.0,1.0,0.0,1.0,2.0,2.0,Not junction,Exact,,20.0,16.1,,,,20
2004,August,Monday,Night,Light,Front to rear collision,0.0,0.0,3.0,0.0,0.0,3.0,0.0,3.0,3.0,3.0,Not junction,Centered,,20.0,1.0,,,,20
2004,February,Tuesday,Night,Severe,Front to side collision,0.0,1.0,0.0,0.0,0.0,1.0,0.0,1.0,3.0,3.0,Not junction,Exact,,20.0,14.0,,,,20
2004,August,Tuesday,Night,Light,Front to rear collision,0.0,0.0,1.0,0.0,0.0,1.0,0.0,1.0,3.0,3.0,Not junction,Exact,,20.0,12.1,,,,20
2004,March,Thursday,Night,Light,Side to side collision,0.0,0.0,2.0,0.0,0.0,2.0,0.0,2.0,3.0,3.0,Not junction,Exact,,20.0,14.4,,,,20
2004,March,Tuesday,Night,Light,Front to rear collision,0.0,0.0,1.0,0.0,0.0,1.0,0.0,1.0,3.0,3.0,Not junction,Exact,,20.0,17.2,,,,20
2004,May,Sunday,Night,Light,Front to rear collision,0.0,0.0,8.0,0.0,0.0,7.0,1.0,8.0,5.0,5.0,Not junction,Centered,,20.0,18.0,,,,20
2004,December,Tuesday,Night,Light,Front to side collision,0.0,0.0,3.0,0.0,0.0,3.0,0.0,3.0,3.0,3.0,Not junction,Exact,,20.0,13.2,,,,20
2004,March,Sunday,Night,Light,Front to rear collision,0.0,0.0,2.0,0.0,0.0,2.0,0.0,2.0,3.0,3.0,Not junction,Exact,,20.0,18.0,,,,20
2004,February,Tuesday,Night,Light,Roll over,0.0,0.0,1.0,0.0,0.0,1.0,0.0,1.0,1.0,1.0,Not junction,Centered,,20.0,14.0,,,,20
2004,December,Thursday,Night,Light,Front to side collision,0.0,0.0,2.0,0.0,0.0,2.0,0.0,2.0,2.0,2.0,Not junction,Exact,,20.0,6.1,,,,20
2004,May,Wednesday,Night,Light,Front to side collision,0.0,0.0,1.0,0.0,0.0,1.0,0.0,1.0,2.0,2.0,Not junction,Centered,,20.0,14.0,,,,20
2004,February,Friday,Night,Light,Front to rear collision,0.0,0.0,4.0,0.0,0.0,3.0,1.0,4.0,5.0,5.0,Not junction,Centered,,20.0,13.0,,,,20
2004,October,Thursday,Night,Light,Front to side collision,0.0,0.0,2.0,0.0,0.0,2.0,0.0,2.0,2.0,2.0,Not junction,Centered,,20.0,17.0,,,,20
2004,February,Saturday,Night,Light,Front to side collision,0.0,0.0,2.0,0.0,0.0,2.0,0.0,2.0,2.0,2.0,Not junction,Centered,,20.0,26.0,,,,20
2005,January,Thursday,Night,Light,Front to side collision,0.0,0.0,4.0,0.0,2.0,2.0,0.0,4.0,2.0,2.0,Junction,Exact,,20.0,,,,,20
2005,September,Wednesday,Night,Severe,Front to side collision,0.0,1.0,1.0,0.0,0.0,2.0,0.0,2.0,2.0,2.0,Junction,Exact,,20.0,,,,,20
2005,December,Sunday,Night,Light,Side to side collision,0.0,0.0,1.0,0.0,0.0,1.0,0.0,1.0,2.0,2.0,Junction,Exact,,5.0,,20.0,,,20
2005,December,Saturday,Night,Light,Front to side collision,0.0,0.0,1.0,0.0,0.0,1.0,0.0,1.0,2.0,2.0,Junction,Exact,,20.0,,,,,20
2005,June,Sunday,Night,Severe,Pedestrian,0.0,1.0,1.0,1.0,0.0,1.0,0.0,2.0,3.0,3.0,Junction,Exact,,20.0,,2.0,,,20