year,month,day_of_week,day_night,accident_severity,accident_type,killed,severly_injured,lightly_injured,injured_pedestrians,casualties_ages_0-19,casualties_ages_20-64,casualties_ages_65_plus,total_casualties,vehicle_count,drivers,road_type,localization_quality,settlement,road1,location,road2,road3,road4,source_road
2008,April,Tuesday,Day,Light,Front to rear collision,0.0,0.0,1.0,0.0,0.0,1.0,0.0,1.0,2.0,2.0,Junction,Exact,,20.0,,,,,20
2008,November,Saturday,Day,Light,Front to side collision,0.0,0.0,1.0,0.0,0.0,1.0,0.0,1.0,2.0,2.0,Junction,Exact,,20.0,,,,,20
2008,September,Friday,Day,Light,Pedestrian,0.0,0.0,1.0,1.0,0.0,1.0,0.0,1.0,1.0,1.0,Junction,Exact,,1.0,,20.0,461.0,,20
2008,October,Thursday,Day,Light,Front to side collision,0.0,0.0,1.0,0.0,0.0,1.0,0.0,1.0,2.0,2.0,Junction,Exact,,20.0,,,,,20
2008,January,Saturday,Day,Light,Front to rear collision,0.0,0.0,1.0,0.0,0.0,1.0,0.0,1.0,3.0,3.0,Junction,Exact,,20.0,,2.0,,,20
2008,June,Wednesday,Day,Light,Front to rear collision,0.0,0.0,1.0,0.0,0.0,1.0,0.0,1.0,2.0,2.0,Junction,Exact,,20.0,,461.0,2.0,,20
2008,January,Sunday,Night,Light,Front to rear collision,0.0,0.0,2.0,0.0,0.0,2.0,0.0,2.0,3.0,3.0,Junction,Exact,,20.0,,,,,20
2008,August,Tuesday,Day,Light,Side to side collision,0.0,0.0,1.0,0.0,0.0,1.0,0.0,1.0,2.0,2.0,Junction,Exact,,20.0,,,,,20
2008,April,Sunday,Day,Light,Side to side collision,0.0,0.0,1.0,0.0,0.0,1.0,0.0,1.0,2.0,2.0,Junction,Exact,,20.0,,2.0,,,20
2008,January,Wednesday,Night,Light,Side to side collision,0.0,0.0,2.0,0.0,1.0,1.0,0.0,2.0,2.0,2.0,Junction,Exact,,20.0,,,,,20
2008,December,Monday,Night,Light,Front to side collision,0.0,0.0,1.0,0.0,0.0,1.0,0.0,1.0,2.0,2.0,Junction,Exact,,20.0,,,,,20
2008,October,Thursday,Night,Severe,Roll over,0.0,1.0,0.0,0.0,0.0,0.0,1.0,1.0,1.0,1.0,Junction,Exact,,20.0,,,,,20
2008,January,Wednesday,Night,Severe,Pedestrian,0.0,1.0,0.0,1.0,0.0,1.0,0.0,1.0,1.0,1.0,Junction,Exact,,20.0,,,,,20
2008,August,Sunday,Day,Light,Front to side collision,0.0,0.0,1.0,0.0,0.0,1.0,0.0,1.0,2.0,2.0,Junction,Exact,,20.0,,2.0,,,20
2008,September,Monday,Day,Light,Front to side collision,0.0,0.0,1.0,0.0,0.0,1.0,0.0,1.0,2.0,2.0,Junction,Exact,,20.0,,,,,20
2008,November,Friday,Night,Light,Hit an object,0.0,0.0,1.0,0.0,0.0,0.0,1.0,1.0,6.0,6.0,Junction,Exact,,20.0,,,,,20
2008,February,Thursday,Night,Severe,Pedestrian,0.0,1.0,0.0,1.0,0.0,1.0,0.0,1.0,1.0,1.0,Junction,Exact,,20.0,,,,,20
2008,September,Sunday,Day,Severe,Pedestrian,0.0,1.0,0.0,1.0,0.0,1.0,0.0,1.0,1.0,1.0,Junction,Exact,,20.0,,,,,20
2008,April,Friday,Day,Light,Front to side collision,0.0,0.0,2.0,0.0,0.0,2.0,0.0,2.0,2.0,2.0,Junction,Exact,,20.0,,,,,20
2008,May,Wednesday,Day,Light,Front to side collision,0.0,0.0,1.0,0.0,1.0,0.0,0.0,1.0,2.0,2.0,Junction,Exact,,20.0,,,,,20
2008,June,Sunday,Day,Light,Front to rear collision,0.0,0.0,1.0,0.0,0.0,1.0,0.0,1.0,2.0,2.0,Junction,Exact,,1.0,,20.0,461.0,,20
2008,March,Wednesday,Night,Light,Front to rear collision,0.0,0.0,1.0,0.0,0.0,1.0,0.0,1.0,2.0,2.0,Junction,Exact,,20.0,,,,,20
2008,September,Sunday,Day,Severe,Front to side collision,0.0,1.0,0.0,0.0,0.0,1.0,0.0,1.0,2.0,2.0,Junction,Exact,,20.0,,,,,20
2008,June,Tuesday,Day,Light,Front to side collision,0.0,0.0,1.0,0.0,0.0,1.0,0.0,1.0,2.0,2.0,Junction,Exact,,20.0,,461.0,2.0,,20
2008,April,Tuesday,Night,Light,Front to side collision,0.0,0.0,1.0,0.0,0.0,1.0,0.0,1.0,2.0,2.0,Junction,Exact,,20.0,,,,,20
2008,August,Saturday,Night,Light,Front to side collision,0.0,0.0,1.0,0.0,0.0,1.0,0.0,1.0,2.0,2.0,Junction,Exact,,20.0,,,,,20
2008,June,Sunday,Night,Light,Front to rear collision,0.0,0.0,1.0,0.0,0.0,1.0,0.0,1.0,2.0,2.0,Junction,Exact,,1.0,,20.0,461.0,,20
2008,June,Sunday,Night,Light,Front to side collision,0.0,0.0,1.0,0.0,0.0,1.0,0.0,1.0,2.0,2.0,Junction,Exact,,20.0,,,,,20
2008,December,Monday,Night,Light,Front to rear collision,0.0,0.0,1.0,0.0,0.0,1.0,0.0,1.0,3.0,3.0,Junction,Exact,,20.0,,,,,20
2008,December,Sunday,Night,Light,Front to rear collision,0.0,0.0,1.0,0.0,0.0,1.0,0.0,1.0,3.0,3.0,Junction,Exact,,20.0,,,,,20
2008,November,Monday,Night,Light,Front to rear collision,0.0,0.0,2.0,0.0,0.0,2.0,0.0,2.0,3.0,3.0,Junction,Exact,,20.0,,,,,20
2008,December,Friday,Night,Light,Front to side collision,0.0,0.0,1.0,0.0,0.0,1.0,0.0,1.0,2.0,2.0,Junction,Exact,,20.0,,,,,20
2008,January,Wednesday,Night,Light,Front to side collision,0.0,0.0,1.0,0.0,0.0,1.0,0.0,1.0,2.0,2.0,Junction,Exact,,20.0,,,,,20
2008,October,Wednesday,Night,Light,Other,0.0,0.0,1.0,0.0,1.0,0.0,0.0,1.0,1.0,1.0,Junction,Exact,,20.0,,,,,20
2008,July,Sunday,Night,Light,Side to side collision,0.0,0.0,3.0,1.0,2.0,1.0,0.0,3.0,2.0,2.0,Junction,Exact,,20.0,,2.0,,,20
2008,June,Sunday,Night,Severe,Pedestrian,0.0,1.0,0.0,1.0,0.0,0.0,1.0,1.0,2.0,2.0,Junction,Exact,,20.0,,,,,20
2008,January,Friday,Night,Light,Front to side collision,0.0,0.0,1.0,0.0,0.0,1.0,0.0,1.0,2.0,2.0,Junction,Exact,,20.0,,,,,20
2008,February,Sunday,Night,Severe,Front to side collision,0.0,1.0,0.0,0.0,0.0,1.0,0.0,1.0,2.0,2.0,Junction,Exact,,20.0,,,,,20
2008,February,Friday,Night,Light,Hit an object,0.0,0.0,1.0,0.0,0.0,1.0,0.0,1.0,1.0,1.0,Not junction,Exact,,20.0,9.0,,,,20
2008,January,Saturday,Night,Severe,Pedestrian,0.0,1.0,0.0,1.0,0.0,1.0,0.0,1.0,1.0,1.0,Not junction,Exact,,20.0,14.0,,,,20
2008,August,Wednesday,Night,Light,Side to side collision,0.0,0.0,1.0,0.0,0.0,1.0,0.0,1.0,5.0,5.0,Not junction,Exact,,20.0,21.6,,,,20
2008,March,Wednesday,Night,Light,Hit an object,0.0,0.0,1.0,0.0,0.0,1.0,0.0,1.0,1.0,1.0,Not junction,Exact,,20.0,24.2,,,,20
2008,March,Friday,Night,Severe,Hit an object,0.0,1.0,0.0,0.0,0.0,1.0,0.0,1.0,1.0,1.0,Not junction,Exact,,20.0,24.0,,,,20
2008,July,Wednesday,Night,Light,Hit an object,0.0,0.0,1.0,0.0,0.0,1.0,0.0,1.0,1.0,1.0,Not junction,Exact,,20.0,14.0,,,,20
2008,May,Saturday,Night,Light,Hit an object,0.0,0.0,1.0,0.0,0.0,1.0,0.0,1.0,1.0,1.0,Not junction,Exact,,20.0,19.5,,,,20
2008,June,Monday,Night,Light,Roll over,0.0,0.0,3.0,0.0,1.0,2.0,0.0,3.0,1.0,1.0,Not junction,Exact,,20.0,14.0,,,,20
2008,September,Saturday,Night,Fatal,Front to side collision,1.0,1.0,1.0,0.0,0.0,3.0,0.0,3.0,3.0,3.0,Not junction,Exact,,20.0,19.5,,,,20
2008,December,Friday,Night,Light,Hit an object,0.0,0.0,1.0,0.0,1.0,0.0,0.0,1.0,1.0,1.0,Not junction,Exact,,20.0,16.2,,,,20
2008,March,Saturday,Night,Light,Front to side collision,0.0,0.0,1.0,0.0,0.0,1.0,0.0,1.0,2.0,2.0,Not junction,Exact,,20.0,18.0,,,,20
2008,January,Monday,Night,Light,Hit an object,0.0,0.0,2.0,0.0,0.0,2.0,0.0,2.0,1.0,1.0,Not junction,Exact,,20.0,6.0,,,,20
2008,December,Friday,Night,Light,Front to rear collision,0.0,0.0,2.0,0.0,0.0,2.0,0.0,2.0,2.0,2.0,Not junction,Centered,,20.0,12.0,,,,20
2008,July,Saturday,Night,Light,Hit an object,0.0,0.0,1.0,0.0,0.0,1.0,0.0,1.0,1.0,1.0,Not junction,Centered,,20.0,11.0,,,,20
2008,March,Friday,Night,Fatal,Pedestrian,1.0,0.0,1.0,1.0,1.0,1.0,0.0,2.0,3.0,3.0,Not junction,Exact,,20.0,4.0,,,,20
2008,April,Sunday,Day,Light,Front to side collision,0.0,0.0,3.0,0.0,0.0,2.0,1.0,3.0,2.0,2.0,Not junction,Exact,,20.0,6.1,,,,20
2008,August,Friday,Day,Light,Front to rear collision,0.0,0.0,1.0,0.0,0.0,1.0,0.0,1.0,2.0,2.0,Not junction,Exact,,20.0,16.2,,,,20
2008,December,Wednesday,Night,Light,Roll over,0.0,0.0,2.0,0.0,0.0,2.0,0.0,2.0,1.0,1.0,Not junction,Exact,,20.0,19.0,,,,20
2008,February,Friday,Night,Light,Front to side collision,0.0,0.0,2.0,0.0,0.0,2.0,0.0,2.0,2.0,2.0,Not junction,Exact,,20.0,19.1,,,,20
2008,March,Saturday,Day,Light,Front to side collision,0.0,0.0,6.0,0.0,2.0,4.0,0.0,6.0,3.0,3.0,Not junction,Exact,,20.0,2.1,,,,20
2008,July,Wednesday,Day,Light,Side to side collision,0.0,0.0,1.0,0.0,0.0,1.0,0.0,1.0,2.0,2.0,Not junction,Exact,,20.0,12.0,,,,20
2008,April,Saturday,Day,Severe,Roll over,0.0,1.0,0.0,0.0,0.0,1.0,0.0,1.0,1.0,1.0,Not junction,Exact,,20.0,9.0,,,,20
2008,February,Wednesday,Day,Light,Side to side collision,0.0,0.0,1.0,0.0,0.0,1.0,0.0,1.0,2.0,2.0,Not junction,Exact,,20.0,8.5,,,,20
2008,March,Monday,Day,Severe,Slip,0.0,1.0,0.0,0.0,0.0,1.0,0.0,1.0,1.0,1.0,Not junction,Exact,,20.0,20.1,,,,20
2008,July,Wednesday,Day,Light,Front to rear collision,0.0,0.0,1.0,0.0,0.0,1.0,0.0,1.0,2.0,2.0,Not junction,Exact,,20.0,12.0,,,,20
2008,March,Thursday,Day,Light,Front to rear collision,0.0,0.0,4.0,0.0,0.0,4.0,0.0,4.0,3.0,3.0,Not junction,Exact,,20.0,7.0,,,,20
2008,January,Tuesday,Day,Light,Front to side collision,0.0,0.0,1.0,0.0,0.0,1.0,0.0,1.0,2.0,2.0,Not junction,Exact,,20.0,7.0,,,,20
2008,September,Thursday,Day,Light,Side to side collision,0.0,0.0,3.0,0.0,0.0,3.0,0.0,3.0,2.0,2.0,Not junction,Exact,,20.0,5.2,,,,20
2008,August,Sunday,Day,Light,Front to side collision,0.0,0.0,2.0,0.0,0.0,2.0,0.0,2.0,3.0,3.0,Not junction,Exact,,20.0,18.1,,,,20
2008,August,Sunday,Day,Light,Side to side collision,0.0,0.0,2.0,0.0,0.0,2.0,0.0,2.0,2.0,2.0,Not junction,Centered,,20.0,18.0,,,,20
2008,November,Thursday,Day,Light,Hit an object,0.0,0.0,1.0,0.0,0.0,1.0,0.0,1.0,1.0,1.0,Not junction,Exact,,20.0,14.0,,,,20
2008,February,Monday,Day,Light,Hit an object,0.0,0.0,1.0,0.0,0.0,1.0,0.0,1.0,1.0,1.0,Not junction,Centered,,20.0,24.0,,,,20
2008,September,Thursday,Day,Light,Side to side collision,0.0,0.0,6.0,0.0,0.0,6.0,0.0,6.0,5.0,5.0,Not junction,Exact,,20.0,11.1,,,,20
2008,June,Monday,Day,Light,Front to rear collision,0.0,0.0,2.0,0.0,0.0,2.0,0.0,2.0,4.0,4.0,Not junction,Exact,,20.0,13.2,,,,20
2008,February,Tuesday,Day,Light,Front to side collision,0.0,0.0,1.0,0.0,0.0,1.0,0.0,1.0,3.0,3.0,Not junction,Exact,,20.0,13.1,,,,20
2008,January,Tuesday,Day,Light,Front to rear collision,0.0,0.0,4.0,0.0,0.0,4.0,0.0,4.0,4.0,4.0,Not junction,Exact,,20.0,19.0,,,,20
2008,February,Tuesday,Day,Light,Front to rear collision,0.0,0.0,3.0,0.0,0.0,3.0,0.0,3.0,3.0,3.0,Not junction,Exact,,20.0,18.3,,,,20
2008,January,Wednesday,Day,Light,Side to side collision,0.0,0.0,1.0,0.0,0.0,1.0,0.0,1.0,2.0,2.0,Not junction,Exact,,20.0,20.1,,,,20
2008,November,Monday,Day,Light,Side to side collision,0.0,0.0,1.0,0.0,0.0,1.0,0.0,1.0,2.0,2.0,Not junction,Exact,,20.0,19.5,,,,20
2008,November,Tuesday,Day,Light,Side to side collision,0.0,0.0,1.0,0.0,0.0,1.0,0.0,1.0,3.0,3.0,Not junction,Exact,,20.0,19.5,,,,20
2008,January,Thursday,Day,Severe,Front to side collision,0.0,1.0,0.0,0.0,0.0,1.0,0.0,1.0,2.0,2.0,Not junction,Exact,,20.0,13.2,,,,20
2008,August,Wednesday,Day,Severe,Front to rear collision,0.0,1.0,0.0,0.0,0.0,1.0,0.0,1.0,2.0,2.0,Not junction,Exact,,20.0,10.1,,,,20
2008,November,Sunday,Day,Light,Side to side collision,0.0,0.0,1.0,0.0,0.0,1.0,0.0,1.0,2.0,2.0,Not junction,Exact,,20.0,16.0,,,,20
2008,January,Wednesday,Day,Light,Front to rear collision,0.0,0.0,1.0,0.0,0.0,1.0,0.0,1.0,2.0,2.0,Not junction,Exact,,20.0,16.0,,,,20
2008,May,Tuesday,Day,Light,Side to side collision,0.0,0.0,1.0,0.0,0.0,1.0,0.0,1.0,2.0,2.0,Not junction,Exact,,20.0,20.1,,,,20
2008,May,Tuesday,Day,Light,Hit an object,0.0,0.0,1.0,0.0,0.0,1.0,0.0,1.0,1.0,1.0,Not junction,Exact,,20.0,11.1,,,,20
2008,April,Saturday,Day,Light,Side to side collision,0.0,0.0,3.0,0.0,0.0,2.0,1.0,3.0,2.0,2.0,Not junction,Exact,,20.0,21.0,,,,20
2008,December,Thursday,Day,Light,Roll over,0.0,0.0,1.0,0.0,0.0,1.0,0.0,1.0,1.0,1.0,Not junction,Exact,,20.0,6.1,,,,20
2008,February,Tuesday,Day,Light,Front to side collision,0.0,0.0,1.0,0.0,0.0,1.0,0.0,1.0,2.0,2.0,Not junction,Exact,,20.0,7.1,,,,20
2008,May,Tuesday,Day,Light,Side to side collision,0.0,0.0,1.0,0.0,0.0,1.0,0.0,1.0,2.0,2.0,Not junction,Exact,,20.0,18.2,,,,20
2008,February,Friday,Day,Light,Front to side collision,0.0,0.0,1.0,0.0,0.0,1.0,0.0,1.0,2.0,2.0,Not junction,Exact,,20.0,21.1,,,,20
2008,August,Thursday,Day,Light,Front to side collision,0.0,0.0,1.0,0.0,0.0,1.0,0.0,1.0,2.0,2.0,Not junction,Exact,,20.0,24.0,,,,20
2008,July,Wednesday,Day,Light,Front to side collision,0.0,0.0,3.0,0.0,0.0,3.0,0.0,3.0,3.0,3.0,Not junction,Exact,,20.0,16.2,,,,20
2008,September,Sunday,Day,Light,Front to side collision,0.0,0.0,1.0,0.0,0.0,1.0,0.0,1.0,2.0,2.0,Not junction,Exact,,20.0,21.6,,,,20
2008,March,Sunday,Day,Severe,Front to rear collision,0.0,1.0,0.0,0.0,0.0,0.0,1.0,1.0,2.0,2.0,Not junction,Exact,,20.0,8.0,,,,20
2008,June,Tuesday,Day,Light,Collision with stopped vehicle,0.0,0.0,1.0,0.0,0.0,1.0,0.0,1.0,2.0,2.0,Not junction,Exact,,20.0,8.8,,,,20
2008,September,Thursday,Day,Severe,Front to side collision,0.0,1.0,0.0,0.0,0.0,1.0,0.0,1.0,2.0,2.0,Not junction,Exact,,20.0,12.0,,,,20
2008,January,Thursday,Day,Light,Front to rear collision,0.0,0.0,1.0,0.0,0.0,1.0,0.0,1.0,2.0,2.0,Not junction,Exact,,20.0,9.5,,,,20
2008,November,Thursday,Day,Light,Side to side collision,0.0,0.0,1.0,0.0,0.0,1.0,0.0,1.0,2.0,2.0,Not junction,Exact,,20.0,2.2,,,,20
2008,January,Wednesday,Day,Light,Front to side collision,0.0,0.0,1.0,0.0,0.0,1.0,0.0,1.0,2.0,2.0,Not junction,Exact,,20.0,9.9,,,,20
2008,July,Sunday,Day,Light,Front to side collision,0.0,0.0,1.0,0.0,0.0,0.0,1.0,1.0,2.0,2.0,Not junction,Exact,,20.0,6.0,,,,20
2008,October,Thursday,Day,Fatal,Front to rear collision,1.0,0.0,0.0,0.0,0.0,1.0,0.0,1.0,2.0,2.0,Not junction,Exact,,20.0,16.1,,,,20
2008,March,Wednesday,Day,Fatal,Roll over,1.0,0.0,0.0,0.0,0.0,1.0,0.0,1.0,1.0,1.0,Not junction,Exact,,20.0,21.2,,,,20
2008,February,Sunday,Day,Light,Front to side collision,0.0,0.0,1.0,0.0,0.0,1.0,0.0,1.0,2.0,2.0,Not junction,Exact,,20.0,18.2,,,,20
2008,February,Tuesday,Day,Light,Front to rear collision,0.0,0.0,2.0,0.0,0.0,1.0,1.0,2.0,2.0,2.0,Not junction,Exact,,20.0,14.4,,,,20
2008,January,Thursday,Day,Light,Front to side collision,0.0,0.0,3.0,0.0,0.0,2.0,1.0,3.0,3.0,3.0,Not junction,Exact,,20.0,13.2,,,,20
2008,April,Thursday,Day,Light,Side to side collision,0.0,0.0,4.0,0.0,2.0,2.0,0.0,4.0,2.0,2.0,Not junction,Exact,,20.0,13.0,,,,20
2008,July,Friday,Day,Light,Side to side collision,0.0,0.0,6.0,0.0,2.0,4.0,0.0,6.0,7.0,7.0,Not junction,Exact,,20.0,13.1,,,,20
2008,June,Wednesday,Day,Light,Front to rear collision,0.0,0.0,1.0,0.0,0.0,1.0,0.0,1.0,2.0,2.0,Not junction,Exact,,20.0,17.1,,,,20
2008,February,Wednesday,Day,Light,Front to side collision,0.0,0.0,4.0,0.0,0.0,3.0,1.0,4.0,4.0,4.0,Not junction,Exact,,20.0,14.0,,,,20
2008,October,Sunday,Day,Light,Side to side collision,0.0,0.0,1.0,0.0,0.0,0.0,1.0,1.0,2.0,2.0,Not junction,Exact,,20.0,9.0,,,,20
2008,August,Thursday,Day,Light,Front to side collision,0.0,0.0,1.0,0.0,0.0,1.0,0.0,1.0,2.0,2.0,Not junction,Exact,,20.0,18.5,,,,20
2008,February,Friday,Day,Light,Front to side collision,0.0,0.0,5.0,0.0,1.0,4.0,0.0,5.0,6.0,6.0,Not junction,Exact,,20.0,16.1,,,,20
2008,August,Friday,Day,Light,Side to side collision,0.0,0.0,1.0,0.0,0.0,1.0,0.0,1.0,2.0,2.0,Not junction,Centered,,20.0,16.0,,,,20
2008,August,Thursday,Day,Light,Hit an object,0.0,0.0,3.0,0.0,1.0,2.0,0.0,3.0,2.0,2.0,Not junction,Exact,,20.0,18.1,,,,20
2008,May,Saturday,Day,Light,Roll over,0.0,0.0,4.0,0.0,0.0,4.0,0.0,4.0,1.0,1.0,Not junction,Exact,,20.0,24.0,,,,20
2008,September,Monday,Day,Light,Roll over,0.0,0.0,1.0,0.0,0.0,1.0,0.0,1.0,1.0,1.0,Not junction,Exact,,20.0,13.0,,,,20
2008,March,Sunday,Day,Light,Side to side collision,0.0,0.0,2.0,0.0,0.0,2.0,0.0,2.0,3.0,3.0,Not junction,Exact,,20.0,18.0,,,,20
2008,February,Sunday,Day,Light,Side to side collision,0.0,0.0,1.0,0.0,0.0,1.0,0.0,1.0,2.0,2.0,Not junction,Exact,,20.0,19.0,,,,20
2008,August,Friday,Day,Light,Hit an object,0.0,0.0,1.0,0.0,0.0,1.0,0.0,1.0,1.0,1.0,Not junction,Exact,,20.0,2.0,,,,20
2008,August,Friday,Day,Light,Roll over,0.0,0.0,1.0,0.0,0.0,1.0,0.0,1.0,1.0,1.0,Not junction,Exact,,20.0,2.0,,,,20
2008,March,Thursday,Day,Light,Front to rear collision,0.0,0.0,1.0,0.0,0.0,1.0,0.0,1.0,3.0,3.0,Not junction,Centered,,20.0,16.0,,,,20
2008,October,Sunday,Day,Light,Side to side collision,0.0,0.0,1.0,0.0,0.0,1.0,0.0,1.0,2.0,2.0,Not junction,Exact,,20.0,14.4,,,,20
2008,July,Friday,Day,Light,Front to side collision,0.0,0.0,2.0,0.0,1.0,1.0,0.0,2.0,2.0,2.0,Not junction,Exact,,20.0,7.0,,,,20
2008,November,Thursday,Day,Light,Front to rear collision,0.0,0.0,2.0,0.0,0.0,2.0,0.0,2.0,2.0,2.0,Not junction,Exact,,20.0,22.5,,,,20
2008,July,Monday,Day,Severe,Pedestrian,0.0,1.0,0.0,1.0,0.0,0.0,0.0,1.0,1.0,1.0,Not junction,Exact,,20.0,4.0,,,,20
2008,April,Wednesday,Day,Light,Front to rear collision,0.0,0.0,1.0,0.0,0.0,1.0,0.0,1.0,2.0,2.0,Not junction,Exact,,20.0,6.1,,,,20
2008,July,Saturday,Day,Severe,Side to side collision,0.0,2.0,0.0,0.0,1.0,1.0,0.0,2.0,3.0,3.0,Not junction,Exact,,20.0,13.1,,,,20
2008,November,Thursday,Day,Light,Side to side collision,0.0,0.0,1.0,0.0,0.0,1.0,0.0,1.0,3.0,3.0,Not junction,Exact,,20.0,19.5,,,,20
2008,August,Saturday,Day,Severe,Hit an object,0.0,1.0,0.0,0.0,0.0,1.0,0.0,1.0,1.0,1.0,Not junction,Centered,,20.0,10.0,,,,20
2008,August,Wednesday,Day,Light,Front to side collision,0.0,0.0,1.0,0.0,1.0,0.0,0.0,1.0,2.0,2.0,Not junction,Exact,,20.0,16.3,,,,20
2008,December,Wednesday,Night,Light,Front to side collision,0.0,0.0,1.0,0.0,0.0,1.0,0.0,1.0,2.0,2.0,Not junction,Exact,,20.0,16.1,,,,20
2008,April,Sunday,Day,Light,Side to side collision,0.0,0.0,1.0,0.0,0.0,1.0,0.0,1.0,3.0,3.0,Not junction,Exact,,20.0,14.0,,,,20
2008,March,Thursday,Day,Light,Front to side collision,0.0,0.0,5.0,0.0,0.0,5.0,0.0,5.0,7.0,7.0,Not junction,Exact,,20.0,6.1,,,,20
2008,March,Thursday,Day,Light,Front to side collision,0.0,0.0,1.0,0.0,0.0,1.0,0.0,1.0,2.0,2.0,Not junction,Exact,,20.0,20.1,,,,20
2008,March,Wednesday,Day,Light,Front to side collision,0.0,0.0,1.0,0.0,0.0,1.0,0.0,1.0,3.0,3.0,Not junction,Exact,,20.0,6.1,,,,20
2008,February,Wednesday,Day,Light,Front to side collision,0.0,0.0,1.0,0.0,1.0,0.0,0.0,1.0,2.0,2.0,Not junction,Exact,,20.0,7.0,,,,20
2008,August,Tuesday,Day,Light,Front to side collision,0.0,0.0,1.0,0.0,0.0,1.0,0.0,1.0,2.0,2.0,Not junction,Centered,,20.0,18.0,,,,20
2008,March,Sunday,Day,Light,Side to side collision,0.0,0.0,1.0,0.0,0.0,1.0,0.0,1.0,2.0,2.0,Not junction,Exact,,20.0,6.1,,,,20
2008,August,Sunday,Day,Light,Front to rear collision,0.0,0.0,1.0,0.0,0.0,1.0,0.0,1.0,2.0,2.0,Not junction,Exact,,20.0,16.3,,,,20
2008,December,Friday,Night,Light,Hit an object,0.0,0.0,3.0,0.0,0.0,2.0,0.0,3.0,1.0,1.0,Not junction,Exact,,20.0,6.0,,,,20
2008,January,Thursday,Night,Light,Front to rear collision,0.0,0.0,6.0,0.0,3.0,3.0,0.0,6.0,3.0,3.0,Not junction,Exact,,20.0,6.0,,,,20
2008,December,Friday,Night,Light,Front to rear collision,0.0,0.0,2.0,0.0,0.0,2.0,0.0,2.0,3.0,3.0,Not junction,Exact,,20.0,13.2,,,,20
2008,January,Tuesday,Night,Light,Side to side collision,0.0,0.0,1.0,0.0,0.0,1.0,0.0,1.0,2.0,2.0,Not junction,Exact,,20.0,1.1,,,,20
2008,June,Sunday,Day,Light,Front to rear collision,0.0,0.0,3.0,1.0,1.0,1.0,1.0,3.0,6.0,6.0,Not junction,Exact,,20.0,11.9,,,,20
2008,March,Sunday,Night,Light,Front to rear collision,0.0,0.0,4.0,0.0,0.0,4.0,0.0,4.0,3.0,3.0,Not junction,Exact,,20.0,21.0,,,,20
2008,March,Tuesday,Night,Light,Front to rear collision,0.0,0.0,3.0,0.0,0.0,3.0,0.0,3.0,3.0,3.0,Not junction,Exact,,20.0,12.0,,,,20
2008,November,Tuesday,Night,Light,Front to rear collision,0.0,0.0,2.0,0.0,0.0,2.0,0.0,2.0,2.0,2.0,Not junction,Exact,,20.0,12.1,,,,20
2008,July,Thursday,Day,Light,Other,0.0,0.0,1.0,0.0,0.0,1.0,0.0,1.0,3.0,3.0,Not junction,Exact,,20.0,21.0,,,,20
2008,May,Saturday,Day,Light,Front to rear collision,0.0,0.0,2.0,0.0,0.0,2.0,0.0,2.0,2.0,2.0,Not junction,Exact,,20.0,13.5,,,,20
2008,February,Wednesday,Night,Severe,Front to rear collision,0.0,1.0,0.0,0.0,0.0,1.0,0.0,1.0,2.0,2.0,Not junction,Exact,,20.0,1.6,,,,20
2008,September,Thursday,Night,Light,Front to side collision,0.0,0.0,2.0,0.0,0.0,2.0,0.0,2.0,2.0,2.0,Not junction,Exact,,20.0,7.5,,,,20
2008,March,Saturday,Night,Light,Front to side collision,0.0,0.0,3.0,0.0,0.0,3.0,0.0,3.0,2.0,2.0,Not junction,Exact,,20.0,13.0,,,,20
2008,September,Tuesday,Night,Light,Front to rear collision,0.0,0.0,5.0,0.0,0.0,5.0,0.0,5.0,4.0,4.0,Not junction,Exact,,20.0,13.1,,,,20
2008,February,Thursday,Night,Severe,Collision with stopped vehicle,0.0,1.0,0.0,0.0,0.0,0.0,1.0,1.0,2.0,2.0,Not junction,Exact,,20.0,9.1,,,,20
2008,November,Monday,Night,Light,Front to side collision,0.0,0.0,3.0,0.0,0.0,3.0,0.0,3.0,2.0,2.0,Not junction,Exact,,20.0,7.5,,,,20
2008,September,Tuesday,Night,Severe,Collision with stopped vehicle,0.0,1.0,0.0,0.0,0.0,1.0,0.0,1.0,2.0,2.0,Not junction,Exact,,20.0,8.5,,,,20
2008,November,Tuesday,Night,Light,Hit an object,0.0,0.0,1.0,0.0,0.0,1.0,0.0,1.0,1.0,1.0,Not junction,Exact,,20.0,16.1,,,,20
2008,May,Tuesday,Night,Light,Front to rear collision,0.0,0.0,1.0,0.0,0.0,1.0,0.0,1.0,3.0,3.0,Not junction,Exact,,20.0,17.0,,,,20
2008,May,Sunday,Night,Light,Side to side collision,0.0,0.0,1.0,0.0,0.0,1.0,0.0,1.0,2.0,2.0,Not junction,Exact,,20.0,14.0,,,,20
2008,August,Sunday,Night,Light,Front to rear collision,0.0,0.0,1.0,0.0,0.0,1.0,0.0,1.0,3.0,3.0,Not junction,Exact,,20.0,13.1,,,,20
2008,November,Tuesday,Night,Light,Front to rear collision,0.0,0.0,2.0,1.0,1.0,0.0,1.0,2.0,4.0,4.0,Not junction,Exact,,20.0,2.0,,,,20