year,month,day_of_week,day_night,accident_severity,accident_type,killed,severly_injured,lightly_injured,injured_pedestrians,casualties_ages_0-19,casualties_ages_20-64,casualties_ages_65_plus,total_casualties,vehicle_count,drivers,road_type,localization_quality,settlement,road1,location,road2,road3,road4,source_road
2015,October,Thursday,Day,Light,Front to rear collision,0.0,0.0,4.0,0.0,0.0,3.0,1.0,4.0,4.0,4.0,Junction,Exact,,20.0,,,,,20
2015,July,Sunday,Night,Light,Front to rear collision,0.0,0.0,1.0,0.0,0.0,1.0,0.0,1.0,2.0,2.0,Junction,Exact,,1.0,,20.0,461.0,,20
2015,August,Saturday,Night,Light,Front to side collision,0.0,0.0,1.0,0.0,0.0,1.0,0.0,1.0,2.0,2.0,Junction,Exact,,20.0,,,,,20
2015,May,Saturday,Day,Severe,Front to side collision,0.0,1.0,0.0,0.0,0.0,1.0,0.0,1.0,2.0,2.0,Junction,Exact,,20.0,,,,,20
2015,September,Wednesday,Day,Light,Front to side collision,0.0,0.0,1.0,0.0,0.0,1.0,0.0,1.0,2.0,2.0,Junction,Exact,,20.0,,,,,20
2015,April,Saturday,Night,Light,Front to side collision,0.0,0.0,3.0,0.0,0.0,3.0,0.0,3.0,2.0,2.0,Junction,Exact,,20.0,,,,,20
2015,September,Thursday,Day,Light,Front to side collision,0.0,0.0,1.0,0.0,0.0,1.0,0.0,1.0,2.0,2.0,Junction,Exact,,20.0,,,,,20
2015,May,Thursday,Day,Light,Front to side collision,0.0,0.0,2.0,0.0,0.0,2.0,0.0,2.0,2.0,2.0,Junction,Exact,,20.0,,,,,20
2015,June,Monday,Day,Light,Front to side collision,0.0,0.0,1.0,0.0,1.0,0.0,0.0,1.0,2.0,2.0,Junction,Exact,,20.0,,,,,20
2015,February,Sunday,Night,Light,Pedestrian,0.0,0.0,1.0,1.0,0.0,1.0,0.0,1.0,1.0,1.0,Junction,Exact,,20.0,,,,,20
2015,May,Friday,Day,Light,Front end collision,0.0,0.0,1.0,0.0,0.0,1.0,0.0,1.0,2.0,2.0,Junction,Exact,,20.0,,,,,20
2015,August,Saturday,Day,Light,Front to side collision,0.0,0.0,1.0,0.0,0.0,0.0,1.0,1.0,2.0,2.0,Junction,Exact,,20.0,,,,,20
2015,November,Thursday,Day,Light,Front to side collision,0.0,0.0,1.0,0.0,0.0,1.0,0.0,1.0,2.0,2.0,Junction,Exact,,20.0,,,,,20
2015,October,Tuesday,Day,Light,Front to side collision,0.0,0.0,2.0,0.0,0.0,0.0,2.0,2.0,2.0,2.0,Junction,Exact,,20.0,,,,,20
2015,September,Monday,Night,Severe,Front end collision,0.0,1.0,4.0,0.0,1.0,4.0,0.0,5.0,2.0,2.0,Junction,Exact,,20.0,,,,,20
2015,June,Saturday,Day,Light,Hit an object,0.0,0.0,1.0,0.0,0.0,1.0,0.0,1.0,1.0,1.0,Junction,Exact,,20.0,,,,,20
2015,December,Friday,Night,Light,Front to rear collision,0.0,0.0,2.0,0.0,0.0,2.0,0.0,2.0,5.0,5.0,Junction,Exact,,20.0,,,,,20
2015,June,Thursday,Day,Light,Roll over,0.0,0.0,1.0,0.0,0.0,1.0,0.0,1.0,1.0,1.0,Junction,Exact,,20.0,,,,,20
2015,November,Thursday,Night,Light,Front to side collision,0.0,0.0,1.0,0.0,0.0,1.0,0.0,1.0,2.0,2.0,Junction,Exact,,20.0,,,,,20
2015,July,Saturday,Night,Light,Front to side collision,0.0,0.0,7.0,0.0,0.0,5.0,0.0,7.0,2.0,2.0,Junction,Exact,,20.0,,,,,20
2015,December,Tuesday,Night,Light,Front to side collision,0.0,0.0,1.0,0.0,0.0,1.0,0.0,1.0,2.0,2.0,Junction,Exact,,20.0,,,,,20
2015,June,Wednesday,Day,Light,Hit an object,0.0,0.0,2.0,0.0,0.0,0.0,2.0,2.0,1.0,1.0,Junction,Exact,,5.0,,20.0,,,20
2015,June,Monday,Day,Light,Side to side collision,0.0,0.0,1.0,0.0,0.0,1.0,0.0,1.0,2.0,2.0,Junction,Exact,,5.0,,20.0,,,20
2015,September,Monday,Night,Severe,Pedestrian,0.0,1.0,2.0,1.0,0.0,2.0,0.0,3.0,3.0,3.0,Junction,Exact,,20.0,,,,,20
2015,May,Friday,Day,Light,Front to rear collision,0.0,0.0,2.0,0.0,0.0,2.0,0.0,2.0,2.0,2.0,Junction,Exact,,20.0,,,,,20
2015,June,Thursday,Day,Light,Side to side collision,0.0,0.0,1.0,0.0,0.0,1.0,0.0,1.0,2.0,2.0,Not junction,Exact,,20.0,16.6,,,,20
2015,July,Tuesday,Day,Light,Front to rear collision,0.0,0.0,3.0,0.0,0.0,1.0,2.0,3.0,2.0,2.0,Not junction,Exact,,20.0,1.2,,,,20
2015,April,Monday,Night,Severe,Side to side collision,0.0,1.0,0.0,0.0,0.0,0.0,1.0,1.0,2.0,2.0,Not junction,Exact,,20.0,18.0,,,,20
2015,April,Thursday,Day,Light,Side to side collision,0.0,0.0,1.0,0.0,0.0,1.0,0.0,1.0,2.0,2.0,Not junction,Exact,,20.0,14.0,,,,20
2015,March,Friday,Day,Light,Side to side collision,0.0,0.0,1.0,0.0,0.0,1.0,0.0,1.0,2.0,2.0,Not junction,Exact,,20.0,13.0,,,,20
2015,January,Wednesday,Night,Light,Hit an object,0.0,0.0,1.0,0.0,0.0,1.0,0.0,1.0,1.0,1.0,Not junction,Exact,,20.0,18.0,,,,20
2015,February,Friday,Night,Light,Slip,0.0,0.0,2.0,0.0,1.0,1.0,0.0,2.0,1.0,1.0,Not junction,Exact,,20.0,10.0,,,,20
2015,May,Monday,Night,Light,Front to side collision,0.0,0.0,1.0,0.0,0.0,1.0,0.0,1.0,3.0,3.0,Not junction,Exact,,20.0,9.6,,,,20
2015,November,Thursday,Day,Light,Front to rear collision,0.0,0.0,1.0,0.0,0.0,1.0,0.0,1.0,3.0,3.0,Not junction,Exact,,20.0,23.5,,,,20
2015,December,Sunday,Day,Light,Other,0.0,0.0,1.0,0.0,0.0,1.0,0.0,1.0,2.0,2.0,Not junction,Exact,,20.0,14.0,,,,20
2015,May,Wednesday,Day,Severe,Hit an object,0.0,1.0,0.0,0.0,0.0,1.0,0.0,1.0,2.0,2.0,Not junction,Exact,,20.0,10.0,,,,20
2015,October,Friday,Day,Light,Front to rear collision,0.0,0.0,5.0,0.0,3.0,2.0,0.0,5.0,2.0,2.0,Not junction,Exact,,20.0,1.3,,,,20
2015,November,Thursday,Night,Light,Front to rear collision,0.0,0.0,1.0,0.0,0.0,1.0,0.0,1.0,2.0,2.0,Not junction,Exact,,20.0,22.0,,,,20
2015,March,Sunday,Day,Severe,Side to side collision,0.0,1.0,0.0,0.0,0.0,1.0,0.0,1.0,2.0,2.0,Not junction,Exact,,20.0,7.0,,,,20
2015,April,Tuesday,Day,Light,Front to rear collision,0.0,0.0,5.0,0.0,1.0,4.0,0.0,5.0,4.0,4.0,Not junction,Exact,,20.0,7.0,,,,20
2015,August,Saturday,Night,Light,Front to side collision,0.0,0.0,4.0,0.0,1.0,3.0,0.0,4.0,2.0,2.0,Not junction,Exact,,20.0,10.7,,,,20
2015,November,Saturday,Night,Light,Hit a passenger within the vehicle,0.0,0.0,2.0,0.0,0.0,1.0,1.0,2.0,3.0,3.0,Not junction,Exact,,20.0,16.0,,,,20
2015,January,Saturday,Day,Light,Front to rear collision,0.0,0.0,4.0,0.0,0.0,4.0,0.0,4.0,3.0,3.0,Not junction,Exact,,20.0,21.0,,,,20
2015,September,Thursday,Night,Severe,Slip,0.0,1.0,0.0,0.0,0.0,1.0,0.0,1.0,1.0,1.0,Not junction,Exact,,20.0,24.0,,,,20
2015,March,Saturday,Night,Fatal,Hit an object,1.0,0.0,3.0,0.0,0.0,4.0,0.0,4.0,1.0,1.0,Not junction,Exact,,20.0,9.9,,,,20
2015,June,Thursday,Day,Light,Side to side collision,0.0,0.0,1.0,0.0,0.0,1.0,0.0,1.0,2.0,2.0,Not junction,Exact,,20.0,6.5,,,,20
2015,August,Sunday,Day,Severe,Slip,0.0,1.0,0.0,0.0,0.0,1.0,0.0,1.0,1.0,1.0,Not junction,Exact,,20.0,26.0,,,,20
2015,October,Thursday,Day,Light,Side to side collision,0.0,0.0,1.0,0.0,0.0,1.0,0.0,1.0,2.0,2.0,Not junction,Exact,,20.0,19.6,,,,20
2015,March,Thursday,Day,Light,Side to side collision,0.0,0.0,1.0,0.0,0.0,1.0,0.0,1.0,2.0,2.0,Not junction,Centered,,20.0,15.0,,,,20
2015,July,Friday,Day,Light,Slip,0.0,0.0,1.0,0.0,0.0,1.0,0.0,1.0,1.0,1.0,Not junction,Exact,,20.0,16.0,,,,20
2015,December,Thursday,Day,Light,Slip,0.0,0.0,1.0,0.0,0.0,1.0,0.0,1.0,2.0,2.0,Not junction,Exact,,20.0,10.0,,,,20
2015,November,Sunday,Night,Light,Front to rear collision,0.0,0.0,2.0,0.0,1.0,1.0,0.0,2.0,2.0,2.0,Not junction,Exact,,20.0,7.7,,,,20
2015,October,Tuesday,Day,Light,Front to side collision,0.0,0.0,1.0,0.0,0.0,1.0,0.0,1.0,3.0,3.0,Not junction,Exact,,20.0,18.0,,,,20
2015,March,Tuesday,Day,Light,Front to rear collision,0.0,0.0,4.0,0.0,1.0,3.0,0.0,4.0,2.0,2.0,Not junction,Exact,,20.0,16.0,,,,20
2015,February,Thursday,Day,Light,Side to side collision,0.0,0.0,1.0,0.0,0.0,1.0,0.0,1.0,2.0,2.0,Not junction,Exact,,20.0,18.0,,,,20
2015,April,Monday,Day,Light,Roll over,0.0,0.0,1.0,0.0,0.0,1.0,0.0,1.0,1.0,1.0,Not junction,Exact,,20.0,18.5,,,,20
2015,May,Monday,Day,Severe,Roll over,0.0,1.0,0.0,0.0,0.0,1.0,0.0,1.0,2.0,2.0,Not junction,Exact,,20.0,13.0,,,,20
2015,June,Thursday,Night,Severe,Side to side collision,0.0,1.0,1.0,0.0,0.0,2.0,0.0,2.0,2.0,2.0,Not junction,Exact,,20.0,18.0,,,,20
2015,April,Tuesday,Night,Light,Front to rear collision,0.0,0.0,5.0,0.0,3.0,2.0,0.0,5.0,2.0,2.0,Not junction,Exact,,20.0,8.0,,,,20
2015,March,Saturday,Night,Light,Other,0.0,0.0,1.0,0.0,0.0,1.0,0.0,1.0,2.0,2.0,Not junction,Exact,,20.0,19.0,,,,20
2015,July,Saturday,Day,Light,Hit an object,0.0,0.0,1.0,0.0,0.0,1.0,0.0,1.0,1.0,1.0,Not junction,Exact,,20.0,16.0,,,,20
2015,May,Monday,Day,Light,Pedestrian,0.0,0.0,1.0,1.0,0.0,1.0,0.0,1.0,1.0,1.0,Not junction,Exact,,20.0,17.3,,,,20
2015,July,Thursday,Day,Light,Slip,0.0,0.0,1.0,0.0,0.0,1.0,0.0,1.0,1.0,1.0,Not junction,Exact,,20.0,24.0,,,,20
2015,July,Friday,Day,Fatal,Hit an object,1.0,0.0,0.0,0.0,0.0,1.0,0.0,1.0,1.0,1.0,Not junction,Exact,,20.0,23.5,,,,20
2015,September,Sunday,Night,Severe,Collision with stopped vehicle,0.0,1.0,0.0,0.0,0.0,1.0,0.0,1.0,2.0,2.0,Not junction,Exact,,20.0,19.0,,,,20
2015,January,Saturday,Night,Light,Slip,0.0,0.0,1.0,0.0,0.0,1.0,0.0,1.0,1.0,1.0,Not junction,Exact,,20.0,17.0,,,,20
2015,August,Monday,Night,Severe,Front to rear collision,0.0,1.0,0.0,0.0,0.0,1.0,0.0,1.0,2.0,2.0,Not junction,Exact,,20.0,12.7,,,,20
2015,February,Tuesday,Day,Severe,Hit an object,0.0,1.0,0.0,0.0,0.0,0.0,1.0,1.0,1.0,1.0,Not junction,Exact,,20.0,24.0,,,,20
2015,August,Tuesday,Day,Light,Front to rear collision,0.0,0.0,3.0,0.0,0.0,3.0,0.0,3.0,3.0,3.0,Not junction,Exact,,20.0,9.0,,,,20
2015,April,Tuesday,Day,Light,Side to side collision,0.0,0.0,1.0,0.0,0.0,1.0,0.0,1.0,2.0,2.0,Not junction,Exact,,20.0,16.3,,,,20
2015,April,Saturday,Day,Light,Side to side collision,0.0,0.0,2.0,0.0,0.0,2.0,0.0,2.0,2.0,2.0,Not junction,Exact,,20.0,18.0,,,,20
2015,September,Tuesday,Night,Light,Side to side collision,0.0,0.0,3.0,0.0,1.0,2.0,0.0,3.0,2.0,2.0,Not junction,Exact,,20.0,7.5,,,,20
2015,September,Thursday,Night,Severe,Side to side collision,0.0,1.0,0.0,0.0,0.0,1.0,0.0,1.0,2.0,2.0,Not junction,Exact,,20.0,23.3,,,,20
2015,March,Tuesday,Day,Severe,Side to side collision,0.0,1.0,0.0,0.0,0.0,1.0,0.0,1.0,2.0,2.0,Not junction,Exact,,20.0,4.0,,,,20
2015,August,Sunday,Day,Light,Front to rear collision,0.0,0.0,11.0,0.0,0.0,10.0,1.0,11.0,2.0,2.0,Not junction,Exact,,20.0,8.0,,,,20
2015,July,Thursday,Day,Light,Side to side collision,0.0,0.0,1.0,0.0,0.0,0.0,1.0,1.0,2.0,2.0,Not junction,Exact,,20.0,14.7,,,,20
2015,January,Tuesday,Night,Light,Hit an object,0.0,0.0,1.0,0.0,0.0,1.0,0.0,1.0,1.0,1.0,Not junction,Exact,,20.0,4.0,,,,20
2015,March,Sunday,Day,Light,Slip,0.0,0.0,1.0,0.0,0.0,1.0,0.0,1.0,1.0,1.0,Not junction,Exact,,20.0,7.0,,,,20
2015,July,Wednesday,Day,Severe,Front to rear collision,0.0,1.0,4.0,0.0,0.0,5.0,0.0,5.0,7.0,7.0,Not junction,Exact,,20.0,9.2,,,,20
2015,July,Tuesday,Day,Light,Front to rear collision,0.0,0.0,5.0,0.0,0.0,5.0,0.0,5.0,4.0,4.0,Not junction,Exact,,20.0,22.5,,,,20
2015,August,Tuesday,Night,Severe,Other,0.0,2.0,2.0,0.0,1.0,3.0,0.0,4.0,2.0,2.0,Not junction,Exact,,20.0,17.1,,,,20
2015,March,Monday,Night,Severe,Front to rear collision,0.0,1.0,2.0,0.0,0.0,3.0,0.0,3.0,3.0,3.0,Not junction,Exact,,20.0,19.5,,,,20
2015,November,Monday,Day,Severe,Side to side collision,0.0,1.0,0.0,0.0,0.0,1.0,0.0,1.0,2.0,2.0,Not junction,Exact,,20.0,23.5,,,,20
2015,May,Tuesday,Day,Severe,Front to rear collision,0.0,1.0,1.0,0.0,0.0,2.0,0.0,2.0,4.0,4.0,Not junction,Exact,,20.0,10.0,,,,20
2015,December,Monday,Day,Severe,Front to rear collision,0.0,1.0,0.0,0.0,0.0,1.0,0.0,1.0,2.0,2.0,Not junction,Exact,,20.0,17.3,,,,20
2015,December,Wednesday,Day,Severe,Front to side collision,0.0,1.0,0.0,0.0,0.0,1.0,0.0,1.0,2.0,2.0,Not junction,Exact,,20.0,19.0,,,,20
2015,November,Tuesday,Night,Light,Hit an object,0.0,0.0,2.0,0.0,2.0,0.0,0.0,2.0,1.0,1.0,Not junction,Exact,,20.0,1.0,,,,20
2015,April,Friday,Night,Light,Slip,0.0,0.0,1.0,0.0,0.0,1.0,0.0,1.0,1.0,1.0,Not junction,Exact,,20.0,8.5,,,,20
2015,August,Friday,Day,Light,Side to side collision,0.0,0.0,1.0,0.0,0.0,1.0,0.0,1.0,2.0,2.0,Not junction,Exact,,20.0,21.0,,,,20
2015,September,Friday,Day,Light,Side to side collision,0.0,0.0,1.0,0.0,0.0,1.0,0.0,1.0,2.0,2.0,Not junction,Exact,,20.0,21.0,,,,20
2015,July,Sunday,Day,Light,Side to side collision,0.0,0.0,3.0,0.0,0.0,3.0,0.0,3.0,4.0,4.0,Not junction,Exact,,20.0,26.0,,,,20
2015,February,Thursday,Night,Light,Side to side collision,0.0,0.0,1.0,0.0,0.0,1.0,0.0,1.0,2.0,2.0,Not junction,Exact,,20.0,16.0,,,,20
2015,February,Saturday,Day,Light,Side to side collision,0.0,0.0,3.0,0.0,0.0,3.0,0.0,3.0,2.0,2.0,Not junction,Exact,,20.0,7.0,,,,20
2015,September,Friday,Day,Severe,Front to side collision,0.0,1.0,0.0,0.0,1.0,0.0,0.0,1.0,2.0,2.0,Not junction,Exact,,20.0,10.4,,,,20
2015,June,Tuesday,Day,Severe,Side to side collision,0.0,1.0,0.0,0.0,0.0,1.0,0.0,1.0,2.0,2.0,Not junction,Exact,,20.0,7.0,,,,20
2015,September,Sunday,Day,Severe,Front to rear collision,0.0,1.0,0.0,0.0,0.0,1.0,0.0,1.0,2.0,2.0,Not junction,Exact,,20.0,26.0,,,,20
2015,January,Monday,Night,Light,Side to side collision,0.0,0.0,1.0,0.0,0.0,1.0,0.0,1.0,2.0,2.0,Not junction,Exact,,20.0,13.0,,,,20
2015,July,Tuesday,Day,Light,Front to rear collision,0.0,0.0,1.0,0.0,0.0,1.0,0.0,1.0,3.0,3.0,Not junction,Exact,,20.0,16.0,,,,20
2015,October,Tuesday,Night,Light,Front to rear collision,0.0,0.0,1.0,0.0,0.0,1.0,0.0,1.0,2.0,2.0,Not junction,Exact,,20.0,19.0,,,,20
2015,March,Tuesday,Day,Light,Front to side collision,0.0,0.0,1.0,0.0,0.0,1.0,0.0,1.0,2.0,2.0,Not junction,Exact,,20.0,7.0,,,,20
2015,May,Friday,Day,Light,Side to side collision,0.0,0.0,1.0,0.0,0.0,1.0,0.0,1.0,2.0,2.0,Not junction,Exact,,20.0,17.0,,,,20
2015,April,Thursday,Day,Light,Slip,0.0,0.0,1.0,0.0,0.0,1.0,0.0,1.0,2.0,2.0,Not junction,Exact,,20.0,15.0,,,,20
2015,April,Saturday,Day,Light,Front to side collision,0.0,0.0,4.0,0.0,0.0,3.0,0.0,4.0,2.0,2.0,Not junction,Exact,,20.0,22.0,,,,20
2015,April,Wednesday,Day,Light,Hit an object,0.0,0.0,2.0,0.0,0.0,2.0,0.0,2.0,1.0,1.0,Not junction,Exact,,20.0,6.0,,,,20
2016,September,Saturday,Day,Light,Front to side collision,0.0,0.0,1.0,0.0,0.0,0.0,1.0,1.0,2.0,2.0,Junction,Exact,,20.0,,,,,20
2016,July,Sunday,Day,Severe,Slip,0.0,1.0,0.0,0.0,0.0,1.0,0.0,1.0,1.0,1.0,Junction,Exact,,20.0,,,,,20
2016,June,Saturday,Night,Light,Front to side collision,0.0,0.0,1.0,0.0,0.0,1.0,0.0,1.0,2.0,2.0,Junction,Exact,,20.0,,,,,20
2016,June,Thursday,Night,Light,Front to side collision,0.0,0.0,1.0,0.0,0.0,0.0,1.0,1.0,2.0,2.0,Junction,Exact,,20.0,,,,,20
2016,September,Tuesday,Night,Light,Front end collision,0.0,0.0,2.0,0.0,0.0,2.0,0.0,2.0,2.0,2.0,Junction,Exact,,20.0,,,,,20
2016,June,Tuesday,Day,Light,Front to rear collision,0.0,0.0,1.0,0.0,0.0,1.0,0.0,1.0,2.0,2.0,Junction,Exact,,20.0,,,,,20
2016,January,Sunday,Night,Light,Front to side collision,0.0,0.0,3.0,0.0,1.0,1.0,1.0,3.0,2.0,2.0,Junction,Exact,,20.0,,,,,20
2016,March,Wednesday,Day,Light,Front to side collision,0.0,0.0,1.0,0.0,0.0,1.0,0.0,1.0,2.0,2.0,Junction,Exact,,20.0,,,,,20
2016,March,Wednesday,Night,Light,Front to side collision,0.0,0.0,3.0,0.0,0.0,3.0,0.0,3.0,2.0,2.0,Junction,Exact,,20.0,,,,,20
2016,October,Tuesday,Night,Light,Side to side collision,0.0,0.0,4.0,0.0,1.0,3.0,0.0,4.0,2.0,2.0,Junction,Exact,,20.0,,,,,20
2016,June,Thursday,Day,Light,Pedestrian,0.0,0.0,1.0,1.0,0.0,1.0,0.0,1.0,1.0,1.0,Junction,Exact,,1.0,,20.0,461.0,,20
2016,June,Wednesday,Day,Severe,Front to side collision,0.0,1.0,1.0,0.0,0.0,0.0,2.0,2.0,2.0,2.0,Junction,Exact,,20.0,,,,,20
2016,September,Thursday,Night,Severe,Other,0.0,1.0,0.0,0.0,0.0,1.0,0.0,1.0,2.0,2.0,Junction,Exact,,20.0,,,,,20
2016,September,Tuesday,Day,Light,Pedestrian,0.0,0.0,1.0,1.0,0.0,1.0,0.0,1.0,1.0,1.0,Junction,Exact,,20.0,,,,,20
2016,August,Tuesday,Day,Light,Front to rear collision,0.0,0.0,2.0,0.0,0.0,2.0,0.0,2.0,4.0,4.0,Junction,Exact,,20.0,,,,,20
2016,March,Tuesday,Day,Severe,Side to side collision,0.0,1.0,0.0,0.0,0.0,1.0,0.0,1.0,2.0,2.0,Junction,Exact,,20.0,,461.0,2.0,,20
2016,January,Saturday,Day,Light,Front to side collision,0.0,0.0,1.0,0.0,0.0,1.0,0.0,1.0,2.0,2.0,Junction,Exact,,20.0,,,,,20
2016,September,Thursday,Day,Light,Front to rear collision,0.0,0.0,1.0,0.0,1.0,0.0,0.0,1.0,2.0,2.0,Junction,Exact,,20.0,,,,,20
2016,August,Thursday,Day,Light,Other,0.0,0.0,1.0,0.0,0.0,1.0,0.0,1.0,1.0,1.0,Junction,Exact,,20.0,,,,,20
2016,September,Tuesday,Day,Light,Front end collision,0.0,0.0,1.0,0.0,0.0,1.0,0.0,1.0,2.0,2.0,Junction,Exact,,20.0,,,,,20
2016,July,Saturday,Day,Light,Front to side collision,0.0,0.0,3.0,0.0,0.0,3.0,0.0,3.0,3.0,3.0,Junction,Exact,,20.0,,,,,20
2016,July,Saturday,Day,Light,Side to side collision,0.0,0.0,2.0,0.0,0.0,2.0,0.0,2.0,2.0,2.0,Junction,Exact,,1.0,,20.0,461.0,,20
2016,September,Thursday,Night,Fatal,Pedestrian,1.0,0.0,0.0,1.0,0.0,1.0,0.0,1.0,1.0,1.0,Junction,Exact,,20.0,,,,,20
2016,April,Wednesday,Night,Severe,Front to side collision,0.0,1.0,0.0,0.0,0.0,1.0,0.0,1.0,2.0,2.0,Junction,Exact,,1.0,,20.0,461.0,,20
2016,June,Saturday,Day,Light,Front to side collision,0.0,0.0,1.0,0.0,0.0,1.0,0.0,1.0,2.0,2.0,Junction,Exact,,20.0,,,,,20
2016,March,Monday,Day,Light,Front to side collision,0.0,0.0,1.0,0.0,0.0,1.0,0.0,1.0,2.0,2.0,Junction,Exact,,20.0,,,,,20
2016,November,Sunday,Day,Light,Front end collision,0.0,0.0,1.0,0.0,0.0,1.0,0.0,1.0,2.0,2.0,Junction,Exact,,20.0,,,,,20
2016,March,Wednesday,Day,Light,Front to side collision,0.0,0.0,1.0,0.0,0.0,1.0,0.0,1.0,2.0,2.0,Junction,Exact,,20.0,,461.0,2.0,,20
2016,June,Thursday,Night,Light,Front to rear collision,0.0,0.0,4.0,0.0,0.0,4.0,0.0,4.0,3.0,3.0,Junction,Exact,,20.0,,431.0,,,20
2016,August,Saturday,Night,Light,Slip,0.0,0.0,2.0,0.0,0.0,2.0,0.0,2.0,1.0,1.0,Junction,Exact,,20.0,,,,,20
2016,November,Monday,Day,Light,Pedestrian,0.0,0.0,1.0,1.0,0.0,1.0,0.0,1.0,1.0,1.0,Junction,Exact,,20.0,,441.0,,,20
2016,August,Friday,Day,Light,Front to side collision,0.0,0.0,8.0,0.0,3.0,4.0,1.0,8.0,3.0,3.0,Junction,Exact,,20.0,,,,,20
2016,November,Friday,Day,Light,Front to side collision,0.0,0.0,1.0,0.0,0.0,1.0,0.0,1.0,2.0,2.0,Junction,Exact,,20.0,,,,,20
2016,January,Friday,Day,Light,Front to side collision,0.0,0.0,1.0,0.0,0.0,1.0,0.0,1.0,2.0,2.0,Junction,Exact,,20.0,,,,,20
2016,March,Monday,Day,Light,Front to side collision,0.0,0.0,1.0,0.0,0.0,1.0,0.0,1.0,2.0,2.0,Junction,Exact,,20.0,,,,,20
2016,October,Sunday,Day,Light,Front to rear collision,0.0,0.0,2.0,0.0,0.0,2.0,0.0,2.0,3.0,3.0,Junction,Exact,,20.0,,,,,20
2016,August,Friday,Night,Light,Front end collision,0.0,0.0,2.0,0.0,0.0,2.0,0.0,2.0,2.0,2.0,Junction,Exact,,20.0,,,,,20
2016,March,Tuesday,Day,Light,Front to rear collision,0.0,0.0,1.0,0.0,0.0,1.0,0.0,1.0,2.0,2.0,Junction,Exact,,20.0,,,,,20
2016,February,Tuesday,Day,Light,Front to side collision,0.0,0.0,1.0,0.0,0.0,0.0,1.0,1.0,2.0,2.0,Junction,Exact,,20.0,,,,,20
2016,April,Thursday,Night,Light,Front to side collision,0.0,0.0,1.0,0.0,0.0,1.0,0.0,1.0,2.0,2.0,Junction,Exact,,20.0,,,,,20
2016,June,Tuesday,Day,Severe,Other,0.0,1.0,0.0,0.0,0.0,1.0,0.0,1.0,2.0,2.0,Junction,Exact,,20.0,,,,,20
2016,June,Friday,Day,Light,Front to side collision,0.0,0.0,7.0,0.0,4.0,2.0,1.0,7.0,3.0,3.0,Junction,Exact,,20.0,,,,,20
2016,March,Tuesday,Day,Light,Slip,0.0,0.0,1.0,0.0,0.0,1.0,0.0,1.0,2.0,2.0,Junction,Exact,,20.0,,,,,20
2016,October,Saturday,Day,Light,Front to rear collision,0.0,0.0,2.0,0.0,1.0,1.0,0.0,2.0,3.0,3.0,Junction,Exact,,20.0,,,,,20
2016,September,Friday,Night,Light,Front to side collision,0.0,0.0,1.0,0.0,0.0,1.0,0.0,1.0,2.0,2.0,Junction,Exact,,20.0,,,,,20
2016,June,Sunday,Day,Light,Front to side collision,0.0,0.0,1.0,0.0,0.0,1.0,0.0,1.0,2.0,2.0,Junction,Exact,,20.0,,461.0,2.0,,20
2016,October,Monday,Night,Light,Front to side collision,0.0,0.0,4.0,0.0,1.0,3.0,0.0,4.0,2.0,2.0,Junction,Exact,,20.0,,,,,20
2016,December,Sunday,Night,Light,Front to side collision,0.0,0.0,1.0,0.0,0.0,1.0,0.0,1.0,2.0,2.0,Junction,Exact,,20.0,,,,,20
2016,May,Monday,Night,Light,Side to side collision,0.0,0.0,1.0,0.0,0.0,1.0,0.0,1.0,2.0,2.0,Junction,Exact,,20.0,,,,,20
2016,March,Sunday,Day,Light,Front to rear collision,0.0,0.0,2.0,0.0,0.0,2.0,0.0,2.0,2.0,2.0,Junction,Exact,,5.0,,20.0,,,20
2016,July,Sunday,Day,Light,Front to side collision,0.0,0.0,1.0,0.0,0.0,1.0,0.0,1.0,2.0,2.0,Junction,Exact,,20.0,,,,,20
2016,May,Friday,Day,Light,Front to side collision,0.0,0.0,2.0,0.0,0.0,2.0,0.0,2.0,2.0,2.0,Junction,Exact,,5.0,,20.0,,,20
2016,May,Sunday,Day,Light,Front to side collision,0.0,0.0,1.0,0.0,0.0,1.0,0.0,1.0,2.0,2.0,Junction,Exact,,20.0,,,,,20
2016,October,Saturday,Day,Light,Front to side collision,0.0,0.0,4.0,0.0,0.0,2.0,2.0,4.0,3.0,3.0,Junction,Exact,,20.0,,,,,20
2016,January,Thursday,Day,Light,Front to rear collision,0.0,0.0,1.0,0.0,0.0,1.0,0.0,1.0,2.0,2.0,Junction,Exact,,20.0,,,,,20
2016,July,Thursday,Day,Light,Front to side collision,0.0,0.0,1.0,0.0,0.0,1.0,0.0,1.0,2.0,2.0,Junction,Exact,,20.0,,,,,20
2016,July,Sunday,Day,Light,Front to rear collision,0.0,0.0,1.0,0.0,1.0,0.0,0.0,1.0,2.0,2.0,Junction,Exact,,1.0,,20.0,461.0,,20
2016,October,Friday,Day,Light,Front to side collision,0.0,0.0,1.0,0.0,1.0,0.0,0.0,1.0,2.0,2.0,Junction,Exact,,20.0,,,,,20
2016,August,Wednesday,Day,Light,Front to side collision,0.0,0.0,1.0,0.0,0.0,1.0,0.0,1.0,2.0,2.0,Junction,Exact,,20.0,,,,,20
2016,October,Wednesday,Night,Light,Front to side collision,0.0,0.0,2.0,0.0,0.0,2.0,0.0,2.0,2.0,2.0,Junction,Exact,,20.0,,441.0,,,20
2016,June,Tuesday,Day,Light,Pedestrian,0.0,0.0,1.0,1.0,0.0,1.0,0.0,1.0,1.0,1.0,Junction,Exact,,20.0,,,,,20