year,month,day_of_week,day_night,accident_severity,accident_type,killed,severly_injured,lightly_injured,injured_pedestrians,casualties_ages_0-19,casualties_ages_20-64,casualties_ages_65_plus,total_casualties,vehicle_count,drivers,road_type,localization_quality,settlement,road1,location,road2,road3,road4,source_road
2018,October,Monday,Day,Light,Side to side collision,0.0,0.0,1.0,0.0,0.0,1.0,0.0,1.0,2.0,2.0,Not junction,Exact,,20.0,1.0,,,,20
2018,June,Thursday,Day,Light,Side to side collision,0.0,0.0,1.0,0.0,0.0,1.0,0.0,1.0,2.0,2.0,Not junction,Exact,,20.0,10.0,,,,20
2018,September,Thursday,Day,Light,Front to rear collision,0.0,0.0,3.0,0.0,0.0,3.0,0.0,3.0,4.0,4.0,Not junction,Exact,,20.0,16.1,,,,20
2018,October,Tuesday,Night,Light,Collision with stopped vehicle,0.0,0.0,1.0,0.0,0.0,1.0,0.0,1.0,2.0,2.0,Not junction,Exact,,20.0,18.7,,,,20
2018,September,Friday,Day,Light,Slip,0.0,0.0,1.0,0.0,0.0,1.0,0.0,1.0,1.0,1.0,Not junction,Exact,,20.0,17.3,,,,20
2018,November,Wednesday,Night,Severe,Front to rear collision,0.0,1.0,0.0,0.0,0.0,1.0,0.0,1.0,2.0,2.0,Not junction,Exact,,20.0,14.0,,,,20
2018,July,Sunday,Day,Light,Front to rear collision,0.0,0.0,1.0,0.0,0.0,1.0,0.0,1.0,3.0,3.0,Not junction,Exact,,20.0,8.1,,,,20
2018,May,Saturday,Day,Severe,Front to rear collision,0.0,2.0,4.0,0.0,0.0,6.0,0.0,6.0,2.0,2.0,Not junction,Exact,,20.0,16.6,,,,20
2018,February,Monday,Night,Light,Roll over,0.0,0.0,1.0,0.0,0.0,1.0,0.0,1.0,1.0,1.0,Not junction,Exact,,20.0,16.9,,,,20
2018,August,Wednesday,Day,Light,Front to rear collision,0.0,0.0,1.0,0.0,0.0,1.0,0.0,1.0,2.0,2.0,Not junction,Exact,,20.0,15.8,,,,20
2018,March,Sunday,Day,Severe,Side to side collision,0.0,2.0,1.0,0.0,0.0,3.0,0.0,3.0,3.0,3.0,Not junction,Exact,,20.0,13.9,,,,20
2018,June,Monday,Day,Severe,Front to rear collision,0.0,1.0,5.0,0.0,0.0,4.0,0.0,6.0,3.0,3.0,Not junction,Exact,,20.0,13.6,,,,20
2018,August,Sunday,Night,Severe,Slip,0.0,1.0,0.0,0.0,0.0,1.0,0.0,1.0,1.0,1.0,Not junction,Exact,,20.0,26.0,,,,20
2018,June,Tuesday,Day,Severe,Front to rear collision,0.0,1.0,5.0,0.0,0.0,6.0,0.0,6.0,5.0,5.0,Not junction,Exact,,20.0,16.0,,,,20
2018,January,Sunday,Night,Severe,Front to rear collision,0.0,1.0,0.0,0.0,0.0,1.0,0.0,1.0,2.0,2.0,Not junction,Exact,,20.0,10.4,,,,20
2018,July,Tuesday,Day,Light,Front to rear collision,0.0,0.0,3.0,0.0,0.0,2.0,1.0,3.0,4.0,4.0,Not junction,Exact,,20.0,5.0,,,,20
2018,May,Tuesday,Night,Severe,Hit an object,0.0,1.0,0.0,0.0,0.0,1.0,0.0,1.0,1.0,1.0,Not junction,Exact,,20.0,12.7,,,,20
2018,November,Wednesday,Night,Light,Front to side collision,0.0,0.0,1.0,0.0,0.0,1.0,0.0,1.0,2.0,2.0,Not junction,Exact,,20.0,21.5,,,,20
2018,September,Sunday,Night,Light,Slip,0.0,0.0,1.0,0.0,0.0,1.0,0.0,1.0,1.0,1.0,Not junction,Exact,,20.0,9.4,,,,20
2018,July,Tuesday,Night,Light,Front to rear collision,0.0,0.0,1.0,0.0,1.0,0.0,0.0,1.0,2.0,2.0,Not junction,Exact,,20.0,10.2,,,,20
2018,October,Sunday,Night,Light,Pedestrian,0.0,0.0,1.0,1.0,0.0,1.0,0.0,1.0,1.0,1.0,Not junction,Exact,,20.0,8.5,,,,20
2018,June,Tuesday,Day,Light,Side to side collision,0.0,0.0,1.0,0.0,0.0,1.0,0.0,1.0,2.0,2.0,Not junction,Exact,,20.0,6.4,,,,20
2018,December,Tuesday,Day,Severe,Front to rear collision,0.0,1.0,0.0,0.0,0.0,1.0,0.0,1.0,2.0,2.0,Not junction,Exact,,20.0,15.0,,,,20
2018,January,Sunday,Day,Light,Side to side collision,0.0,0.0,1.0,0.0,0.0,1.0,0.0,1.0,2.0,2.0,Not junction,Exact,,20.0,16.3,,,,20
2018,April,Sunday,Night,Fatal,Front to rear collision,1.0,0.0,0.0,0.0,0.0,1.0,0.0,1.0,2.0,2.0,Not junction,Exact,,20.0,14.2,,,,20
2018,November,Monday,Night,Light,Hit an object,0.0,0.0,1.0,0.0,0.0,1.0,0.0,1.0,1.0,1.0,Not junction,Exact,,20.0,19.3,,,,20
2018,December,Sunday,Night,Fatal,Pedestrian,1.0,0.0,0.0,1.0,0.0,1.0,0.0,1.0,1.0,1.0,Not junction,Exact,,20.0,23.3,,,,20
2018,February,Wednesday,Day,Light,Front to rear collision,0.0,0.0,1.0,0.0,0.0,0.0,1.0,1.0,3.0,3.0,Not junction,Exact,,20.0,26.0,,,,20
2018,May,Tuesday,Night,Light,Front to rear collision,0.0,0.0,2.0,0.0,0.0,2.0,0.0,2.0,3.0,3.0,Not junction,Exact,,20.0,7.9,,,,20
2018,July,Wednesday,Day,Severe,Side to side collision,0.0,1.0,0.0,0.0,0.0,1.0,0.0,1.0,2.0,2.0,Not junction,Exact,,20.0,14.9,,,,20
2018,February,Monday,Day,Light,Side to side collision,0.0,0.0,1.0,0.0,0.0,0.0,1.0,1.0,3.0,3.0,Not junction,Exact,,20.0,20.0,,,,20
2018,April,Wednesday,Day,Severe,Side to side collision,0.0,1.0,0.0,0.0,0.0,0.0,1.0,1.0,2.0,2.0,Not junction,Exact,,20.0,19.6,,,,20
2018,May,Tuesday,Day,Severe,Side to side collision,0.0,1.0,0.0,0.0,0.0,1.0,0.0,1.0,2.0,2.0,Not junction,Exact,,20.0,17.9,,,,20
2018,May,Friday,Day,Light,Side to side collision,0.0,0.0,1.0,0.0,0.0,1.0,0.0,1.0,2.0,2.0,Not junction,Exact,,20.0,8.0,,,,20
2018,October,Friday,Night,Light,Roll over,0.0,0.0,1.0,0.0,0.0,1.0,0.0,1.0,1.0,1.0,Not junction,Exact,,20.0,14.2,,,,20
2018,July,Monday,Day,Light,Front to rear collision,0.0,0.0,1.0,0.0,0.0,1.0,0.0,1.0,2.0,2.0,Not junction,Exact,,20.0,13.0,,,,20
2018,February,Wednesday,Night,Severe,Front to rear collision,0.0,1.0,0.0,0.0,0.0,1.0,0.0,1.0,2.0,2.0,Not junction,Exact,,20.0,14.0,,,,20
2018,March,Saturday,Night,Light,Front to rear collision,0.0,0.0,3.0,0.0,0.0,3.0,0.0,3.0,5.0,5.0,Not junction,Exact,,20.0,17.5,,,,20
2018,February,Sunday,Night,Light,Hit an object,0.0,0.0,1.0,0.0,0.0,1.0,0.0,1.0,2.0,2.0,Not junction,Exact,,20.0,10.0,,,,20
2018,May,Monday,Day,Light,Front to rear collision,0.0,0.0,2.0,0.0,1.0,1.0,0.0,2.0,5.0,5.0,Not junction,Exact,,20.0,26.0,,,,20
2018,October,Thursday,Day,Light,Side to side collision,0.0,0.0,1.0,0.0,0.0,1.0,0.0,1.0,2.0,2.0,Not junction,Exact,,20.0,14.2,,,,20
2018,September,Saturday,Night,Light,Front to rear collision,0.0,0.0,3.0,0.0,0.0,3.0,0.0,3.0,2.0,2.0,Not junction,Exact,,20.0,18.1,,,,20
2018,September,Sunday,Day,Severe,Front to rear collision,0.0,1.0,0.0,0.0,0.0,1.0,0.0,1.0,2.0,2.0,Not junction,Exact,,20.0,6.4,,,,20
2018,April,Tuesday,Day,Severe,Front to side collision,0.0,1.0,1.0,0.0,0.0,2.0,0.0,2.0,4.0,4.0,Not junction,Exact,,20.0,21.0,,,,20
2018,January,Friday,Day,Light,Front to side collision,0.0,0.0,1.0,0.0,0.0,0.0,1.0,1.0,2.0,2.0,Not junction,Exact,,20.0,23.5,,,,20
2018,November,Sunday,Night,Severe,Pedestrian,0.0,1.0,1.0,1.0,0.0,2.0,0.0,2.0,1.0,1.0,Not junction,Exact,,20.0,10.7,,,,20
2018,November,Monday,Day,Severe,Roll over,0.0,1.0,0.0,0.0,0.0,0.0,1.0,1.0,1.0,1.0,Not junction,Exact,,20.0,14.0,,,,20
2018,July,Friday,Night,Light,Hit an object,0.0,0.0,1.0,0.0,0.0,1.0,0.0,1.0,1.0,1.0,Not junction,Exact,,20.0,8.4,,,,20
2018,November,Friday,Day,Light,Side to side collision,0.0,0.0,1.0,0.0,0.0,1.0,0.0,1.0,2.0,2.0,Not junction,Exact,,20.0,33.4,,,,20
2018,December,Wednesday,Day,Light,Front to side collision,0.0,0.0,1.0,0.0,0.0,1.0,0.0,1.0,2.0,2.0,Not junction,Exact,,20.0,15.8,,,,20
2018,April,Wednesday,Night,Fatal,Front to rear collision,1.0,0.0,0.0,0.0,0.0,1.0,0.0,1.0,2.0,2.0,Not junction,Exact,,20.0,12.6,,,,20
2018,October,Thursday,Day,Severe,Front to rear collision,0.0,1.0,0.0,0.0,0.0,1.0,0.0,1.0,2.0,2.0,Not junction,Exact,,20.0,16.6,,,,20
2018,March,Wednesday,Day,Light,Front to rear collision,0.0,0.0,1.0,0.0,0.0,1.0,0.0,1.0,2.0,2.0,Not junction,Exact,,20.0,13.9,,,,20
2018,November,Thursday,Day,Light,Side to side collision,0.0,0.0,1.0,0.0,0.0,1.0,0.0,1.0,2.0,2.0,Not junction,Exact,,20.0,22.5,,,,20
2018,January,Monday,Night,Light,Front to rear collision,0.0,0.0,2.0,0.0,1.0,1.0,0.0,2.0,2.0,2.0,Not junction,Exact,,20.0,15.8,,,,20
2018,June,Thursday,Day,Light,Front to rear collision,0.0,0.0,1.0,0.0,0.0,1.0,0.0,1.0,3.0,3.0,Not junction,Exact,,20.0,8.5,,,,20
2018,September,Thursday,Night,Light,Front to rear collision,0.0,0.0,1.0,0.0,0.0,1.0,0.0,1.0,3.0,3.0,Not junction,Exact,,20.0,25.0,,,,20
2018,December,Friday,Night,Light,Front to rear collision,0.0,0.0,4.0,0.0,0.0,4.0,0.0,4.0,4.0,4.0,Not junction,Exact,,20.0,23.0,,,,20
2018,May,Tuesday,Night,Fatal,Front to rear collision,1.0,0.0,0.0,0.0,0.0,1.0,0.0,1.0,2.0,2.0,Not junction,Exact,,20.0,26.0,,,,20
2018,May,Tuesday,Day,Severe,Side to side collision,0.0,1.0,0.0,0.0,0.0,1.0,0.0,1.0,2.0,2.0,Not junction,Exact,,20.0,17.0,,,,20
2018,April,Sunday,Day,Light,Other,0.0,0.0,4.0,0.0,2.0,2.0,0.0,4.0,2.0,2.0,Not junction,Exact,,20.0,7.3,,,,20
2018,December,Sunday,Day,Severe,Front to rear collision,0.0,1.0,0.0,0.0,0.0,1.0,0.0,1.0,2.0,2.0,Not junction,Exact,,20.0,12.6,,,,20
2018,May,Thursday,Day,Light,Slip,0.0,0.0,1.0,0.0,0.0,1.0,0.0,1.0,2.0,2.0,Not junction,Exact,,20.0,16.3,,,,20
2018,July,Tuesday,Day,Light,Front to rear collision,0.0,0.0,2.0,0.0,0.0,2.0,0.0,2.0,5.0,5.0,Not junction,Exact,,20.0,9.4,,,,20
2018,May,Wednesday,Day,Light,Side to side collision,0.0,0.0,1.0,0.0,0.0,1.0,0.0,1.0,2.0,2.0,Not junction,Exact,,20.0,7.4,,,,20
2018,March,Thursday,Night,Light,Hit an object,0.0,0.0,1.0,0.0,0.0,1.0,0.0,1.0,1.0,1.0,Not junction,Exact,,20.0,13.9,,,,20
2018,June,Friday,Day,Light,Other,0.0,0.0,2.0,0.0,0.0,2.0,0.0,2.0,2.0,2.0,Not junction,Exact,,20.0,13.9,,,,20
2018,January,Wednesday,Night,Light,Front to rear collision,0.0,0.0,2.0,0.0,1.0,1.0,0.0,2.0,4.0,4.0,Not junction,Exact,,20.0,27.4,,,,20
2018,July,Wednesday,Day,Severe,Side to side collision,0.0,1.0,1.0,0.0,0.0,2.0,0.0,2.0,2.0,2.0,Not junction,Exact,,20.0,5.6,,,,20
2018,January,Thursday,Night,Severe,Side to side collision,0.0,1.0,0.0,0.0,0.0,1.0,0.0,1.0,2.0,2.0,Not junction,Exact,,20.0,25.0,,,,20
2018,September,Thursday,Day,Light,Pedestrian,0.0,0.0,1.0,1.0,0.0,0.0,1.0,1.0,1.0,1.0,Not junction,Exact,,20.0,19.6,,,,20
2018,June,Thursday,Day,Light,Front to rear collision,0.0,0.0,2.0,0.0,0.0,2.0,0.0,2.0,4.0,4.0,Not junction,Exact,,20.0,8.0,,,,20
2018,June,Tuesday,Night,Light,Side to side collision,0.0,0.0,1.0,0.0,0.0,0.0,0.0,1.0,2.0,2.0,Not junction,Exact,,20.0,16.5,,,,20
2018,March,Friday,Day,Light,Side to side collision,0.0,0.0,1.0,0.0,0.0,1.0,0.0,1.0,2.0,2.0,Not junction,Exact,,20.0,14.0,,,,20
2018,August,Friday,Day,Light,Front to rear collision,0.0,0.0,1.0,0.0,0.0,1.0,0.0,1.0,2.0,2.0,Not junction,Exact,,20.0,29.5,,,,20
2018,February,Monday,Night,Light,Front to side collision,0.0,0.0,3.0,0.0,0.0,3.0,0.0,3.0,2.0,2.0,Not junction,Exact,,20.0,14.2,,,,20
2018,October,Sunday,Day,Light,Side to side collision,0.0,0.0,1.0,0.0,0.0,1.0,0.0,1.0,2.0,2.0,Not junction,Exact,,20.0,14.0,,,,20
2018,March,Friday,Day,Light,Side to side collision,0.0,0.0,1.0,0.0,0.0,1.0,0.0,1.0,2.0,2.0,Not junction,Exact,,20.0,16.0,,,,20
2018,May,Sunday,Night,Severe,Slip,0.0,1.0,0.0,0.0,0.0,1.0,0.0,1.0,1.0,1.0,Not junction,Exact,,20.0,17.6,,,,20
2018,March,Wednesday,Day,Light,Side to side collision,0.0,0.0,1.0,0.0,0.0,1.0,0.0,1.0,3.0,3.0,Not junction,Exact,,20.0,8.0,,,,20
2019,September,Thursday,Night,Severe,Front to side collision,0.0,1.0,2.0,0.0,1.0,2.0,0.0,3.0,2.0,2.0,Junction,Exact,,1.0,,20.0,461.0,,20
2019,May,Monday,Day,Light,Front to side collision,0.0,0.0,1.0,0.0,0.0,1.0,0.0,1.0,2.0,2.0,Junction,Exact,,20.0,,,,,20
2019,March,Wednesday,Day,Severe,Front to rear collision,0.0,1.0,0.0,0.0,0.0,0.0,1.0,1.0,2.0,2.0,Junction,Exact,,1.0,,20.0,461.0,,20
2019,February,Friday,Night,Light,Front to side collision,0.0,0.0,2.0,0.0,0.0,2.0,0.0,2.0,2.0,2.0,Junction,Exact,,20.0,,,,,20
2019,September,Sunday,Night,Light,Front to side collision,0.0,0.0,2.0,0.0,0.0,2.0,0.0,2.0,2.0,2.0,Junction,Exact,,20.0,,,,,20
2019,July,Tuesday,Day,Light,Pedestrian,0.0,0.0,1.0,1.0,1.0,0.0,0.0,1.0,1.0,1.0,Junction,Exact,,20.0,,,,,20
2019,January,Tuesday,Day,Light,Front to side collision,0.0,0.0,2.0,0.0,0.0,2.0,0.0,2.0,2.0,2.0,Junction,Exact,,20.0,,,,,20
2019,August,Sunday,Day,Light,Slip,0.0,0.0,1.0,0.0,0.0,1.0,0.0,1.0,1.0,1.0,Junction,Exact,,1.0,,20.0,461.0,,20
2019,January,Wednesday,Day,Light,Front end collision,0.0,0.0,1.0,0.0,0.0,1.0,0.0,1.0,2.0,2.0,Junction,Exact,,20.0,,,,,20
2019,February,Saturday,Day,Light,Front to side collision,0.0,0.0,1.0,0.0,1.0,0.0,0.0,1.0,2.0,2.0,Junction,Exact,,20.0,,,,,20
2019,February,Friday,Day,Light,Front to side collision,0.0,0.0,1.0,0.0,0.0,1.0,0.0,1.0,2.0,2.0,Junction,Exact,,20.0,,,,,20
2019,August,Sunday,Night,Light,Front to side collision,0.0,0.0,1.0,0.0,0.0,1.0,0.0,1.0,2.0,2.0,Junction,Exact,,20.0,,,,,20
2019,July,Tuesday,Day,Light,Side to side collision,0.0,0.0,1.0,0.0,0.0,0.0,1.0,1.0,2.0,2.0,Junction,Exact,,5.0,,20.0,,,20
2019,July,Wednesday,Day,Light,Front to side collision,0.0,0.0,1.0,0.0,0.0,1.0,0.0,1.0,2.0,2.0,Junction,Exact,,20.0,,,,,20
2019,November,Monday,Night,Light,Front to side collision,0.0,0.0,1.0,0.0,0.0,1.0,0.0,1.0,3.0,3.0,Junction,Exact,,20.0,,461.0,2.0,,20
2019,December,Sunday,Day,Light,Front to side collision,0.0,0.0,1.0,0.0,0.0,1.0,0.0,1.0,2.0,2.0,Junction,Exact,,5.0,,20.0,,,20
2019,October,Friday,Night,Light,Side to side collision,0.0,0.0,1.0,0.0,0.0,1.0,0.0,1.0,2.0,2.0,Junction,Exact,,20.0,,461.0,2.0,,20
2019,January,Friday,Day,Light,Front to side collision,0.0,0.0,1.0,0.0,0.0,1.0,0.0,1.0,2.0,2.0,Junction,Exact,,20.0,,461.0,2.0,,20
2019,April,Tuesday,Day,Light,Front to side collision,0.0,0.0,1.0,0.0,0.0,1.0,0.0,1.0,2.0,2.0,Junction,Exact,,20.0,,461.0,2.0,,20
2019,October,Tuesday,Night,Light,Front to rear collision,0.0,0.0,2.0,0.0,0.0,2.0,0.0,2.0,2.0,2.0,Junction,Exact,,20.0,,,,,20
2019,April,Monday,Day,Light,Front to side collision,0.0,0.0,2.0,0.0,0.0,2.0,0.0,2.0,2.0,2.0,Junction,Exact,,20.0,,,,,20
2019,June,Friday,Day,Severe,Front to rear collision,0.0,1.0,1.0,0.0,0.0,2.0,0.0,2.0,2.0,2.0,Junction,Exact,,5.0,,20.0,,,20
2019,May,Saturday,Night,Light,Front to side collision,0.0,0.0,4.0,0.0,0.0,4.0,0.0,4.0,2.0,2.0,Junction,Exact,,20.0,,,,,20
2019,November,Monday,Night,Severe,Front to rear collision,0.0,1.0,1.0,0.0,0.0,1.0,1.0,2.0,3.0,3.0,Junction,Exact,,20.0,,,,,20
2019,October,Saturday,Night,Severe,Front to rear collision,0.0,1.0,1.0,0.0,0.0,2.0,0.0,2.0,2.0,2.0,Junction,Exact,,20.0,,,,,20
2019,March,Sunday,Night,Light,Side to side collision,0.0,0.0,2.0,0.0,0.0,2.0,0.0,2.0,3.0,3.0,Junction,Exact,,20.0,,,,,20
2019,June,Saturday,Day,Light,Front to side collision,0.0,0.0,1.0,0.0,0.0,1.0,0.0,1.0,2.0,2.0,Junction,Exact,,20.0,,,,,20
2019,September,Thursday,Day,Light,Front to rear collision,0.0,0.0,1.0,0.0,0.0,1.0,0.0,1.0,2.0,2.0,Junction,Exact,,20.0,,,,,20
2019,May,Wednesday,Day,Light,Front to side collision,0.0,0.0,1.0,0.0,0.0,1.0,0.0,1.0,2.0,2.0,Junction,Exact,,20.0,,,,,20
2019,July,Sunday,Day,Light,Front to side collision,0.0,0.0,1.0,0.0,0.0,1.0,0.0,1.0,2.0,2.0,Junction,Exact,,20.0,,,,,20
2019,December,Thursday,Night,Light,Front to rear collision,0.0,0.0,2.0,0.0,1.0,1.0,0.0,2.0,2.0,2.0,Junction,Exact,,1.0,,20.0,461.0,,20
2019,June,Saturday,Day,Light,Hit an object,0.0,0.0,1.0,0.0,0.0,1.0,0.0,1.0,1.0,1.0,Junction,Exact,,20.0,,,,,20
2019,December,Monday,Night,Light,Front to side collision,0.0,0.0,1.0,0.0,0.0,0.0,0.0,1.0,2.0,2.0,Junction,Exact,,1.0,,20.0,461.0,,20
2019,April,Wednesday,Night,Light,Front to side collision,0.0,0.0,5.0,0.0,3.0,2.0,0.0,5.0,3.0,3.0,Junction,Exact,,20.0,,,,,20
2019,February,Monday,Day,Light,Side to side collision,0.0,0.0,1.0,0.0,1.0,0.0,0.0,1.0,2.0,2.0,Junction,Exact,,1.0,,20.0,461.0,,20
2019,October,Sunday,Day,Light,Front to side collision,0.0,0.0,2.0,0.0,0.0,2.0,0.0,2.0,2.0,2.0,Junction,Exact,,20.0,,441.0,,,20
2019,November,Tuesday,Night,Severe,Front to rear collision,0.0,1.0,0.0,0.0,0.0,1.0,0.0,1.0,2.0,2.0,Junction,Exact,,20.0,,,,,20
2019,April,Wednesday,Day,Light,Front to side collision,0.0,0.0,1.0,0.0,0.0,1.0,0.0,1.0,2.0,2.0,Junction,Exact,,20.0,,,,,20
2019,February,Saturday,Night,Light,Front to side collision,0.0,0.0,2.0,0.0,0.0,2.0,0.0,2.0,2.0,2.0,Junction,Exact,,20.0,,,,,20
2019,July,Tuesday,Day,Light,Front to side collision,0.0,0.0,3.0,0.0,2.0,1.0,0.0,3.0,2.0,2.0,Junction,Exact,,20.0,,,,,20
2019,May,Friday,Day,Light,Front to side collision,0.0,0.0,3.0,0.0,0.0,1.0,2.0,3.0,3.0,3.0,Junction,Exact,,20.0,,,,,20
2019,June,Monday,Night,Severe,Side to side collision,0.0,1.0,0.0,0.0,0.0,1.0,0.0,1.0,3.0,3.0,Junction,Exact,,1.0,,20.0,461.0,,20
2019,October,Thursday,Day,Light,Front to side collision,0.0,0.0,1.0,0.0,0.0,1.0,0.0,1.0,2.0,2.0,Junction,Exact,,20.0,,,,,20
2019,March,Thursday,Day,Light,Pedestrian,0.0,0.0,1.0,1.0,1.0,0.0,0.0,1.0,1.0,1.0,Junction,Exact,,20.0,,,,,20
2019,June,Saturday,Day,Light,Front to rear collision,0.0,0.0,1.0,0.0,0.0,0.0,1.0,1.0,2.0,2.0,Junction,Exact,,20.0,,,,,20
2019,June,Tuesday,Night,Light,Front to side collision,0.0,0.0,1.0,0.0,0.0,1.0,0.0,1.0,2.0,2.0,Junction,Exact,,20.0,,461.0,2.0,,20
2019,June,Thursday,Night,Light,Front to side collision,0.0,0.0,8.0,0.0,2.0,6.0,0.0,8.0,2.0,2.0,Junction,Exact,,1.0,,20.0,461.0,,20
2019,May,Monday,Day,Light,Front to rear collision,0.0,0.0,1.0,0.0,0.0,1.0,0.0,1.0,3.0,3.0,Junction,Exact,,5.0,,20.0,,,20
2019,May,Tuesday,Day,Severe,Side to side collision,0.0,1.0,1.0,0.0,0.0,1.0,1.0,2.0,2.0,2.0,Junction,Exact,,5.0,,20.0,,,20
2019,April,Monday,Day,Light,Drive off road or on paveway,0.0,0.0,1.0,0.0,0.0,1.0,0.0,1.0,1.0,1.0,Junction,Exact,,5.0,,20.0,,,20
2019,August,Sunday,Day,Light,Front to side collision,0.0,0.0,1.0,0.0,0.0,1.0,0.0,1.0,2.0,2.0,Junction,Exact,,20.0,,,,,20
2019,June,Thursday,Night,Severe,Front to side collision,0.0,1.0,0.0,0.0,0.0,1.0,0.0,1.0,2.0,2.0,Junction,Exact,,20.0,,,,,20
2019,January,Tuesday,Day,Severe,Side to side collision,0.0,1.0,0.0,0.0,0.0,1.0,0.0,1.0,2.0,2.0,Junction,Exact,,1.0,,20.0,461.0,,20
2019,January,Friday,Day,Light,Front to side collision,0.0,0.0,1.0,0.0,0.0,1.0,0.0,1.0,2.0,2.0,Junction,Exact,,20.0,,,,,20
2019,October,Wednesday,Day,Light,Front to side collision,0.0,0.0,1.0,0.0,0.0,1.0,0.0,1.0,2.0,2.0,Junction,Exact,,20.0,,461.0,2.0,,20
2019,February,Sunday,Night,Light,Side to side collision,0.0,0.0,1.0,0.0,0.0,1.0,0.0,1.0,2.0,2.0,Junction,Exact,,20.0,,,,,20
2019,June,Wednesday,Night,Light,Front to side collision,0.0,0.0,1.0,0.0,0.0,1.0,0.0,1.0,2.0,2.0,Junction,Exact,,20.0,,,,,20
2019,January,Tuesday,Day,Severe,Slip,0.0,1.0,0.0,0.0,0.0,1.0,0.0,1.0,1.0,1.0,Junction,Exact,,5.0,,20.0,,,20
2019,July,Wednesday,Day,Light,Front to side collision,0.0,0.0,2.0,0.0,2.0,0.0,0.0,2.0,2.0,2.0,Junction,Exact,,20.0,,,,,20
2019,November,Wednesday,Night,Light,Front to rear collision,0.0,0.0,4.0,0.0,0.0,4.0,0.0,4.0,3.0,3.0,Junction,Exact,,20.0,,,,,20
2019,November,Monday,Night,Fatal,Hit an object,1.0,0.0,0.0,0.0,0.0,1.0,0.0,1.0,2.0,2.0,Junction,Exact,,20.0,,,,,20
2019,September,Sunday,Night,Severe,Side to side collision,0.0,1.0,0.0,0.0,0.0,1.0,0.0,1.0,2.0,2.0,Not junction,Exact,,20.0,14.5,,,,20
2019,November,Friday,Night,Light,Front to rear collision,0.0,0.0,1.0,0.0,0.0,1.0,0.0,1.0,2.0,2.0,Not junction,Exact,,20.0,12.9,,,,20
2019,April,Wednesday,Day,Light,Hit an object,0.0,0.0,1.0,0.0,0.0,0.0,1.0,1.0,1.0,1.0,Not junction,Exact,,20.0,12.1,,,,20
2019,April,Tuesday,Day,Light,Hit an object,0.0,0.0,1.0,0.0,0.0,0.0,1.0,1.0,1.0,1.0,Not junction,Exact,,20.0,23.7,,,,20
2019,January,Tuesday,Day,Light,Front to side collision,0.0,0.0,2.0,0.0,0.0,2.0,0.0,2.0,2.0,2.0,Not junction,Exact,,20.0,24.4,,,,20
2019,September,Monday,Night,Severe,Slip,0.0,1.0,0.0,0.0,1.0,0.0,0.0,1.0,1.0,1.0,Not junction,Exact,,20.0,22.2,,,,20
2019,May,Thursday,Day,Light,Front to rear collision,0.0,0.0,1.0,0.0,0.0,1.0,0.0,1.0,2.0,2.0,Not junction,Exact,,20.0,14.5,,,,20
2019,March,Sunday,Day,Light,Side to side collision,0.0,0.0,1.0,0.0,0.0,1.0,0.0,1.0,2.0,2.0,Not junction,Exact,,20.0,10.0,,,,20
2019,October,Wednesday,Night,Light,Side to side collision,0.0,0.0,1.0,0.0,0.0,1.0,0.0,1.0,2.0,2.0,Not junction,Exact,,20.0,12.0,,,,20
2019,March,Monday,Day,Severe,Side to side collision,0.0,1.0,1.0,0.0,0.0,2.0,0.0,2.0,2.0,2.0,Not junction,Exact,,20.0,4.0,,,,20
2019,June,Saturday,Night,Light,Front to rear collision,0.0,0.0,1.0,0.0,0.0,1.0,0.0,1.0,4.0,4.0,Not junction,Exact,,20.0,26.3,,,,20
2019,July,Monday,Day,Severe,Front to rear collision,0.0,1.0,0.0,0.0,0.0,1.0,0.0,1.0,2.0,2.0,Not junction,Exact,,20.0,20.0,,,,20
2019,September,Friday,Day,Light,Front to rear collision,0.0,0.0,1.0,0.0,0.0,1.0,0.0,1.0,2.0,2.0,Not junction,Exact,,20.0,10.0,,,,20
2019,July,Saturday,Night,Light,Front to rear collision,0.0,0.0,2.0,0.0,0.0,2.0,0.0,2.0,2.0,2.0,Not junction,Exact,,20.0,14.0,,,,20
2019,October,Tuesday,Day,Light,Roll over,0.0,0.0,1.0,0.0,0.0,1.0,0.0,1.0,2.0,2.0,Not junction,Exact,,20.0,21.5,,,,20
2019,April,Tuesday,Day,Light,Side to side collision,0.0,0.0,1.0,0.0,0.0,1.0,0.0,1.0,2.0,2.0,Not junction,Exact,,20.0,28.0,,,,20
2019,December,Thursday,Day,Light,Front to rear collision,0.0,0.0,5.0,0.0,0.0,4.0,1.0,5.0,8.0,8.0,Not junction,Exact,,20.0,7.4,,,,20
2019,August,Monday,Day,Light,Side to side collision,0.0,0.0,1.0,0.0,0.0,1.0,0.0,1.0,2.0,2.0,Not junction,Exact,,20.0,19.5,,,,20
2019,October,Monday,Night,Light,Front to rear collision,0.0,0.0,1.0,0.0,0.0,1.0,0.0,1.0,2.0,2.0,Not junction,Exact,,20.0,19.0,,,,20
2019,September,Thursday,Day,Light,Side to side collision,0.0,0.0,1.0,0.0,0.0,1.0,0.0,1.0,2.0,2.0,Not junction,Exact,,20.0,7.6,,,,20