year,month,day_of_week,day_night,accident_severity,accident_type,killed,severly_injured,lightly_injured,injured_pedestrians,casualties_ages_0-19,casualties_ages_20-64,casualties_ages_65_plus,total_casualties,vehicle_count,drivers,road_type,localization_quality,settlement,road1,location,road2,road3,road4,source_road
2021,February,Thursday,Night,Light,Front to rear collision,0.0,0.0,1.0,0.0,0.0,1.0,0.0,1.0,4.0,4.0,Junction,Exact,,1.0,,20.0,461.0,,20
2021,April,Saturday,Day,Light,Front to side collision,0.0,0.0,6.0,0.0,0.0,5.0,1.0,6.0,2.0,2.0,Junction,Exact,,20.0,,461.0,2.0,,20
2021,March,Friday,Day,Light,Front to side collision,0.0,0.0,1.0,0.0,0.0,1.0,0.0,1.0,2.0,2.0,Junction,Exact,,20.0,,461.0,2.0,,20
2021,March,Saturday,Night,Severe,Pedestrian,0.0,1.0,0.0,1.0,0.0,0.0,1.0,1.0,1.0,1.0,Junction,Exact,,20.0,,461.0,2.0,,20
2021,August,Friday,Day,Light,Side to side collision,0.0,0.0,2.0,0.0,0.0,2.0,0.0,2.0,4.0,4.0,Junction,Exact,,20.0,,,,,20
2021,November,Friday,Night,Light,Slip,0.0,0.0,1.0,0.0,0.0,1.0,0.0,1.0,1.0,1.0,Junction,Exact,,20.0,,,,,20
2021,July,Thursday,Day,Light,Front to side collision,0.0,0.0,1.0,0.0,0.0,0.0,1.0,1.0,2.0,2.0,Junction,Exact,,20.0,,,,,20
2021,January,Tuesday,Night,Light,Front to rear collision,0.0,0.0,1.0,0.0,0.0,1.0,0.0,1.0,2.0,2.0,Junction,Exact,,1.0,,20.0,461.0,,20
2021,December,Tuesday,Day,Light,Front to side collision,0.0,0.0,1.0,0.0,0.0,1.0,0.0,1.0,2.0,2.0,Junction,Exact,,20.0,,,,,20
2021,January,Friday,Day,Light,Front to side collision,0.0,0.0,2.0,0.0,0.0,2.0,0.0,2.0,2.0,2.0,Junction,Exact,,20.0,,,,,20
2021,November,Tuesday,Day,Light,Front to side collision,0.0,0.0,3.0,0.0,2.0,1.0,0.0,3.0,2.0,2.0,Junction,Exact,,20.0,,,,,20
2021,September,Friday,Day,Light,Front to side collision,0.0,0.0,1.0,0.0,0.0,1.0,0.0,1.0,2.0,2.0,Junction,Exact,,20.0,,461.0,2.0,,20
2021,January,Sunday,Day,Severe,Pedestrian,0.0,1.0,1.0,1.0,0.0,1.0,1.0,2.0,1.0,1.0,Junction,Exact,,20.0,,,,,20
2021,April,Tuesday,Day,Light,Front to rear collision,0.0,0.0,2.0,0.0,0.0,2.0,0.0,2.0,4.0,4.0,Not junction,Exact,,20.0,5.4,,,,20
2021,September,Saturday,Day,Light,Side to side collision,0.0,0.0,1.0,0.0,0.0,1.0,0.0,1.0,2.0,2.0,Not junction,Exact,,20.0,14.0,,,,20
2021,January,Friday,Night,Light,Hit an object,0.0,0.0,2.0,0.0,0.0,2.0,0.0,2.0,1.0,1.0,Not junction,Exact,,20.0,16.0,,,,20
2021,June,Friday,Day,Light,Front to rear collision,0.0,0.0,2.0,0.0,0.0,2.0,0.0,2.0,3.0,3.0,Not junction,Exact,,20.0,3.5,,,,20
2021,January,Thursday,Night,Fatal,Hit an object,1.0,0.0,0.0,0.0,0.0,1.0,0.0,1.0,1.0,1.0,Not junction,Exact,,20.0,16.4,,,,20
2021,February,Sunday,Day,Light,Front to rear collision,0.0,0.0,2.0,0.0,0.0,2.0,0.0,2.0,5.0,5.0,Not junction,Exact,,20.0,19.0,,,,20
2021,January,Tuesday,Day,Severe,Roll over,0.0,1.0,0.0,0.0,0.0,1.0,0.0,1.0,1.0,1.0,Not junction,Exact,,20.0,15.0,,,,20
2021,February,Sunday,Day,Light,Front to rear collision,0.0,0.0,1.0,0.0,0.0,1.0,0.0,1.0,3.0,3.0,Not junction,Exact,,20.0,5.4,,,,20
2021,September,Thursday,Day,Light,Front to rear collision,0.0,0.0,1.0,0.0,0.0,1.0,0.0,1.0,2.0,2.0,Not junction,Exact,,20.0,10.0,,,,20
2021,January,Thursday,Night,Light,Front to rear collision,0.0,0.0,3.0,0.0,1.0,2.0,0.0,3.0,4.0,4.0,Not junction,Exact,,20.0,14.2,,,,20
2021,June,Sunday,Night,Light,Side to side collision,0.0,0.0,1.0,0.0,0.0,1.0,0.0,1.0,2.0,2.0,Not junction,Exact,,20.0,5.9,,,,20
2021,March,Wednesday,Day,Light,Front to rear collision,0.0,0.0,1.0,0.0,0.0,1.0,0.0,1.0,4.0,4.0,Not junction,Exact,,20.0,17.0,,,,20
2021,March,Saturday,Day,Light,Pedestrian,0.0,0.0,1.0,1.0,0.0,1.0,0.0,1.0,1.0,1.0,Not junction,Exact,,20.0,6.2,,,,20
2021,February,Thursday,Night,Light,Side to side collision,0.0,0.0,1.0,0.0,0.0,1.0,0.0,1.0,2.0,2.0,Not junction,Exact,,20.0,15.0,,,,20
2021,April,Wednesday,Day,Light,Side to side collision,0.0,0.0,1.0,0.0,0.0,1.0,0.0,1.0,2.0,2.0,Not junction,Exact,,20.0,10.9,,,,20
2021,December,Sunday,Day,Severe,Front to rear collision,0.0,1.0,0.0,0.0,0.0,0.0,1.0,1.0,2.0,2.0,Not junction,Exact,,20.0,9.8,,,,20
2021,February,Tuesday,Day,Light,Side to side collision,0.0,0.0,1.0,0.0,0.0,1.0,0.0,1.0,2.0,2.0,Not junction,Exact,,20.0,15.8,,,,20
2021,July,Monday,Night,Severe,Side to side collision,0.0,1.0,0.0,0.0,0.0,1.0,0.0,1.0,2.0,2.0,Not junction,Exact,,20.0,13.2,,,,20
2021,March,Saturday,Night,Light,Hit an object,0.0,0.0,1.0,0.0,0.0,1.0,0.0,1.0,1.0,1.0,Not junction,Exact,,20.0,16.4,,,,20
2021,March,Wednesday,Day,Light,Side to side collision,0.0,0.0,1.0,0.0,0.0,1.0,0.0,1.0,5.0,5.0,Not junction,Exact,,20.0,25.7,,,,20
2021,April,Wednesday,Night,Fatal,Front end collision,1.0,0.0,0.0,0.0,0.0,1.0,0.0,1.0,2.0,2.0,Not junction,Exact,,20.0,9.2,,,,20
2021,February,Friday,Night,Severe,Front to rear collision,0.0,1.0,0.0,0.0,0.0,1.0,0.0,1.0,2.0,2.0,Not junction,Exact,,20.0,6.8,,,,20
2021,June,Wednesday,Day,Light,Side to side collision,0.0,0.0,1.0,0.0,0.0,1.0,0.0,1.0,2.0,2.0,Not junction,Exact,,20.0,9.8,,,,20
2021,April,Monday,Night,Light,Front to rear collision,0.0,0.0,1.0,0.0,0.0,1.0,0.0,1.0,2.0,2.0,Not junction,Exact,,20.0,8.5,,,,20
2021,November,Thursday,Day,Light,Front to rear collision,0.0,0.0,1.0,0.0,0.0,1.0,0.0,1.0,2.0,2.0,Not junction,Exact,,20.0,9.0,,,,20
2021,May,Tuesday,Day,Light,Side to side collision,0.0,0.0,1.0,0.0,0.0,1.0,0.0,1.0,2.0,2.0,Not junction,Exact,,20.0,19.2,,,,20
2021,August,Tuesday,Day,Light,Side to side collision,0.0,0.0,2.0,0.0,0.0,1.0,1.0,2.0,2.0,2.0,Not junction,Exact,,20.0,9.8,,,,20
2021,July,Monday,Night,Light,Front to rear collision,0.0,0.0,4.0,1.0,1.0,3.0,0.0,4.0,5.0,5.0,Not junction,Exact,,20.0,13.4,,,,20
2021,May,Monday,Night,Fatal,Hit an object,1.0,0.0,0.0,0.0,0.0,1.0,0.0,1.0,1.0,1.0,Not junction,Exact,,20.0,5.9,,,,20
2021,July,Sunday,Day,Light,Roll over,0.0,0.0,1.0,0.0,0.0,1.0,0.0,1.0,1.0,1.0,Not junction,Exact,,20.0,24.0,,,,20
2021,May,Friday,Night,Light,Hit an object,0.0,0.0,1.0,0.0,0.0,1.0,0.0,1.0,1.0,1.0,Not junction,Exact,,20.0,11.1,,,,20
2021,May,Wednesday,Day,Light,Other,0.0,0.0,1.0,0.0,0.0,1.0,0.0,1.0,2.0,2.0,Not junction,Exact,,20.0,18.5,,,,20
2021,October,Thursday,Night,Light,Front to rear collision,0.0,0.0,1.0,0.0,0.0,1.0,0.0,1.0,2.0,2.0,Not junction,Exact,,20.0,8.5,,,,20
2021,October,Thursday,Night,Light,Side to side collision,0.0,0.0,2.0,0.0,0.0,2.0,0.0,2.0,2.0,2.0,Not junction,Exact,,20.0,17.0,,,,20
2021,April,Monday,Day,Severe,Side to side collision,0.0,1.0,0.0,0.0,0.0,1.0,0.0,1.0,2.0,2.0,Not junction,Exact,,20.0,3.0,,,,20
2021,July,Saturday,Day,Severe,Front to rear collision,0.0,1.0,0.0,0.0,0.0,1.0,0.0,1.0,2.0,2.0,Not junction,Exact,,20.0,13.2,,,,20
2021,February,Monday,Day,Light,Side to side collision,0.0,0.0,1.0,0.0,0.0,1.0,0.0,1.0,2.0,2.0,Not junction,Exact,,20.0,13.0,,,,20
2021,January,Saturday,Day,Light,Roll over,0.0,0.0,1.0,0.0,0.0,1.0,0.0,1.0,1.0,1.0,Not junction,Exact,,20.0,17.8,,,,20
2021,September,Wednesday,Night,Severe,Front to side collision,0.0,1.0,1.0,0.0,1.0,1.0,0.0,2.0,2.0,2.0,Not junction,Exact,,20.0,27.0,,,,20
2021,January,Friday,Night,Light,Front to rear collision,0.0,0.0,1.0,0.0,0.0,1.0,0.0,1.0,2.0,2.0,Not junction,Exact,,20.0,8.1,,,,20
2021,February,Sunday,Day,Light,Side to side collision,0.0,0.0,2.0,0.0,0.0,1.0,1.0,2.0,4.0,4.0,Not junction,Exact,,20.0,14.0,,,,20
2021,December,Sunday,Day,Light,Front to rear collision,0.0,0.0,1.0,0.0,0.0,1.0,0.0,1.0,2.0,2.0,Not junction,Exact,,20.0,11.0,,,,20
2021,October,Thursday,Day,Light,Front to rear collision,0.0,0.0,3.0,0.0,1.0,2.0,0.0,3.0,5.0,5.0,Not junction,Exact,,20.0,9.0,,,,20
2021,August,Monday,Day,Light,Hit an object,0.0,0.0,1.0,0.0,0.0,0.0,1.0,1.0,1.0,1.0,Not junction,Exact,,20.0,9.0,,,,20
2021,July,Sunday,Day,Light,Side to side collision,0.0,0.0,1.0,0.0,0.0,1.0,0.0,1.0,2.0,2.0,Not junction,Exact,,20.0,12.5,,,,20
2021,June,Monday,Day,Light,Side to side collision,0.0,0.0,1.0,0.0,0.0,1.0,0.0,1.0,2.0,2.0,Not junction,Exact,,20.0,13.0,,,,20
2021,February,Thursday,Night,Light,Side to side collision,0.0,0.0,1.0,0.0,0.0,1.0,0.0,1.0,2.0,2.0,Not junction,Exact,,20.0,14.2,,,,20
2021,January,Monday,Day,Light,Side to side collision,0.0,0.0,1.0,0.0,0.0,0.0,1.0,1.0,2.0,2.0,Not junction,Exact,,20.0,8.2,,,,20
2021,December,Tuesday,Day,Light,Front to rear collision,0.0,0.0,3.0,0.0,1.0,2.0,0.0,3.0,2.0,2.0,Not junction,Exact,,20.0,32.7,,,,20
2021,August,Monday,Day,Light,Front to rear collision,0.0,0.0,1.0,0.0,0.0,1.0,0.0,1.0,2.0,2.0,Not junction,Exact,,20.0,31.4,,,,20
2021,January,Saturday,Day,Light,Side to side collision,0.0,0.0,4.0,0.0,1.0,3.0,0.0,4.0,2.0,2.0,Not junction,Exact,,20.0,11.0,,,,20
2021,March,Wednesday,Night,Light,Front to rear collision,0.0,0.0,3.0,0.0,1.0,2.0,0.0,3.0,2.0,2.0,Not junction,Exact,,20.0,22.5,,,,20
2021,November,Wednesday,Night,Severe,Front to rear collision,0.0,1.0,0.0,0.0,0.0,1.0,0.0,1.0,2.0,2.0,Not junction,Exact,,20.0,8.6,,,,20
2021,April,Thursday,Night,Severe,Side to side collision,0.0,1.0,1.0,0.0,0.0,2.0,0.0,2.0,2.0,2.0,Not junction,Exact,,20.0,21.0,,,,20
2021,June,Wednesday,Day,Light,Side to side collision,0.0,0.0,1.0,0.0,0.0,1.0,0.0,1.0,2.0,2.0,Not junction,Exact,,20.0,23.0,,,,20
2021,April,Tuesday,Day,Light,Front to rear collision,0.0,0.0,2.0,0.0,0.0,2.0,0.0,2.0,3.0,3.0,Not junction,Exact,,20.0,25.0,,,,20
2021,March,Friday,Day,Light,Front to rear collision,0.0,0.0,1.0,0.0,0.0,1.0,0.0,1.0,2.0,2.0,Not junction,Exact,,20.0,12.5,,,,20
2021,July,Monday,Day,Light,Side to side collision,0.0,0.0,1.0,0.0,0.0,1.0,0.0,1.0,2.0,2.0,Not junction,Exact,,20.0,13.0,,,,20
2021,May,Thursday,Day,Light,Side to side collision,0.0,0.0,1.0,0.0,0.0,1.0,0.0,1.0,2.0,2.0,Not junction,Exact,,20.0,9.0,,,,20
2021,March,Sunday,Day,Light,Side to side collision,0.0,0.0,1.0,0.0,0.0,1.0,0.0,1.0,2.0,2.0,Not junction,Exact,,20.0,14.5,,,,20
2021,October,Tuesday,Day,Light,Front to rear collision,0.0,0.0,1.0,0.0,0.0,1.0,0.0,1.0,2.0,2.0,Not junction,Exact,,20.0,8.5,,,,20
2021,May,Wednesday,Day,Light,Front to rear collision,0.0,0.0,1.0,0.0,0.0,1.0,0.0,1.0,2.0,2.0,Not junction,Exact,,20.0,7.4,,,,20
2021,January,Thursday,Day,Severe,Front to rear collision,0.0,1.0,0.0,0.0,0.0,1.0,0.0,1.0,2.0,2.0,Not junction,Exact,,20.0,27.2,,,,20
2021,March,Saturday,Day,Light,Slip,0.0,0.0,1.0,0.0,0.0,1.0,0.0,1.0,1.0,1.0,Not junction,Exact,,20.0,13.0,,,,20
2021,August,Sunday,Night,Light,Front to rear collision,0.0,0.0,1.0,0.0,0.0,1.0,0.0,1.0,2.0,2.0,Not junction,Exact,,20.0,13.2,,,,20
2021,May,Saturday,Day,Light,Front to rear collision,0.0,0.0,3.0,0.0,0.0,3.0,0.0,3.0,4.0,4.0,Not junction,Exact,,20.0,25.7,,,,20
2021,June,Wednesday,Day,Light,Front to rear collision,0.0,0.0,4.0,0.0,2.0,2.0,0.0,4.0,3.0,3.0,Not junction,Exact,,20.0,18.0,,,,20
2021,March,Wednesday,Day,Light,Side to side collision,0.0,0.0,1.0,0.0,0.0,1.0,0.0,1.0,2.0,2.0,Not junction,Exact,,20.0,16.5,,,,20
2021,January,Thursday,Day,Light,Front to rear collision,0.0,0.0,1.0,0.0,1.0,0.0,0.0,1.0,3.0,3.0,Not junction,Exact,,20.0,22.7,,,,20
2021,January,Monday,Day,Light,Front to rear collision,0.0,0.0,1.0,0.0,0.0,1.0,0.0,1.0,2.0,2.0,Not junction,Exact,,20.0,19.5,,,,20
2021,October,Monday,Day,Severe,Hit an object,0.0,1.0,0.0,0.0,0.0,1.0,0.0,1.0,1.0,1.0,Not junction,Exact,,20.0,24.0,,,,20
2021,September,Saturday,Night,Light,Slip,0.0,0.0,1.0,0.0,0.0,1.0,0.0,1.0,1.0,1.0,Not junction,Exact,,20.0,10.3,,,,20
2021,July,Thursday,Day,Severe,Side to side collision,0.0,1.0,0.0,0.0,0.0,1.0,0.0,1.0,2.0,2.0,Not junction,Exact,,20.0,14.5,,,,20
2021,January,Friday,Night,Light,Front to rear collision,0.0,0.0,1.0,0.0,0.0,1.0,0.0,1.0,2.0,2.0,Not junction,Exact,,20.0,16.3,,,,20
2021,April,Friday,Night,Light,Front to rear collision,0.0,0.0,2.0,0.0,0.0,2.0,0.0,2.0,2.0,2.0,Not junction,Exact,,20.0,8.2,,,,20
2021,March,Tuesday,Day,Light,Side to side collision,0.0,0.0,1.0,0.0,0.0,1.0,0.0,1.0,3.0,3.0,Not junction,Exact,,20.0,18.0,,,,20
2021,May,Sunday,Day,Light,Side to side collision,0.0,0.0,1.0,0.0,0.0,1.0,0.0,1.0,2.0,2.0,Not junction,Exact,,20.0,14.2,,,,20
2021,September,Saturday,Day,Severe,Other,0.0,1.0,0.0,0.0,0.0,1.0,0.0,1.0,2.0,2.0,Not junction,Exact,,20.0,15.5,,,,20
2021,August,Wednesday,Day,Severe,Side to side collision,0.0,1.0,1.0,0.0,0.0,2.0,0.0,2.0,2.0,2.0,Not junction,Exact,,20.0,28.0,,,,20
2021,November,Tuesday,Night,Severe,Side to side collision,0.0,1.0,0.0,0.0,0.0,1.0,0.0,1.0,2.0,2.0,Not junction,Exact,,20.0,22.9,,,,20
2021,May,Thursday,Night,Light,Front to rear collision,0.0,0.0,3.0,0.0,0.0,3.0,0.0,3.0,4.0,4.0,Not junction,Exact,,20.0,13.4,,,,20
2021,July,Monday,Day,Light,Side to side collision,0.0,0.0,2.0,0.0,0.0,2.0,0.0,2.0,4.0,4.0,Not junction,Exact,,20.0,19.2,,,,20
2021,February,Monday,Day,Light,Front to rear collision,0.0,0.0,2.0,0.0,0.0,2.0,0.0,2.0,3.0,3.0,Not junction,Exact,,20.0,9.9,,,,20
2021,August,Saturday,Day,Light,Front to rear collision,0.0,0.0,5.0,0.0,1.0,2.0,2.0,5.0,3.0,3.0,Not junction,Exact,,20.0,16.0,,,,20
2021,March,Tuesday,Night,Light,Front to rear collision,0.0,0.0,4.0,0.0,1.0,3.0,0.0,4.0,5.0,5.0,Not junction,Exact,,20.0,27.2,,,,20
2021,September,Sunday,Night,Severe,Front end collision,0.0,2.0,1.0,0.0,2.0,1.0,0.0,3.0,2.0,2.0,Not junction,Exact,,20.0,10.7,,,,20
2021,October,Friday,Day,Light,Side to side collision,0.0,0.0,1.0,0.0,0.0,1.0,0.0,1.0,2.0,2.0,Not junction,Exact,,20.0,15.8,,,,20
2021,December,Thursday,Day,Severe,Pedestrian,0.0,1.0,0.0,1.0,0.0,1.0,0.0,1.0,1.0,1.0,Not junction,Exact,,20.0,12.5,,,,20
2021,March,Monday,Day,Light,Side to side collision,0.0,0.0,5.0,0.0,0.0,5.0,0.0,5.0,8.0,8.0,Not junction,Exact,,20.0,28.5,,,,20
2021,July,Wednesday,Day,Light,Front to rear collision,0.0,0.0,3.0,0.0,0.0,3.0,0.0,3.0,2.0,2.0,Not junction,Exact,,20.0,18.0,,,,20
2021,December,Sunday,Night,Light,Front to rear collision,0.0,0.0,2.0,0.0,0.0,2.0,0.0,2.0,6.0,6.0,Not junction,Exact,,20.0,6.7,,,,20
2021,August,Thursday,Night,Severe,Side to side collision,0.0,1.0,1.0,0.0,1.0,1.0,0.0,2.0,2.0,2.0,Not junction,Exact,,20.0,25.7,,,,20
2021,January,Friday,Day,Light,Side to side collision,0.0,0.0,1.0,0.0,0.0,1.0,0.0,1.0,2.0,2.0,Not junction,Exact,,20.0,18.0,,,,20
2021,August,Sunday,Night,Severe,Slip,0.0,1.0,0.0,0.0,0.0,1.0,0.0,1.0,1.0,1.0,Not junction,Exact,,20.0,13.6,,,,20
2021,June,Friday,Day,Light,Front to rear collision,0.0,0.0,2.0,0.0,0.0,2.0,0.0,2.0,3.0,3.0,Not junction,Exact,,20.0,26.3,,,,20
2021,May,Friday,Night,Light,Hit an object,0.0,0.0,1.0,0.0,1.0,0.0,0.0,1.0,1.0,1.0,Not junction,Exact,,20.0,12.9,,,,20
2021,March,Wednesday,Night,Light,Side to side collision,0.0,0.0,1.0,0.0,0.0,1.0,0.0,1.0,2.0,2.0,Not junction,Exact,,20.0,12.9,,,,20
2021,July,Sunday,Night,Severe,Front to side collision,0.0,1.0,0.0,0.0,0.0,1.0,0.0,1.0,2.0,2.0,Not junction,Exact,,20.0,15.8,,,,20
2021,April,Sunday,Day,Light,Side to side collision,0.0,0.0,1.0,0.0,0.0,1.0,0.0,1.0,3.0,3.0,Not junction,Exact,,20.0,18.0,,,,20
2021,March,Sunday,Day,Light,Front to rear collision,0.0,0.0,1.0,0.0,0.0,1.0,0.0,1.0,4.0,4.0,Not junction,Exact,,20.0,19.5,,,,20
2021,September,Thursday,Night,Light,Side to side collision,0.0,0.0,1.0,0.0,0.0,1.0,0.0,1.0,2.0,2.0,Not junction,Exact,,20.0,19.0,,,,20
2021,August,Saturday,Night,Light,Side to side collision,0.0,0.0,1.0,0.0,0.0,1.0,0.0,1.0,2.0,2.0,Not junction,Exact,,20.0,11.2,,,,20
2021,July,Friday,Night,Light,Front to rear collision,0.0,0.0,5.0,0.0,1.0,4.0,0.0,5.0,2.0,2.0,Not junction,Exact,,20.0,13.9,,,,20
2021,March,Sunday,Night,Light,Hit an object,0.0,0.0,1.0,0.0,0.0,1.0,0.0,1.0,1.0,1.0,Not junction,Exact,,20.0,12.4,,,,20
2021,December,Wednesday,Night,Light,Front to rear collision,0.0,0.0,1.0,0.0,0.0,1.0,0.0,1.0,2.0,2.0,Not junction,Exact,,20.0,16.0,,,,20
2021,June,Saturday,Day,Light,Side to side collision,0.0,0.0,1.0,0.0,0.0,0.0,1.0,1.0,2.0,2.0,Not junction,Exact,,20.0,26.7,,,,20
2021,April,Saturday,Night,Light,Hit an object,0.0,0.0,3.0,0.0,0.0,3.0,0.0,3.0,1.0,1.0,Not junction,Exact,,20.0,14.2,,,,20
2022,January,Monday,Day,Severe,Front to side collision,0.0,1.0,2.0,0.0,0.0,3.0,0.0,3.0,2.0,2.0,Junction,Exact,,20.0,,441.0,,,20
2022,March,Saturday,Day,Light,Side to side collision,0.0,0.0,1.0,0.0,0.0,1.0,0.0,1.0,2.0,2.0,Junction,Exact,,20.0,,,,,20
2022,January,Wednesday,Night,Light,Front to side collision,0.0,0.0,1.0,0.0,1.0,0.0,0.0,1.0,2.0,2.0,Junction,Exact,,20.0,,,,,20
2022,January,Monday,Night,Light,Side to side collision,0.0,0.0,1.0,0.0,0.0,1.0,0.0,1.0,2.0,2.0,Junction,Exact,,20.0,,,,,20
2022,March,Friday,Day,Light,Other,0.0,0.0,1.0,0.0,0.0,1.0,0.0,1.0,2.0,2.0,Junction,Exact,,20.0,,,,,20
2022,March,Friday,Day,Fatal,Front to side collision,2.0,0.0,0.0,0.0,0.0,2.0,0.0,2.0,2.0,3.0,Junction,Exact,,20.0,,,,,20
2022,March,Wednesday,Day,Light,Front to rear collision,0.0,0.0,1.0,0.0,0.0,1.0,0.0,1.0,2.0,2.0,Junction,Exact,,20.0,,461.0,2.0,,20
2022,February,Saturday,Day,Light,Front to side collision,0.0,0.0,5.0,0.0,2.0,2.0,1.0,5.0,2.0,2.0,Junction,Exact,,20.0,,,,,20
2022,February,Friday,Night,Severe,Front to side collision,0.0,1.0,0.0,0.0,0.0,1.0,0.0,1.0,2.0,2.0,Junction,Exact,,20.0,,,,,20
2022,March,Sunday,Night,Light,Roll over,0.0,0.0,1.0,0.0,0.0,1.0,0.0,1.0,2.0,2.0,Junction,Exact,,20.0,,441.0,,,20
2022,January,Monday,Day,Light,Side to side collision,0.0,0.0,1.0,0.0,0.0,1.0,0.0,1.0,2.0,2.0,Junction,Exact,,5.0,,20.0,,,20
2022,March,Saturday,Day,Light,Side to side collision,0.0,0.0,2.0,0.0,0.0,2.0,0.0,2.0,2.0,2.0,Junction,Exact,,20.0,,,,,20
2022,February,Friday,Day,Light,Front end collision,0.0,0.0,1.0,0.0,0.0,1.0,0.0,1.0,2.0,2.0,Junction,Exact,,20.0,,,,,20
2022,February,Thursday,Day,Light,Side to side collision,0.0,0.0,2.0,0.0,0.0,0.0,2.0,2.0,2.0,2.0,Junction,Exact,,5.0,,20.0,,,20
2022,March,Tuesday,Night,Light,Collision with stopped vehicle,0.0,0.0,1.0,0.0,0.0,1.0,0.0,1.0,2.0,2.0,Junction,Exact,,20.0,,,,,20
2022,February,Saturday,Day,Light,Front to rear collision,0.0,0.0,2.0,0.0,1.0,0.0,1.0,2.0,2.0,2.0,Junction,Exact,,20.0,,461.0,2.0,,20
2022,January,Wednesday,Night,Light,Front to side collision,0.0,0.0,1.0,0.0,0.0,1.0,0.0,1.0,2.0,2.0,Junction,Exact,,20.0,,,,,20
2022,February,Sunday,Day,Light,Front to rear collision,0.0,0.0,1.0,0.0,0.0,1.0,0.0,1.0,2.0,2.0,Junction,Exact,,20.0,,,,,20
2022,January,Saturday,Night,Fatal,Pedestrian,1.0,2.0,0.0,1.0,0.0,3.0,0.0,3.0,2.0,2.0,Junction,Exact,,20.0,,,,,20
2022,March,Wednesday,Day,Severe,Front to rear collision,0.0,1.0,2.0,0.0,0.0,2.0,1.0,3.0,3.0,3.0,Not junction,Exact,,20.0,18.5,,,,20
2022,January,Sunday,Day,Light,Front to rear collision,0.0,0.0,1.0,0.0,0.0,1.0,0.0,1.0,2.0,2.0,Not junction,Exact,,20.0,15.7,,,,20
2022,March,Monday,Night,Light,Side to side collision,0.0,0.0,3.0,0.0,0.0,3.0,0.0,3.0,3.0,3.0,Not junction,Exact,,20.0,23.0,,,,20
2022,February,Tuesday,Night,Light,Side to side collision,0.0,0.0,1.0,0.0,0.0,1.0,0.0,1.0,2.0,2.0,Not junction,Exact,,20.0,14.4,,,,20
2022,February,Tuesday,Day,Light,Side to side collision,0.0,0.0,2.0,0.0,0.0,2.0,0.0,2.0,3.0,3.0,Not junction,Exact,,20.0,10.7,,,,20
2022,January,Saturday,Day,Severe,Hit an object,0.0,1.0,0.0,0.0,0.0,1.0,0.0,1.0,1.0,1.0,Not junction,Exact,,20.0,15.7,,,,20
2022,March,Monday,Day,Fatal,Hit an object,1.0,0.0,0.0,0.0,0.0,1.0,0.0,1.0,1.0,1.0,Not junction,Exact,,20.0,3.5,,,,20
2022,February,Saturday,Day,Light,Front to rear collision,0.0,0.0,4.0,0.0,2.0,2.0,0.0,4.0,2.0,2.0,Not junction,Exact,,20.0,6.1,,,,20
2022,March,Wednesday,Day,Light,Front to rear collision,0.0,0.0,1.0,0.0,0.0,1.0,0.0,1.0,2.0,2.0,Not junction,Exact,,20.0,12.0,,,,20
2022,March,Friday,Day,Light,Front end collision,0.0,0.0,1.0,0.0,0.0,1.0,0.0,1.0,4.0,4.0,Not junction,Exact,,20.0,19.0,,,,20
2022,March,Thursday,Night,Light,Front to rear collision,0.0,0.0,1.0,0.0,0.0,1.0,0.0,1.0,2.0,2.0,Not junction,Exact,,20.0,12.2,,,,20
2022,January,Tuesday,Day,Severe,Side to side collision,0.0,1.0,0.0,0.0,0.0,1.0,0.0,1.0,2.0,2.0,Not junction,Exact,,20.0,19.5,,,,20
2022,January,Monday,Day,Light,Side to side collision,0.0,0.0,1.0,0.0,0.0,0.0,1.0,1.0,3.0,3.0,Not junction,Exact,,20.0,8.0,,,,20
2022,March,Monday,Night,Light,Slip,0.0,0.0,1.0,0.0,0.0,1.0,0.0,1.0,1.0,1.0,Not junction,Exact,,20.0,17.0,,,,20
2022,March,Wednesday,Day,Light,Front to rear collision,0.0,0.0,1.0,0.0,0.0,0.0,1.0,1.0,2.0,2.0,Not junction,Exact,,20.0,19.5,,,,20
2022,January,Sunday,Night,Light,Hit an object,0.0,0.0,1.0,0.0,0.0,1.0,0.0,1.0,1.0,1.0,Not junction,Exact,,20.0,18.1,,,,20
2022,February,Saturday,Night,Light,Front to rear collision,0.0,0.0,1.0,0.0,0.0,1.0,0.0,1.0,2.0,2.0,Not junction,Exact,,20.0,7.4,,,,20
2022,February,Thursday,Night,Light,Side to side collision,0.0,0.0,2.0,0.0,0.0,2.0,0.0,2.0,2.0,2.0,Not junction,Exact,,20.0,14.0,,,,20
2022,February,Monday,Day,Light,Hit an object,0.0,0.0,2.0,1.0,0.0,2.0,0.0,2.0,3.0,3.0,Not junction,Exact,,20.0,11.9,,,,20
2022,March,Sunday,Day,Fatal,Side to side collision,1.0,0.0,1.0,0.0,0.0,2.0,0.0,2.0,2.0,2.0,Not junction,Exact,,20.0,11.2,,,,20
2022,February,Monday,Night,Light,Front to rear collision,0.0,0.0,1.0,0.0,0.0,1.0,0.0,1.0,2.0,2.0,Not junction,Exact,,20.0,14.9,,,,20